datetime,open,high,low,close,tick_volume
2021-03-25 01:00:00,2638.7,2649.1,2636.7,2643.7,104
2021-03-25 05:00:00,2643.7,2652,2638.7,2651.5,416
2021-03-25 09:00:00,2651.5,2657,2615.65,2631.25,1012
2021-03-25 13:00:00,2631.25,2654.75,2611.15,2623.8,1370
2021-03-25 17:00:00,2623.8,2627.7,2619.65,2623,419
2021-03-25 21:00:00,2623,2628.3,2621,2621,35
2021-03-26 01:00:00,2621,2635,2619.9,2630.45,218
2021-03-26 05:00:00,2630.45,2652.7,2630.25,2647,475
2021-03-26 09:00:00,2647,2650.8,2632.5,2640.75,591
2021-03-26 13:00:00,2640.75,2691.6,2639.15,2680.05,1558
2021-03-26 17:00:00,2680.05,2693.05,2669,2684.5,644
2021-03-28 21:00:00,2684.5,2689.75,2684.25,2688.45,188
2021-03-29 01:00:00,2688.45,2688.45,2672.5,2672.5,186
2021-03-29 05:00:00,2672.5,2682.3,2564.25,2618.25,1149
2021-03-29 09:00:00,2618.25,2632.7,2575.45,2577.25,756
2021-03-29 13:00:00,2577.25,2580.45,2521,2539,2017
2021-03-29 17:00:00,2539,2541.9,2524.6,2539.75,501
2021-03-29 21:00:00,2539.75,2542.75,2536.75,2536.75,49
2021-03-30 01:00:00,2536.75,2547.75,2528.5,2543.45,247
2021-03-30 05:00:00,2543.45,2565.1,2536.75,2556,519
2021-03-30 09:00:00,2556,2581,2528.1,2566.5,1170
2021-03-30 13:00:00,2566.5,2609.5,2554.1,2578.5,1538
2021-03-30 17:00:00,2578.5,2588.65,2571.5,2587.25,306
2021-03-30 21:00:00,2587.25,2608.95,2584.6,2606.25,263
2021-03-31 01:00:00,2606.25,2609.95,2601.85,2605.75,252
2021-03-31 05:00:00,2605.75,2631.25,2605.75,2625.75,302
2021-03-31 09:00:00,2625.75,2628.75,2618.8,2628.75,406
2021-03-31 13:00:00,2628.75,2632,2602.45,2626,1256
2021-03-31 17:00:00,2626,2631.9,2620.75,2627.5,244
2021-03-31 21:00:00,2627.5,2627.75,2620.75,2620.75,31
2021-04-01 01:00:00,2620.75,2625.35,2620.25,2625.35,108
2021-04-01 05:00:00,2625.35,2636,2622,2633.25,299
2021-04-01 09:00:00,2633.25,2639.2,2618,2631.85,557
2021-04-01 13:00:00,2631.85,2674.2,2631.85,2663.7,1298
2021-04-01 17:00:00,2663.7,2676.5,2653.5,2671.25,583
2021-04-04 21:00:00,2671.25,2674.5,2666.75,2672.75,135
2021-04-05 01:00:00,2672.75,2672.75,2647.4,2652,332
2021-04-05 05:00:00,2652,2658.5,2633.75,2642.25,415
2021-04-05 09:00:00,2642.25,2668.5,2627.5,2655.4,535
2021-04-05 13:00:00,2655.4,2677.25,2647.25,2664.5,1972
2021-04-05 17:00:00,2664.5,2673.25,2659.4,2667,493
2021-04-05 21:00:00,2667,2671,2656.6,2660.25,153
2021-04-06 01:00:00,2660.25,2662.75,2655.7,2655.75,166
2021-04-06 05:00:00,2655.75,2683.75,2651.5,2678.45,717
2021-04-06 09:00:00,2678.45,2701.9,2674.25,2698.7,711
2021-04-06 13:00:00,2698.7,2703.65,2667.15,2695,1621
2021-04-06 17:00:00,2695,2697,2674.25,2688.25,730
2021-04-06 21:00:00,2688.25,2688.25,2677.7,2678.25,63
2021-04-07 01:00:00,2678.25,2689.25,2674,2676.5,211
2021-04-07 05:00:00,2676.5,2689.25,2630.8,2642.75,847
2021-04-07 09:00:00,2642.75,2653.85,2588.5,2632.95,1342
2021-04-07 13:00:00,2632.95,2646.25,2614.5,2625.7,1591
2021-04-07 17:00:00,2625.7,2633.25,2621.55,2627.5,397
2021-04-07 21:00:00,2627.5,2627.5,2614.75,2619.75,164
2021-04-08 01:00:00,2619.75,2629.65,2617.25,2628.05,89
2021-04-08 05:00:00,2628.05,2636.2,2619.1,2619.25,458
2021-04-08 09:00:00,2619.25,2636,2618.7,2630.75,553
2021-04-08 13:00:00,2630.75,2654.25,2630.5,2631.3,1563
2021-04-08 17:00:00,2631.3,2638,2630,2633.25,868
2021-04-08 21:00:00,2633.25,2633.25,2624.75,2629.5,152
2021-04-09 01:00:00,2629.5,2636,2625.75,2633.75,265
2021-04-09 05:00:00,2633.75,2639.05,2622.25,2631.75,671
2021-04-09 09:00:00,2631.75,2644.7,2627.25,2644.7,797
2021-04-09 13:00:00,2644.7,2651.8,2634.8,2641.15,1246
2021-04-09 17:00:00,2641.15,2649,2639.05,2639.95,911
2021-04-11 21:00:00,2639.95,2644.25,2636.5,2637,96
2021-04-12 01:00:00,2637,2638,2635.25,2635.5,144
2021-04-12 05:00:00,2635.5,2648.2,2631.25,2641,349
2021-04-12 09:00:00,2641,2648.45,2622.25,2642.75,1179
2021-04-12 13:00:00,2642.75,2688.9,2641.35,2673.75,4839
2021-04-12 17:00:00,2673.75,2687.15,2668.25,2680.75,1001
2021-04-12 21:00:00,2680.75,2695.5,2680.75,2689,311
2021-04-13 01:00:00,2689,2689.75,2678,2684.5,277
2021-04-13 05:00:00,2684.5,2712.25,2679.4,2704.75,679
2021-04-13 09:00:00,2704.75,2712.25,2695.85,2702.3,1037
2021-04-13 13:00:00,2702.3,2704.8,2687.3,2696.45,1785
2021-04-13 17:00:00,2696.45,2698.25,2691.5,2696,519
2021-04-13 21:00:00,2696,2703.5,2691.3,2696.55,260
2021-04-14 01:00:00,2696.55,2699,2689.25,2689.75,187
2021-04-14 05:00:00,2689.75,2695,2684.5,2686.5,961
2021-04-14 09:00:00,2686.5,2698,2674,2685,1236
2021-04-14 13:00:00,2685,2692.55,2675,2682.5,1825
2021-04-14 17:00:00,2682.5,2686,2675.65,2681.3,1458
2021-04-14 21:00:00,2681.3,2692.45,2681.3,2687.75,21
2021-04-15 01:00:00,2687.75,2699,2687.75,2698.7,228
2021-04-15 05:00:00,2698.7,2729.7,2698.5,2723.5,866
2021-04-15 09:00:00,2723.5,2764.85,2723,2741.9,2185
2021-04-15 13:00:00,2741.9,2747,2731.95,2740.3,2711
2021-04-15 17:00:00,2740.3,2748.75,2734.75,2742,1009
2021-04-15 21:00:00,2742,2745,2742,2745,25
2021-04-16 01:00:00,2745,2745,2738.75,2742.75,113
2021-04-16 05:00:00,2742.75,2762.9,2737.45,2738.35,873
2021-04-16 09:00:00,2738.35,2786,2734,2773.2,1092
2021-04-16 13:00:00,2773.2,2779,2758.6,2775.1,2399
2021-04-16 17:00:00,2775.1,2784.75,2773.75,2779.65,810
2021-04-18 21:00:00,2779.65,2779.65,2759,2766.25,224
2021-04-19 01:00:00,2766.25,2783.5,2759.75,2781.5,330
2021-04-19 05:00:00,2781.5,2851.65,2780.05,2832.4,953
2021-04-19 09:00:00,2832.4,2842.25,2813.55,2821.05,1419
2021-04-19 13:00:00,2821.05,2834.7,2801.1,2816.6,1760
2021-04-19 17:00:00,2816.6,2822.25,2809.75,2812.1,1718
2021-04-19 21:00:00,2812.1,2813.1,2802.25,2803.25,58
2021-04-20 01:00:00,2803.25,2803.5,2793.05,2794.25,511
2021-04-20 05:00:00,2794.25,2818.3,2784,2784,554
2021-04-20 09:00:00,2784,2785.9,2724.9,2744.95,1960
2021-04-20 13:00:00,2744.95,2797.05,2729,2757.05,2524
2021-04-20 17:00:00,2757.05,2768.75,2753.25,2762.75,494
2021-04-20 21:00:00,2762.75,2788.25,2756.25,2779.45,175
2021-04-21 01:00:00,2779.45,2780.25,2761.05,2769.25,145
2021-04-21 05:00:00,2769.25,2800.75,2769.25,2778.05,781
2021-04-21 09:00:00,2778.05,2803.2,2778.05,2788.5,1211
2021-04-21 13:00:00,2788.5,2896.95,2786.75,2883.5,3634
2021-04-21 17:00:00,2883.5,2894,2871.15,2880,1205
2021-04-21 21:00:00,2880,2888.75,2879,2880.25,97
2021-04-22 01:00:00,2880.25,2885,2873.5,2874,388
2021-04-22 05:00:00,2874,2878.35,2834,2850.8,940
2021-04-22 09:00:00,2850.8,2865.45,2829.35,2857.2,1538
2021-04-22 13:00:00,2857.2,2897.05,2817.65,2846.05,3856
2021-04-22 17:00:00,2846.05,2847.05,2824.05,2842.8,1961
2021-04-22 21:00:00,2842.8,2842.8,2838.05,2838.6,44
2021-04-23 01:00:00,2838.6,2848.9,2838.6,2845.15,989
2021-04-23 05:00:00,2845.15,2857.3,2830.6,2855.6,3647
2021-04-23 09:00:00,2855.6,2930.7,2846.55,2908,1744
2021-04-23 13:00:00,2908,2927.6,2844.1,2857.8,5934
2021-04-23 17:00:00,2857.8,2864.8,2846.35,2862.15,2333
2021-04-25 21:00:00,2862.15,2870.45,2853.4,2864.6,83
2021-04-26 01:00:00,2864.6,2876.35,2859.55,2868.75,461
2021-04-26 05:00:00,2868.75,2906.95,2863.5,2897.25,922
2021-04-26 09:00:00,2897.25,2926.25,2868.85,2868.85,1216
2021-04-26 13:00:00,2868.85,2950.75,2868.85,2912.8,2280
2021-04-26 17:00:00,2912.8,2929.4,2905.5,2929.4,1358
2021-04-26 21:00:00,2929.4,2932.5,2915,2932.25,437
2021-04-27 01:00:00,2932.25,2938.5,2929.1,2929.7,148
2021-04-27 05:00:00,2929.7,2959.75,2926.5,2953,1373
2021-04-27 09:00:00,2953,2965.5,2891.85,2917.25,1623
2021-04-27 13:00:00,2917.25,2959.5,2899.25,2954.75,2006
2021-04-27 17:00:00,2954.75,2959.3,2943.15,2947.25,884
2021-04-27 21:00:00,2947.25,2952.25,2929.5,2932.6,262
2021-04-28 01:00:00,2932.6,2937.5,2924.25,2935.75,218
2021-04-28 05:00:00,2935.75,2941.4,2924.75,2927.5,1113
2021-04-28 09:00:00,2927.5,2932.75,2901.75,2922.65,1887
2021-04-28 13:00:00,2922.65,2947.15,2916.05,2930.45,2781
2021-04-28 17:00:00,2930.45,2947.25,2916.2,2938.8,2336
2021-04-28 21:00:00,2938.8,2947.3,2925.85,2941.4,650
2021-04-29 01:00:00,2941.4,2955.75,2940.8,2954.55,437
2021-04-29 05:00:00,2954.55,2956.15,2934,2938.6,1065
2021-04-29 09:00:00,2938.6,2984.5,2928.25,2973.05,2534
2021-04-29 13:00:00,2973.05,2976.15,2925.65,2950.05,3089
2021-04-29 17:00:00,2950.05,2965.25,2944.3,2957,1110
2021-04-29 21:00:00,2957,2962.25,2952,2952.25,26
2021-04-30 01:00:00,2952.25,2962.75,2949.25,2962.5,352
2021-04-30 05:00:00,2962.5,3010.5,2956.95,2983,1370
2021-04-30 09:00:00,2983,2996.6,2976.75,2982,1490
2021-04-30 13:00:00,2982,2993.25,2947.6,2948.55,2099
2021-04-30 17:00:00,2948.55,2957.4,2933.75,2941.3,1804
2021-05-02 21:00:00,2941.3,2941.3,2941.3,2941.3,1
2021-05-03 05:00:00,2941.3,2967.15,2941.3,2959.75,1646
2021-05-03 09:00:00,2959.75,2986,2944.75,2977.25,663
2021-05-03 13:00:00,2977.25,2998.45,2965.8,2981.8,1546
2021-05-03 17:00:00,2981.8,2988.35,2969,2976.25,791
2021-05-03 21:00:00,2976.25,2984,2976.25,2980,38
2021-05-04 01:00:00,2980,2981,2979.8,2980.75,311
2021-05-04 05:00:00,2980.75,2998,2973,2994.75,522
2021-05-04 09:00:00,2994.75,3019.5,2994.75,3002.25,656
2021-05-04 13:00:00,3002.25,3006,2965.05,2978.25,1636
2021-05-04 17:00:00,2978.25,2988.75,2975.3,2986.5,234
2021-05-04 21:00:00,2986.5,2992.75,2983.25,2984.75,177
2021-05-05 01:00:00,2984.75,3005.75,2984.75,3000.25,239
2021-05-05 05:00:00,3000.25,3009.55,2993,2994.7,2889
2021-05-05 09:00:00,2994.7,3009,2988.75,2989.5,669
2021-05-05 13:00:00,2989.5,2990.7,2953.5,2975.5,2109
2021-05-05 17:00:00,2975.5,2982,2971,2974.5,461
2021-05-05 21:00:00,2974.5,2979.25,2968.75,2970,69
2021-05-06 01:00:00,2970,2982.05,2968.25,2975.5,185
2021-05-06 05:00:00,2975.5,2992.25,2941.25,2948,1263
2021-05-06 09:00:00,2948,2974.25,2928,2934.25,3232
2021-05-06 13:00:00,2934.25,2953.2,2900.9,2951.75,3178
2021-05-06 17:00:00,2951.75,2952,2938.5,2949.25,894
2021-05-06 21:00:00,2949.25,2949.75,2941.3,2946.4,597
2021-05-07 01:00:00,2946.4,2966.15,2946.4,2964.2,1022
2021-05-07 05:00:00,2964.2,2966.2,2925.95,2937.75,1265
2021-05-07 09:00:00,2937.75,2949.85,2899.35,2910.05,2256
2021-05-07 13:00:00,2910.05,2941.9,2826.7,2928.15,4849
2021-05-07 17:00:00,2928.15,2937.55,2922.8,2930.65,913
2021-05-09 21:00:00,2930.65,2935.5,2922.15,2933.75,626
2021-05-10 01:00:00,2933.75,2944.75,2932.6,2941.4,444
2021-05-10 05:00:00,2941.4,2970,2938,2960.3,1059
2021-05-10 09:00:00,2960.3,3002.25,2954.1,3001,1817
2021-05-10 13:00:00,3001,3002.75,2958.5,2975.25,3394
2021-05-10 17:00:00,2975.25,2979.15,2956,2965,1538
2021-05-10 21:00:00,2965,2965,2951.75,2956.4,783
2021-05-11 01:00:00,2956.4,2965.5,2954.25,2958.5,663
2021-05-11 05:00:00,2958.5,2981,2957.7,2980.25,707
2021-05-11 09:00:00,2980.25,2986.95,2945.75,2950,1017
2021-05-11 13:00:00,2950,2952.25,2915.55,2931.3,4064
2021-05-11 17:00:00,2931.3,2940.75,2925.8,2940,2838
2021-05-11 21:00:00,2940,2946.8,2940,2945.55,167
2021-05-12 01:00:00,2945.55,2951.9,2943.95,2949.2,771
2021-05-12 05:00:00,2949.2,2961.55,2935.75,2945.2,1425
2021-05-12 09:00:00,2945.2,2948.7,2903.85,2937.85,2909
2021-05-12 13:00:00,2937.85,2956.7,2850.05,2852,5531
2021-05-12 17:00:00,2852,2875.7,2849.75,2856.95,1291
2021-05-12 21:00:00,2856.95,2892.2,2856.95,2891,316
2021-05-13 01:00:00,2891,2905.3,2872.4,2882.5,605
2021-05-13 05:00:00,2882.5,2886.1,2838.75,2856.8,1026
2021-05-13 09:00:00,2856.8,2864.3,2806.9,2827.25,3744
2021-05-13 13:00:00,2827.25,2894,2826.75,2870.7,4225
2021-05-13 17:00:00,2870.7,2871.95,2847.2,2867.25,1489
2021-05-13 21:00:00,2867.25,2885.5,2863.65,2881.45,572
2021-05-14 01:00:00,2881.45,2893.25,2869.35,2892.75,903
2021-05-14 05:00:00,2892.75,2929.25,2890,2916.5,1143
2021-05-14 09:00:00,2916.5,2928.8,2897,2905.35,1753
2021-05-14 13:00:00,2905.35,2911.75,2857,2891.25,4729
2021-05-14 17:00:00,2891.25,2904.5,2889.5,2895.65,1049
2021-05-16 21:00:00,2895.65,2902.25,2889.95,2902,238
2021-05-17 01:00:00,2902,2912.7,2884.3,2907.55,3348
2021-05-17 05:00:00,2907.55,2915,2893.65,2905.05,2391
2021-05-17 09:00:00,2905.05,2911.15,2887.25,2892.45,1183
2021-05-17 13:00:00,2892.45,2911.15,2881.85,2900.8,3239
2021-05-17 17:00:00,2900.8,2905.65,2894,2901.05,2658
2021-05-17 21:00:00,2901.05,2914.45,2895.15,2914.25,374
2021-05-18 01:00:00,2914.25,2916,2908.8,2912.6,544
2021-05-18 05:00:00,2912.6,2941.75,2912.55,2926.9,2287
2021-05-18 09:00:00,2926.9,2945.15,2905.8,2914.25,1784
2021-05-18 13:00:00,2914.25,2920.2,2892.55,2908.6,3463
2021-05-18 17:00:00,2908.6,2916,2906.25,2907.75,708
2021-05-18 21:00:00,2907.75,2913.55,2906.45,2911.15,482
2021-05-19 01:00:00,2911.15,2914.85,2908.5,2913,760
2021-05-19 05:00:00,2913,2918.65,2884.9,2886,1645
2021-05-19 09:00:00,2886,2896.5,2852.6,2876.65,2406
2021-05-19 13:00:00,2876.65,2896.8,2851.5,2888.35,5534
2021-05-19 17:00:00,2888.35,2892.15,2870,2875.95,2353
2021-05-19 21:00:00,2875.95,2882.75,2866.25,2882.5,705
2021-05-20 01:00:00,2882.5,2902.2,2876.3,2895.5,795
2021-05-20 05:00:00,2895.5,2902.75,2866.15,2870.95,1639
2021-05-20 09:00:00,2870.95,2887.25,2854.25,2862.75,2156
2021-05-20 13:00:00,2862.75,2878.45,2855.45,2868.25,4739
2021-05-20 17:00:00,2868.25,2876,2856.25,2856.25,1149
2021-05-20 21:00:00,2856.25,2869.75,2854.85,2867.85,638
2021-05-21 01:00:00,2867.85,2869.9,2829.55,2844.5,1742
2021-05-21 05:00:00,2844.5,2849.05,2806.85,2816.05,2031
2021-05-21 09:00:00,2816.05,2880.95,2816.05,2842.4,3066
2021-05-21 13:00:00,2842.4,2846.65,2771.5,2775.4,5121
2021-05-21 17:00:00,2775.4,2791.25,2774,2783.95,1211
2021-05-23 21:00:00,2783.95,2783.95,2783.95,2783.95,1
2021-05-24 01:00:00,2783.95,2822.5,2783.95,2809.85,643
2021-05-24 05:00:00,2809.85,2818.2,2784.1,2796.2,1653
2021-05-24 09:00:00,2796.2,2798.4,2781.3,2783.7,1715
2021-05-24 13:00:00,2783.7,2787.4,2727.3,2740.75,3688
2021-05-24 17:00:00,2740.75,2744.25,2728.25,2735.8,1254
2021-05-24 21:00:00,2735.8,2749.2,2735.5,2743.95,306
2021-05-25 01:00:00,2743.95,2761.95,2743.45,2757.75,1060
2021-05-25 05:00:00,2757.75,2771.75,2734.25,2736.75,2833
2021-05-25 09:00:00,2736.75,2759.75,2735.9,2745,2571
2021-05-25 13:00:00,2745,2791.3,2738.05,2782.9,3374
2021-05-25 17:00:00,2782.9,2784.55,2769.8,2773.55,1443
2021-05-25 21:00:00,2773.55,2789.1,2769,2785,632
2021-05-26 01:00:00,2785,2804.1,2780.8,2802.5,1431
2021-05-26 05:00:00,2802.5,2809.25,2780.5,2781.5,1435
2021-05-26 09:00:00,2781.5,2800.45,2766.4,2769.5,3611
2021-05-26 13:00:00,2769.5,2773.15,2733.25,2752.8,3226
2021-05-26 17:00:00,2752.8,2754.25,2740.75,2741.75,1660
2021-05-26 21:00:00,2741.75,2748.05,2734.25,2740.9,594
2021-05-27 01:00:00,2740.9,2757,2732.5,2755.05,417
2021-05-27 05:00:00,2755.05,2783.15,2753.5,2775.8,2342
2021-05-27 09:00:00,2775.8,2789.25,2763.15,2773.25,2285
2021-05-27 13:00:00,2773.25,2843.3,2772.3,2804.2,5310
2021-05-27 17:00:00,2804.2,2815.5,2802.85,2807.4,2093
2021-05-27 21:00:00,2807.4,2816.7,2802.6,2811.95,239
2021-05-28 01:00:00,2811.95,2822.45,2802.75,2821.35,321
2021-05-28 05:00:00,2821.35,2838.55,2801.7,2830.25,1259
2021-05-28 09:00:00,2830.25,2836,2783.5,2821.75,1683
2021-05-28 13:00:00,2821.75,2835.2,2778.9,2826.95,2368
2021-05-28 17:00:00,2826.95,2835.75,2813.85,2823.8,1322
2021-05-30 21:00:00,2823.8,2823.8,2823.8,2823.8,1
2021-05-31 01:00:00,2823.8,2841.6,2823.8,2837.7,82
2021-05-31 05:00:00,2837.7,2851.25,2834.25,2841.95,155
2021-05-31 09:00:00,2841.95,2852.25,2840.75,2848.5,338
2021-05-31 13:00:00,2848.5,2848.5,2828.25,2831,579
2021-05-31 21:00:00,2831,2846.7,2831,2846,105
2021-06-01 01:00:00,2846,2857.5,2844.75,2855,412
2021-06-01 05:00:00,2855,2869.25,2852.6,2865,833
2021-06-01 09:00:00,2865,2869.9,2821.45,2830.75,1011
2021-06-01 13:00:00,2830.75,2862,2810.55,2861.05,2623
2021-06-01 17:00:00,2861.05,2867.7,2859.25,2861.5,1684
2021-06-01 21:00:00,2861.5,2870.05,2857.65,2859.9,97
2021-06-02 01:00:00,2859.9,2861.3,2849.8,2858.05,941
2021-06-02 05:00:00,2858.05,2863.85,2837.95,2840.3,589
2021-06-02 09:00:00,2840.3,2866.2,2832.4,2858.5,1779
2021-06-02 13:00:00,2858.5,2870.65,2853,2863.7,3324
2021-06-02 17:00:00,2863.7,2866.75,2858,2859.45,771
2021-06-02 21:00:00,2859.45,2869.4,2852.1,2864,614
2021-06-03 01:00:00,2864,2865.1,2857.65,2864.15,309
2021-06-03 05:00:00,2864.15,2864.15,2840.25,2847.2,1249
2021-06-03 09:00:00,2847.2,2847.75,2795.85,2801,2209
2021-06-03 13:00:00,2801,2840.3,2799.15,2824.35,2767
2021-06-03 17:00:00,2824.35,2847.25,2819,2839.3,1100
2021-06-04 01:00:00,2839.3,2839.55,2825.45,2832,127
2021-06-04 05:00:00,2832,2843.45,2815.4,2832.35,1917
2021-06-04 09:00:00,2832.35,2843.75,2811,2838,1996
2021-06-04 13:00:00,2838,2846.2,2823.15,2840.35,2631
2021-06-04 17:00:00,2840.35,2846.95,2838.3,2845.85,383
2021-06-07 05:00:00,2845.85,2845.85,2835.9,2838.4,528
2021-06-07 09:00:00,2838.4,2845.25,2830.5,2835.3,1599
2021-06-07 13:00:00,2835.3,2839.45,2821.4,2829.2,2559
2021-06-07 17:00:00,2829.2,2839,2829.2,2835.15,1915
2021-06-07 21:00:00,2835.15,2835.15,2829.25,2834.35,22
2021-06-08 01:00:00,2834.35,2838,2834.35,2838,1
2021-06-08 05:00:00,2838,2841,2809.4,2809.4,712
2021-06-08 09:00:00,2809.4,2823.6,2748.25,2783.45,1641
2021-06-08 13:00:00,2783.45,2811.75,2783.15,2803,3023
2021-06-08 17:00:00,2803,2813.35,2801.55,2805.5,580
2021-06-08 21:00:00,2805.5,2822,2805.25,2819.3,395
2021-06-09 01:00:00,2819.3,2821.75,2805.3,2806.8,652
2021-06-09 05:00:00,2806.8,2806.85,2789.55,2790.7,1337
2021-06-09 09:00:00,2790.7,2813.5,2788.5,2812.7,1679
2021-06-09 13:00:00,2812.7,2814.25,2767.15,2774.25,2217
2021-06-09 17:00:00,2774.25,2783.6,2770.25,2777.7,1329
2021-06-10 01:00:00,2777.7,2785,2776.75,2781.25,291
2021-06-10 05:00:00,2781.25,2785.75,2764.5,2768,1345
2021-06-10 09:00:00,2768,2776.35,2738.5,2769.25,1556
2021-06-10 13:00:00,2769.25,2779,2758.65,2776.5,1799
2021-06-10 17:00:00,2776.5,2779.75,2765.25,2778.75,1508
2021-06-10 21:00:00,2778.75,2779.4,2767.15,2767.55,192
2021-06-11 01:00:00,2767.55,2777,2765,2777,311
2021-06-11 05:00:00,2777,2794.05,2769.5,2772.75,1201
2021-06-11 09:00:00,2772.75,2800.5,2770.75,2790,1491
2021-06-11 13:00:00,2790,2811,2769.75,2777.05,2702
2021-06-11 17:00:00,2777.05,2784,2774.25,2777.55,515
2021-06-14 01:00:00,2777.55,2777.55,2772,2774.45,48
2021-06-14 05:00:00,2774.45,2775.25,2757,2759.5,735
2021-06-14 09:00:00,2759.5,2761.75,2746.2,2750.55,2043
2021-06-14 13:00:00,2750.55,2774,2744.75,2754,2393
2021-06-14 17:00:00,2754,2757.75,2749.75,2756,4125
2021-06-14 21:00:00,2756,2761.1,2748.75,2748.75,316
2021-06-15 01:00:00,2748.75,2757.55,2740.25,2756.85,704
2021-06-15 05:00:00,2756.85,2761.25,2745.5,2755.75,1478
2021-06-15 09:00:00,2755.75,2764.25,2749.25,2750.75,1187
2021-06-15 13:00:00,2750.75,2767.75,2750.55,2762.75,1693
2021-06-15 17:00:00,2762.75,2767.2,2757,2765,934
2021-06-15 21:00:00,2765,2773.25,2762.8,2770.5,114
2021-06-16 01:00:00,2770.5,2771,2758.25,2762.5,575
2021-06-16 05:00:00,2762.5,2765.25,2759,2763.5,607
2021-06-16 09:00:00,2763.5,2778.35,2762.45,2776.7,1584
2021-06-16 13:00:00,2776.7,2839.25,2774.55,2838.45,3713
2021-06-16 17:00:00,2838.45,2843.75,2803.45,2803.7,3656
2021-06-16 21:00:00,2803.7,2808.5,2788.2,2788.25,1954
2021-06-17 01:00:00,2788.25,2791.5,2767,2773.3,929
2021-06-17 05:00:00,2773.3,2785.15,2763.6,2765.85,1835
2021-06-17 09:00:00,2765.85,2770.7,2662.75,2687.5,3095
2021-06-17 13:00:00,2687.5,2692.4,2510.55,2511.2,5520
2021-06-17 17:00:00,2511.2,2539,2492.25,2496,6275
2021-06-17 21:00:00,2496,2525.3,2489.1,2520.9,1951
2021-06-18 01:00:00,2520.9,2557.65,2520.9,2545,1339
2021-06-18 05:00:00,2545,2596.65,2540.5,2550.55,2965
2021-06-18 09:00:00,2550.55,2566.05,2509.65,2514.55,2258
2021-06-18 13:00:00,2514.55,2562.9,2470.5,2478.05,5526
2021-06-18 17:00:00,2478.05,2484.85,2459,2474.3,2950
2021-06-20 21:00:00,2474.3,2502.65,2474.3,2500.55,648
2021-06-21 01:00:00,2500.55,2503.05,2488.05,2494.1,1236
2021-06-21 05:00:00,2494.1,2514.5,2482.55,2509,3621
2021-06-21 09:00:00,2509,2523.9,2492.4,2523.15,2037
2021-06-21 13:00:00,2523.15,2592.15,2484.25,2564.35,4139
2021-06-21 17:00:00,2564.35,2594.85,2559.7,2590.25,3535
2021-06-21 21:00:00,2590.25,2596.05,2587.75,2589.4,5556
2021-06-22 01:00:00,2589.4,2600.1,2584.2,2598.6,8389
2021-06-22 05:00:00,2598.6,2614.4,2577.35,2584.2,3751
2021-06-22 09:00:00,2584.2,2594.6,2548.45,2564.85,6056
2021-06-22 13:00:00,2564.85,2579.85,2550.75,2565.35,7019
2021-06-22 17:00:00,2565.35,2569.5,2553,2561.5,1394
2021-06-22 21:00:00,2561.5,2564.85,2550.75,2556.85,604
2021-06-23 01:00:00,2556.85,2595.5,2556.8,2591.45,1420
2021-06-23 05:00:00,2591.45,2608.15,2587.75,2599.45,2500
2021-06-23 09:00:00,2599.45,2602.6,2586.55,2595,2069
2021-06-23 13:00:00,2595,2640,2594.9,2631.2,4573
2021-06-23 17:00:00,2631.2,2636.25,2604,2619,6059
2021-06-23 21:00:00,2619,2631.85,2614,2618.05,504
2021-06-24 01:00:00,2618.05,2623.25,2610.6,2621.25,4380
2021-06-24 05:00:00,2621.25,2629.85,2611.8,2615,2915
2021-06-24 09:00:00,2615,2642.6,2615,2632.2,3830
2021-06-24 13:00:00,2632.2,2655.9,2627.4,2646.75,5448
2021-06-24 17:00:00,2646.75,2653.7,2639.75,2647,1533
2021-06-24 21:00:00,2647,2657.25,2639.95,2655.25,170
2021-06-25 01:00:00,2655.25,2657.5,2647.65,2651.7,1383
2021-06-25 05:00:00,2651.7,2661.25,2643.25,2643.75,2075
2021-06-25 09:00:00,2643.75,2646.9,2611.55,2629.1,2249
2021-06-25 13:00:00,2629.1,2652.95,2625.25,2638.75,2236
2021-06-25 17:00:00,2638.75,2643.5,2631.1,2642.05,1572
2021-06-27 21:00:00,2642.05,2652.45,2640.25,2641.25,1294
2021-06-28 01:00:00,2641.25,2647.75,2629.25,2647.75,1090
2021-06-28 05:00:00,2647.75,2654.2,2634.5,2638,982
2021-06-28 09:00:00,2638,2653.15,2634.5,2649,1016
2021-06-28 13:00:00,2649,2704.45,2639.55,2699,2806
2021-06-28 17:00:00,2699,2699.7,2681.8,2691,992
2021-06-28 21:00:00,2691,2695.6,2683.4,2686,374
2021-06-29 01:00:00,2686,2700.2,2671.9,2672.5,1632
2021-06-29 05:00:00,2672.5,2682.5,2666.5,2668,1622
2021-06-29 09:00:00,2668,2692.5,2667.5,2674.8,1227
2021-06-29 13:00:00,2674.8,2693.75,2668,2680.35,2214
2021-06-29 17:00:00,2680.35,2687.5,2675.8,2685.65,790
2021-06-29 21:00:00,2685.65,2696.75,2681.55,2689,977
2021-06-30 01:00:00,2689,2697,2688.25,2695,876
2021-06-30 05:00:00,2695,2697.25,2673.15,2685.75,2391
2021-06-30 09:00:00,2685.75,2705.95,2685.5,2703.95,2826
2021-06-30 13:00:00,2703.95,2786,2701.5,2781,3541
2021-06-30 17:00:00,2781,2792.9,2780,2783.5,1928
2021-06-30 21:00:00,2783.5,2784.75,2776.25,2776.25,316
2021-07-01 01:00:00,2776.25,2777.75,2765,2765.75,660
2021-07-01 05:00:00,2765.75,2778.45,2753.5,2772.55,2259
2021-07-01 09:00:00,2772.55,2797.95,2768.3,2787.5,1634
2021-07-01 13:00:00,2787.5,2803,2760.6,2773.7,4358
2021-07-01 17:00:00,2773.7,2775.75,2765.25,2769.5,2172
2021-07-01 21:00:00,2769.5,2769.5,2755.3,2766.05,1196
2021-07-02 01:00:00,2766.05,2770.15,2759.1,2768.95,502
2021-07-02 05:00:00,2768.95,2804.25,2762.55,2785.45,2237
2021-07-02 09:00:00,2785.45,2812,2782.3,2784.7,2684
2021-07-02 13:00:00,2784.7,2795.75,2763.75,2790.5,6669
2021-07-02 17:00:00,2790.5,2799,2784.85,2790.35,1193
2021-07-04 21:00:00,2790.35,2806.6,2790.35,2797.25,1495
2021-07-05 01:00:00,2797.25,2798.5,2794.75,2797.1,974
2021-07-05 05:00:00,2797.1,2807.5,2794.25,2807.3,2990
2021-07-05 09:00:00,2807.3,2823.25,2802.25,2820.5,1220
2021-07-05 13:00:00,2820.5,2824.05,2813.9,2819.25,1596
2021-07-05 21:00:00,2819.25,2825.5,2819.25,2824.7,170
2021-07-06 01:00:00,2824.7,2828.5,2818.15,2822.25,614
2021-07-06 05:00:00,2822.25,2844.9,2822.25,2840,1005
2021-07-06 09:00:00,2840,2882.85,2832.4,2875.45,2128
2021-07-06 13:00:00,2875.45,2880.95,2769,2795.4,5676
2021-07-06 17:00:00,2795.4,2803.55,2791.05,2796.25,1547
2021-07-06 21:00:00,2796.25,2807.8,2771.5,2786.25,722
2021-07-07 01:00:00,2786.25,2798.7,2778.5,2790.75,2730
2021-07-07 05:00:00,2790.75,2842.15,2790.5,2834.6,2220
2021-07-07 09:00:00,2834.6,2857.75,2832.15,2838.85,2816
2021-07-07 13:00:00,2838.85,2852.5,2820.15,2843.5,5067
2021-07-07 17:00:00,2843.5,2872.5,2842.5,2853,1806
2021-07-07 21:00:00,2853,2867.15,2851.8,2853.15,968
2021-07-08 01:00:00,2853.15,2853.15,2830.45,2833.65,741
2021-07-08 05:00:00,2833.65,2849.75,2823.85,2835.95,3735
2021-07-08 09:00:00,2835.95,2848.75,2781.75,2788,2924
2021-07-08 13:00:00,2788,2821.75,2785.25,2808.05,3777
2021-07-08 17:00:00,2808.05,2813.55,2798.5,2805.25,1431
2021-07-08 21:00:00,2805.25,2813.6,2786.75,2798.5,418
2021-07-09 01:00:00,2798.5,2804.75,2787.3,2793.5,900
2021-07-09 05:00:00,2793.5,2821.25,2793.5,2802,2689
2021-07-09 09:00:00,2802,2823.75,2797.9,2820,2413
2021-07-09 13:00:00,2820,2820.2,2795.5,2810.5,2310
2021-07-09 17:00:00,2810.5,2817.8,2810.5,2813.65,1509
2021-07-11 21:00:00,2813.65,2813.75,2799.6,2813.75,1427
2021-07-12 01:00:00,2813.75,2821.2,2798.35,2807.1,1329
2021-07-12 05:00:00,2807.1,2818.1,2802.5,2807.5,2724
2021-07-12 09:00:00,2807.5,2814.25,2793,2810.45,3728
2021-07-12 13:00:00,2810.45,2867.25,2810.45,2860.75,3692
2021-07-12 17:00:00,2860.75,2866,2854.05,2857,1332
2021-07-12 21:00:00,2857,2857,2849,2853.75,1085
2021-07-13 01:00:00,2853.75,2857.05,2848.2,2851.5,1262
2021-07-13 05:00:00,2851.5,2852.75,2831,2834.05,2519
2021-07-13 09:00:00,2834.05,2857,2832.75,2843.45,2536
2021-07-13 13:00:00,2843.45,2847.5,2829.95,2831,3763
2021-07-13 17:00:00,2831,2836,2824.3,2828.5,2155
2021-07-13 21:00:00,2828.5,2834.9,2825.5,2831.25,720
2021-07-14 01:00:00,2831.25,2840.3,2831,2837,1032
2021-07-14 05:00:00,2837,2841.25,2823.75,2824.55,2068
2021-07-14 09:00:00,2824.55,2843.5,2817,2840.75,2286
2021-07-14 13:00:00,2840.75,2847.5,2798.15,2826.95,4008
2021-07-14 17:00:00,2826.95,2836.65,2822.5,2829.25,1623
2021-07-14 21:00:00,2829.25,2833.2,2802.9,2802.9,402
2021-07-15 01:00:00,2802.9,2822.6,2801.7,2812.5,710
2021-07-15 05:00:00,2812.5,2831.75,2809.5,2809.5,1273
2021-07-15 09:00:00,2809.5,2816.25,2764.5,2773.25,3205
2021-07-15 13:00:00,2773.25,2794.15,2695,2731.2,5620
2021-07-15 17:00:00,2731.2,2739,2719.7,2731.95,2143
2021-07-15 21:00:00,2731.95,2741.5,2724.6,2735.1,965
2021-07-16 01:00:00,2735.1,2753.25,2735,2749.25,3831
2021-07-16 05:00:00,2749.25,2749.25,2713.85,2715.1,1483
2021-07-16 09:00:00,2715.1,2721.7,2690.8,2710.05,3185
2021-07-16 13:00:00,2710.05,2713.75,2615.25,2637.05,7843
2021-07-16 17:00:00,2637.05,2645.7,2624.35,2630.7,1607
2021-07-18 21:00:00,2630.7,2649.5,2624,2649.25,1168
2021-07-19 01:00:00,2649.25,2649.25,2631,2640.5,1651
2021-07-19 05:00:00,2640.5,2644.1,2615.05,2618.5,4275
2021-07-19 09:00:00,2618.5,2646.85,2573.5,2595,4869
2021-07-19 13:00:00,2595,2626.15,2586.75,2591.65,8905
2021-07-19 17:00:00,2591.65,2602,2586.55,2593.6,4042
2021-07-19 21:00:00,2593.6,2605.6,2589.65,2600.25,1478
2021-07-20 01:00:00,2600.25,2602.5,2587,2598.35,1882
2021-07-20 05:00:00,2598.35,2618.2,2592.25,2594.8,2728
2021-07-20 09:00:00,2594.8,2622.5,2585.5,2595,3499
2021-07-20 13:00:00,2595,2655.85,2567.25,2640.9,7345
2021-07-20 17:00:00,2640.9,2648.25,2633.75,2640.65,2279
2021-07-21 01:00:00,2640.65,2652.25,2637.05,2652.25,397
2021-07-21 05:00:00,2652.25,2670,2647.1,2668.25,1815
2021-07-21 09:00:00,2668.25,2671.15,2636.5,2653.75,1370
2021-07-21 13:00:00,2653.75,2679.35,2646.7,2656.75,6883
2021-07-21 17:00:00,2656.75,2668.35,2654.25,2664.2,5602
2021-07-21 21:00:00,2664.2,2669.05,2664.2,2664.45,71
2021-07-22 01:00:00,2664.45,2680.25,2661.45,2671.2,233
2021-07-22 05:00:00,2671.2,2678.6,2664.9,2673.25,1946
2021-07-22 09:00:00,2673.25,2695.35,2662,2665.9,2258
2021-07-22 13:00:00,2665.9,2735.85,2661,2708.85,5450
2021-07-22 17:00:00,2708.85,2730.5,2699.5,2722.5,3948
2021-07-22 21:00:00,2722.5,2737.35,2720.3,2728.25,2774
2021-07-23 01:00:00,2728.25,2732.5,2724.75,2728.75,1441
2021-07-23 05:00:00,2728.75,2739.75,2706.65,2711.25,2082
2021-07-23 09:00:00,2711.25,2739.2,2698.9,2730.45,1907
2021-07-23 13:00:00,2730.45,2737.65,2650.2,2665.85,6425
2021-07-23 17:00:00,2665.85,2684,2665.85,2676.7,2435
2021-07-26 05:00:00,2676.7,2689.5,2656.1,2673.6,3990
2021-07-26 09:00:00,2673.6,2705.25,2667.95,2689.75,3463
2021-07-26 13:00:00,2689.75,2708.75,2674.15,2681.45,3533
2021-07-26 17:00:00,2681.45,2683.7,2656.6,2660.85,4731
2021-07-26 21:00:00,2660.85,2660.85,2631.9,2646,1385
2021-07-27 01:00:00,2646,2647.75,2618.45,2637.35,1836
2021-07-27 05:00:00,2637.35,2650.1,2616.7,2636,2938
2021-07-27 09:00:00,2636,2669,2636,2637.8,2768
2021-07-27 13:00:00,2637.8,2638.95,2591.1,2605.35,7935
2021-07-27 17:00:00,2605.35,2616.5,2602,2606.5,2604
2021-07-27 21:00:00,2606.5,2612.1,2599.25,2603.75,1070
2021-07-28 01:00:00,2603.75,2634.75,2603.75,2626.6,3842
2021-07-28 05:00:00,2626.6,2633.95,2609.55,2622,3055
2021-07-28 09:00:00,2622,2623.45,2598.2,2606.65,2219
2021-07-28 13:00:00,2606.65,2630,2603.35,2624.8,4578
2021-07-28 17:00:00,2624.8,2628.95,2615.75,2628.95,3181
2021-07-28 21:00:00,2628.95,2637.5,2623.05,2636.7,1095
2021-07-29 01:00:00,2636.7,2652.85,2633.75,2643.45,1147
2021-07-29 05:00:00,2643.45,2656.75,2640.1,2644.65,1894
2021-07-29 09:00:00,2644.65,2672.5,2644.1,2669.75,2099
2021-07-29 13:00:00,2669.75,2679.25,2634.65,2648,4880
2021-07-29 17:00:00,2648,2654.5,2645.25,2647.5,1421
2021-07-29 21:00:00,2647.5,2666.75,2647,2659,476
2021-07-30 01:00:00,2659,2660.25,2644.75,2655,1857
2021-07-30 05:00:00,2655,2664.5,2650.6,2651,2093
2021-07-30 09:00:00,2651,2666.5,2650.25,2663.75,2423
2021-07-30 13:00:00,2663.75,2669.65,2629.1,2660.8,5012
2021-07-30 17:00:00,2660.8,2667.85,2655.7,2662.85,3064
2021-08-01 21:00:00,2662.85,2677.5,2658,2677.5,1974
2021-08-02 01:00:00,2677.5,2686.5,2664.15,2686.5,1599
2021-08-02 05:00:00,2686.5,2687.75,2665.25,2665.5,2495
2021-08-02 09:00:00,2665.5,2693.7,2665.5,2683.25,2348
2021-08-02 13:00:00,2683.25,2697.75,2679,2684.5,4670
2021-08-02 17:00:00,2684.5,2693.5,2673,2683.5,3266
2021-08-02 21:00:00,2683.5,2692.25,2679.65,2685.5,1553
2021-08-03 01:00:00,2685.5,2688.4,2678.25,2685.5,1730
2021-08-03 05:00:00,2685.5,2690.75,2667.5,2681,1526
2021-08-03 09:00:00,2681,2709.25,2677.25,2685.15,2033
2021-08-03 13:00:00,2685.15,2688.7,2636,2648.25,5557
2021-08-03 17:00:00,2648.25,2656.7,2645.2,2647.25,3230
2021-08-03 21:00:00,2647.25,2652.15,2645,2648.25,421
2021-08-04 01:00:00,2648.25,2657.75,2647.25,2655.25,1383
2021-08-04 05:00:00,2655.25,2670,2648.5,2657.75,2241
2021-08-04 09:00:00,2657.75,2675.55,2651.05,2664.25,2928
2021-08-04 13:00:00,2664.25,2679.75,2646.35,2654.3,4097
2021-08-04 17:00:00,2654.3,2655.1,2648.35,2651,1607
2021-08-04 21:00:00,2651,2651.5,2644.8,2645.5,488
2021-08-05 01:00:00,2645.5,2654.25,2644.5,2651.25,2367
2021-08-05 05:00:00,2651.25,2669.25,2646.6,2665.35,2441
2021-08-05 09:00:00,2665.35,2668.75,2640.1,2648.55,2232
2021-08-05 13:00:00,2648.55,2671.45,2637.75,2655.75,4223
2021-08-05 17:00:00,2655.75,2658,2648.25,2653.75,1598
2021-08-05 21:00:00,2653.75,2657.25,2647.8,2651,218
2021-08-06 01:00:00,2651,2656,2646.75,2654.2,810
2021-08-06 05:00:00,2654.2,2670,2650.25,2655.75,1712
2021-08-06 09:00:00,2655.75,2671.5,2651.85,2670.5,2309
2021-08-06 13:00:00,2670.5,2675.25,2631.25,2633.6,4263
2021-08-06 17:00:00,2633.6,2637.75,2627.75,2630.4,1313
2021-08-08 21:00:00,2630.4,2640.5,2621.5,2634.5,1986
2021-08-09 01:00:00,2634.5,2636.5,2625.4,2630.85,754
2021-08-09 05:00:00,2630.85,2636.1,2620.5,2621.25,1857
2021-08-09 09:00:00,2621.25,2629.7,2615.05,2617.95,2905
2021-08-09 13:00:00,2617.95,2636.5,2602.75,2604.05,4442
2021-08-09 17:00:00,2604.05,2611,2601.1,2605.75,2682
2021-08-09 21:00:00,2605.75,2610,2599.65,2610,444
2021-08-10 01:00:00,2610,2621.75,2607.75,2621.75,830
2021-08-10 05:00:00,2621.75,2628.5,2602.35,2605.25,1544
2021-08-10 09:00:00,2605.25,2610.2,2596.75,2602.5,2110
2021-08-10 13:00:00,2602.5,2666.75,2597.2,2652.85,4603
2021-08-10 17:00:00,2652.85,2658.75,2645,2648,1921
2021-08-10 21:00:00,2648,2651,2644.6,2644.65,195
2021-08-11 01:00:00,2644.65,2652,2642.65,2648,769
2021-08-11 05:00:00,2648,2650.95,2640.75,2640.75,1566
2021-08-11 09:00:00,2640.75,2663.5,2635.9,2651.5,3722
2021-08-11 13:00:00,2651.5,2651.75,2612.4,2635.95,4925
2021-08-11 17:00:00,2635.95,2641.25,2631.3,2638.5,1727
2021-08-11 21:00:00,2638.5,2645,2635.25,2639,604
2021-08-12 01:00:00,2639,2642.95,2637.25,2642.25,1533
2021-08-12 05:00:00,2642.25,2649.8,2634.25,2637.75,3006
2021-08-12 09:00:00,2637.75,2640.75,2626.5,2637.75,4745
2021-08-12 13:00:00,2637.75,2649,2619.25,2627.25,6180
2021-08-12 17:00:00,2627.25,2634.25,2625.15,2627.7,2082
2021-08-12 21:00:00,2627.7,2636.25,2620,2620.2,791
2021-08-13 01:00:00,2620.2,2627.75,2616.75,2627.75,774
2021-08-13 05:00:00,2627.75,2629.25,2610,2611.5,3632
2021-08-13 09:00:00,2611.5,2642.2,2608,2642.2,2243
2021-08-13 13:00:00,2642.2,2664.5,2634.7,2655.75,4123
2021-08-13 17:00:00,2655.75,2661.8,2640.25,2648.7,2507
2021-08-15 21:00:00,2648.7,2654.25,2640.75,2644.25,1748
2021-08-16 01:00:00,2644.25,2644.25,2633.2,2638.6,1852
2021-08-16 05:00:00,2638.6,2640.6,2613.45,2615,4149
2021-08-16 09:00:00,2615,2640.15,2611.75,2638.5,2932
2021-08-16 13:00:00,2638.5,2645,2578.75,2599.55,6605
2021-08-16 17:00:00,2599.55,2615.2,2598.9,2606.05,4348
2021-08-16 21:00:00,2606.05,2612.5,2599.85,2602.75,793
2021-08-17 01:00:00,2602.75,2607.2,2602,2604.55,1539
2021-08-17 05:00:00,2604.55,2613.5,2573.5,2590.45,4844
2021-08-17 09:00:00,2590.45,2607.9,2570.25,2570.7,3126
2021-08-17 13:00:00,2570.7,2571,2495.95,2498.25,7460
2021-08-17 17:00:00,2498.25,2505,2469.65,2489.5,2567
2021-08-17 21:00:00,2489.5,2517.5,2486.3,2517.5,728
2021-08-18 01:00:00,2517.5,2540.25,2511.25,2528.05,4718
2021-08-18 05:00:00,2528.05,2540.7,2509.55,2517,3131
2021-08-18 09:00:00,2517,2523.2,2476.9,2488.3,4327
2021-08-18 13:00:00,2488.3,2520.05,2417.35,2429.95,8414
2021-08-18 17:00:00,2429.95,2435.25,2422.5,2424.1,2420
2021-08-18 21:00:00,2424.1,2430,2417.25,2420.25,802
2021-08-19 01:00:00,2420.25,2434.75,2414.3,2433.9,1083
2021-08-19 05:00:00,2433.9,2437.25,2371.25,2376,5150
2021-08-19 09:00:00,2376,2385.25,2311.95,2326,6261
2021-08-19 13:00:00,2326,2386.5,2299.35,2302.5,7702
2021-08-19 17:00:00,2302.5,2322.9,2301,2313.25,3095
2021-08-19 21:00:00,2313.25,2332.2,2307.25,2327.45,947
2021-08-20 01:00:00,2327.45,2335.6,2317.55,2330.75,2347
2021-08-20 05:00:00,2330.75,2343.95,2309.5,2312.6,4938
2021-08-20 09:00:00,2312.6,2327.75,2298.1,2306.3,4473
2021-08-20 13:00:00,2306.3,2316.25,2273.7,2284.55,5874
2021-08-20 17:00:00,2284.55,2287,2273.5,2277.05,1321
2021-08-22 21:00:00,2277.05,2310.9,2269.75,2309.15,2146
2021-08-23 01:00:00,2309.15,2327.75,2305,2322.75,3482
2021-08-23 05:00:00,2322.75,2334.25,2298.75,2328.25,2330
2021-08-23 09:00:00,2328.25,2342.95,2317.1,2330.8,3085
2021-08-23 13:00:00,2330.8,2434.95,2326.5,2391.9,4627
2021-08-23 17:00:00,2391.9,2411.35,2388,2397.5,1174
2021-08-23 21:00:00,2397.5,2411,2397.5,2400.5,295
2021-08-24 01:00:00,2400.5,2429.3,2393,2401.3,741
2021-08-24 05:00:00,2401.3,2456.5,2401.25,2437.05,4382
2021-08-24 09:00:00,2437.05,2475.2,2436.3,2463,4521
2021-08-24 13:00:00,2463,2477.8,2438.3,2448.7,8708
2021-08-24 17:00:00,2448.7,2474.75,2448.25,2472.85,2339
2021-08-24 21:00:00,2472.85,2474.55,2457,2459.55,512
2021-08-25 01:00:00,2459.55,2465,2431.75,2441.75,1299
2021-08-25 05:00:00,2441.75,2443.75,2427.1,2433.8,3040
2021-08-25 09:00:00,2433.8,2485.75,2431.05,2481.05,2967
2021-08-25 13:00:00,2481.05,2485.9,2430,2438.15,5586
2021-08-25 17:00:00,2438.15,2438.15,2427.25,2431,2394
2021-08-25 21:00:00,2431,2433.8,2426.5,2430,92
2021-08-26 01:00:00,2430,2430.5,2398.1,2404.15,392
2021-08-26 05:00:00,2404.15,2419.6,2390.5,2406.4,3597
2021-08-26 09:00:00,2406.4,2423.6,2375.15,2382.65,4044
2021-08-26 13:00:00,2382.65,2409,2366.05,2394.05,6853
2021-08-26 17:00:00,2394.05,2403.65,2385.15,2393.35,1410
2021-08-26 21:00:00,2393.35,2411.15,2392.4,2400.2,572
2021-08-27 01:00:00,2400.2,2419.7,2399.7,2415.35,524
2021-08-27 05:00:00,2415.35,2438.5,2411.9,2421.8,1599
2021-08-27 09:00:00,2421.8,2437.95,2416.55,2427.25,1865
2021-08-27 13:00:00,2427.25,2443.5,2406.8,2415.05,4637
2021-08-27 17:00:00,2415.05,2425.5,2410.7,2425.2,1015
2021-08-29 21:00:00,2425.2,2437.3,2416.05,2430.25,665
2021-08-30 01:00:00,2430.25,2431.5,2415.35,2429,606
2021-08-30 05:00:00,2429,2432.75,2409.05,2422.75,1020
2021-08-30 09:00:00,2422.75,2474,2420.75,2471.25,2319
2021-08-30 13:00:00,2471.25,2484.2,2456.05,2484,4176
2021-08-30 17:00:00,2484,2503.75,2480.8,2496.55,1169
2021-08-30 21:00:00,2496.55,2496.55,2468.55,2481.2,176
2021-08-31 01:00:00,2481.2,2489,2480.75,2485.2,882
2021-08-31 05:00:00,2485.2,2502.2,2483.05,2487,3091
2021-08-31 09:00:00,2487,2497.7,2481.1,2495,2147
2021-08-31 13:00:00,2495,2502.25,2468.85,2472.15,3344
2021-08-31 17:00:00,2472.15,2479.85,2467.9,2469.45,1221
2021-08-31 21:00:00,2469.45,2479,2469.45,2478.5,315
2021-09-01 01:00:00,2478.5,2487.55,2473.6,2476.45,3171
2021-09-01 05:00:00,2476.45,2499.45,2468.5,2482,2400
2021-09-01 09:00:00,2482,2502,2473.55,2483.95,2092
2021-09-01 13:00:00,2483.95,2485.1,2435.2,2448.1,3374
2021-09-01 17:00:00,2448.1,2452.75,2441,2446.25,1171
2021-09-01 21:00:00,2446.25,2451.5,2436.65,2441.4,833
2021-09-02 01:00:00,2441.4,2447,2433,2433,644
2021-09-02 05:00:00,2433,2446.45,2422.1,2443.8,1557
2021-09-02 09:00:00,2443.8,2450.25,2421.2,2424.8,1410
2021-09-02 13:00:00,2424.8,2430.75,2390.6,2409.25,3770
2021-09-02 17:00:00,2409.25,2410.25,2399,2408.95,1221
2021-09-02 21:00:00,2408.95,2414.5,2404,2407.4,589
2021-09-03 01:00:00,2407.4,2420.2,2404.7,2419.2,1311
2021-09-03 05:00:00,2419.2,2428.7,2410.75,2410.75,2126
2021-09-03 09:00:00,2410.75,2419.5,2393.75,2409.75,3371
2021-09-03 13:00:00,2409.75,2440.45,2389.55,2422.75,3658
2021-09-03 17:00:00,2422.75,2427.5,2418.75,2421,747
2021-09-05 21:00:00,2421,2438.7,2421,2424.95,859
2021-09-06 01:00:00,2424.95,2431.75,2424.5,2430.25,533
2021-09-06 05:00:00,2430.25,2438.85,2422.55,2423.5,1787
2021-09-06 09:00:00,2423.5,2424.75,2409.5,2412.1,1571
2021-09-06 13:00:00,2412.1,2413.15,2394,2410,6046
2021-09-06 21:00:00,2410,2414.5,2404,2412,640
2021-09-07 01:00:00,2412,2415.75,2410.25,2412.25,755
2021-09-07 05:00:00,2412.25,2412.25,2392,2396.75,2137
2021-09-07 09:00:00,2396.75,2403.7,2383.65,2387.55,2417
2021-09-07 13:00:00,2387.55,2401.65,2351.35,2359.5,4690
2021-09-07 17:00:00,2359.5,2377.5,2356.6,2375.25,1906
2021-09-07 21:00:00,2375.25,2382.55,2366.75,2378.25,1422
2021-09-08 01:00:00,2378.25,2389.95,2373.75,2375,886
2021-09-08 05:00:00,2375,2375,2355.5,2362.9,2565
2021-09-08 09:00:00,2362.9,2380.25,2339.75,2345.3,1888
2021-09-08 13:00:00,2345.3,2352.5,2218.35,2250.5,7569
2021-09-08 17:00:00,2250.5,2269.7,2249,2255.2,2101
2021-09-08 21:00:00,2255.2,2255.75,2242.55,2245.3,1089
2021-09-09 01:00:00,2245.3,2256,2235.8,2251,1330
2021-09-09 05:00:00,2251,2272.25,2245,2254,2263
2021-09-09 09:00:00,2254,2276,2226.9,2237.5,2646
2021-09-09 13:00:00,2237.5,2254.3,2147,2152.85,4428
2021-09-09 17:00:00,2152.85,2183.65,2151.9,2177.5,2779
2021-09-09 21:00:00,2177.5,2207.55,2177.5,2205.15,2235
2021-09-10 01:00:00,2205.15,2223.65,2188.7,2222.75,3246
2021-09-10 05:00:00,2222.75,2226.2,2186.75,2214.55,3061
2021-09-10 09:00:00,2214.55,2220.5,2188.25,2188.25,2129
2021-09-10 13:00:00,2188.25,2212.7,2129.95,2140.15,3726
2021-09-10 17:00:00,2140.15,2146.75,2128.55,2140.95,2165
2021-09-12 21:00:00,2140.95,2151.25,2100.179,2146.365,1003
2021-09-13 01:00:00,2146.365,2147.4,2134.806,2142.61,1139
2021-09-13 05:00:00,2142.61,2142.736,2117,2138.674,3375
2021-09-13 09:00:00,2138.674,2171.066,2134.5,2155.974,2324
2021-09-13 13:00:00,2155.974,2167.238,2075,2092.085,4139
2021-09-13 17:00:00,2092.085,2093,2081.302,2090,1356
2021-09-13 21:00:00,2090,2102.146,2090,2094.386,760
2021-09-14 01:00:00,2094.386,2103.45,2091.758,2099.75,1163
2021-09-14 05:00:00,2099.75,2103.25,2051.876,2052.25,2499
2021-09-14 09:00:00,2052.25,2057.4,1934.5,1960.65,3523
2021-09-14 13:00:00,1960.65,2008,1937.707,1992.5,5701
2021-09-14 17:00:00,1992.5,1992.5,1972.3,1976.636,1686
2021-09-14 21:00:00,1976.636,1984.5,1974.75,1981.4,441
2021-09-15 01:00:00,1981.4,1981.496,1970.5,1976.25,819
2021-09-15 05:00:00,1976.25,1980.924,1956.75,1979.8,1296
2021-09-15 09:00:00,1979.8,2047.955,1976.075,1997.75,2910
2021-09-15 13:00:00,1997.75,2027.172,1983.25,2005.35,3498
2021-09-15 17:00:00,2005.35,2019.684,2003,2009.76,1530
2021-09-15 21:00:00,2009.76,2036.821,2009.76,2030.544,651
2021-09-16 01:00:00,2030.544,2079.666,2027.876,2039.404,1323
2021-09-16 05:00:00,2039.404,2045.65,2002.779,2033,1771
2021-09-16 09:00:00,2033,2097.344,2022.657,2034.5,3620
2021-09-16 13:00:00,2034.5,2056.5,2015.406,2039.362,3245
2021-09-16 17:00:00,2039.362,2044,2027,2035.224,1222
2021-09-16 21:00:00,2035.224,2039.174,2025.5,2035.364,577
2021-09-17 01:00:00,2035.364,2040.605,1986.886,2009.343,2279
2021-09-17 05:00:00,2009.343,2053.934,2002.026,2052.452,3461
2021-09-17 09:00:00,2052.452,2058.538,2028.201,2032.786,3055
2021-09-17 13:00:00,2032.786,2040.104,1991.5,1998.666,5657
2021-09-17 17:00:00,1998.666,2017.952,1992.102,2013.22,1322
2021-09-19 21:00:00,2013.22,2033.1,2013.22,2026.35,1230
2021-09-20 01:00:00,2026.35,2026.35,1939.5,1953.9,1437
2021-09-20 05:00:00,1953.9,1993.1,1943.8,1984.75,2188
2021-09-20 09:00:00,1984.75,2014.45,1955.65,1970.8,3384
2021-09-20 13:00:00,1970.8,1973.1,1849.35,1892,5831
2021-09-20 17:00:00,1892,1905.55,1876.8,1882.25,2387
2021-09-20 21:00:00,1882.25,1909.1,1882.25,1901.05,404
2021-09-21 01:00:00,1901.05,1909.95,1889.9,1894.55,1772
2021-09-21 05:00:00,1894.55,1912.3,1885,1903.7,2966
2021-09-21 09:00:00,1903.7,1958.6,1903,1915.45,2529
2021-09-21 13:00:00,1915.45,1934.15,1891.05,1911.45,5090
2021-09-21 17:00:00,1911.45,1921,1903.75,1907.5,1128
2021-09-21 21:00:00,1907.5,1911.45,1904,1905,690
2021-09-22 01:00:00,1905,1930.5,1905,1930.25,1541
2021-09-22 05:00:00,1930.25,1973,1928.25,1955.25,2379
2021-09-22 09:00:00,1955.25,2008.45,1954.95,1987,2408
2021-09-22 13:00:00,1987,2075.9,1977.05,2052.75,4308
2021-09-22 17:00:00,2052.75,2055.1,2011,2030,2939
2021-09-22 21:00:00,2030,2031.25,2026.75,2029.25,95
2021-09-23 01:00:00,2029.25,2036.8,2015.4,2033.5,2366
2021-09-23 05:00:00,2033.5,2083.75,2033,2051.75,4297
2021-09-23 09:00:00,2051.75,2056.75,1974.25,1979.85,3354
2021-09-23 13:00:00,1979.85,2012.5,1962.75,1989.25,3999
2021-09-23 17:00:00,1989.25,1999.45,1984.55,1987.2,2004
2021-09-23 21:00:00,1987.2,1997.85,1983.9,1995.9,224
2021-09-24 01:00:00,1995.9,2028.5,1990.55,2011.5,1649
2021-09-24 05:00:00,2011.5,2016.35,1999.6,2005.55,1659
2021-09-24 09:00:00,2005.55,2005.75,1948,1950.65,1654
2021-09-24 13:00:00,1950.65,1972,1938.85,1964.85,3376
2021-09-24 17:00:00,1964.85,1971.9,1959,1969.3,926
2021-09-26 21:00:00,1969.3,1973.75,1963.1,1971.7,357
2021-09-27 01:00:00,1971.7,1990.75,1970,1988,1437
2021-09-27 05:00:00,1988,1992.9,1971.35,1983.25,1109
2021-09-27 09:00:00,1983.25,1995.7,1967.85,1976.55,2266
2021-09-27 13:00:00,1976.55,1978.85,1941.7,1964.75,3283
2021-09-27 17:00:00,1964.75,1972.8,1963.5,1966,896
2021-09-27 21:00:00,1966,1970.25,1962.05,1962.35,750
2021-09-28 01:00:00,1962.35,1969,1951.8,1963.75,2185
2021-09-28 05:00:00,1963.75,1970.5,1909.9,1947.25,2526
2021-09-28 09:00:00,1947.25,1952.15,1924.8,1933.05,1788
2021-09-28 13:00:00,1933.05,1946.75,1860.25,1871.55,4722
2021-09-28 17:00:00,1871.55,1884.95,1866.25,1877.15,1161
2021-09-28 21:00:00,1877.15,1898.75,1877.15,1895.75,120
2021-09-29 01:00:00,1895.75,1907.5,1891.25,1900.2,937
2021-09-29 05:00:00,1900.2,1916,1889.25,1899.75,1793
2021-09-29 09:00:00,1899.75,1916.65,1896.25,1913.8,2011
2021-09-29 13:00:00,1913.8,1916.2,1846.5,1851.25,3905
2021-09-29 17:00:00,1851.25,1863.25,1846,1859.25,1867
2021-09-29 21:00:00,1859.25,1868.6,1856,1866.5,488
2021-09-30 01:00:00,1866.5,1881.65,1863.75,1879.75,969
2021-09-30 05:00:00,1879.75,1893.9,1869,1891.5,1357
2021-09-30 09:00:00,1891.5,1918.05,1889.25,1908.4,1995
2021-09-30 13:00:00,1908.4,1923.8,1884.25,1921.4,3523
2021-09-30 17:00:00,1921.4,1922.3,1897.9,1912.25,2122
2021-09-30 21:00:00,1912.25,1918.85,1912.25,1914.15,58
2021-10-01 01:00:00,1914.15,1914.15,1900.35,1901.3,3125
2021-10-01 05:00:00,1901.3,1910.5,1864.5,1895.55,6421
2021-10-01 09:00:00,1895.55,1939.25,1882,1916.9,2743
2021-10-01 13:00:00,1916.9,1934.15,1900.25,1921.75,3353
2021-10-01 17:00:00,1921.75,1927.75,1918.5,1921.3,1099
2021-10-03 21:00:00,1921.3,1935.95,1921.3,1925,334
2021-10-04 01:00:00,1925,1925,1912.5,1912.75,1296
2021-10-04 05:00:00,1912.75,1915.5,1891.45,1893.85,1860
2021-10-04 09:00:00,1893.85,1927.9,1888.6,1916.9,4966
2021-10-04 13:00:00,1916.9,1925.75,1880.75,1894.2,2974
2021-10-04 17:00:00,1894.2,1910.25,1892.05,1905.7,1675
2021-10-04 21:00:00,1905.7,1913.7,1900.85,1903.15,246
2021-10-05 01:00:00,1903.15,1907.1,1894,1894.5,622
2021-10-05 05:00:00,1894.5,1930.3,1893.85,1916,1036
2021-10-05 09:00:00,1916,1928.25,1905.75,1916.75,1682
2021-10-05 13:00:00,1916.75,1925.95,1891.6,1913.5,2985
2021-10-05 17:00:00,1913.5,1917,1906.25,1915.5,923
2021-10-05 21:00:00,1915.5,1915.5,1908.5,1913.25,662
2021-10-06 01:00:00,1913.25,1913.5,1897.2,1897.95,2950
2021-10-06 05:00:00,1897.95,1903.35,1891.5,1892.75,2558
2021-10-06 09:00:00,1892.75,1896.15,1872.5,1883.5,2871
2021-10-06 13:00:00,1883.5,1889.85,1849.25,1880.6,4654
2021-10-06 17:00:00,1880.6,1900.2,1877,1891.55,1393
2021-10-06 21:00:00,1891.55,1899.5,1891.55,1897.8,2633
2021-10-07 01:00:00,1897.8,1912,1897.3,1907,2964
2021-10-07 05:00:00,1907,1924.95,1895,1897.5,1626
2021-10-07 09:00:00,1897.5,1916.5,1881.75,1899.25,1558
2021-10-07 13:00:00,1899.25,2005.15,1883.75,1970.85,4520
2021-10-07 17:00:00,1970.85,1972.8,1955.55,1963.2,1528
2021-10-07 21:00:00,1963.2,1965.75,1951,1955,467
2021-10-08 01:00:00,1955,1961.95,1952.5,1955,1072
2021-10-08 05:00:00,1955,2015.2,1952.25,1997.5,2414
2021-10-08 09:00:00,1997.5,2093.9,1993.8,2058,3141
2021-10-08 13:00:00,2058,2086.95,2041.5,2079.5,4414
2021-10-08 17:00:00,2079.5,2085.25,2072.1,2080.8,1545
2021-10-10 21:00:00,2080.8,2141.95,2080.8,2132.325,92
2021-10-11 01:00:00,2132.325,2142.2,2129,2140,860
2021-10-11 05:00:00,2140,2186.988,2138.5,2156.736,1886
2021-10-11 09:00:00,2156.736,2167.59,2138.956,2150.205,1872
2021-10-11 13:00:00,2150.205,2151.2,2114.75,2127.648,2986
2021-10-11 17:00:00,2127.648,2128.09,2113.251,2116.805,1097
2021-10-11 21:00:00,2116.805,2120.872,2110.389,2110.607,265
2021-10-12 01:00:00,2110.607,2113.27,2099.972,2105.224,2149
2021-10-12 05:00:00,2105.224,2123.344,2097.55,2116.25,1474
2021-10-12 09:00:00,2116.25,2129.64,2075.302,2090.1,1682
2021-10-12 13:00:00,2090.1,2093.922,2036.25,2057.5,2917
2021-10-12 17:00:00,2057.5,2063.225,2045.75,2049.136,1028
2021-10-12 21:00:00,2049.136,2055.621,2045.3,2054.786,1065
2021-10-13 01:00:00,2054.786,2056.924,2044.136,2049,589
2021-10-13 05:00:00,2049,2093.45,2047.795,2084.75,1453
2021-10-13 09:00:00,2084.75,2093.774,2063.675,2074.25,2097
2021-10-13 13:00:00,2074.25,2153,2054.25,2111.75,3456
2021-10-13 17:00:00,2111.75,2125.25,2107.836,2113.55,1987
2021-10-13 21:00:00,2113.55,2114.948,2101.856,2103.784,103
2021-10-14 01:00:00,2103.784,2109.122,2085.535,2106.372,748
2021-10-14 05:00:00,2106.372,2209.618,2106.25,2192.522,1456
2021-10-14 09:00:00,2192.522,2194.945,2155.744,2174.656,1603
2021-10-14 13:00:00,2174.656,2175.25,2110.826,2156.48,3159
2021-10-14 17:00:00,2156.48,2156.48,2127.885,2132.052,1557
2021-10-14 21:00:00,2132.052,2132.115,2116,2129.5,327
2021-10-15 01:00:00,2129.5,2140.716,2124.135,2134.224,792
2021-10-15 05:00:00,2134.224,2140.39,2124.25,2138.096,1198
2021-10-15 09:00:00,2138.096,2158.75,2122.25,2141.365,1587
2021-10-15 13:00:00,2141.365,2148.302,2070.85,2080.794,3345
2021-10-15 17:00:00,2080.794,2082.671,2068.716,2076.307,1130
2021-10-17 21:00:00,2076.307,2080.701,2057.911,2064.662,1492
2021-10-18 01:00:00,2064.662,2065.662,2058.455,2062.91,4768
2021-10-18 05:00:00,2062.91,2074.662,2008.65,2033.904,8057
2021-10-18 09:00:00,2033.904,2049.156,1973.392,2007.898,8152
2021-10-18 13:00:00,2007.898,2044.154,1981.642,2011.148,18600
2021-10-18 17:00:00,2011.148,2019.148,1994.644,2014.897,4079
2021-10-18 21:00:00,2014.897,2023.148,2008.896,2018.398,1248
2021-10-19 01:00:00,2018.398,2033.9,2012.896,2031.648,4598
2021-10-19 05:00:00,2031.648,2111.001,2031.648,2075.156,7192
2021-10-19 09:00:00,2075.156,2095.91,2044.9,2090.158,12120
2021-10-19 13:00:00,2090.158,2107.412,2071.654,2105.16,10385
2021-10-19 17:00:00,2105.16,2105.16,2084.406,2097.658,3903
2021-10-19 21:00:00,2097.658,2112.661,2090.156,2092.906,533
2021-10-20 01:00:00,2092.906,2095.406,2084.904,2087.654,4971
2021-10-20 05:00:00,2087.654,2121.41,2082.904,2094.154,4948
2021-10-20 09:00:00,2094.154,2099.906,2060.648,2069.398,7721
2021-10-20 13:00:00,2069.398,2086.902,2028.276,2083.15,11912
2021-10-20 17:00:00,2083.15,2084.401,2065.646,2069.646,7675
2021-10-20 21:00:00,2069.646,2071.647,2058.644,2065.645,1328
2021-10-21 01:00:00,2065.645,2092.65,2063.394,2082.397,2552
2021-10-21 05:00:00,2082.397,2084.648,2053.142,2062.643,11359
2021-10-21 09:00:00,2062.643,2071.624,1979.876,2032.136,11391
2021-10-21 13:00:00,2032.136,2032.136,1983.376,2020.382,13082
2021-10-21 17:00:00,2020.382,2020.382,2006.63,2014.13,4386
2021-10-21 21:00:00,2014.13,2034.748,2009.176,2033.634,464
2021-10-22 01:00:00,2033.634,2037.884,2032.634,2037.134,2891
2021-10-22 05:00:00,2037.134,2040.884,2009.878,2010.128,4020
2021-10-22 09:00:00,2010.128,2038.996,1997.374,2032.38,7488
2021-10-22 13:00:00,2032.38,2039.644,2000.624,2033.13,18749
2021-10-22 17:00:00,2033.13,2038.13,2012.626,2019.376,2541
2021-10-24 21:00:00,2019.376,2032.866,2019.364,2032.866,762
2021-10-25 01:00:00,2032.866,2033.116,2021.864,2032.866,2703
2021-10-25 05:00:00,2032.866,2045.812,2026.864,2045.116,6437
2021-10-25 09:00:00,2045.116,2055.118,2023.362,2040.866,10815
2021-10-25 13:00:00,2040.866,2052.116,2028.362,2048.866,9686
2021-10-25 17:00:00,2048.866,2076.37,2045.16,2052.366,3324
2021-10-25 21:00:00,2052.366,2059.481,2046.49,2051.364,2111
2021-10-26 01:00:00,2051.364,2053.864,2040.112,2042.112,4864
2021-10-26 05:00:00,2042.112,2055.614,2037.36,2038.11,13261
2021-10-26 09:00:00,2038.11,2039.86,2014.241,2019.106,10771
2021-10-26 13:00:00,2019.106,2020.5,1954.094,1999.602,16860
2021-10-26 17:00:00,1999.602,2003.928,1983.848,2003.602,11308
2021-10-26 21:00:00,2003.602,2004.35,1999.1,2002.85,1361
2021-10-27 01:00:00,2002.85,2020.352,1997.599,2014.602,5216
2021-10-27 05:00:00,2014.602,2018.102,1961.341,1986.346,13467
2021-10-27 09:00:00,1986.346,1988.846,1960.09,1966.092,11014
2021-10-27 13:00:00,1966.092,1988.844,1957.09,1972.342,13508
2021-10-27 17:00:00,1972.342,1974.35,1934.834,1959.088,6514
2021-10-27 21:00:00,1959.088,1962.588,1949.836,1959.338,543
2021-10-28 01:00:00,1959.338,1976.589,1959.088,1974.588,1228
2021-10-28 05:00:00,1974.588,1995.842,1971.588,1980.34,3622
2021-10-28 09:00:00,1980.34,2010.594,1976.588,1990.34,4557
2021-10-28 13:00:00,1990.34,2009.092,1981.088,1986.588,8095
2021-10-28 17:00:00,1986.588,1996.09,1979.336,1988.338,2064
2021-10-28 21:00:00,1988.338,1995.088,1986.837,1988.586,542
2021-10-29 01:00:00,1988.586,1995.837,1987.836,1990.836,3617
2021-10-29 05:00:00,1990.836,2008.339,1983.084,1993.336,6496
2021-10-29 09:00:00,1993.336,1997.336,1936.076,1969.33,9001
2021-10-29 13:00:00,1969.33,1993.334,1946.826,1986.332,16793
2021-10-29 17:00:00,1986.332,2001.835,1980.332,2001.835,5339
2021-10-31 21:00:00,2001.835,2001.835,1986.571,1991.822,3083
2021-11-01 01:00:00,1991.822,1999.072,1986.57,1996.57,3470
2021-11-01 05:00:00,1996.57,2009.072,1977.817,1979.568,7204
2021-11-01 09:00:00,1979.568,2068.831,1972.566,2057.828,10083
2021-11-01 13:00:00,2057.828,2072.832,2040.075,2052.827,13311
2021-11-01 17:00:00,2052.827,2056.327,2045.076,2053.326,6824
2021-11-01 21:00:00,2053.326,2054.326,2043.46,2044.574,275
2021-11-02 01:00:00,2044.574,2052.574,2039.868,2049.074,2785
2021-11-02 05:00:00,2049.074,2054.574,2042.572,2044.072,3185
2021-11-02 09:00:00,2044.072,2046.322,2028.569,2035.82,8295
2021-11-02 13:00:00,2035.82,2040.083,2005.064,2008.815,12913
2021-11-02 17:00:00,2008.815,2016.315,2008.064,2010.564,2485
2021-11-02 21:00:00,2010.564,2016.564,2010.563,2016.564,570
2021-11-03 01:00:00,2016.564,2021.314,2012.812,2020.064,10220
2021-11-03 05:00:00,2020.064,2023.814,2014.198,2016.562,6650
2021-11-03 09:00:00,2016.562,2017.026,1992.308,2000.808,4118
2021-11-03 13:00:00,2000.808,2007.06,1977.305,1989.556,9653
2021-11-03 17:00:00,1989.556,2004.558,1980.805,2003.557,13474
2021-11-03 21:00:00,2003.557,2011.058,2002.808,2009.808,555
2021-11-04 01:00:00,2009.808,2025.558,2008.058,2019.308,4553
2021-11-04 05:00:00,2019.308,2058.564,2016.057,2058.564,9491
2021-11-04 09:00:00,2058.564,2058.813,2034.309,2040.059,5822
2021-11-04 13:00:00,2040.059,2050.31,1988.801,1996.802,18167
2021-11-04 17:00:00,1996.802,2002.802,1991.3,2001.052,9254
2021-11-04 21:00:00,2001.052,2008.302,2001.052,2006.802,1239
2021-11-05 01:00:00,2006.802,2031.054,2005.551,2026.554,2575
2021-11-05 05:00:00,2026.554,2032.554,2018.052,2026.802,8262
2021-11-05 09:00:00,2026.802,2032.804,1992.546,2010.8,12293
2021-11-05 13:00:00,2010.8,2046.804,2010.8,2026.301,14441
2021-11-05 17:00:00,2026.301,2040.302,2017.8,2033.3,3602
2021-11-07 22:00:00,2033.3,2045.54,2033.3,2040.54,4974
2021-11-08 02:00:00,2040.54,2053.04,2039.79,2053.04,1883
2021-11-08 06:00:00,2053.04,2053.04,2027.024,2033.786,7147
2021-11-08 10:00:00,2033.786,2053.539,2029.536,2037.786,9684
2021-11-08 14:00:00,2037.786,2087.499,2032.421,2077.791,14367
2021-11-08 18:00:00,2077.791,2084.792,2065.084,2075.54,4221
2021-11-08 22:00:00,2075.54,2078.54,2062.788,2063.037,868
2021-11-09 02:00:00,2063.037,2064.537,2044.034,2053.284,3072
2021-11-09 06:00:00,2053.284,2108.042,2050.784,2105.042,12463
2021-11-09 10:00:00,2105.042,2105.042,2064.17,2087.538,19339
2021-11-09 14:00:00,2087.538,2090.288,2009.776,2018.527,20810
2021-11-09 18:00:00,2018.527,2028.529,2018.027,2024.527,2677
2021-11-09 22:00:00,2024.527,2031.027,2020.776,2030.777,1684
2021-11-10 02:00:00,2030.777,2041.778,2029.777,2032.026,2084
2021-11-10 06:00:00,2032.026,2043.255,2001.657,2019.024,5142
2021-11-10 10:00:00,2019.024,2051.028,2008.157,2045.526,10758
2021-11-10 14:00:00,2045.526,2067.528,2029.523,2038.024,15588
2021-11-10 18:00:00,2038.024,2039.024,2011.52,2026.272,5520
2021-11-10 22:00:00,2026.272,2040.524,2025.022,2028.521,2097
2021-11-11 02:00:00,2028.521,2035.272,2021.156,2032.52,5034
2021-11-11 06:00:00,2032.52,2059.638,2027.918,2049.772,8292
2021-11-11 10:00:00,2049.772,2084.776,2040.02,2081.276,7827
2021-11-11 14:00:00,2081.276,2081.276,2060.272,2063.772,11305
2021-11-11 18:00:00,2063.772,2067.522,2055.27,2062.021,2392
2021-11-11 22:00:00,2062.021,2066.521,2060.27,2064.52,2946
2021-11-12 02:00:00,2064.52,2064.52,2047.518,2053.268,7498
2021-11-12 06:00:00,2053.268,2054.518,2026.764,2027.514,10030
2021-11-12 10:00:00,2027.514,2073.519,2025.399,2062.768,10193
2021-11-12 14:00:00,2062.768,2124.89,2053.293,2115.273,20661
2021-11-12 18:00:00,2115.273,2122.274,2108.021,2111.272,3924
2021-11-14 22:00:00,2111.272,2123.053,2088.006,2095.507,4984
2021-11-15 02:00:00,2095.507,2098.008,2083.755,2093.256,4605
2021-11-15 06:00:00,2093.256,2097.12,2085.504,2096.006,4563
2021-11-15 10:00:00,2096.006,2134.374,2091.755,2132.759,7835
2021-11-15 14:00:00,2132.759,2172.513,2127.643,2157.761,20290
2021-11-15 18:00:00,2157.761,2168.636,2150.51,2151.759,8512
2021-11-15 22:00:00,2151.759,2155.759,2141.758,2143.757,2142
2021-11-16 02:00:00,2143.757,2151.758,2135.386,2139.256,4894
2021-11-16 06:00:00,2139.256,2179.01,2136.005,2173.258,11997
2021-11-16 10:00:00,2173.258,2178.874,2154.506,2170.758,14917
2021-11-16 14:00:00,2170.758,2174.008,2143.754,2169.006,34500
2021-11-16 18:00:00,2169.006,2173.007,2156.139,2162.005,10574
2021-11-16 22:00:00,2162.005,2169.255,2155.253,2168.754,6320
2021-11-17 02:00:00,2168.754,2168.754,2161.503,2162.253,4902
2021-11-17 06:00:00,2162.253,2169.618,2154.501,2155.751,8880
2021-11-17 10:00:00,2155.751,2173.002,2149.5,2166.501,14251
2021-11-17 14:00:00,2166.501,2196.254,2163.751,2185.752,19189
2021-11-17 18:00:00,2185.752,2193.502,2177.886,2193.502,15173
2021-11-17 22:00:00,2193.502,2215.504,2189.501,2206.002,3289
2021-11-18 02:00:00,2206.002,2212.753,2188,2188.75,4615
2021-11-18 06:00:00,2188.75,2190,2149.699,2153.995,4312
2021-11-18 10:00:00,2153.995,2188.248,2153.245,2177.746,6573
2021-11-18 14:00:00,2177.746,2177.746,2130.971,2137.74,13762
2021-11-18 18:00:00,2137.74,2143.22,2128.99,2135.49,6226
2021-11-18 22:00:00,2135.49,2141.989,2131.988,2141.989,5914
2021-11-19 02:00:00,2141.989,2151.74,2141.989,2143.738,1686
2021-11-19 06:00:00,2143.738,2148.49,2120.486,2126.736,8676
2021-11-19 10:00:00,2126.736,2126.986,2056.612,2070.479,6867
2021-11-19 14:00:00,2070.479,2094.231,2065.613,2071.728,8616
2021-11-19 18:00:00,2071.728,2072.478,2057.111,2060.726,2875
2021-11-21 22:00:00,2060.726,2060.726,2040.962,2045.212,1049
2021-11-22 02:00:00,2045.212,2081.214,2038.711,2052.212,2479
2021-11-22 06:00:00,2052.212,2080.329,2042.71,2061.712,6368
2021-11-22 10:00:00,2061.712,2070.462,2021.195,2070.462,11768
2021-11-22 14:00:00,2070.462,2070.462,1942.066,1955.449,19139
2021-11-22 18:00:00,1955.449,1963.699,1945.685,1954.948,9847
2021-11-22 22:00:00,1954.948,1986.565,1954.948,1985.45,3677
2021-11-23 02:00:00,1985.45,1993.814,1977.699,1980.699,4232
2021-11-23 06:00:00,1980.699,1987.7,1939.944,1949.944,13083
2021-11-23 10:00:00,1949.944,1950.195,1907.691,1936.443,11320
2021-11-23 14:00:00,1936.443,1940.035,1835.682,1854.184,17412
2021-11-23 18:00:00,1854.184,1873.935,1850.484,1869.684,10818
2021-11-23 22:00:00,1869.684,1885.8,1857.82,1885.434,3095
2021-11-24 02:00:00,1885.434,1894.686,1884.184,1893.685,6551
2021-11-24 06:00:00,1893.685,1909.186,1873.432,1879.433,5681
2021-11-24 10:00:00,1879.433,1882.433,1843.429,1858.18,8944
2021-11-24 14:00:00,1858.18,1868.431,1838.178,1849.178,10311
2021-11-24 18:00:00,1849.178,1854.428,1844.677,1848.427,5599
2021-11-24 22:00:00,1848.427,1867.678,1848.427,1863.678,1465
2021-11-25 02:00:00,1863.678,1890.43,1862.428,1890.43,951
2021-11-25 06:00:00,1890.43,1910.202,1871.427,1876.928,4962
2021-11-25 10:00:00,1876.928,1883.653,1859.675,1864.426,4236
2021-11-25 14:00:00,1864.426,1870.289,1855.174,1864.924,3160
2021-11-25 22:00:00,1864.924,1873.924,1857.922,1873.674,951
2021-11-26 02:00:00,1873.674,1882.674,1868.422,1872.422,2844
2021-11-26 06:00:00,1872.422,1880.673,1776.414,1810.166,8585
2021-11-26 10:00:00,1810.166,1855.42,1787.664,1795.664,10286
2021-11-26 14:00:00,1795.664,1809.164,1696.654,1748.409,28784
2021-11-26 18:00:00,1748.409,1761.41,1741.658,1743.158,329
2021-11-28 22:00:00,1743.158,1790.152,1713.396,1790.152,6544
2021-11-29 02:00:00,1790.152,1791.152,1780.036,1782.65,5793
2021-11-29 06:00:00,1782.65,1793.15,1772.148,1778.398,9882
2021-11-29 10:00:00,1778.398,1788.149,1764.147,1781.148,7595
2021-11-29 14:00:00,1781.148,1799.65,1765.348,1785.546,17559
2021-11-29 18:00:00,1785.546,1789.898,1772.721,1783.059,18644
2021-11-29 22:00:00,1783.059,1792.289,1783.059,1789.05,3284
2021-11-30 02:00:00,1789.05,1792.296,1771.104,1771.602,3025
2021-11-30 06:00:00,1771.602,1794.545,1739.692,1754.154,8331
2021-11-30 10:00:00,1754.154,1782.581,1738.7,1756.903,8086
2021-11-30 14:00:00,1756.903,1786.329,1697.814,1701.554,17100
2021-11-30 18:00:00,1701.554,1729.238,1693.326,1727.992,16163
2021-11-30 22:00:00,1727.992,1746.45,1721.76,1742.71,3950
2021-12-01 02:00:00,1742.71,1775.88,1742.211,1775.88,4335
2021-12-01 06:00:00,1775.88,1777.126,1730.216,1738.484,8094
2021-12-01 10:00:00,1738.484,1766.412,1728.764,1732.007,6441
2021-12-01 14:00:00,1732.007,1751.962,1723.283,1751.213,6901
2021-12-01 18:00:00,1751.213,1751.213,1723.289,1734.513,4365
2021-12-01 22:00:00,1734.513,1745.989,1733.518,1743.496,4136
2021-12-02 02:00:00,1743.496,1755.698,1742.25,1746.993,3581
2021-12-02 06:00:00,1746.993,1750.984,1723.06,1731.54,4349
2021-12-02 10:00:00,1731.54,1735.032,1701.872,1710.6,4461
2021-12-02 14:00:00,1710.6,1771.198,1708.605,1768.457,10833
2021-12-02 18:00:00,1768.457,1774.198,1763.861,1770.459,2689
2021-12-02 22:00:00,1770.459,1789.412,1766.475,1766.475,1400
2021-12-03 02:00:00,1766.475,1802.889,1762.238,1801.144,4483
2021-12-03 06:00:00,1801.144,1801.144,1775.71,1799.654,3979
2021-12-03 10:00:00,1799.654,1865.99,1796.412,1809.136,8319
2021-12-03 14:00:00,1809.136,1816.119,1781.462,1807.646,12600
2021-12-03 18:00:00,1807.646,1809.393,1786.064,1805.658,2725
2021-12-05 22:00:00,1805.658,1815.22,1802,1813.474,2445
2021-12-06 02:00:00,1813.474,1813.974,1792.53,1798.27,3286
2021-12-06 06:00:00,1798.27,1798.77,1762.25,1767.852,7784
2021-12-06 10:00:00,1767.852,1782.317,1744.664,1758.132,5720
2021-12-06 14:00:00,1758.132,1845.172,1756.138,1842.43,15656
2021-12-06 18:00:00,1842.43,1852.16,1828.464,1842.934,3745
2021-12-06 22:00:00,1842.934,1855.656,1839.699,1839.699,2103
2021-12-07 02:00:00,1839.699,1839.699,1820.508,1833.472,1990
2021-12-07 06:00:00,1833.472,1862.654,1830.358,1850.686,5209
2021-12-07 10:00:00,1850.686,1880.864,1846.334,1858.922,6019
2021-12-07 14:00:00,1858.922,1866.404,1839.472,1839.976,7521
2021-12-07 18:00:00,1839.976,1848.461,1838.73,1845.22,3141
2021-12-07 22:00:00,1845.22,1859.192,1843.476,1856.448,4037
2021-12-08 02:00:00,1856.448,1869.672,1849.218,1868.676,3072
2021-12-08 06:00:00,1868.676,1870.04,1833.406,1837.758,6893
2021-12-08 10:00:00,1837.758,1842.5,1827.087,1831.281,5943
2021-12-08 14:00:00,1831.281,1860.962,1831.28,1847,4913
2021-12-08 18:00:00,1847,1854.236,1846.5,1848.003,1803
2021-12-08 22:00:00,1848.003,1857.487,1848.003,1856.988,1112
2021-12-09 02:00:00,1856.988,1864.225,1855,1855,1147
2021-12-09 06:00:00,1855,1857.744,1830.066,1832.312,2683
2021-12-09 10:00:00,1832.312,1834.558,1779.444,1809.374,6971
2021-12-09 14:00:00,1809.374,1812.48,1739.294,1807.884,11956
2021-12-09 18:00:00,1807.884,1816.116,1797.662,1807.891,5431
2021-12-09 22:00:00,1807.891,1815.238,1796.92,1807.897,3745
2021-12-10 02:00:00,1807.897,1810.892,1802.417,1802.417,3760
2021-12-10 06:00:00,1802.417,1804.166,1774.74,1781.224,6651
2021-12-10 10:00:00,1781.224,1781.723,1733.231,1766.017,7092
2021-12-10 14:00:00,1766.017,1770.37,1729.611,1746.072,7371
2021-12-10 18:00:00,1746.072,1755.306,1741.334,1752.812,3534
2021-12-12 22:00:00,1752.812,1782.326,1752.812,1779.084,1325
2021-12-13 02:00:00,1779.084,1779.832,1761.877,1771.358,6152
2021-12-13 06:00:00,1771.358,1772.356,1747.42,1754.654,3792
2021-12-13 10:00:00,1754.654,1761.888,1741.938,1750.918,4162
2021-12-13 14:00:00,1750.918,1759.4,1653.65,1669.614,9352
2021-12-13 18:00:00,1669.614,1682.202,1664.877,1678.6,5308
2021-12-13 22:00:00,1678.6,1681.348,1671.119,1678.108,1744
2021-12-14 02:00:00,1678.108,1681.354,1677.861,1678.612,2600
2021-12-14 06:00:00,1678.612,1684.353,1665.149,1683.108,4348
2021-12-14 10:00:00,1683.108,1688.595,1604.296,1609.284,6275
2021-12-14 14:00:00,1609.284,1646.949,1575.114,1620.514,11661
2021-12-14 18:00:00,1620.514,1629.995,1611.539,1618.026,2737
2021-12-14 22:00:00,1618.026,1627.01,1612.041,1623.52,749
2021-12-15 02:00:00,1623.52,1629.758,1619.672,1619.784,2798
2021-12-15 06:00:00,1619.784,1621.28,1587.61,1599.586,7751
2021-12-15 10:00:00,1599.586,1599.586,1556.938,1567.665,5557
2021-12-15 14:00:00,1567.665,1571.659,1528.006,1546.47,10295
2021-12-15 18:00:00,1546.47,1593.866,1545.97,1588.13,6458
2021-12-15 22:00:00,1588.13,1622.557,1584.14,1622.308,2703
2021-12-16 02:00:00,1622.308,1679.679,1621.56,1641.52,8119
2021-12-16 06:00:00,1641.52,1661.476,1634.54,1647.014,5265
2021-12-16 10:00:00,1647.014,1674.457,1644.02,1670.466,7109
2021-12-16 14:00:00,1670.466,1724.795,1654.804,1710.132,11877
2021-12-16 18:00:00,1710.132,1725.1,1710.132,1721.364,3230
2021-12-16 22:00:00,1721.364,1750.418,1721.364,1749.307,1347
2021-12-17 02:00:00,1749.307,1750.305,1702.167,1713.893,3319
2021-12-17 06:00:00,1713.893,1762.152,1713.644,1759.547,6815
2021-12-17 10:00:00,1759.547,1854.588,1757.552,1771.028,13186
2021-12-17 14:00:00,1771.028,1809.194,1735.61,1783.008,12340
2021-12-17 18:00:00,1783.008,1785.502,1769.293,1776.278,9611
2021-12-19 22:00:00,1776.278,1776.278,1735.7,1737.948,707
2021-12-20 02:00:00,1737.948,1737.948,1688.061,1692.802,3772
2021-12-20 06:00:00,1692.802,1720.748,1684.46,1720.248,4198
2021-12-20 10:00:00,1720.248,1734.224,1714.512,1722.75,7514
2021-12-20 14:00:00,1722.75,1744.57,1708.284,1740.467,10502
2021-12-20 18:00:00,1740.467,1744.962,1734.76,1741.72,3532
2021-12-20 22:00:00,1741.72,1753.946,1733.993,1740.23,2687
2021-12-21 02:00:00,1740.23,1759.446,1739.482,1758.697,3757
2021-12-21 06:00:00,1758.697,1807.598,1752.961,1804.854,13493
2021-12-21 10:00:00,1804.854,1822.821,1768.324,1819.08,11194
2021-12-21 14:00:00,1819.08,1820.078,1785.792,1786.157,15205
2021-12-21 18:00:00,1786.157,1792.146,1785.302,1788.658,3619
2021-12-21 22:00:00,1788.658,1792.906,1775.938,1792.157,1732
2021-12-22 02:00:00,1792.157,1797.149,1786.924,1792.912,2021
2021-12-22 06:00:00,1792.912,1833.832,1789.421,1830.588,4850
2021-12-22 10:00:00,1830.588,1836.582,1813.63,1834.836,9031
2021-12-22 14:00:00,1834.836,1896.46,1821.116,1886.234,7600
2021-12-22 18:00:00,1886.234,1891.224,1872.401,1879.005,7461
2021-12-22 22:00:00,1879.005,1886.742,1858.079,1862.797,1958
2021-12-23 02:00:00,1862.797,1864.549,1831.114,1840.351,3071
2021-12-23 06:00:00,1840.351,1886.76,1839.602,1879.774,6047
2021-12-23 10:00:00,1879.774,1888.007,1870.098,1881.528,23456
2021-12-23 14:00:00,1881.528,1956.876,1877.786,1948.643,10687
2021-12-23 18:00:00,1948.643,1950.893,1935.172,1943.91,3582
2021-12-26 22:00:00,1943.91,1961.51,1939.344,1955.022,1428
2021-12-27 02:00:00,1955.022,1958.268,1944.302,1944.8,1880
2021-12-27 06:00:00,1944.8,1945.05,1930.468,1940.067,4067
2021-12-27 10:00:00,1940.067,1974.256,1934.33,1974.256,3955
2021-12-27 14:00:00,1974.256,1994.716,1933.594,1944.073,9892
2021-12-27 18:00:00,1944.073,1970.775,1944.073,1967.533,9434
2021-12-27 22:00:00,1967.533,1969.531,1953.702,1958.059,1507
2021-12-28 02:00:00,1958.059,1958.576,1944.266,1947.089,680
2021-12-28 06:00:00,1947.089,1951.587,1884.715,1951.587,10292
2021-12-28 10:00:00,1951.587,1996.754,1951.587,1990.266,15502
2021-12-28 14:00:00,1990.266,2015.722,1982.033,1999.256,11553
2021-12-28 18:00:00,1999.256,1999.256,1977.053,1988.784,5402
2021-12-28 22:00:00,1988.784,1988.784,1952.612,1963.092,3274
2021-12-29 02:00:00,1963.092,1963.093,1943.139,1946.382,3415
2021-12-29 06:00:00,1946.382,1992.796,1945.386,1959.364,29037
2021-12-29 10:00:00,1959.364,1977.082,1948.386,1961.368,7978
2021-12-29 14:00:00,1961.368,1989.568,1942.904,1982.334,17031
2021-12-29 18:00:00,1982.334,1988.822,1973.354,1979.596,5123
2021-12-29 22:00:00,1979.596,1985.09,1974.498,1975.112,4088
2021-12-30 02:00:00,1975.112,1977.108,1970.378,1970.628,1715
2021-12-30 06:00:00,1970.628,1971.882,1943.434,1969.138,4244
2021-12-30 10:00:00,1969.138,1984.364,1960.656,1970.892,12215
2021-12-30 14:00:00,1970.892,2014.061,1964.404,1974.392,10311
2021-12-30 18:00:00,1974.392,1984.238,1958.18,1963.171,7179
2021-12-30 22:00:00,1963.171,1963.672,1951.202,1955.692,3538
2021-12-31 02:00:00,1955.692,1955.692,1941.224,1946.218,3964
2021-12-31 06:00:00,1946.218,1950.576,1922.022,1932.752,6677
2021-12-31 10:00:00,1932.752,1934.998,1875.365,1879.112,14239
2021-12-31 14:00:00,1879.112,1913.418,1850.419,1911.307,11282
2021-12-31 18:00:00,1911.307,1911.307,1885.864,1896.343,4684
2022-01-02 22:00:00,1896.343,1902.417,1876.966,1892.94,419
2022-01-03 02:00:00,1892.94,1893.694,1887.956,1889.703,462
2022-01-03 06:00:00,1889.703,1900.938,1883.218,1900.938,2061
2022-01-03 10:00:00,1900.938,1902.688,1871.5,1881.232,4293
2022-01-03 14:00:00,1881.232,1895.206,1813.862,1821.101,5240
2022-01-03 18:00:00,1821.101,1823.85,1815.362,1820.859,2190
2022-01-03 22:00:00,1820.859,1841.324,1819.363,1840.08,314
2022-01-04 02:00:00,1840.08,1852.062,1837.341,1839.338,625
2022-01-04 06:00:00,1839.338,1865.546,1824.616,1863.55,3274
2022-01-04 10:00:00,1863.55,1886.018,1846.834,1872.29,7769
2022-01-04 14:00:00,1872.29,1892.004,1850.587,1856.076,5546
2022-01-04 18:00:00,1856.076,1871.554,1856.076,1868.81,3023
2022-01-04 22:00:00,1868.81,1874.803,1866.441,1869.814,160
2022-01-05 02:00:00,1869.814,1870.568,1842.871,1842.871,121
2022-01-05 06:00:00,1842.871,1917.99,1842.871,1910.504,2913
2022-01-05 10:00:00,1910.504,1918.742,1869.584,1898.284,3397
2022-01-05 14:00:00,1898.284,1912.874,1890.304,1898.54,3750
2022-01-05 18:00:00,1898.54,1900.786,1851.384,1862.363,2388
2022-01-05 22:00:00,1862.363,1867.356,1856.63,1862.868,348
2022-01-06 02:00:00,1862.868,1864.616,1844.656,1850.896,1945
2022-01-06 06:00:00,1850.896,1875.11,1835.182,1863.881,5956
2022-01-06 10:00:00,1863.881,1892.582,1821.962,1843.924,5225
2022-01-06 14:00:00,1843.924,1873.605,1836.938,1871.88,12781
2022-01-06 18:00:00,1871.88,1872.881,1864.893,1868.144,1916
2022-01-06 22:00:00,1868.144,1871.641,1864.154,1866.653,253
2022-01-07 02:00:00,1866.653,1870.151,1856.425,1866.66,955
2022-01-07 06:00:00,1866.66,1906.096,1853.438,1896.364,2891
2022-01-07 10:00:00,1896.364,1905.602,1881.396,1885.14,9111
2022-01-07 14:00:00,1885.14,1940.548,1881.401,1908.855,12670
2022-01-07 18:00:00,1908.855,1929.569,1906.11,1925.083,6822
2022-01-09 22:00:00,1925.083,1934.653,1921.566,1921.93,800
2022-01-10 02:00:00,1921.93,1923.928,1910.456,1920.69,756
2022-01-10 06:00:00,1920.69,1950.144,1912.456,1935.172,3619
2022-01-10 10:00:00,1935.172,1962.627,1884.252,1899.24,6273
2022-01-10 14:00:00,1899.24,1925.197,1891.01,1906.734,9995
2022-01-10 18:00:00,1906.734,1910.734,1899.497,1901.002,9287
2022-01-10 22:00:00,1901.002,1915.98,1892.019,1906,584
2022-01-11 02:00:00,1906,1930.714,1900.512,1929.716,1809
2022-01-11 06:00:00,1929.716,1934.708,1904.765,1914,6073
2022-01-11 10:00:00,1914,1924.986,1911.261,1912.76,10814
2022-01-11 14:00:00,1912.76,1927.604,1850.946,1914.014,9905
2022-01-11 18:00:00,1914.014,1920.361,1906.278,1919.262,3264
2022-01-11 22:00:00,1919.262,1920.262,1911.28,1912.53,468
2022-01-12 02:00:00,1912.53,1916.032,1907.545,1916.032,902
2022-01-12 06:00:00,1916.032,1922.272,1893.073,1915.539,5962
2022-01-12 10:00:00,1915.539,1927.526,1901.066,1921.287,5727
2022-01-12 14:00:00,1921.287,1944.5,1895.086,1909.064,9507
2022-01-12 18:00:00,1909.064,1912.559,1901.825,1909.57,4029
2022-01-12 22:00:00,1909.57,1909.57,1900.84,1902.09,2296
2022-01-13 02:00:00,1902.09,1904.592,1897.354,1897.604,770
2022-01-13 06:00:00,1897.604,1906.846,1870.291,1901.854,2932
2022-01-13 10:00:00,1901.854,1909.092,1883.886,1898.866,5641
2022-01-13 14:00:00,1898.866,1912.844,1859.435,1884.896,10369
2022-01-13 18:00:00,1884.896,1893.133,1880.906,1885.152,2701
2022-01-13 22:00:00,1885.152,1885.152,1868.686,1868.686,563
2022-01-14 02:00:00,1868.686,1869.436,1863.446,1865.698,1693
2022-01-14 06:00:00,1865.698,1880.676,1862.958,1872.194,9403
2022-01-14 10:00:00,1872.194,1890.169,1849.486,1866.21,5928
2022-01-14 14:00:00,1866.21,1913.636,1859.223,1872.957,13167
2022-01-14 18:00:00,1872.957,1881.445,1870.214,1877.456,3257
2022-01-16 22:00:00,1877.456,1877.456,1863.066,1865.314,1434
2022-01-17 02:00:00,1865.314,1871.558,1864.066,1870.314,568
2022-01-17 06:00:00,1870.314,1893.28,1870.314,1884.298,2711
2022-01-17 10:00:00,1884.298,1891.792,1883.8,1889.298,3536
2022-01-17 14:00:00,1889.298,1891.294,1867.089,1868.586,2383
2022-01-17 18:00:00,1868.586,1869.585,1866.342,1867.84,176
2022-01-17 22:00:00,1867.84,1882.079,1863.603,1881.081,906
2022-01-18 02:00:00,1881.081,1882.08,1869.852,1877.593,1782
2022-01-18 06:00:00,1877.593,1880.342,1868.611,1874.106,3208
2022-01-18 10:00:00,1874.106,1924.534,1873.108,1900.322,5106
2022-01-18 14:00:00,1900.322,1909.808,1891.336,1900.828,8413
2022-01-18 18:00:00,1900.828,1901.442,1892.094,1900.586,6742
2022-01-18 22:00:00,1900.586,1901.836,1889.608,1891.356,2130
2022-01-19 02:00:00,1891.356,1894.716,1881.624,1888.618,1645
2022-01-19 06:00:00,1888.618,1900.356,1873.144,1886.378,5847
2022-01-19 10:00:00,1886.378,1970.757,1885.13,1957.278,14232
2022-01-19 14:00:00,1957.278,2033.912,1952.92,2001.967,19676
2022-01-19 18:00:00,2001.967,2008.46,1991.987,1997.73,6154
2022-01-19 22:00:00,1997.73,2001.976,1976.766,1989.75,13970
2022-01-20 02:00:00,1989.75,2004.48,1980.264,1995.998,5792
2022-01-20 06:00:00,1995.998,2053.416,1989.758,2051.92,11317
2022-01-20 10:00:00,2051.92,2078.882,2023.72,2047.436,12082
2022-01-20 14:00:00,2047.436,2073.154,2030.461,2070.658,22343
2022-01-20 18:00:00,2070.658,2073.77,2048.448,2055.688,10681
2022-01-20 22:00:00,2055.688,2055.688,2026.484,2034.477,18868
2022-01-21 02:00:00,2034.477,2045.33,2033.484,2041.474,3416
2022-01-21 06:00:00,2041.474,2075.636,2034.239,2075.432,16527
2022-01-21 10:00:00,2075.432,2107.45,2056.961,2103.648,13969
2022-01-21 14:00:00,2103.648,2136.85,2089.67,2099.91,26529
2022-01-21 18:00:00,2099.91,2103.408,2088.682,2098.67,6405
2022-01-23 22:00:00,2098.67,2101.012,2080.544,2094.775,5203
2022-01-24 02:00:00,2094.775,2118.246,2092.529,2112.008,4556
2022-01-24 06:00:00,2112.008,2115.298,2092.292,2105.525,22243
2022-01-24 10:00:00,2105.525,2145.224,2098.785,2126.254,11911
2022-01-24 14:00:00,2126.254,2144.502,2093.302,2140.741,20049
2022-01-24 18:00:00,2140.741,2145.237,2132.394,2138.752,8033
2022-01-24 22:00:00,2138.752,2140.002,2125.526,2126.527,11312
2022-01-25 02:00:00,2126.527,2134.52,2125.029,2127.783,5664
2022-01-25 06:00:00,2127.783,2164.989,2121.544,2164.74,29277
2022-01-25 10:00:00,2164.74,2180.469,2140.205,2163.998,13811
2022-01-25 14:00:00,2163.998,2188.222,2149.021,2184.228,13944
2022-01-25 18:00:00,2184.228,2202.665,2182.48,2186.982,8324
2022-01-25 22:00:00,2186.982,2194.474,2175.754,2179.251,5993
2022-01-26 02:00:00,2179.251,2183.11,2172.014,2178.759,5551
2022-01-26 06:00:00,2178.759,2242.046,2173.768,2234.94,12490
2022-01-26 10:00:00,2234.94,2320.398,2222.708,2293.868,23060
2022-01-26 14:00:00,2293.868,2374.266,2289.93,2346.804,25432
2022-01-26 18:00:00,2346.804,2358.043,2309.86,2320.348,20263
2022-01-26 22:00:00,2320.348,2324.35,2311.369,2315.614,3390
2022-01-27 02:00:00,2315.614,2315.614,2299.144,2300.642,6164
2022-01-27 06:00:00,2300.642,2359.322,2294.902,2350.834,8936
2022-01-27 10:00:00,2350.834,2352.831,2233.748,2259.216,20729
2022-01-27 14:00:00,2259.216,2385.304,2259.216,2362.584,29655
2022-01-27 18:00:00,2362.584,2376.573,2355.846,2363.592,7591
2022-01-27 22:00:00,2363.592,2369.84,2360.598,2366.846,5410
2022-01-28 02:00:00,2366.846,2372.84,2338.892,2338.892,4412
2022-01-28 06:00:00,2338.892,2346.136,2260.888,2267.246,19865
2022-01-28 10:00:00,2267.246,2334.664,2249.522,2317.938,30279
2022-01-28 14:00:00,2317.938,2379.862,2299.962,2372.873,38873
2022-01-28 18:00:00,2372.873,2375.758,2358.145,2368.887,6871
2022-01-30 22:00:00,2368.887,2370.242,2348.024,2352.77,3345
2022-01-31 02:00:00,2352.77,2362.266,2351.272,2361.517,2766
2022-01-31 06:00:00,2361.517,2413.71,2349.038,2410.214,15626
2022-01-31 10:00:00,2410.214,2415.209,2370.271,2405.73,26811
2022-01-31 14:00:00,2405.73,2444.681,2350.441,2353.054,30820
2022-01-31 18:00:00,2353.054,2358.548,2339.577,2343.325,7506
2022-01-31 22:00:00,2343.325,2343.325,2298.889,2298.889,4687
2022-02-01 02:00:00,2298.889,2350.832,2298.141,2350.832,8785
2022-02-01 06:00:00,2350.832,2389.9,2347.522,2369.568,21380
2022-02-01 10:00:00,2369.568,2388.799,2363.582,2373.572,11133
2022-02-01 14:00:00,2373.572,2379.066,2325.389,2344.616,22869
2022-02-01 18:00:00,2344.616,2358.607,2339.626,2351.366,5722
2022-02-01 22:00:00,2351.366,2356.618,2336.886,2349.128,11444
2022-02-02 02:00:00,2349.128,2365.866,2348.014,2354.879,39227
2022-02-02 06:00:00,2354.879,2402.076,2351.883,2374.364,42211
2022-02-02 10:00:00,2374.364,2420.53,2365.626,2414.324,18668
2022-02-02 14:00:00,2414.324,2417.57,2358.644,2369.138,26561
2022-02-02 18:00:00,2369.138,2369.642,2361.154,2367.898,5869
2022-02-02 22:00:00,2367.898,2384.886,2349.674,2384.386,15289
2022-02-03 02:00:00,2384.386,2389.383,2369.411,2372.41,30308
2022-02-03 06:00:00,2372.41,2377.159,2353.94,2367.174,20295
2022-02-03 10:00:00,2367.174,2377.92,2356.076,2366.185,16267
2022-02-03 14:00:00,2366.185,2377.671,2275.046,2314.754,38746
2022-02-03 18:00:00,2314.754,2326.113,2309.26,2324.252,9153
2022-02-03 22:00:00,2324.252,2336.357,2312.27,2319.516,16336
2022-02-04 02:00:00,2319.516,2336.5,2319.016,2329.262,38021
2022-02-04 06:00:00,2329.262,2353.49,2324.275,2334.266,16050
2022-02-04 10:00:00,2334.266,2346.504,2282.085,2283.833,21037
2022-02-04 14:00:00,2283.833,2310.556,2271.098,2290.334,34076
2022-02-04 18:00:00,2290.334,2294.829,2279.354,2286.096,6245
2022-02-06 22:00:00,2286.096,2304.433,2283.208,2296.194,3677
2022-02-07 02:00:00,2296.194,2298.45,2290.95,2295.702,4037
2022-02-07 06:00:00,2295.702,2301.791,2226.286,2247.264,12304
2022-02-07 10:00:00,2247.264,2249.013,2166.362,2188.838,19652
2022-02-07 14:00:00,2188.838,2266.26,2188.838,2255.522,21640
2022-02-07 18:00:00,2255.522,2262.52,2253.532,2258.527,3377
2022-02-07 22:00:00,2258.527,2277.26,2250.135,2264.53,22938
2022-02-08 02:00:00,2264.53,2267.276,2237.316,2249.803,24509
2022-02-08 06:00:00,2249.803,2260.793,2199.61,2227.835,46422
2022-02-08 10:00:00,2227.835,2257.062,2221.846,2250.069,32914
2022-02-08 14:00:00,2250.069,2278.16,2247.824,2261.566,24659
2022-02-08 18:00:00,2261.566,2269.308,2236.597,2236.85,9813
2022-02-08 22:00:00,2236.85,2242.098,2227.614,2233.612,4128
2022-02-09 02:00:00,2233.612,2245.356,2230.866,2233.62,16261
2022-02-09 06:00:00,2233.62,2255.102,2224.38,2236.875,42405
2022-02-09 10:00:00,2236.875,2269.144,2234.761,2253.365,17548
2022-02-09 14:00:00,2253.365,2293.578,2252.366,2283.092,49341
2022-02-09 18:00:00,2283.092,2284.094,2270.863,2274.61,5376
2022-02-09 22:00:00,2274.61,2281.723,2272.368,2276.116,3530
2022-02-10 02:00:00,2276.116,2282.366,2274.123,2275.375,4725
2022-02-10 06:00:00,2275.375,2285.622,2275.126,2282.376,9954
2022-02-10 10:00:00,2282.376,2308.354,2257.044,2282.634,25069
2022-02-10 14:00:00,2282.634,2328.088,2255.671,2261.165,37687
2022-02-10 18:00:00,2261.165,2275.9,2243.19,2252.432,14248
2022-02-10 22:00:00,2252.432,2252.432,2224.968,2227.966,7745
2022-02-11 02:00:00,2227.966,2233.489,2210.988,2213.988,8496
2022-02-11 06:00:00,2213.988,2243.465,2207.996,2227.732,17342
2022-02-11 10:00:00,2227.732,2258.705,2208.01,2215.503,36523
2022-02-11 14:00:00,2215.503,2218.025,2175.544,2190.536,36980
2022-02-11 18:00:00,2190.536,2354.622,2185.291,2305.678,56301
2022-02-13 22:00:00,2305.678,2387.224,2301.285,2381.464,14819
2022-02-14 02:00:00,2381.464,2384.463,2358.741,2362.742,48702
2022-02-14 06:00:00,2362.742,2363.24,2290.069,2291.818,15528
2022-02-14 10:00:00,2291.818,2310.056,2250.806,2280.086,21161
2022-02-14 14:00:00,2280.086,2348.278,2280.086,2342.786,30620
2022-02-14 18:00:00,2342.786,2377.006,2340.288,2364.524,11390
2022-02-14 22:00:00,2364.524,2372.552,2346.798,2354.042,8231
2022-02-15 02:00:00,2354.042,2361.538,2343.81,2344.56,11296
2022-02-15 06:00:00,2344.56,2345.31,2254.402,2299.361,14837
2022-02-15 10:00:00,2299.361,2309.543,2229.565,2249.915,16251
2022-02-15 14:00:00,2249.915,2255.668,2183.977,2249.424,20624
2022-02-15 18:00:00,2249.424,2250.423,2236.07,2245.186,19858
2022-02-15 22:00:00,2245.186,2256.43,2240.448,2243.695,14959
2022-02-16 02:00:00,2243.695,2310.888,2237.952,2282.168,16002
2022-02-16 06:00:00,2282.168,2296.906,2254.848,2255.45,17165
2022-02-16 10:00:00,2255.45,2285.93,2212.496,2275.691,24245
2022-02-16 14:00:00,2275.691,2293.43,2267.074,2270.068,14829
2022-02-16 18:00:00,2270.068,2283.792,2267.824,2275.562,9506
2022-02-16 22:00:00,2275.562,2291.531,2270.077,2285.298,2210
2022-02-17 02:00:00,2285.298,2322.47,2276.816,2306.507,8439
2022-02-17 06:00:00,2306.507,2354.408,2286.802,2307.761,27287
2022-02-17 10:00:00,2307.761,2414.786,2307.262,2411.294,21761
2022-02-17 14:00:00,2411.294,2412.158,2326.228,2352.178,24327
2022-02-17 18:00:00,2352.178,2362.911,2349.934,2362.662,12858
2022-02-17 22:00:00,2362.662,2377.386,2326.746,2332.234,4406
2022-02-18 02:00:00,2332.234,2353.192,2329.49,2342.219,6331
2022-02-18 06:00:00,2342.219,2343.718,2306.8,2310.044,6950
2022-02-18 10:00:00,2310.044,2364.682,2285.597,2352.46,4418
2022-02-18 14:00:00,2352.46,2359.944,2296.834,2335.003,9446
2022-02-18 18:00:00,2335.003,2345.736,2325.524,2340.498,1572
2022-02-20 22:00:00,2340.498,2372.011,2301.662,2314.636,2438
2022-02-21 02:00:00,2314.636,2317.631,2296.428,2309.404,7671
2022-02-21 06:00:00,2309.404,2361.549,2302.418,2355.064,5501
2022-02-21 10:00:00,2355.064,2371.536,2346.832,2367.295,9712
2022-02-21 14:00:00,2367.295,2383.262,2346.593,2361.064,2955
2022-02-21 18:00:00,2361.064,2384.766,2360.565,2381.524,1431
2022-02-21 22:00:00,2381.524,2406.232,2380.532,2400.744,13829
2022-02-22 02:00:00,2400.744,2403.988,2388.772,2396.26,29585
2022-02-22 06:00:00,2396.26,2428.772,2342.876,2355.602,9278
2022-02-22 10:00:00,2355.602,2412.596,2342.63,2412.24,12363
2022-02-22 14:00:00,2412.24,2412.49,2357.606,2363.848,13574
2022-02-22 18:00:00,2363.848,2374.326,2342.398,2347.138,14503
2022-02-22 22:00:00,2347.138,2358.986,2339.408,2347.644,3311
2022-02-23 02:00:00,2347.644,2357.16,2347.394,2350.395,651
2022-02-23 06:00:00,2350.395,2373.102,2340.55,2361.378,7509
2022-02-23 10:00:00,2361.378,2424.754,2354.396,2407.54,10576
2022-02-23 14:00:00,2407.54,2448.459,2407.54,2439.98,9029
2022-02-23 18:00:00,2439.98,2478.156,2438.234,2476.162,7546
2022-02-23 22:00:00,2476.162,2481.654,2444.479,2474.672,4010
2022-02-24 02:00:00,2474.672,2545.647,2449.226,2510.605,10168
2022-02-24 06:00:00,2510.605,2624.379,2505.366,2623.132,49356
2022-02-24 10:00:00,2623.132,2713.703,2576.73,2691,40824
2022-02-24 14:00:00,2691,2697.736,2483.431,2497.652,45586
2022-02-24 18:00:00,2497.652,2523.85,2310.038,2405.348,31529
2022-02-24 22:00:00,2405.348,2429.055,2399.65,2429.055,4086
2022-02-25 02:00:00,2429.055,2473.754,2429.055,2450.268,3913
2022-02-25 06:00:00,2450.268,2477.216,2422.828,2464.746,24924
2022-02-25 10:00:00,2464.746,2470.986,2333.02,2340.504,19639
2022-02-25 14:00:00,2340.504,2431.688,2310.316,2361.219,69312
2022-02-25 18:00:00,2361.219,2381.182,2352.737,2354.988,23389
2022-02-27 22:00:00,2354.988,2516.999,2354.988,2499.784,2391
2022-02-28 02:00:00,2499.784,2508.518,2472.725,2483.823,10875
2022-02-28 06:00:00,2483.823,2509.274,2433.426,2481.086,19825
2022-02-28 10:00:00,2481.086,2500.554,2459.38,2492.57,7984
2022-02-28 14:00:00,2492.57,2512.288,2448.659,2496.818,31559
2022-02-28 18:00:00,2496.818,2498.066,2470.373,2483.352,13172
2022-02-28 22:00:00,2483.352,2494.584,2480.611,2485.604,1934
2022-03-01 02:00:00,2485.604,2488.35,2476.374,2485.112,2750
2022-03-01 06:00:00,2485.112,2566.21,2482.5,2563.465,17122
2022-03-01 10:00:00,2563.465,2696.46,2553.238,2663.526,20592
2022-03-01 14:00:00,2663.526,2711.331,2510.582,2539.526,33886
2022-03-01 18:00:00,2539.526,2591.43,2536.531,2579.454,15472
2022-03-01 22:00:00,2579.454,2629.205,2579.454,2595.18,3506
2022-03-02 02:00:00,2595.18,2625.129,2575.722,2612.404,4551
2022-03-02 06:00:00,2612.404,2661.313,2592.698,2635.366,24254
2022-03-02 10:00:00,2635.366,2635.367,2545.794,2580.481,14845
2022-03-02 14:00:00,2580.481,2663.825,2572.248,2660.832,26617
2022-03-02 18:00:00,2660.832,2665.328,2648.607,2663.334,7879
2022-03-02 22:00:00,2663.334,2666.83,2614.826,2645.127,5241
2022-03-03 02:00:00,2645.127,2657.11,2627.665,2654.616,2932
2022-03-03 06:00:00,2654.616,2750.438,2654.366,2740.707,29371
2022-03-03 10:00:00,2740.707,2781.378,2702.288,2707.528,14281
2022-03-03 14:00:00,2707.528,2761.175,2702.178,2731.24,30627
2022-03-03 18:00:00,2731.24,2768.92,2731.24,2763.435,12360
2022-03-03 22:00:00,2763.435,2816.84,2756.952,2776.168,7205
2022-03-04 02:00:00,2776.168,2795.634,2757.208,2764.2,8732
2022-03-04 06:00:00,2764.2,2790.652,2761.206,2768.199,21354
2022-03-04 10:00:00,2768.199,2910.048,2762.71,2905.195,27315
2022-03-04 14:00:00,2905.195,2982.61,2880.744,2966.087,50148
2022-03-04 18:00:00,2966.087,2986.306,2944.262,2974.828,37138
2022-03-06 22:00:00,2974.828,3143.369,2974.828,3125.402,8403
2022-03-07 02:00:00,3125.402,3144.624,3097.209,3133.146,13515
2022-03-07 06:00:00,3133.146,3410.254,3111.939,3323.8,34386
2022-03-07 10:00:00,3323.8,3399.16,2797.788,2975.458,67731
2022-03-07 14:00:00,2975.458,3003.409,2804.277,2895.364,89715
2022-03-07 18:00:00,2895.364,2960.999,2895.364,2957.008,62172
2022-03-07 22:00:00,2957.008,2975.977,2911.984,2935.306,5162
2022-03-08 02:00:00,2935.306,3029.39,2929.567,3029.141,6403
2022-03-08 06:00:00,3029.141,3179.116,2852.223,3008.687,26035
2022-03-08 10:00:00,3008.687,3042.128,2876.188,2934.332,6963
2022-03-08 14:00:00,2934.332,3100.396,2877.944,2969.026,62697
2022-03-08 18:00:00,2969.026,3193.114,2964.916,3154.194,97997
2022-03-08 22:00:00,3154.194,3280.335,3149.704,3242.041,8338
2022-03-09 02:00:00,3242.041,3276.98,3172.177,3196.384,19390
2022-03-09 06:00:00,3196.384,3247.542,2974.048,2986.776,4844
2022-03-09 10:00:00,2986.776,3107.811,2941.617,2952.098,1508
2022-03-09 14:00:00,2952.098,3080.62,2861.016,2967.578,4304
2022-03-09 18:00:00,2967.578,2971.571,2865.018,2942.631,2298
2022-03-09 22:00:00,2942.631,2949.126,2879.255,2886.242,2300
2022-03-10 02:00:00,2886.242,2940.896,2879.754,2898.978,5013
2022-03-10 06:00:00,2898.978,2933.422,2876.521,2929.929,13217
2022-03-10 10:00:00,2929.929,2975.102,2846.036,2914.465,19889
2022-03-10 14:00:00,2914.465,2964.626,2855.576,2912.726,30718
2022-03-10 18:00:00,2912.726,2943.925,2911.728,2929.953,5922
2022-03-10 22:00:00,2929.953,2929.953,2888.53,2909.997,6444
2022-03-11 02:00:00,2909.997,2944.19,2890.034,2915.495,9078
2022-03-11 06:00:00,2915.495,2976.507,2910.254,2948.942,13295
2022-03-11 10:00:00,2948.942,2953.686,2702.89,2759.791,36114
2022-03-11 14:00:00,2759.791,2799.727,2740.327,2786.5,48444
2022-03-11 18:00:00,2786.5,2810.434,2772.422,2796.49,7107
2022-03-13 21:00:00,2796.49,2796.49,2659.078,2688.778,2724
2022-03-14 01:00:00,2688.778,2705.256,2676.05,2705.256,1967
2022-03-14 05:00:00,2705.256,2708.25,2587.718,2622.408,17560
2022-03-14 09:00:00,2622.408,2622.408,2491.638,2547.296,26946
2022-03-14 13:00:00,2547.296,2564.386,2304.972,2415.783,26849
2022-03-14 17:00:00,2415.783,2418.28,2349.038,2371.617,28461
2022-03-14 21:00:00,2371.617,2383.35,2351.663,2372.622,2965
2022-03-15 01:00:00,2372.622,2385.606,2345.919,2378.618,1564
2022-03-15 05:00:00,2378.618,2416.556,2374.624,2413.814,13431
2022-03-15 09:00:00,2413.814,2488.685,2379.128,2414.07,20729
2022-03-15 13:00:00,2414.07,2458.248,2378.384,2409.334,36107
2022-03-15 17:00:00,2409.334,2436.038,2397.108,2412.086,14612
2022-03-15 21:00:00,2412.086,2432.058,2407.596,2432.058,1667
2022-03-16 01:00:00,2432.058,2444.04,2432.058,2438.554,729
2022-03-16 05:00:00,2438.554,2478.987,2438.305,2449.292,12971
2022-03-16 09:00:00,2449.292,2483.234,2442.308,2447.052,18646
2022-03-16 13:00:00,2447.052,2470.014,2352.221,2359.459,26056
2022-03-16 17:00:00,2359.459,2417.864,2359.459,2378.433,5603
2022-03-16 21:00:00,2378.433,2414.378,2364.094,2410.884,2504
2022-03-17 01:00:00,2410.884,2471.286,2410.634,2446.33,3207
2022-03-17 05:00:00,2446.33,2470.794,2411.393,2436.854,10396
2022-03-17 09:00:00,2436.854,2472.296,2415.147,2420.388,10783
2022-03-17 13:00:00,2420.388,2531.456,2418.641,2489.028,33400
2022-03-17 17:00:00,2489.028,2516.611,2476.55,2512.495,70152
2022-03-17 21:00:00,2512.495,2578.388,2498.771,2575.146,3384
2022-03-18 01:00:00,2575.146,2627.812,2564.415,2607.999,1904
2022-03-18 05:00:00,2607.999,2621.078,2549.702,2573.164,30183
2022-03-18 09:00:00,2573.164,2577.704,2503.537,2526.749,47078
2022-03-18 13:00:00,2526.749,2561.816,2468.35,2488.32,36206
2022-03-18 17:00:00,2488.32,2507.289,2480.091,2484.084,4911
2022-03-20 21:00:00,2484.084,2496.152,2475.432,2496.152,369
2022-03-21 01:00:00,2496.152,2602.486,2496.152,2598.492,6745
2022-03-21 05:00:00,2598.492,2599.491,2546.082,2553.573,17065
2022-03-21 09:00:00,2553.573,2563.058,2462.228,2520.134,30992
2022-03-21 13:00:00,2520.134,2575.046,2502.67,2529.127,43292
2022-03-21 17:00:00,2529.127,2592.032,2527.262,2587.289,78160
2022-03-21 21:00:00,2587.289,2599.521,2557.344,2558.842,1378
2022-03-22 01:00:00,2558.842,2603.524,2551.354,2575.073,1897
2022-03-22 05:00:00,2575.073,2590.05,2518.92,2554.613,30299
2022-03-22 09:00:00,2554.613,2559.61,2502.448,2533.904,29218
2022-03-22 13:00:00,2533.904,2553.622,2461.772,2472.01,39839
2022-03-22 17:00:00,2472.01,2490.982,2470.263,2485.745,6025
2022-03-22 21:00:00,2485.745,2552.642,2485.745,2514.456,2187
2022-03-23 01:00:00,2514.456,2565.378,2514.456,2562.386,5768
2022-03-23 05:00:00,2562.386,2563.636,2535.182,2558.648,18955
2022-03-23 09:00:00,2558.648,2582.863,2487.02,2506.988,36969
2022-03-23 13:00:00,2506.988,2555.662,2479.784,2512.986,51339
2022-03-23 17:00:00,2512.986,2530.463,2510.24,2522.228,21540
2022-03-23 21:00:00,2522.228,2548.443,2522.228,2541.704,1170
2022-03-24 01:00:00,2541.704,2551.688,2512.257,2515.004,4051
2022-03-24 05:00:00,2515.004,2543.714,2515.004,2538.722,5314
2022-03-24 09:00:00,2538.722,2541.722,2482.702,2507.529,17793
2022-03-24 13:00:00,2507.529,2557.454,2491.556,2522.762,36848
2022-03-24 17:00:00,2522.762,2537.24,2520.516,2524.016,8344
2022-03-24 21:00:00,2524.016,2545.74,2512.542,2542.744,4244
2022-03-25 01:00:00,2542.744,2545.74,2512.298,2513.796,4702
2022-03-25 05:00:00,2513.796,2539.012,2512.298,2532.024,4480
2022-03-25 09:00:00,2532.024,2538.516,2488.595,2513.561,8143
2022-03-25 13:00:00,2513.561,2519.801,2374.784,2389.262,18631
2022-03-25 17:00:00,2389.262,2392.507,2280.686,2344.838,23055
2022-03-27 21:00:00,2344.838,2379.369,2298.737,2375.374,1548
2022-03-28 01:00:00,2375.374,2387.113,2348.417,2385.366,3179
2022-03-28 05:00:00,2385.366,2387.614,2155.47,2260.562,14111
2022-03-28 09:00:00,2260.562,2276.294,2174.448,2241.348,35277
2022-03-28 13:00:00,2241.348,2272.052,2196.303,2244.35,97381
2022-03-28 17:00:00,2244.35,2250.84,2218.618,2225.134,7331
2022-03-28 21:00:00,2225.134,2255.344,2225.134,2239.503,1162
2022-03-29 01:00:00,2239.503,2259.595,2236.128,2247.114,3036
2022-03-29 05:00:00,2247.114,2296.786,2190.705,2202.187,26806
2022-03-29 09:00:00,2202.187,2232.393,2026.342,2062.404,38029
2022-03-29 13:00:00,2062.404,2168.495,2060.406,2109.089,48838
2022-03-29 17:00:00,2109.089,2152.53,2108.091,2144.791,12434
2022-03-29 21:00:00,2144.791,2167.977,2132.312,2167.014,2334
2022-03-30 01:00:00,2167.014,2208.208,2163.52,2204.964,2358
2022-03-30 05:00:00,2204.964,2218.944,2124.088,2166.027,9233
2022-03-30 09:00:00,2166.027,2237.676,2162.533,2224.696,22119
2022-03-30 13:00:00,2224.696,2262.894,2206.474,2233.939,34282
2022-03-30 17:00:00,2233.939,2265.606,2233.939,2263.401,8424
2022-03-30 21:00:00,2263.401,2267.649,2255.696,2262.658,1588
2022-03-31 01:00:00,2262.658,2265.904,2236.203,2248.934,4056
2022-03-31 05:00:00,2248.934,2266.412,2191.524,2211.746,13047
2022-03-31 09:00:00,2211.746,2275.158,2211.496,2248.698,17141
2022-03-31 13:00:00,2248.698,2291.139,2236.907,2247.206,40521
2022-03-31 17:00:00,2247.206,2271.921,2246.956,2256.199,5431
2022-03-31 21:00:00,2256.199,2279.918,2250.459,2267.439,6845
2022-04-01 01:00:00,2267.439,2338.586,2267.439,2311.63,6216
2022-04-01 05:00:00,2311.63,2324.864,2209.284,2277.188,9488
2022-04-01 09:00:00,2277.188,2332.862,2275.938,2320.13,53143
2022-04-01 13:00:00,2320.13,2330.866,2241.5,2267.214,32491
2022-04-01 17:00:00,2267.214,2272.962,2253.238,2270.716,2945
2022-04-03 21:00:00,2270.716,2329.213,2263.302,2318.978,2031
2022-04-04 01:00:00,2318.978,2330.463,2278.788,2301.758,3122
2022-04-04 05:00:00,2301.758,2331.223,2296.766,2329.226,9866
2022-04-04 09:00:00,2329.226,2332.226,2283.796,2290.536,9930
2022-04-04 13:00:00,2290.536,2323.242,2268.319,2275.564,57092
2022-04-04 17:00:00,2275.564,2284.055,2272.324,2275.82,3424
2022-04-04 21:00:00,2275.82,2302.288,2275.82,2294.55,1213
2022-04-05 01:00:00,2294.55,2296.048,2280.574,2286.568,3156
2022-04-05 05:00:00,2286.568,2303.662,2286.568,2297.308,6884
2022-04-05 09:00:00,2297.308,2304.052,2279.589,2286.83,11703
2022-04-05 13:00:00,2286.83,2313.045,2226.42,2228.416,29450
2022-04-05 17:00:00,2228.416,2239.152,2205.702,2225.926,15534
2022-04-05 21:00:00,2225.926,2240.911,2218.19,2236.168,1705
2022-04-06 01:00:00,2236.168,2243.165,2212.958,2243.165,2251
2022-04-06 05:00:00,2243.165,2254.653,2232.279,2249.163,8556
2022-04-06 09:00:00,2249.163,2271.25,2237.57,2239.183,83932
2022-04-06 13:00:00,2239.183,2244.176,2162.041,2180.769,41821
2022-04-06 17:00:00,2180.769,2209.232,2172.782,2189.762,7138
2022-04-06 21:00:00,2189.762,2209.49,2179.028,2203.25,2640
2022-04-07 01:00:00,2203.25,2231.215,2200.754,2220.982,1348
2022-04-07 05:00:00,2220.982,2233.215,2201.264,2201.514,9428
2022-04-07 09:00:00,2201.514,2229.482,2192.278,2215.502,38629
2022-04-07 13:00:00,2215.502,2272.927,2213.894,2222.748,33446
2022-04-07 17:00:00,2222.748,2242.652,2212.012,2229.994,18477
2022-04-07 21:00:00,2229.994,2247.342,2224.503,2246.478,3718
2022-04-08 01:00:00,2246.478,2269.953,2246.478,2266.956,8369
2022-04-08 05:00:00,2266.956,2291.426,2240.246,2252.232,20307
2022-04-08 09:00:00,2252.232,2425.256,2248.74,2410.028,13007
2022-04-08 13:00:00,2410.028,2462.826,2369.584,2416.026,32763
2022-04-08 17:00:00,2416.026,2418.274,2376.08,2409.042,6964
2022-04-10 21:00:00,2409.042,2501.754,2409.042,2498.798,2470
2022-04-11 01:00:00,2498.798,2499.764,2461.812,2472.802,4004
2022-04-11 05:00:00,2472.802,2528.737,2470.056,2516.502,12935
2022-04-11 09:00:00,2516.502,2524.244,2470.568,2484.8,31778
2022-04-11 13:00:00,2484.8,2493.88,2400.66,2415.646,60898
2022-04-11 17:00:00,2415.646,2437.119,2401.915,2422.394,13172
2022-04-11 21:00:00,2422.394,2442.372,2409.546,2439.379,2890
2022-04-12 01:00:00,2439.379,2451.12,2426.396,2448.874,15457
2022-04-12 05:00:00,2448.874,2454.368,2306.248,2310.806,14084
2022-04-12 09:00:00,2310.806,2370.236,2297.822,2333.034,8545
2022-04-12 13:00:00,2333.034,2416.679,2315.306,2350.268,36261
2022-04-12 17:00:00,2350.268,2353.015,2303.582,2319.564,4140
2022-04-12 21:00:00,2319.564,2335.549,2312.324,2326.811,4102
2022-04-13 01:00:00,2326.811,2388.988,2326.562,2380.75,3820
2022-04-13 05:00:00,2380.75,2413.964,2351.792,2359.532,63456
2022-04-13 09:00:00,2359.532,2404.23,2341.062,2376.768,41078
2022-04-13 13:00:00,2376.768,2394.22,2304.364,2337.074,18057
2022-04-13 17:00:00,2337.074,2338.822,2301.122,2308.117,12214
2022-04-13 21:00:00,2308.117,2350.819,2306.62,2348.572,3594
2022-04-14 01:00:00,2348.572,2377.656,2344.578,2364.56,1985
2022-04-14 05:00:00,2364.56,2370.556,2341.094,2344.091,27897
2022-04-14 09:00:00,2344.091,2371.996,2316.376,2365.072,61158
2022-04-14 13:00:00,2365.072,2369.316,2304.897,2350.596,29365
2022-04-14 17:00:00,2350.596,2353.342,2331.37,2352.6,7193
2022-04-17 21:00:00,2352.6,2381.304,2331.742,2381.188,3776
2022-04-18 01:00:00,2381.188,2393.674,2381.188,2389.935,3266
2022-04-18 05:00:00,2389.935,2390.934,2376.202,2382.2,7401
2022-04-18 09:00:00,2382.2,2391.944,2374.211,2382.706,10015
2022-04-18 13:00:00,2382.706,2461.906,2380.21,2440.146,33190
2022-04-18 17:00:00,2440.146,2440.395,2404.692,2422.423,16929
2022-04-18 21:00:00,2422.423,2440.904,2410.589,2423.179,1765
2022-04-19 01:00:00,2423.179,2424.68,2410.444,2412.448,4895
2022-04-19 05:00:00,2412.448,2419.942,2384.986,2386.484,5814
2022-04-19 09:00:00,2386.484,2406.082,2349.284,2354.778,21976
2022-04-19 13:00:00,2354.778,2383.252,2343.042,2376.758,24942
2022-04-19 17:00:00,2376.758,2386.365,2364.21,2367.026,16813
2022-04-19 21:00:00,2367.026,2384.01,2354.296,2369.28,3923
2022-04-20 01:00:00,2369.28,2395.754,2365.786,2391.762,2993
2022-04-20 05:00:00,2391.762,2395.258,2366.044,2372.54,9507
2022-04-20 09:00:00,2372.54,2411.498,2371.042,2393.022,31052
2022-04-20 13:00:00,2393.022,2486.67,2390.41,2457.206,33011
2022-04-20 17:00:00,2457.206,2470.692,2447.488,2449.722,5704
2022-04-20 21:00:00,2449.722,2449.722,2427.998,2445.483,1737
2022-04-21 01:00:00,2445.483,2449.729,2421.017,2422.266,1711
2022-04-21 05:00:00,2422.266,2477.708,2422.016,2459.731,4430
2022-04-21 09:00:00,2459.731,2470.22,2408.046,2408.046,13317
2022-04-21 13:00:00,2408.046,2444.044,2401.552,2416.293,16682
2022-04-21 17:00:00,2416.293,2423.785,2370.478,2412.803,4582
2022-04-21 21:00:00,2412.803,2429.788,2405.563,2418.304,3673
2022-04-22 01:00:00,2418.304,2427.046,2414.312,2420.808,3148
2022-04-22 05:00:00,2420.808,2444.786,2377.112,2377.112,6630
2022-04-22 09:00:00,2377.112,2430.175,2356.888,2393.6,20937
2022-04-22 13:00:00,2393.6,2414.082,2368.384,2373.63,44230
2022-04-22 17:00:00,2373.63,2374.382,2362.147,2367.144,11452
2022-04-24 21:00:00,2367.144,2367.144,2280.567,2297.052,2839
2022-04-25 01:00:00,2297.052,2302.163,2278.573,2296.559,4518
2022-04-25 05:00:00,2296.559,2311.547,2282.579,2288.574,8147
2022-04-25 09:00:00,2288.574,2302.809,2056.325,2116.762,24682
2022-04-25 13:00:00,2116.762,2144.735,2088.046,2125.758,27540
2022-04-25 17:00:00,2125.758,2136.5,2120.52,2123.766,3271
2022-04-25 21:00:00,2123.766,2166.224,2123.268,2155.238,1199
2022-04-26 01:00:00,2155.238,2196.949,2152.492,2195.452,1033
2022-04-26 05:00:00,2195.452,2210.942,2125.031,2154.002,4886
2022-04-26 09:00:00,2154.002,2187.722,2133.276,2172.489,7037
2022-04-26 13:00:00,2172.489,2241.42,2153.012,2178.738,15283
2022-04-26 17:00:00,2178.738,2178.988,2150.02,2173.75,4508
2022-04-26 21:00:00,2173.75,2185.741,2151.024,2175.254,893
2022-04-27 01:00:00,2175.254,2194.986,2174.504,2185.498,1660
2022-04-27 05:00:00,2185.498,2229.956,2164.526,2179.012,10902
2022-04-27 09:00:00,2179.012,2244.2,2179.012,2231.214,12732
2022-04-27 13:00:00,2231.214,2245.95,2180.27,2194.758,9096
2022-04-27 17:00:00,2194.758,2200.502,2188.016,2194.764,8732
2022-04-27 21:00:00,2194.764,2212.252,2189.52,2212.252,2077
2022-04-28 01:00:00,2212.252,2232.987,2205.512,2228.491,2342
2022-04-28 05:00:00,2228.491,2278.944,2218.252,2230.746,3736
2022-04-28 09:00:00,2230.746,2276.202,2206.272,2231.501,5702
2022-04-28 13:00:00,2231.501,2239.246,2204.284,2209.279,10683
2022-04-28 17:00:00,2209.279,2223.265,2205.038,2221.023,12569
2022-04-28 21:00:00,2221.023,2237.011,2218.528,2229.271,1038
2022-04-29 01:00:00,2229.271,2234.022,2223.782,2231.775,931
2022-04-29 05:00:00,2231.775,2314.448,2231.775,2285.727,5045
2022-04-29 09:00:00,2285.727,2292.226,2256.757,2276.493,8898
2022-04-29 13:00:00,2276.493,2309.716,2254.518,2305.22,16295
2022-04-29 17:00:00,2305.22,2308.218,2261.267,2305.726,10231
2022-05-01 21:00:00,2305.726,2310.55,2271.341,2271.342,2077
2022-05-02 01:00:00,2271.342,2281.332,2236.126,2240.626,4835
2022-05-02 05:00:00,2240.626,2266.106,2232.388,2250.373,5298
2022-05-02 09:00:00,2250.373,2264.864,2238.635,2241.638,5821
2022-05-02 13:00:00,2241.638,2254.376,2146.229,2212.92,28354
2022-05-02 17:00:00,2212.92,2213.92,2182.203,2198.94,4805
2022-05-02 21:00:00,2198.94,2234.663,2185.204,2234.413,1277
2022-05-03 01:00:00,2234.413,2235.416,2219.932,2221.432,1606
2022-05-03 05:00:00,2221.432,2266.146,2205.2,2263.398,3925
2022-05-03 09:00:00,2263.398,2269.892,2241.672,2245.171,22258
2022-05-03 13:00:00,2245.171,2273.148,2209.704,2240.932,17546
2022-05-03 17:00:00,2240.932,2255.171,2237.686,2247.682,3123
2022-05-03 21:00:00,2247.682,2256.179,2244.69,2250.434,1515
2022-05-04 01:00:00,2250.434,2262.426,2246.688,2248.942,3097
2022-05-04 05:00:00,2248.942,2279.42,2242.95,2268.681,7293
2022-05-04 09:00:00,2268.681,2272.432,2240.212,2243.21,8601
2022-05-04 13:00:00,2243.21,2261.444,2211.988,2240.718,6823
2022-05-04 17:00:00,2240.718,2252.712,2228.982,2248.468,9319
2022-05-04 21:00:00,2248.468,2260.962,2239.978,2258.964,2360
2022-05-05 01:00:00,2258.964,2273.203,2258.964,2262.217,1456
2022-05-05 05:00:00,2262.217,2270.712,2233,2236.496,7213
2022-05-05 09:00:00,2236.496,2253.486,2224.763,2232.756,18221
2022-05-05 13:00:00,2232.756,2236.004,2158.326,2176.062,19513
2022-05-05 17:00:00,2176.062,2179.56,2171.818,2177.318,2088
2022-05-05 21:00:00,2177.318,2183.564,2158.588,2160.089,2714
2022-05-06 01:00:00,2160.089,2173.833,2154.346,2167.588,6442
2022-05-06 05:00:00,2167.588,2173.835,2093.906,2124.632,12689
2022-05-06 09:00:00,2124.632,2148.863,2083.174,2085.672,8097
2022-05-06 13:00:00,2085.672,2110.9,1980.518,2009.744,32402
2022-05-06 17:00:00,2009.744,2039.72,2009.744,2029.982,6438
2022-05-08 21:00:00,2029.982,2043.788,2014.318,2020.312,2712
2022-05-09 01:00:00,2020.312,2039.051,2013.568,2034.306,1486
2022-05-09 05:00:00,2034.306,2116.492,2032.058,2053.296,9190
2022-05-09 09:00:00,2053.296,2055.544,1984.606,2023.077,7024
2022-05-09 13:00:00,2023.077,2121.248,1997.1,2060.052,12893
2022-05-09 17:00:00,2060.052,2098.272,2050.56,2069.55,7173
2022-05-09 21:00:00,2069.55,2092.532,2057.062,2078.548,2545
2022-05-10 01:00:00,2078.548,2122.518,2078.298,2121.768,1178
2022-05-10 05:00:00,2121.768,2144.251,2058.575,2077.56,14653
2022-05-10 09:00:00,2077.56,2116.029,2022.11,2054.085,18465
2022-05-10 13:00:00,2054.085,2061.331,2020.114,2048.096,10021
2022-05-10 17:00:00,2048.096,2057.839,2039.106,2043.354,7924
2022-05-10 21:00:00,2043.354,2048.103,2014.882,2020.878,3257
2022-05-11 01:00:00,2020.878,2052.854,2018.131,2045.364,8866
2022-05-11 05:00:00,2045.364,2072.344,2011.895,2038.625,7012
2022-05-11 09:00:00,2038.625,2060.862,2019.393,2032.386,13823
2022-05-11 13:00:00,2032.386,2039.132,2001.166,2001.166,10695
2022-05-11 17:00:00,2001.166,2025.148,1998.169,2006.417,11096
2022-05-11 21:00:00,2006.417,2012.664,1994.432,1998.179,3225
2022-05-12 01:00:00,1998.179,2010.174,1995.432,2004.43,5029
2022-05-12 05:00:00,2004.43,2026.165,1936.238,1961.968,9949
2022-05-12 09:00:00,1961.968,1961.968,1858.552,1898.274,10395
2022-05-12 13:00:00,1898.274,1911.765,1839.07,1857.31,12609
2022-05-12 17:00:00,1857.31,1909.024,1850.566,1881.796,7579
2022-05-12 21:00:00,1881.796,1921.27,1881.796,1917.524,1346
2022-05-13 01:00:00,1917.524,1937.012,1911.78,1925.024,1145
2022-05-13 05:00:00,1925.024,1950.757,1864.824,1909.79,3092
2022-05-13 09:00:00,1909.79,1917.537,1896.056,1905.798,6916
2022-05-13 13:00:00,1905.798,1939.278,1905.299,1918.294,12065
2022-05-13 17:00:00,1918.294,1925.788,1909.052,1918.8,4144
2022-05-15 21:00:00,1918.8,1939.102,1917.116,1938.354,1472
2022-05-16 01:00:00,1938.354,1953.343,1910.626,1931.114,4658
2022-05-16 05:00:00,1931.114,1955.1,1888.898,1918.129,7259
2022-05-16 09:00:00,1918.129,1944.116,1899.895,1940.618,10808
2022-05-16 13:00:00,1940.618,2005.577,1925.13,1996.084,11621
2022-05-16 17:00:00,1996.084,2016.572,1988.841,2000.086,7634
2022-05-16 21:00:00,2000.086,2000.341,1991.096,1995.846,738
2022-05-17 01:00:00,1995.846,1995.846,1970.114,1970.868,2250
2022-05-17 05:00:00,1970.868,1997.852,1968.87,1986.612,3822
2022-05-17 09:00:00,1986.612,2068.311,1986.612,2054.072,6110
2022-05-17 13:00:00,2054.072,2069.314,2016.099,2030.592,10513
2022-05-17 17:00:00,2030.592,2033.841,2003.364,2031.598,2731
2022-05-17 21:00:00,2031.598,2036.847,2027.852,2033.102,560
2022-05-18 01:00:00,2033.102,2033.602,2004.374,2011.872,1579
2022-05-18 05:00:00,2011.872,2100.066,2010.374,2063.842,6406
2022-05-18 09:00:00,2063.842,2070.839,2032.869,2049.608,4642
2022-05-18 13:00:00,2049.608,2062.349,1981.656,1993.402,10639
2022-05-18 17:00:00,1993.402,1995.4,1966.422,1989.16,4701
2022-05-18 21:00:00,1989.16,1998.156,1967.928,1978.922,2570
2022-05-19 01:00:00,1978.922,2010.406,1975.926,2003.662,9006
2022-05-19 05:00:00,2003.662,2009.658,1927.716,1946.704,8098
2022-05-19 09:00:00,1946.704,1980.937,1942.458,1960.2,7628
2022-05-19 13:00:00,1960.2,1981.442,1944.464,1978.444,10379
2022-05-19 17:00:00,1978.444,2010.176,1976.696,1979.949,6312
2022-05-19 21:00:00,1979.949,1994.694,1979.949,1989.698,690
2022-05-20 01:00:00,1989.698,2000.196,1968.214,1999.696,1483
2022-05-20 05:00:00,1999.696,2014.938,1981.962,1993.706,2645
2022-05-20 09:00:00,1993.706,2011.45,1952.236,2008.702,8826
2022-05-20 13:00:00,2008.702,2008.702,1913.767,1944.498,15665
2022-05-20 17:00:00,1944.498,1959.99,1935.254,1945.253,3841
2022-05-22 21:00:00,1945.253,1970.558,1945.253,1965.81,1603
2022-05-23 01:00:00,1965.81,1978.808,1955.569,1975.81,1626
2022-05-23 05:00:00,1975.81,2020.536,1971.817,2001.8,3230
2022-05-23 09:00:00,2001.8,2022.29,1997.052,2005.053,7050
2022-05-23 13:00:00,2005.053,2007.802,1960.585,1969.579,5930
2022-05-23 17:00:00,1969.579,1989.822,1963.834,1980.578,2103
2022-05-23 21:00:00,1980.578,1986.576,1972.835,1979.084,730
2022-05-24 01:00:00,1979.084,1993.082,1977.088,1988.334,2306
2022-05-24 05:00:00,1988.334,2015.073,1970.098,1983.343,4332
2022-05-24 09:00:00,1983.343,1997.588,1966.108,1987.346,3244
2022-05-24 13:00:00,1987.346,1997.092,1963.612,1990.1,5972
2022-05-24 17:00:00,1990.1,1995.348,1984.104,1992.854,1848
2022-05-24 21:00:00,1992.854,1995.104,1991.358,1994.108,1003
2022-05-25 01:00:00,1994.108,2006.856,1979.368,2005.608,1089
2022-05-25 05:00:00,2005.608,2034.594,1973.88,1980.128,2670
2022-05-25 09:00:00,1980.128,1994.12,1942.653,1985.63,2308
2022-05-25 13:00:00,1985.63,1997.624,1973.887,1984.136,9036
2022-05-25 17:00:00,1984.136,2001.13,1981.888,1993.636,4685
2022-05-25 21:00:00,1993.636,2003.636,1990.64,2003.636,630
2022-05-26 01:00:00,2003.636,2004.636,1989.4,1989.649,1425
2022-05-26 05:00:00,1989.649,1992.402,1979.158,1982.159,1668
2022-05-26 09:00:00,1982.159,2002.899,1979.666,1981.165,2620
2022-05-26 13:00:00,1981.165,2004.654,1971.67,1988.166,4927
2022-05-26 17:00:00,1988.166,2006.064,1987.416,2004.317,1855
2022-05-26 21:00:00,2004.317,2005.32,1998.082,2001.327,465
2022-05-27 01:00:00,2001.327,2018.552,1997.085,2013.311,1099
2022-05-27 05:00:00,2013.311,2027.79,2007.575,2010.072,2648
2022-05-27 09:00:00,2010.072,2043.02,2010.072,2037.03,15749
2022-05-27 13:00:00,2037.03,2062.736,2032.788,2052.01,9605
2022-05-27 17:00:00,2052.01,2063.993,2041.528,2063.993,4440
2022-05-29 21:00:00,2063.993,2067.798,2055.566,2057.316,1871
2022-05-30 01:00:00,2057.316,2068.3,2046.335,2064.558,5994
2022-05-30 05:00:00,2064.558,2073.049,2058.819,2068.806,1428
2022-05-30 09:00:00,2068.806,2080.288,2064.318,2068.062,5542
2022-05-30 13:00:00,2068.062,2069.809,2020.643,2028.632,5599
2022-05-30 17:00:00,2028.632,2031.378,2022.894,2023.892,148
2022-05-30 21:00:00,2023.892,2030.386,2021.403,2021.654,560
2022-05-31 01:00:00,2021.654,2063.588,2021.154,2060.344,1802
2022-05-31 05:00:00,2060.344,2085.054,2053.36,2062.595,10132
2022-05-31 09:00:00,2062.595,2062.595,2035.393,2044.38,5527
2022-05-31 13:00:00,2044.38,2044.38,1966.012,1997.961,11644
2022-05-31 17:00:00,1997.961,2002.204,1979.994,1992.973,6606
2022-05-31 21:00:00,1992.973,2001.963,1986.236,1997.471,1454
2022-06-01 01:00:00,1997.471,2003.96,1986.49,2001.968,1496
2022-06-01 05:00:00,2001.968,2030.924,1982.5,1995.233,3684
2022-06-01 09:00:00,1995.233,2019.944,1984.252,2004.473,5928
2022-06-01 13:00:00,2004.473,2010.714,1972.027,1998.238,15670
2022-06-01 17:00:00,1998.238,2002.98,1971.283,1986.262,2631
2022-06-01 21:00:00,1986.262,1997.248,1978.526,1994.503,2727
2022-06-02 01:00:00,1994.503,1998.002,1987.268,1997.004,3545
2022-06-02 05:00:00,1997.004,2008.986,1991.013,1996.509,3231
2022-06-02 09:00:00,1996.509,2012.486,1994.266,2000.756,13389
2022-06-02 13:00:00,2000.756,2048.434,1986.532,2041.695,10814
2022-06-02 17:00:00,2041.695,2045.442,2032.71,2042.948,3371
2022-06-02 21:00:00,2042.948,2058.925,2039.205,2054.682,1650
2022-06-03 01:00:00,2054.682,2061.422,2037.714,2043.206,2834
2022-06-03 05:00:00,2043.206,2050.696,1996.783,2024.49,4123
2022-06-03 09:00:00,2024.49,2025.993,1999.785,2012.016,17225
2022-06-03 13:00:00,2012.016,2023.498,1947.872,1976.578,17055
2022-06-03 17:00:00,1976.578,1978.574,1955.114,1966.848,5620
2022-06-05 21:00:00,1966.848,1985.126,1953.674,1983.878,1660
2022-06-06 01:00:00,1983.878,2017.08,1983.878,2013.586,960
2022-06-06 05:00:00,2013.586,2021.576,1991.374,2005.105,8194
2022-06-06 09:00:00,2005.105,2018.335,2002.61,2006.857,7294
2022-06-06 13:00:00,2006.857,2010.851,1981.647,1994.381,17202
2022-06-06 17:00:00,1994.381,1997.88,1985.647,1997.63,1867
2022-06-06 21:00:00,1997.63,1997.63,1989.397,1993.89,388
2022-06-07 01:00:00,1993.89,2010.12,1987.651,2005.128,2151
2022-06-07 05:00:00,2005.128,2011.621,1989.656,1999.391,3230
2022-06-07 09:00:00,1999.391,2007.63,1965.947,1974.434,8107
2022-06-07 13:00:00,1974.434,1976.684,1929.504,1959.212,15600
2022-06-07 17:00:00,1959.212,1975.44,1953.971,1968.952,13490
2022-06-07 21:00:00,1968.952,1978.191,1968.952,1976.195,220
2022-06-08 01:00:00,1976.195,1985.682,1973.45,1981.691,1183
2022-06-08 05:00:00,1981.691,1985.936,1945.252,1952.491,3181
2022-06-08 09:00:00,1952.491,1954.738,1915.302,1932.027,20044
2022-06-08 13:00:00,1932.027,1950.498,1920.299,1934.776,10232
2022-06-08 17:00:00,1934.776,1939.52,1920.052,1924.298,11748
2022-06-08 21:00:00,1924.298,1936.782,1920.056,1932.04,975
2022-06-09 01:00:00,1932.04,1948.766,1930.293,1945.024,7384
2022-06-09 05:00:00,1945.024,1951.016,1924.061,1928.804,10142
2022-06-09 09:00:00,1928.804,1937.542,1908.838,1912.084,5496
2022-06-09 13:00:00,1912.084,1930.306,1899.354,1911.838,21847
2022-06-09 17:00:00,1911.838,1919.826,1903.354,1911.343,5838
2022-06-09 21:00:00,1911.343,1919.834,1909.849,1915.092,1239
2022-06-10 01:00:00,1915.092,1923.082,1914.593,1918.092,7646
2022-06-10 05:00:00,1918.092,1929.326,1882.9,1900.373,4954
2022-06-10 09:00:00,1900.373,1913.354,1877.162,1894.636,16371
2022-06-10 13:00:00,1894.636,1912.364,1851.452,1898.385,27826
2022-06-10 17:00:00,1898.385,1921.105,1898.384,1919.607,6171
2022-06-12 21:00:00,1919.607,1925.404,1892.204,1892.204,2592
2022-06-13 01:00:00,1892.204,1903.19,1877.977,1894.955,1884
2022-06-13 05:00:00,1894.955,1903.943,1867.25,1885.723,6094
2022-06-13 09:00:00,1885.723,1888.969,1821.072,1830.808,4714
2022-06-13 13:00:00,1830.808,1849.78,1772.648,1777.89,15345
2022-06-13 17:00:00,1777.89,1787.626,1768.906,1772.152,7405
2022-06-13 21:00:00,1772.152,1789.88,1760.67,1788.132,1251
2022-06-14 01:00:00,1788.132,1795.126,1780.396,1790.384,2156
2022-06-14 05:00:00,1790.384,1827.83,1779.154,1782.4,5899
2022-06-14 09:00:00,1782.4,1795.884,1770.17,1787.396,11266
2022-06-14 13:00:00,1787.396,1803.624,1773.42,1779.412,14041
2022-06-14 17:00:00,1779.412,1797.386,1776.666,1790.15,3254
2022-06-14 21:00:00,1790.15,1808.876,1790.15,1802.387,658
2022-06-15 01:00:00,1802.387,1813.371,1794.399,1798.646,2780
2022-06-15 05:00:00,1798.646,1814.877,1794.656,1809.635,3430
2022-06-15 09:00:00,1809.635,1835.85,1809.385,1820.623,9460
2022-06-15 13:00:00,1820.623,1848.336,1815.88,1828.616,3367
2022-06-15 17:00:00,1828.616,1861.82,1827.367,1836.858,5216
2022-06-15 21:00:00,1836.858,1855.333,1836.858,1846.098,149
2022-06-16 01:00:00,1846.098,1850.593,1840.857,1846.602,324
2022-06-16 05:00:00,1846.602,1850.597,1816.15,1846.357,1188
2022-06-16 09:00:00,1846.357,1868.077,1823.392,1840.37,5085
2022-06-16 13:00:00,1840.37,1868.084,1826.892,1863.341,4525
2022-06-16 17:00:00,1863.341,1868.834,1854.356,1863.346,1567
2022-06-16 21:00:00,1863.346,1870.338,1859.602,1861.852,406
2022-06-17 01:00:00,1861.852,1884.074,1857.858,1883.825,2591
2022-06-17 05:00:00,1883.825,1894.31,1853.372,1864.856,1896
2022-06-17 09:00:00,1864.856,1868.85,1818.175,1836.9,5806
2022-06-17 13:00:00,1836.9,1844.14,1790.718,1796.211,4134
2022-06-17 17:00:00,1796.211,1805.948,1789.723,1794.968,1821
2022-06-19 21:00:00,1794.968,1826.477,1790.524,1825.728,439
2022-06-20 01:00:00,1825.728,1836.218,1799.515,1834.221,2074
2022-06-20 05:00:00,1834.221,1846.705,1805.265,1809.01,1916
2022-06-20 09:00:00,1809.01,1833.98,1795.282,1833.23,2341
2022-06-20 13:00:00,1833.23,1859.444,1825.992,1835.481,4126
2022-06-20 17:00:00,1835.481,1838.228,1831.488,1833.236,1807
2022-06-20 21:00:00,1833.236,1843.228,1831.243,1839.484,355
2022-06-21 01:00:00,1839.484,1858.211,1832.994,1848.975,707
2022-06-21 05:00:00,1848.975,1856.219,1843.234,1850.228,1560
2022-06-21 09:00:00,1850.228,1878.19,1825.015,1854.477,5405
2022-06-21 13:00:00,1854.477,1893.175,1851.234,1858.226,4932
2022-06-21 17:00:00,1858.226,1862.72,1850.737,1859.478,1163
2022-06-21 21:00:00,1859.478,1859.478,1845.25,1848.747,778
2022-06-22 01:00:00,1848.747,1853.244,1828.278,1847.752,1567
2022-06-22 05:00:00,1847.752,1857.494,1837.52,1853.249,5868
2022-06-22 09:00:00,1853.249,1869.979,1842.018,1842.268,2566
2022-06-22 13:00:00,1842.268,1857.998,1832.532,1836.031,10417
2022-06-22 17:00:00,1836.031,1852.26,1836.031,1842.776,1474
2022-06-22 21:00:00,1842.776,1844.278,1832.044,1842.032,306
2022-06-23 01:00:00,1842.032,1862.258,1839.036,1860.76,1911
2022-06-23 05:00:00,1860.76,1881.986,1839.044,1845.536,3883
2022-06-23 09:00:00,1845.536,1861.768,1839.044,1860.77,4038
2022-06-23 13:00:00,1860.77,1867.26,1816.332,1822.574,3350
2022-06-23 17:00:00,1822.574,1828.568,1816.084,1822.828,1501
2022-06-23 21:00:00,1822.828,1832.568,1821.332,1830.322,615
2022-06-24 01:00:00,1830.322,1854.79,1829.822,1853.795,995
2022-06-24 05:00:00,1853.795,1861.788,1835.322,1852.052,1968
2022-06-24 09:00:00,1852.052,1866.784,1839.322,1839.822,3631
2022-06-24 13:00:00,1839.822,1867.038,1836.326,1851.56,5549
2022-06-24 17:00:00,1851.56,1862.3,1849.564,1858.556,1191
2022-06-26 21:00:00,1858.556,1867.35,1849.122,1867.35,703
2022-06-27 01:00:00,1867.35,1902.808,1863.356,1898.314,1529
2022-06-27 05:00:00,1898.314,1946.504,1898.314,1904.561,1615
2022-06-27 09:00:00,1904.561,1923.041,1903.562,1912.804,1559
2022-06-27 13:00:00,1912.804,1918.547,1851.636,1859.876,4519
2022-06-27 17:00:00,1859.876,1860.376,1852.888,1855.636,1104
2022-06-27 21:00:00,1855.636,1866.876,1854.389,1866.377,107
2022-06-28 01:00:00,1866.377,1876.866,1861.884,1873.122,630
2022-06-28 05:00:00,1873.122,1898.342,1870.88,1872.378,1517
2022-06-28 09:00:00,1872.378,1890.11,1862.894,1881.37,1974
2022-06-28 13:00:00,1881.37,1881.87,1841.423,1859.153,2785
2022-06-28 17:00:00,1859.153,1866.893,1855.661,1858.158,1660
2022-06-28 21:00:00,1858.158,1876.64,1856.412,1875.39,465
2022-06-29 01:00:00,1875.39,1905.606,1867.901,1902.112,1535
2022-06-29 05:00:00,1902.112,1903.61,1873.902,1876.898,2972
2022-06-29 09:00:00,1876.898,2000.997,1876.648,2000.498,5459
2022-06-29 13:00:00,2000.498,2003.993,1901.622,1941.826,7759
2022-06-29 17:00:00,1941.826,1959.057,1941.825,1945.574,4200
2022-06-29 21:00:00,1945.574,1971.296,1937.088,1964.556,439
2022-06-30 01:00:00,1964.556,1974.545,1960.81,1965.06,906
2022-06-30 05:00:00,1965.06,1966.312,1931.854,1962.568,1970
2022-06-30 09:00:00,1962.568,1964.565,1858.95,1869.687,7211
2022-06-30 13:00:00,1869.687,1923.374,1851.709,1912.887,8142
2022-06-30 17:00:00,1912.887,1919.632,1903.649,1913.392,5111
2022-06-30 21:00:00,1913.392,1917.388,1903.406,1907.154,553
2022-07-01 01:00:00,1907.154,1910.15,1902.912,1905.16,962
2022-07-01 05:00:00,1905.16,1921.644,1853.726,1884.44,1333
2022-07-01 09:00:00,1884.44,1894.682,1869.961,1887.94,3501
2022-07-01 13:00:00,1887.94,1943.126,1885.692,1937.634,3744
2022-07-01 17:00:00,1937.634,1942.13,1933.39,1935.89,4397
2022-07-03 21:00:00,1935.89,1939.44,1925.46,1926.208,376
2022-07-04 01:00:00,1926.208,1926.208,1909.729,1910.232,928
2022-07-04 05:00:00,1910.232,1943.698,1908.488,1937.954,1114
2022-07-04 09:00:00,1937.954,1951.938,1931.964,1934.712,1029
2022-07-04 13:00:00,1934.712,1935.71,1911.992,1916.987,6476
2022-07-04 17:00:00,1916.987,1922.732,1906.751,1913.742,165
2022-07-04 21:00:00,1913.742,1925.734,1906.008,1916.747,455
2022-07-05 01:00:00,1916.747,1928.234,1911.255,1922.244,878
2022-07-05 05:00:00,1922.244,1928.488,1896.778,1907.766,1645
2022-07-05 09:00:00,1907.766,1920.502,1879.803,1880.552,5496
2022-07-05 13:00:00,1880.552,1919.511,1874.31,1918.762,4179
2022-07-05 17:00:00,1918.762,1919.51,1906.026,1916.768,3399
2022-07-05 21:00:00,1916.768,1920.019,1908.53,1919.02,311
2022-07-06 01:00:00,1919.02,1921.767,1901.794,1903.792,435
2022-07-06 05:00:00,1903.792,1940.504,1903.792,1934.76,1868
2022-07-06 09:00:00,1934.76,1941.007,1926.521,1930.52,3368
2022-07-06 13:00:00,1930.52,1949.748,1889.572,1892.068,4253
2022-07-06 17:00:00,1892.068,1902.062,1883.08,1897.566,1798
2022-07-06 21:00:00,1897.566,1914.55,1895.82,1910.556,565
2022-07-07 01:00:00,1910.556,1914.054,1901.318,1908.312,1105
2022-07-07 05:00:00,1908.312,1915.06,1901.823,1915.06,1848
2022-07-07 09:00:00,1915.06,1958.014,1914.06,1952.772,4930
2022-07-07 13:00:00,1952.772,2001.969,1952.272,1988.735,3328
2022-07-07 17:00:00,1988.735,2004.716,1981.992,1986.742,1314
2022-07-07 21:00:00,1986.742,1990.489,1981.75,1985.997,289
2022-07-08 01:00:00,1985.997,1989.244,1978.008,1984.004,1944
2022-07-08 05:00:00,1984.004,1993.746,1970.022,1987.754,1674
2022-07-08 09:00:00,1987.754,2066.17,1987.754,2044.694,2970
2022-07-08 13:00:00,2044.694,2160.069,2043.196,2159.32,3970
2022-07-08 17:00:00,2159.32,2170.062,2145.09,2162.322,1738
2022-07-10 21:00:00,2162.322,2175.87,2127.424,2128.922,424
2022-07-11 01:00:00,2128.922,2128.922,2081.726,2085.724,1169
2022-07-11 05:00:00,2085.724,2145.914,2083.726,2139.17,1654
2022-07-11 09:00:00,2139.17,2145.418,2105.961,2137.428,2004
2022-07-11 13:00:00,2137.428,2185.876,2133.182,2164.903,4381
2022-07-11 17:00:00,2164.903,2172.894,2129.944,2144.18,3304
2022-07-11 21:00:00,2144.18,2144.18,2130.197,2131.698,414
2022-07-12 01:00:00,2131.698,2131.698,2106.231,2107.48,2143
2022-07-12 05:00:00,2107.48,2138.2,2097.992,2126.714,3854
2022-07-12 09:00:00,2126.714,2133.456,2096.5,2111.234,2596
2022-07-12 13:00:00,2111.234,2133.212,2007.601,2012.845,6263
2022-07-12 17:00:00,2012.845,2040.316,2012.346,2020.342,6867
2022-07-12 21:00:00,2020.342,2026.336,2017.096,2020.096,617
2022-07-13 01:00:00,2020.096,2030.09,2019.847,2023.848,1055
2022-07-13 05:00:00,2023.848,2029.342,1972.154,1994.133,3400
2022-07-13 09:00:00,1994.133,2012.114,1950.184,2005.376,5766
2022-07-13 13:00:00,2005.376,2010.62,1933.204,1969.918,6737
2022-07-13 17:00:00,1969.918,1985.154,1966.422,1972.42,3228
2022-07-13 21:00:00,1972.42,1977.915,1956.192,1958.189,524
2022-07-14 01:00:00,1958.189,1976.424,1952.196,1967.184,1658
2022-07-14 05:00:00,1967.184,1968.933,1916.741,1940.218,3732
2022-07-14 09:00:00,1940.218,1941.717,1901.012,1904.509,5017
2022-07-14 13:00:00,1904.509,1937.724,1866.3,1892.276,8155
2022-07-14 17:00:00,1892.276,1919,1887.031,1896.026,1605
2022-07-14 21:00:00,1896.026,1909.514,1886.788,1893.533,814
2022-07-15 01:00:00,1893.533,1909.77,1893.034,1909.021,1614
2022-07-15 05:00:00,1909.021,1910.77,1826.112,1883.302,1970
2022-07-15 09:00:00,1883.302,1884.052,1822.12,1850.84,3572
2022-07-15 13:00:00,1850.84,1862.828,1820.626,1829.866,4079
2022-07-15 17:00:00,1829.866,1843.354,1821.878,1822.628,944
2022-07-17 21:00:00,1822.628,1858.146,1822.628,1851.903,586
2022-07-18 01:00:00,1851.903,1874.384,1849.656,1872.636,864
2022-07-18 05:00:00,1872.636,1885.877,1862.649,1879.384,1775
2022-07-18 09:00:00,1879.384,1889.125,1855.662,1860.657,4195
2022-07-18 13:00:00,1860.657,1876.891,1836.684,1846.426,5472
2022-07-18 17:00:00,1846.426,1861.66,1840.434,1847.928,5302
2022-07-18 21:00:00,1847.928,1860.167,1844.684,1858.422,615
2022-07-19 01:00:00,1858.422,1877.656,1852.178,1871.663,1035
2022-07-19 05:00:00,1871.663,1883.656,1861.676,1863.175,1540
2022-07-19 09:00:00,1863.175,1881.16,1838.702,1856.187,2741
2022-07-19 13:00:00,1856.187,1878.666,1840.703,1855.691,4045
2022-07-19 17:00:00,1855.691,1869.682,1853.194,1869.682,1662
2022-07-19 21:00:00,1869.682,1896.66,1864.94,1896.66,383
2022-07-20 01:00:00,1896.66,1896.91,1873.684,1887.173,996
2022-07-20 05:00:00,1887.173,1889.672,1839.973,1849.714,2036
2022-07-20 09:00:00,1849.714,1867.698,1845.222,1845.972,2099
2022-07-20 13:00:00,1845.972,1882.689,1844.973,1860.462,5006
2022-07-20 17:00:00,1860.462,1863.959,1849.973,1852.224,1538
2022-07-20 21:00:00,1852.224,1858.969,1849.48,1855.226,481
2022-07-21 01:00:00,1855.226,1863.222,1847.983,1860.474,1731
2022-07-21 05:00:00,1860.474,1868.72,1845.243,1856.982,1709
2022-07-21 09:00:00,1856.982,1869.724,1850.492,1860.733,10443
2022-07-21 13:00:00,1860.733,1880.718,1831.263,1875.724,4954
2022-07-21 17:00:00,1875.724,1881.469,1871.977,1878.974,2510
2022-07-21 21:00:00,1878.974,1882.724,1878.227,1881.226,403
2022-07-22 01:00:00,1881.226,1891.221,1880.228,1889.224,548
2022-07-22 05:00:00,1889.224,1891.972,1873.741,1885.231,1941
2022-07-22 09:00:00,1885.231,1905.966,1884.982,1904.717,5929
2022-07-22 13:00:00,1904.717,2044.59,1904.717,2014.62,8656
2022-07-22 17:00:00,2014.62,2037.352,1978.654,2028.361,7105
2022-07-24 21:00:00,2028.361,2032.914,1993.203,1996.45,7953
2022-07-25 01:00:00,1996.45,2003.696,1979.47,1985.964,3849
2022-07-25 05:00:00,1985.964,1999.206,1966.983,1979.974,2918
2022-07-25 09:00:00,1979.974,2020.691,1979.474,1997.462,4998
2022-07-25 13:00:00,1997.462,2019.194,1991.22,2002.463,4226
2022-07-25 17:00:00,2002.463,2005.211,1995.223,2001.468,1277
2022-07-25 21:00:00,2001.468,2001.969,1983.237,1994.728,627
2022-07-26 01:00:00,1994.728,2009.716,1994.728,2003.976,1106
2022-07-26 05:00:00,2003.976,2018.215,2001.48,2007.226,1739
2022-07-26 09:00:00,2007.226,2009.724,1968.266,1979.256,2580
2022-07-26 13:00:00,1979.256,2015.478,1970.015,2005.738,3630
2022-07-26 17:00:00,2005.738,2009.988,1995.249,2007.99,5012
2022-07-26 21:00:00,2007.99,2016.985,2004.994,2014.488,732
2022-07-27 01:00:00,2014.488,2018.988,2010.494,2013.744,1020
2022-07-27 05:00:00,2013.744,2020.492,1989.767,2019.994,1684
2022-07-27 09:00:00,2019.994,2028.99,2006.76,2012.504,2089
2022-07-27 13:00:00,2012.504,2032.988,1995.773,2004.766,2558
2022-07-27 17:00:00,2004.766,2032.994,1988.53,2024.004,2459
2022-07-27 21:00:00,2024.004,2030.75,2020.508,2025.756,838
2022-07-28 01:00:00,2025.756,2041.244,2023.509,2035.752,685
2022-07-28 05:00:00,2035.752,2090.46,2030.758,2080.969,3229
2022-07-28 09:00:00,2080.969,2091.21,2028.016,2067.734,5115
2022-07-28 13:00:00,2067.734,2088.468,2057.494,2078.73,6424
2022-07-28 17:00:00,2078.73,2087.474,2068.492,2074.988,7458
2022-07-28 21:00:00,2074.988,2088.982,2074.988,2088.481,659
2022-07-29 01:00:00,2088.481,2095.48,2079.49,2093.232,1737
2022-07-29 05:00:00,2093.232,2119.46,2037.031,2101.23,2497
2022-07-29 09:00:00,2101.23,2101.73,2058.52,2080.252,3187
2022-07-29 13:00:00,2080.252,2134.962,2078.005,2123.722,5747
2022-07-29 17:00:00,2123.722,2134.464,2116.48,2125.225,1537
2022-07-31 21:00:00,2125.225,2128.035,2111.048,2123.789,626
2022-08-01 01:00:00,2123.789,2124.039,2089.322,2090.071,1317
2022-08-01 05:00:00,2090.071,2159.02,2084.326,2152.526,2214
2022-08-01 09:00:00,2152.526,2195.746,2152.526,2176.261,2186
2022-08-01 13:00:00,2176.261,2221.976,2159.775,2196.5,5098
2022-08-01 17:00:00,2196.5,2203.995,2178.768,2189.76,1458
2022-08-01 21:00:00,2189.76,2217.993,2189.262,2214.246,596
2022-08-02 01:00:00,2214.246,2215.996,2179.778,2182.776,1356
2022-08-02 05:00:00,2182.776,2204.262,2159.046,2186.278,11868
2022-08-02 09:00:00,2186.278,2196.026,2160.8,2194.777,6587
2022-08-02 13:00:00,2194.777,2195.526,2039.65,2088.865,11175
2022-08-02 17:00:00,2088.865,2089.364,2046.651,2051.149,10145
2022-08-02 21:00:00,2051.149,2059.896,2046.404,2051.903,412
2022-08-03 01:00:00,2051.903,2090.377,2049.654,2086.88,1571
2022-08-03 05:00:00,2086.88,2090.13,2042.17,2049.914,2190
2022-08-03 09:00:00,2049.914,2058.908,2015.445,2026.436,2251
2022-08-03 13:00:00,2026.436,2026.436,1982.724,2005.708,7201
2022-08-03 17:00:00,2005.708,2022.446,1999.714,2007.71,1774
2022-08-03 21:00:00,2007.71,2022.95,1986.978,2005.466,303
2022-08-04 01:00:00,2005.466,2040.428,2000.474,2020.46,385
2022-08-04 05:00:00,2020.46,2054.688,1998.979,2048.443,1631
2022-08-04 09:00:00,2048.443,2079.424,2043.946,2073.179,2501
2022-08-04 13:00:00,2073.179,2094.166,2059.193,2076.432,10295
2022-08-04 17:00:00,2076.432,2076.432,2057.95,2062.447,2902
2022-08-04 21:00:00,2062.447,2089.681,2053.205,2082.686,572
2022-08-05 01:00:00,2082.686,2106.173,2076.192,2102.426,1826
2022-08-05 05:00:00,2102.426,2113.422,2089.188,2103.93,3338
2022-08-05 09:00:00,2103.93,2110.428,2071.458,2099.688,7518
2022-08-05 13:00:00,2099.688,2143.158,2078.704,2128.672,8538
2022-08-05 17:00:00,2128.672,2132.92,2116.432,2123.43,1574
2022-08-07 21:00:00,2123.43,2132.232,2121.74,2129.488,297
2022-08-08 01:00:00,2129.488,2130.49,2115.751,2117.252,4389
2022-08-08 05:00:00,2117.252,2152.732,2115.753,2151.483,2082
2022-08-08 09:00:00,2151.483,2208.697,2149.984,2208.697,2492
2022-08-08 13:00:00,2208.697,2249.922,2206.948,2236.932,6267
2022-08-08 17:00:00,2236.932,2242.43,2229.442,2234.19,1869
2022-08-08 21:00:00,2234.19,2234.194,2220.204,2225.701,689
2022-08-09 01:00:00,2225.701,2229.449,2182.484,2193.978,2386
2022-08-09 05:00:00,2193.978,2209.222,2181.488,2204.226,1805
2022-08-09 09:00:00,2204.226,2243.954,2185.742,2237.458,2246
2022-08-09 13:00:00,2237.458,2254.7,2207.484,2220.225,4271
2022-08-09 17:00:00,2220.225,2226.721,2212.985,2213.984,1292
2022-08-09 21:00:00,2213.984,2218.982,2204.745,2209.992,500
2022-08-10 01:00:00,2209.992,2225.232,2204,2204.251,1414
2022-08-10 05:00:00,2204.251,2206.25,2187.266,2199.259,1715
2022-08-10 09:00:00,2199.259,2259.974,2186.771,2235.49,3674
2022-08-10 13:00:00,2235.49,2258.227,2218.252,2245.488,5180
2022-08-10 17:00:00,2245.488,2255.482,2241.244,2244.494,1626
2022-08-10 21:00:00,2244.494,2252.992,2237.25,2251.494,508
2022-08-11 01:00:00,2251.494,2252.494,2231.013,2231.013,2193
2022-08-11 05:00:00,2231.013,2261.248,2224.768,2260.749,2581
2022-08-11 09:00:00,2260.749,2294.98,2254.004,2291.484,3990
2022-08-11 13:00:00,2291.484,2293.733,2263.004,2285.742,3941
2022-08-11 17:00:00,2285.742,2288.741,2273.254,2280.252,1636
2022-08-11 21:00:00,2280.252,2288.248,2269.014,2270.512,601
2022-08-12 01:00:00,2270.512,2275.76,2259.275,2262.524,745
2022-08-12 05:00:00,2262.524,2270.271,2254.281,2262.029,3578
2022-08-12 09:00:00,2262.029,2275.275,2222.558,2273.027,2231
2022-08-12 13:00:00,2273.027,2276.274,2215.568,2223.314,3984
2022-08-12 17:00:00,2223.314,2230.061,2200.084,2220.57,942
2022-08-14 21:00:00,2220.57,2232.878,2214.137,2232.38,159
2022-08-15 01:00:00,2232.38,2232.88,2203.4,2220.892,463
2022-08-15 05:00:00,2220.892,2221.892,2188.416,2189.416,1766
2022-08-15 09:00:00,2189.416,2189.416,2131.205,2148.196,3217
2022-08-15 13:00:00,2148.196,2186.926,2129.21,2157.945,5031
2022-08-15 17:00:00,2157.945,2163.192,2142.956,2149.455,2463
2022-08-15 21:00:00,2149.455,2151.455,2141.714,2145.212,71
2022-08-16 01:00:00,2145.212,2152.96,2138.968,2146.966,751
2022-08-16 05:00:00,2146.966,2146.966,2120.236,2132.48,937
2022-08-16 09:00:00,2132.48,2132.98,2099.001,2119.742,6914
2022-08-16 13:00:00,2119.742,2169.214,2116.494,2149.23,6482
2022-08-16 17:00:00,2149.23,2158.225,2142.986,2155.73,825
2022-08-16 21:00:00,2155.73,2162.228,2151.738,2154.986,42
2022-08-17 01:00:00,2154.986,2158.239,2149.74,2157.24,733
2022-08-17 05:00:00,2157.24,2160.99,2143.252,2151.498,2385
2022-08-17 09:00:00,2151.498,2154.996,2126.016,2146.256,2618
2022-08-17 13:00:00,2146.256,2159,2131.268,2136.267,5185
2022-08-17 17:00:00,2136.267,2151.01,2132.768,2137.02,1614
2022-08-17 21:00:00,2137.02,2142.77,2135.276,2137.526,219
2022-08-18 01:00:00,2137.526,2143.524,2134.282,2135.781,2588
2022-08-18 05:00:00,2135.781,2172.516,2128.29,2162.022,3773
2022-08-18 09:00:00,2162.022,2185.76,2156.525,2165.524,2543
2022-08-18 13:00:00,2165.524,2167.524,2138.044,2151.288,3469
2022-08-18 17:00:00,2151.288,2157.538,2142.542,2156.789,1496
2022-08-18 21:00:00,2156.789,2161.788,2144.3,2149.048,197
2022-08-19 01:00:00,2149.048,2154.05,2143.552,2151.302,2012
2022-08-19 05:00:00,2151.302,2152.053,2136.314,2143.811,2029
2022-08-19 09:00:00,2143.811,2148.808,2121.828,2129.824,3484
2022-08-19 13:00:00,2129.824,2147.819,2102.092,2131.328,3219
2022-08-19 17:00:00,2131.328,2131.578,2119.088,2124.087,653
2022-08-21 21:00:00,2124.087,2126.896,2115.9,2122.9,317
2022-08-22 01:00:00,2122.9,2145.892,2122.65,2141.645,1638
2022-08-22 05:00:00,2141.645,2141.895,2075.934,2077.683,2626
2022-08-22 09:00:00,2077.683,2081.931,2008.723,2014.22,2666
2022-08-22 13:00:00,2014.22,2022.716,1952.754,1983.491,5185
2022-08-22 17:00:00,1983.491,1991.241,1973.248,1991.241,1022
2022-08-22 21:00:00,1991.241,2021.98,1987.494,2021.231,305
2022-08-23 01:00:00,2021.231,2021.98,2009.238,2014.738,1421
2022-08-23 05:00:00,2014.738,2017.241,1993.004,1993.254,1864
2022-08-23 09:00:00,1993.254,2013.244,1977.516,1987.511,4204
2022-08-23 13:00:00,1987.511,1999.506,1964.277,1972.523,5102
2022-08-23 17:00:00,1972.523,1980.02,1969.776,1972.278,2321
2022-08-23 21:00:00,1972.278,1981.276,1968.031,1978.529,600
2022-08-24 01:00:00,1978.529,1987.526,1975.032,1979.783,7925
2022-08-24 05:00:00,1979.783,1984.535,1957.048,1979.038,1864
2022-08-24 09:00:00,1979.038,2008.778,1973.795,2005.78,2480
2022-08-24 13:00:00,2005.78,2040.515,1986.29,2024.026,3875
2022-08-24 17:00:00,2024.026,2035.022,2017.78,2026.486,1312
2022-08-24 21:00:00,2026.486,2062.418,2026.256,2035.925,508
2022-08-25 01:00:00,2035.925,2057.01,2030.97,2054.284,2830
2022-08-25 05:00:00,2054.284,2084.28,2028.044,2034.982,2783
2022-08-25 09:00:00,2034.982,2100.415,2018.632,2078.864,3441
2022-08-25 13:00:00,2078.864,2156.93,2073.913,2136.622,4717
2022-08-25 17:00:00,2136.622,2140.858,2129.684,2137.638,1723
2022-08-25 21:00:00,2137.638,2141.626,2132.95,2139.893,733
2022-08-26 01:00:00,2139.893,2144.362,2128.272,2131.741,1491
2022-08-26 05:00:00,2131.741,2140.186,2121.358,2126.316,2149
2022-08-26 09:00:00,2126.316,2153.596,2097.09,2138.978,3303
2022-08-26 13:00:00,2138.978,2192.756,2084.734,2111.746,4965
2022-08-26 17:00:00,2111.746,2112.737,2084.254,2094.672,2590
2022-08-28 21:00:00,2094.672,2147.781,2080.116,2116.558,1205
2022-08-29 01:00:00,2116.558,2121.763,2092.026,2099.234,538
2022-08-29 05:00:00,2099.234,2112.624,2078.685,2089.344,6142
2022-08-29 09:00:00,2089.344,2118.604,2082.158,2112.172,12134
2022-08-29 13:00:00,2112.172,2120.872,2091.353,2112.94,10552
2022-08-29 17:00:00,2112.94,2138.244,2109.72,2122.136,4184
2022-08-29 21:00:00,2122.136,2130.834,2122.136,2130.834,405
2022-08-30 01:00:00,2130.834,2136.788,2117.212,2126.648,4121
2022-08-30 05:00:00,2126.648,2148.732,2119.236,2120.972,3392
2022-08-30 09:00:00,2120.972,2121.738,2081.338,2090.51,3763
2022-08-30 13:00:00,2090.51,2097.452,2041.936,2069.961,12334
2022-08-30 17:00:00,2069.961,2071.222,2056.835,2069.738,2484
2022-08-30 21:00:00,2069.738,2073.214,2056.116,2061.335,812
2022-08-31 01:00:00,2061.335,2105.48,2058.362,2104.242,1074
2022-08-31 05:00:00,2104.242,2116.148,2062.622,2069.068,2898
2022-08-31 09:00:00,2069.068,2073.532,2048.762,2050.998,5180
2022-08-31 13:00:00,2050.998,2066.638,2040.359,2061.432,11060
2022-08-31 17:00:00,2061.432,2065.916,2041.107,2062.2,2197
2022-08-31 21:00:00,2062.2,2066.92,2046.608,2046.608,265
2022-09-01 01:00:00,2046.608,2065.224,2046.608,2061.754,1676
2022-09-01 05:00:00,2061.754,2079.132,2049.382,2076.652,2800
2022-09-01 09:00:00,2076.652,2080.124,2004.536,2013.71,4945
2022-09-01 13:00:00,2013.71,2022.142,1971.574,1976.052,7225
2022-09-01 17:00:00,1976.052,1987.476,1974.07,1983.264,1513
2022-09-01 21:00:00,1983.264,2001.132,1981.041,1995.436,660
2022-09-02 01:00:00,1995.436,2016.032,1993.454,2010.582,741
2022-09-02 05:00:00,2010.582,2029.696,2008.85,2024.49,1933
2022-09-02 09:00:00,2024.49,2037.636,1984.594,1988.07,5939
2022-09-02 13:00:00,1988.07,2021.802,1979.396,2008.174,9734
2022-09-02 17:00:00,2008.174,2009.416,1985.62,2003.984,3730
2022-09-04 21:00:00,2003.984,2008.753,1983.696,2003.301,188
2022-09-05 01:00:00,2003.301,2016.466,1991.898,2016.22,443
2022-09-05 05:00:00,2016.22,2020.698,1996.9,2003.101,1491
2022-09-05 09:00:00,2003.101,2016.746,1994.936,1997.173,1410
2022-09-05 13:00:00,1997.173,2009.1,1989.497,2009.1,5063
2022-09-05 17:00:00,2009.1,2014.316,2006.378,2011.34,187
2022-09-05 21:00:00,2011.34,2031.463,2008.141,2023.778,183
2022-09-06 01:00:00,2023.778,2030.741,2016.842,2025.29,1194
2022-09-06 05:00:00,2025.29,2049.597,2008.698,2017.379,1332
2022-09-06 09:00:00,2017.379,2018.868,1970.032,1985.412,5125
2022-09-06 13:00:00,1985.412,2016.411,1951.457,1957.66,6898
2022-09-06 17:00:00,1957.66,1981.738,1927.163,1975.787,1888
2022-09-06 21:00:00,1975.787,1979.523,1960.93,1960.93,550
2022-09-07 01:00:00,1960.93,1963.186,1950.522,1957.482,1840
2022-09-07 05:00:00,1957.482,1987.013,1956.992,1975.609,1864
2022-09-07 09:00:00,1975.609,1992.478,1971.649,1985.305,11232
2022-09-07 13:00:00,1985.305,2018.064,1959.268,2005.418,4106
2022-09-07 17:00:00,2005.418,2027.744,2005.418,2013.378,3077
2022-09-07 21:00:00,2013.378,2023.306,2013.378,2017.122,490
2022-09-08 01:00:00,2017.122,2017.37,1998.28,2009.954,4409
2022-09-08 05:00:00,2009.954,2033.782,2007.231,2021.386,7724
2022-09-08 09:00:00,2021.386,2068.53,2020.146,2059.854,7409
2022-09-08 13:00:00,2059.854,2160.814,2054.648,2130.07,11769
2022-09-08 17:00:00,2130.07,2130.07,2108.99,2119.926,13734
2022-09-08 21:00:00,2119.926,2125.406,2111.998,2117.968,708
2022-09-09 01:00:00,2117.968,2118.464,2077.054,2087.236,5964
2022-09-09 05:00:00,2087.236,2140.332,2085.996,2128.188,1914
2022-09-09 09:00:00,2128.188,2171.11,2126.7,2140.864,4857
2022-09-09 13:00:00,2140.864,2162.469,2129.71,2161.972,7700
2022-09-09 17:00:00,2161.972,2171.402,2147.602,2161.502,1468
2022-09-11 21:00:00,2161.502,2172.986,2156.863,2162.083,470
2022-09-12 01:00:00,2162.083,2167.052,2142.253,2144.991,1059
2022-09-12 05:00:00,2144.991,2180.494,2142.022,2179.005,3159
2022-09-12 09:00:00,2179.005,2230.634,2173.553,2218.478,7328
2022-09-12 13:00:00,2218.478,2262.662,2208.317,2258.2,5181
2022-09-12 17:00:00,2258.2,2259.938,2241.583,2254.506,2142
2022-09-12 21:00:00,2254.506,2260.222,2243.114,2245.6,857
2022-09-13 01:00:00,2245.6,2245.6,2156.3,2159.534,1326
2022-09-13 05:00:00,2159.534,2197.27,2146.882,2186.355,4262
2022-09-13 09:00:00,2186.355,2199.522,2135.268,2144.202,8541
2022-09-13 13:00:00,2144.202,2173.735,2075.498,2091.379,11258
2022-09-13 17:00:00,2091.379,2118.923,2077.251,2088.674,3451
2022-09-13 21:00:00,2088.674,2088.674,2057.176,2068.849,1115
2022-09-14 01:00:00,2068.849,2078.79,2062.399,2075.573,1737
2022-09-14 05:00:00,2075.573,2103.631,2055.489,2085.77,1834
2022-09-14 09:00:00,2085.77,2110.856,2075.866,2104.654,6564
2022-09-14 13:00:00,2104.654,2161.252,2095.724,2159.516,3821
2022-09-14 17:00:00,2159.516,2160.013,2142.661,2151.106,2672
2022-09-14 21:00:00,2151.106,2157.07,2141.936,2149.89,273
2022-09-15 01:00:00,2149.89,2150.398,2139.222,2140.238,781
2022-09-15 05:00:00,2140.238,2145.468,2109.478,2123.885,981
2022-09-15 09:00:00,2123.885,2164.854,2108.263,2157.162,5327
2022-09-15 13:00:00,2157.162,2165.85,2109.539,2128.899,9499
2022-09-15 17:00:00,2128.899,2133.369,2116.752,2125.946,2687
2022-09-15 21:00:00,2125.946,2129.942,2114.052,2128.453,515
2022-09-16 01:00:00,2128.453,2131.931,2118.048,2124.259,1671
2022-09-16 05:00:00,2124.259,2129.227,2073.659,2075.148,1765
2022-09-16 09:00:00,2075.148,2096.99,2066.239,2072.196,3278
2022-09-16 13:00:00,2072.196,2113.895,2071.451,2099.518,6003
2022-09-16 17:00:00,2099.518,2132.05,2094.307,2126.346,5203
2022-09-18 21:00:00,2126.346,2127.414,2111.518,2123.696,937
2022-09-19 01:00:00,2123.696,2128.164,2099.641,2103.367,1266
2022-09-19 05:00:00,2103.367,2122.254,2082.53,2111.087,1277
2022-09-19 09:00:00,2111.087,2122.268,2087.779,2089.02,1788
2022-09-19 13:00:00,2089.02,2211.17,2088.276,2204.966,4014
2022-09-19 17:00:00,2204.966,2225.831,2196.287,2215.169,1725
2022-09-19 21:00:00,2215.169,2215.169,2179.696,2182.18,501
2022-09-20 01:00:00,2182.18,2183.175,2161.094,2163.092,811
2022-09-20 05:00:00,2163.092,2195.874,2152.692,2153.188,2088
2022-09-20 09:00:00,2153.188,2161.888,2138.07,2142.788,5893
2022-09-20 13:00:00,2142.788,2163.914,2100.344,2151.254,4306
2022-09-20 17:00:00,2151.254,2160.213,2128.916,2155.996,3781
2022-09-20 21:00:00,2155.996,2156.513,2141.123,2147.333,248
2022-09-21 01:00:00,2147.333,2147.333,2131.958,2138.917,6025
2022-09-21 05:00:00,2138.917,2194.044,2129.488,2162.528,5397
2022-09-21 09:00:00,2162.528,2188.358,2157.562,2169.752,3138
2022-09-21 13:00:00,2169.752,2178.444,2099.769,2114.914,4410
2022-09-21 17:00:00,2114.914,2171.539,2097.537,2142.496,5863
2022-09-21 21:00:00,2142.496,2155.66,2127.372,2129.114,738
2022-09-22 01:00:00,2129.114,2136.824,2124.408,2133.36,5447
2022-09-22 05:00:00,2133.36,2151.754,2073.044,2118.737,4026
2022-09-22 09:00:00,2118.737,2151.534,2117.745,2150.044,3242
2022-09-22 13:00:00,2150.044,2179.098,2150.044,2158.76,3726
2022-09-22 17:00:00,2158.76,2163.492,2154.314,2160.524,1432
2022-09-22 21:00:00,2160.524,2161.275,2149.612,2158.315,285
2022-09-23 01:00:00,2158.315,2158.563,2119.605,2130.78,1183
2022-09-23 05:00:00,2130.78,2145.44,2106.722,2111.192,2677
2022-09-23 09:00:00,2111.192,2114.67,2059.318,2075.214,5887
2022-09-23 13:00:00,2075.214,2109.977,2049.664,2051.154,4179
2022-09-23 17:00:00,2051.154,2064.562,2048.185,2055.4,3921
2022-09-25 21:00:00,2055.4,2078.31,2051.478,2053.978,3108
2022-09-26 01:00:00,2053.978,2085.03,2053.482,2072.876,3079
2022-09-26 05:00:00,2072.876,2081.576,2044.084,2075.633,7816
2022-09-26 09:00:00,2075.633,2077.372,2018.524,2041.634,2508
2022-09-26 13:00:00,2041.634,2066.472,2013.346,2034.953,5538
2022-09-26 17:00:00,2034.953,2040.178,2021.558,2027.776,6193
2022-09-26 21:00:00,2027.776,2039.46,2023.561,2034.505,938
2022-09-27 01:00:00,2034.505,2036.74,2028.3,2035.274,1001
2022-09-27 05:00:00,2035.274,2049.694,2010.458,2034.801,1834
2022-09-27 09:00:00,2034.801,2104.117,2023.628,2076.799,3391
2022-09-27 13:00:00,2076.799,2115.802,2073.073,2076.824,3979
2022-09-27 17:00:00,2076.824,2076.824,2052.985,2065.175,1807
2022-09-27 21:00:00,2065.175,2065.175,2051.785,2055.761,751
2022-09-28 01:00:00,2055.761,2057.003,2046.328,2051.563,1356
2022-09-28 05:00:00,2051.563,2058.034,2029.224,2056.556,3200
2022-09-28 09:00:00,2056.556,2084.878,2035.708,2073.22,3873
2022-09-28 13:00:00,2073.22,2159.93,2071.731,2152.48,5762
2022-09-28 17:00:00,2152.48,2153.722,2135.114,2137.354,3339
2022-09-28 21:00:00,2137.354,2142.824,2124.214,2125.704,402
2022-09-29 01:00:00,2125.704,2130.922,2112.553,2121.507,1394
2022-09-29 05:00:00,2121.507,2158.534,2105.37,2130.474,6931
2022-09-29 09:00:00,2130.474,2243.518,2130.474,2195.082,3190
2022-09-29 13:00:00,2195.082,2234.344,2159.322,2197.096,5923
2022-09-29 17:00:00,2197.096,2209.024,2181.952,2195.135,2649
2022-09-29 21:00:00,2195.135,2212.549,2195.135,2211.059,821
2022-09-30 01:00:00,2211.059,2211.315,2172.58,2174.072,1147
2022-09-30 05:00:00,2174.072,2223.032,2166.134,2216.328,2068
2022-09-30 09:00:00,2216.328,2216.328,2165.921,2199.959,6029
2022-09-30 13:00:00,2199.959,2225.553,2165.452,2170.176,6943
2022-09-30 17:00:00,2170.176,2174.15,2153.792,2158.773,1836
2022-10-02 21:00:00,2158.773,2172.008,2155.622,2158.112,985
2022-10-03 01:00:00,2158.112,2162.836,2154.898,2157.144,1249
2022-10-03 05:00:00,2157.144,2209.096,2154.926,2186.24,4242
2022-10-03 09:00:00,2186.24,2212.85,2173.576,2188.006,6917
2022-10-03 13:00:00,2188.006,2249.636,2183.037,2225.302,6345
2022-10-03 17:00:00,2225.302,2233.506,2210.168,2217.377,2657
2022-10-03 21:00:00,2217.377,2226.09,2211.174,2222.87,449
2022-10-04 01:00:00,2222.87,2245.251,2222.87,2239.793,1332
2022-10-04 05:00:00,2239.793,2312.364,2238.057,2267.402,2294
2022-10-04 09:00:00,2267.402,2335.512,2248.767,2333.028,4542
2022-10-04 13:00:00,2333.028,2344.482,2288.552,2319.638,13985
2022-10-04 17:00:00,2319.638,2323.116,2298.768,2316.932,2467
2022-10-04 21:00:00,2316.932,2320.916,2292.606,2297.328,1143
2022-10-05 01:00:00,2297.328,2306.774,2292.384,2297.106,1107
2022-10-05 05:00:00,2297.106,2323.716,2277.5,2291.916,4110
2022-10-05 09:00:00,2291.916,2306.342,2246.465,2267.59,5728
2022-10-05 13:00:00,2267.59,2275.542,2190.312,2240.778,10910
2022-10-05 17:00:00,2240.778,2254.218,2233.571,2250.993,2961
2022-10-05 21:00:00,2250.993,2270.897,2235.35,2262.948,847
2022-10-06 01:00:00,2262.948,2272.418,2250.774,2267.946,1608
2022-10-06 05:00:00,2267.946,2270.451,2242.87,2246.351,2156
2022-10-06 09:00:00,2246.351,2298.814,2242.624,2292.852,3249
2022-10-06 13:00:00,2292.852,2299.566,2252.353,2263.056,7876
2022-10-06 17:00:00,2263.056,2269.766,2246.925,2252.644,1114
2022-10-06 21:00:00,2252.644,2257.873,2243.227,2243.227,632
2022-10-07 01:00:00,2243.227,2258.9,2237.76,2249.964,1284
2022-10-07 05:00:00,2249.964,2260.926,2235.56,2257.944,1507
2022-10-07 09:00:00,2257.944,2289.282,2219.446,2248.278,4453
2022-10-07 13:00:00,2248.278,2258.48,2173.99,2177.222,7214
2022-10-07 17:00:00,2177.222,2190.17,2170.03,2182.466,2831
2022-10-09 21:00:00,2182.466,2193.484,2163.906,2173.606,796
2022-10-10 01:00:00,2173.606,2182.319,2168.634,2174.128,2286
2022-10-10 05:00:00,2174.128,2181.608,2157.487,2172.166,3022
2022-10-10 09:00:00,2172.166,2259.444,2172.166,2244.034,3522
2022-10-10 13:00:00,2244.034,2247.764,2148.85,2153.076,7388
2022-10-10 17:00:00,2153.076,2182.416,2140.398,2171,3735
2022-10-10 21:00:00,2171,2182.461,2165.787,2180.472,613
2022-10-11 01:00:00,2180.472,2182.216,2158.122,2168.068,2763
2022-10-11 05:00:00,2168.068,2191.458,2155.654,2177.79,5456
2022-10-11 09:00:00,2177.79,2190.486,2158.671,2176.822,4620
2022-10-11 13:00:00,2176.822,2185.275,2109.212,2136.821,9290
2022-10-11 17:00:00,2136.821,2145.028,2104.763,2118.448,3729
2022-10-11 21:00:00,2118.448,2124.428,2113.482,2117.23,685
2022-10-12 01:00:00,2117.23,2150.565,2111.02,2146.095,1858
2022-10-12 05:00:00,2146.095,2172.462,2129.705,2137.668,1992
2022-10-12 09:00:00,2137.668,2150.356,2107.109,2124.267,4581
2022-10-12 13:00:00,2124.267,2156.854,2094.694,2121.06,4722
2022-10-12 17:00:00,2121.06,2145.685,2115.342,2128.296,1586
2022-10-12 21:00:00,2128.296,2140.498,2128.296,2135.78,1153
2022-10-13 01:00:00,2135.78,2137.769,2124.104,2130.584,1417
2022-10-13 05:00:00,2130.584,2137.551,2108.22,2136.328,1985
2022-10-13 09:00:00,2136.328,2150.518,2003.824,2056.788,4010
2022-10-13 13:00:00,2056.788,2118.965,2023.721,2103.806,11940
2022-10-13 17:00:00,2103.806,2111.022,2097.848,2101.096,5222
2022-10-13 21:00:00,2101.096,2108.066,2098.119,2100.126,502
2022-10-14 01:00:00,2100.126,2122.528,2099.631,2120.044,890
2022-10-14 05:00:00,2120.044,2127.016,2090.23,2090.727,3410
2022-10-14 09:00:00,2090.727,2092.22,2043.254,2074.838,5145
2022-10-14 13:00:00,2074.838,2081.8,1979.374,1983.104,6715
2022-10-14 17:00:00,1983.104,2005.238,1980.13,1987.356,3402
2022-10-16 21:00:00,1987.356,2015.764,1982.174,2014.522,769
2022-10-17 01:00:00,2014.522,2020.744,2004.34,2013.054,676
2022-10-17 05:00:00,2013.054,2028.728,1989.696,2007.606,2663
2022-10-17 09:00:00,2007.606,2028.27,1998.664,2012.604,3206
2022-10-17 13:00:00,2012.604,2029.272,1979.785,1989.248,7085
2022-10-17 17:00:00,1989.248,1997.956,1982.056,1982.806,6618
2022-10-17 21:00:00,1982.806,1998.498,1982.806,1998.498,413
2022-10-18 01:00:00,1998.498,2014.687,1992.04,2007.974,842
2022-10-18 05:00:00,2007.974,2018.687,1998.296,1998.795,3523
2022-10-18 09:00:00,1998.795,2020.952,1991.089,2015.484,2705
2022-10-18 13:00:00,2015.484,2026.434,1997.844,2002.822,6426
2022-10-18 17:00:00,2002.822,2009.292,2000.594,2007.572,1968
2022-10-18 21:00:00,2007.572,2016.545,2005.341,2011.824,421
2022-10-19 01:00:00,2011.824,2020.546,2010.83,2016.326,1140
2022-10-19 05:00:00,2016.326,2019.56,1985.75,1992.718,2578
2022-10-19 09:00:00,1992.718,1996.456,1943.736,1956.922,3584
2022-10-19 13:00:00,1956.922,1995.48,1951.698,1978.836,5447
2022-10-19 17:00:00,1978.836,1993.284,1972.38,1989.306,1715
2022-10-19 21:00:00,1989.306,1990.806,1973.404,1977.39,777
2022-10-20 01:00:00,1977.39,1983.383,1962.226,1981.642,1273
2022-10-20 05:00:00,1981.642,1992.606,1966.739,1969.227,2256
2022-10-20 09:00:00,1969.227,2036.166,1965.248,2007.562,7031
2022-10-20 13:00:00,2007.562,2082.963,1999.601,2069.28,9794
2022-10-20 17:00:00,2069.28,2070.276,2041.434,2050.646,2605
2022-10-20 21:00:00,2050.646,2050.646,2035.488,2042.213,622
2022-10-21 01:00:00,2042.213,2050.185,2040.479,2042.237,1544
2022-10-21 05:00:00,2042.237,2054.193,2002.704,2007.432,2963
2022-10-21 09:00:00,2007.432,2014.909,1943.266,1981.332,5006
2022-10-21 13:00:00,1981.332,2001.758,1952.476,1995.289,10560
2022-10-21 17:00:00,1995.289,2015.199,1995.289,2004.02,3545
2022-10-23 21:00:00,2004.02,2061.546,2004.02,2030.954,2565
2022-10-24 01:00:00,2030.954,2032.198,2014.542,2023.514,929
2022-10-24 05:00:00,2023.514,2041.442,1998.404,2005.372,2281
2022-10-24 09:00:00,2005.372,2014.582,1977.523,1989.221,4027
2022-10-24 13:00:00,1989.221,1997.437,1953.16,1958.637,9538
2022-10-24 17:00:00,1958.637,1960.641,1951.92,1957.167,3270
2022-10-24 21:00:00,1957.167,1972.122,1951.699,1972.122,925
2022-10-25 01:00:00,1972.122,1978.114,1962.918,1973.638,1335
2022-10-25 05:00:00,1973.638,1985.838,1946.536,1953.754,2753
2022-10-25 09:00:00,1953.754,1968.687,1866.922,1878.622,4713
2022-10-25 13:00:00,1878.622,1932.63,1871.156,1906.516,7307
2022-10-25 17:00:00,1906.516,1924.199,1905.77,1915.248,1590
2022-10-25 21:00:00,1915.248,1936.16,1915.248,1924.23,967
2022-10-26 01:00:00,1924.23,1950.88,1921.494,1948.394,1968
2022-10-26 05:00:00,1948.394,1961.353,1937.457,1943.44,2485
2022-10-26 09:00:00,1943.44,1955.404,1924.284,1945.951,3336
2022-10-26 13:00:00,1945.951,1965.135,1935.259,1951.948,5937
2022-10-26 17:00:00,1951.948,1957.444,1939.01,1953.215,2216
2022-10-26 21:00:00,1953.215,1966.424,1953.215,1963.442,913
2022-10-27 01:00:00,1963.442,1974.397,1960.216,1971.679,1427
2022-10-27 05:00:00,1971.679,1985.636,1945.809,1953.534,2576
2022-10-27 09:00:00,1953.534,1960.753,1917.963,1937.628,6941
2022-10-27 13:00:00,1937.628,1941.624,1898.81,1925.952,8940
2022-10-27 17:00:00,1925.952,1935.184,1920.732,1934.438,5330
2022-10-27 21:00:00,1934.438,1935.202,1919.76,1930.976,699
2022-10-28 01:00:00,1930.976,1943.934,1929.732,1940.956,2251
2022-10-28 05:00:00,1940.956,1955.149,1914.095,1917.084,3406
2022-10-28 09:00:00,1917.084,1927.79,1876.533,1877.28,8119
2022-10-28 13:00:00,1877.28,1914.37,1872.8,1889.748,5304
2022-10-28 17:00:00,1889.748,1898.23,1876.562,1889.522,2058
2022-10-30 21:00:00,1889.522,1900.516,1876.355,1899.522,717
2022-10-31 01:00:00,1899.522,1908.751,1891.561,1906.516,1260
2022-10-31 05:00:00,1906.516,1908.268,1882.637,1887.368,2389
2022-10-31 09:00:00,1887.368,1897.578,1837.845,1849.05,3126
2022-10-31 13:00:00,1849.05,1850.046,1801.999,1822.184,5829
2022-10-31 17:00:00,1822.184,1836.876,1821.686,1828.181,1482
2022-10-31 21:00:00,1828.181,1840.899,1828.181,1839.406,442
2022-11-01 01:00:00,1839.406,1851.628,1839.158,1851.628,1290
2022-11-01 05:00:00,1851.628,1877.539,1834.464,1851.65,2670
2022-11-01 09:00:00,1851.65,1934.831,1847.916,1917.652,4512
2022-11-01 13:00:00,1917.652,1937.572,1865.136,1872.36,6967
2022-11-01 17:00:00,1872.36,1880.582,1862.918,1868.149,1342
2022-11-01 21:00:00,1868.149,1880.37,1862.429,1879.376,719
2022-11-02 01:00:00,1879.376,1890.846,1874.649,1885.872,1307
2022-11-02 05:00:00,1885.872,1903.322,1879.896,1897.597,1785
2022-11-02 09:00:00,1897.597,1901.102,1854.292,1870.23,2612
2022-11-02 13:00:00,1870.23,1883.678,1835.887,1846.099,5050
2022-11-02 17:00:00,1846.099,1883.953,1834.65,1842.385,4749
2022-11-02 21:00:00,1842.385,1848.118,1831.941,1843.652,775
2022-11-03 01:00:00,1843.652,1858.861,1842.906,1856.623,1661
2022-11-03 05:00:00,1856.623,1860.609,1818.045,1826.016,2871
2022-11-03 09:00:00,1826.016,1827.261,1753.075,1767.021,4098
2022-11-03 13:00:00,1767.021,1810.112,1757.31,1791.944,8724
2022-11-03 17:00:00,1791.944,1801.166,1785.239,1785.989,10912
2022-11-03 21:00:00,1785.989,1792.468,1783.255,1790.492,546
2022-11-04 01:00:00,1790.492,1819.65,1787.008,1817.16,1291
2022-11-04 05:00:00,1817.16,1825.396,1803.733,1805.228,3046
2022-11-04 09:00:00,1805.228,1880.456,1796.776,1869.25,9663
2022-11-04 13:00:00,1869.25,1904.368,1822.952,1832.415,12213
2022-11-04 17:00:00,1832.415,1866.794,1831.422,1858.835,3472
2022-11-06 22:00:00,1858.835,1858.835,1840.933,1852.652,1272
2022-11-07 02:00:00,1852.652,1880.32,1850.413,1872.85,1100
2022-11-07 06:00:00,1872.85,1901.76,1848.699,1870.63,2217
2022-11-07 10:00:00,1870.63,1880.595,1830.044,1858.945,4108
2022-11-07 14:00:00,1858.945,1894.836,1841.758,1892.346,3796
2022-11-07 18:00:00,1892.346,1898.823,1883.38,1890.873,1930
2022-11-07 22:00:00,1890.873,1894.128,1883.412,1890.646,627
2022-11-08 02:00:00,1890.646,1890.902,1874.477,1874.975,1481
2022-11-08 06:00:00,1874.975,1887.192,1841.115,1853.077,2133
2022-11-08 10:00:00,1853.077,1881.74,1849.092,1865.803,4368
2022-11-08 14:00:00,1865.803,1929.597,1850.359,1918.886,8714
2022-11-08 18:00:00,1918.886,1924.616,1901.456,1912.93,3141
2022-11-08 22:00:00,1912.93,1912.93,1898.248,1904.98,871
2022-11-09 02:00:00,1904.98,1911.464,1901.26,1904.007,1558
2022-11-09 06:00:00,1904.007,1939.895,1896.038,1910.008,2678
2022-11-09 10:00:00,1910.008,1928.454,1866.676,1884.122,10679
2022-11-09 14:00:00,1884.122,1912.03,1845.52,1855.744,5499
2022-11-09 18:00:00,1855.744,1856.513,1825.11,1856.015,4800
2022-11-09 22:00:00,1856.015,1859.273,1845.062,1858.28,4481
2022-11-10 02:00:00,1858.28,1870.746,1854.296,1868.017,3471
2022-11-10 06:00:00,1868.017,1868.017,1822.692,1825.935,3548
2022-11-10 10:00:00,1825.935,1884.754,1797.04,1879.024,4953
2022-11-10 14:00:00,1879.024,1955.769,1873.294,1944.322,9629
2022-11-10 18:00:00,1944.322,1966.756,1942.328,1956.553,5547
2022-11-10 22:00:00,1956.553,1959.549,1935.398,1936.644,1221
2022-11-11 02:00:00,1936.644,1956.35,1928.188,1949.872,2001
2022-11-11 06:00:00,1949.872,2028.872,1944.393,2010.192,4340
2022-11-11 10:00:00,2010.192,2036.376,1982.298,2025.414,4738
2022-11-11 14:00:00,2025.414,2031.394,1985.804,2019.707,9115
2022-11-11 18:00:00,2019.707,2038.916,2011.984,2038.668,3206
2022-11-13 22:00:00,2038.668,2038.668,2004.093,2011.57,1073
2022-11-14 02:00:00,2011.57,2024.784,1999.383,2001.626,1475
2022-11-14 06:00:00,2001.626,2031.793,1996.166,1998.16,5485
2022-11-14 10:00:00,1998.16,2016.37,1947.334,1998.682,9091
2022-11-14 14:00:00,1998.682,2034.842,1976.754,2033.098,6609
2022-11-14 18:00:00,2033.098,2035.596,2018.163,2021.658,2431
2022-11-14 22:00:00,2021.658,2021.914,2013.702,2015.452,736
2022-11-15 02:00:00,2015.452,2020.948,2012.98,2016.722,886
2022-11-15 06:00:00,2016.722,2062.848,2016.472,2058.366,3704
2022-11-15 10:00:00,2058.366,2105.742,2044.673,2096.522,6027
2022-11-15 14:00:00,2096.522,2100.262,2054.158,2074.116,6285
2022-11-15 18:00:00,2074.116,2105.283,2063.402,2094.828,6349
2022-11-15 22:00:00,2094.828,2105.556,2090.6,2096.598,1163
2022-11-16 02:00:00,2096.598,2098.592,2069.944,2078.677,1171
2022-11-16 06:00:00,2078.677,2096.643,2065.726,2091.662,1871
2022-11-16 10:00:00,2091.662,2096.15,2061.525,2068.756,2217
2022-11-16 14:00:00,2068.756,2089.946,2045.086,2076.009,4639
2022-11-16 18:00:00,2076.009,2078.004,2066.06,2069.802,1560
2022-11-16 22:00:00,2069.802,2070.065,2050.135,2054.124,671
2022-11-17 02:00:00,2054.124,2056.118,2027.722,2029.472,1222
2022-11-17 06:00:00,2029.472,2061.642,2029.472,2042.208,1795
2022-11-17 10:00:00,2042.208,2050.683,1978.668,1982.409,4855
2022-11-17 14:00:00,1982.409,2010.834,1970.194,2004.618,4641
2022-11-17 18:00:00,2004.618,2006.616,1993.898,2003.644,1782
2022-11-17 22:00:00,2003.644,2019.368,2003.644,2014.386,640
2022-11-18 02:00:00,2014.386,2021.627,1997.706,2005.186,1255
2022-11-18 06:00:00,2005.186,2007.182,1961.33,1968.566,1835
2022-11-18 10:00:00,1968.566,1979.789,1952.63,1961.86,3967
2022-11-18 14:00:00,1961.86,1972.841,1926.484,1935.956,5869
2022-11-18 18:00:00,1935.956,1949.92,1927.49,1932.49,1994
2022-11-20 22:00:00,1932.49,1941,1900.871,1915.335,1700
2022-11-21 02:00:00,1915.335,1917.84,1904.615,1916.604,1430
2022-11-21 06:00:00,1916.604,1925.34,1871.746,1876.235,3056
2022-11-21 10:00:00,1876.235,1916.646,1873.492,1890.47,3708
2022-11-21 14:00:00,1890.47,1892.962,1823.404,1848.603,5743
2022-11-21 18:00:00,1848.603,1867.82,1847.854,1857.102,2251
2022-11-21 22:00:00,1857.102,1879.562,1856.11,1872.084,448
2022-11-22 02:00:00,1872.084,1884.568,1869.345,1874.6,812
2022-11-22 06:00:00,1874.6,1886.341,1865.387,1882.104,2437
2022-11-22 10:00:00,1882.104,1889.339,1841.23,1857.44,3366
2022-11-22 14:00:00,1857.44,1873.15,1845.991,1845.991,3903
2022-11-22 18:00:00,1845.991,1858.718,1845.742,1853.993,1516
2022-11-22 22:00:00,1853.993,1867.464,1853.264,1854.762,933
2022-11-23 02:00:00,1854.762,1873.485,1852.53,1868.25,1218
2022-11-23 06:00:00,1868.25,1894.444,1868.001,1884.731,1407
2022-11-23 10:00:00,1884.731,1884.98,1857.818,1876.275,2490
2022-11-23 14:00:00,1876.275,1881.02,1854.832,1869.314,3641
2022-11-23 18:00:00,1869.314,1889.52,1869.314,1877.316,2003
2022-11-23 22:00:00,1877.316,1891.051,1877.316,1889.309,531
2022-11-24 02:00:00,1889.309,1893.561,1886.068,1888.584,1027
2022-11-24 06:00:00,1888.584,1905.809,1881.365,1888.107,2000
2022-11-24 10:00:00,1888.107,1898.598,1874.894,1891.372,2289
2022-11-24 14:00:00,1891.372,1894.365,1880.67,1882.665,1539
2022-11-24 18:00:00,1882.665,1882.666,1874.69,1880.678,433
2022-11-24 22:00:00,1880.678,1884.694,1876.724,1878.72,187
2022-11-25 02:00:00,1878.72,1882.482,1876.232,1877.495,484
2022-11-25 06:00:00,1877.495,1880.987,1856.816,1862.553,1775
2022-11-25 10:00:00,1862.553,1868.292,1817.182,1821.174,1985
2022-11-25 14:00:00,1821.174,1833.399,1795.237,1820.696,3760
2022-11-25 18:00:00,1820.696,1854.62,1814.212,1847.637,355
2022-11-27 22:00:00,1847.637,1847.637,1814.25,1823.992,921
2022-11-28 02:00:00,1823.992,1841.718,1822.246,1832.246,1718
2022-11-28 06:00:00,1832.246,1868.434,1831.996,1843.992,3165
2022-11-28 10:00:00,1843.992,1857.484,1816.57,1843.765,7254
2022-11-28 14:00:00,1843.765,1847.756,1809.598,1831.862,7940
2022-11-28 18:00:00,1831.862,1832.854,1815.255,1831.634,7990
2022-11-28 22:00:00,1831.634,1842.816,1827.67,1842.816,647
2022-11-29 02:00:00,1842.816,1862.675,1839.101,1859.95,816
2022-11-29 06:00:00,1859.95,1869.137,1829.958,1837.151,3705
2022-11-29 10:00:00,1837.151,1847.323,1828.737,1830.474,1776
2022-11-29 14:00:00,1830.474,1853.547,1797.734,1816.108,7195
2022-11-29 18:00:00,1816.108,1828.516,1810.157,1821.585,2159
2022-11-29 22:00:00,1821.585,1843.183,1820.35,1837.48,778
2022-11-30 02:00:00,1837.48,1858.831,1835.498,1856.35,1418
2022-11-30 06:00:00,1856.35,1877.698,1851.887,1867.534,2130
2022-11-30 10:00:00,1867.534,1919.642,1858.364,1895.335,4440
2022-11-30 14:00:00,1895.335,1903.274,1837.546,1853.932,11699
2022-11-30 18:00:00,1853.932,1881.474,1846.492,1867.594,3175
2022-11-30 22:00:00,1867.594,1889.692,1866.36,1885.724,926
2022-12-01 02:00:00,1885.724,1901.122,1878.778,1899.636,1716
2022-12-01 06:00:00,1899.636,1907.58,1871.377,1872.37,2104
2022-12-01 10:00:00,1872.37,1905.876,1867.16,1884.296,3341
2022-12-01 14:00:00,1884.296,1934.427,1848.081,1929.218,13713
2022-12-01 18:00:00,1929.218,1937.412,1914.832,1931.72,1887
2022-12-01 22:00:00,1931.72,1931.72,1911.39,1918.345,812
2022-12-02 02:00:00,1918.345,1921.084,1900.981,1917.869,1226
2022-12-02 06:00:00,1917.869,1930.292,1884.4,1891.346,2387
2022-12-02 10:00:00,1891.346,1912.198,1854.896,1878.219,3170
2022-12-02 14:00:00,1878.219,1901.554,1856.636,1883.696,7552
2022-12-02 18:00:00,1883.696,1892.648,1874.27,1887.687,1892
2022-12-04 22:00:00,1887.687,1905.323,1886.7,1904.084,1150
2022-12-05 02:00:00,1904.084,1909.802,1903.34,1905.345,1200
2022-12-05 06:00:00,1905.345,1923.472,1892.215,1892.215,2353
2022-12-05 10:00:00,1892.215,1915.062,1890.23,1895.462,2802
2022-12-05 14:00:00,1895.462,1906.132,1840.892,1849.826,4704
2022-12-05 18:00:00,1849.826,1870.424,1842.382,1868.208,2121
2022-12-05 22:00:00,1868.208,1881.379,1861.266,1877.658,1188
2022-12-06 02:00:00,1877.658,1879.158,1868.729,1874.453,1625
2022-12-06 06:00:00,1874.453,1883.89,1849.41,1851.396,1974
2022-12-06 10:00:00,1851.396,1875.236,1851.396,1865.064,5298
2022-12-06 14:00:00,1865.064,1872.016,1832.327,1835.803,11346
2022-12-06 18:00:00,1835.803,1841.021,1831.091,1834.582,2460
2022-12-06 22:00:00,1834.582,1845.024,1834.34,1844.776,696
2022-12-07 02:00:00,1844.776,1864.896,1839.325,1857.95,1086
2022-12-07 06:00:00,1857.95,1868.628,1831.168,1834.891,2281
2022-12-07 10:00:00,1834.891,1852.034,1829.432,1850.298,4196
2022-12-07 14:00:00,1850.298,1863.702,1826.49,1841.384,4475
2022-12-07 18:00:00,1841.384,1848.336,1834.452,1836.44,1385
2022-12-07 22:00:00,1836.44,1841.161,1830.003,1835.964,855
2022-12-08 02:00:00,1835.964,1844.918,1828.769,1843.43,1718
2022-12-08 06:00:00,1843.43,1858.576,1836.748,1840.72,2206
2022-12-08 10:00:00,1840.72,1852.898,1838.491,1843.718,1991
2022-12-08 14:00:00,1843.718,1920.178,1843.47,1916.455,6671
2022-12-08 18:00:00,1916.455,1930.107,1911.748,1915.98,1986
2022-12-08 22:00:00,1915.98,1918.219,1902.096,1908.556,918
2022-12-09 02:00:00,1908.556,1913.29,1900.868,1911.554,2375
2022-12-09 06:00:00,1911.554,1932.42,1898.906,1913.56,1624
2022-12-09 10:00:00,1913.56,1931.946,1907.374,1913.582,3717
2022-12-09 14:00:00,1913.582,1958.278,1906.385,1955.052,7986
2022-12-09 18:00:00,1955.052,1955.056,1941.666,1944.897,3744
2022-12-11 22:00:00,1944.897,1945.656,1932.266,1935.741,919
2022-12-12 02:00:00,1935.741,1936.487,1922.851,1922.854,1274
2022-12-12 06:00:00,1922.854,1946.206,1912.926,1924.116,6539
2022-12-12 10:00:00,1924.116,1925.616,1890.872,1895.837,3646
2022-12-12 14:00:00,1895.837,1921.16,1868.551,1869.047,6047
2022-12-12 18:00:00,1869.047,1882.954,1864.34,1874.28,2326
2022-12-12 22:00:00,1874.28,1881.498,1866.346,1878.274,688
2022-12-13 02:00:00,1878.274,1886.734,1877.532,1884.252,945
2022-12-13 06:00:00,1884.252,1898.912,1881.026,1887.252,1868
2022-12-13 10:00:00,1887.252,1925.504,1886.756,1923.518,7194
2022-12-13 14:00:00,1923.518,1987.328,1918.326,1927.264,10226
2022-12-13 18:00:00,1927.264,1933.976,1918.83,1921.822,3293
2022-12-13 22:00:00,1921.822,1927.787,1914.142,1920.354,1203
2022-12-14 02:00:00,1920.354,1924.593,1917.138,1919.382,2307
2022-12-14 06:00:00,1919.382,1931.81,1914.436,1919.404,2771
2022-12-14 10:00:00,1919.404,1924.376,1905.016,1919.424,3445
2022-12-14 14:00:00,1919.424,1921.659,1897.082,1907.28,6091
2022-12-14 18:00:00,1907.28,1919.458,1897.106,1912.018,4710
2022-12-14 22:00:00,1912.018,1913.264,1898.631,1899.128,1531
2022-12-15 02:00:00,1899.128,1900.121,1892.192,1899.397,1654
2022-12-15 06:00:00,1899.397,1907.348,1855.47,1862.671,2697
2022-12-15 10:00:00,1862.671,1892.976,1855.968,1878.334,3970
2022-12-15 14:00:00,1878.334,1890.252,1798.651,1800.638,6174
2022-12-15 18:00:00,1800.638,1813.301,1750.488,1780.298,2426
2022-12-15 22:00:00,1780.298,1805.394,1772.36,1802.416,1517
2022-12-16 02:00:00,1802.416,1811.62,1800.181,1807.65,2636
2022-12-16 06:00:00,1807.65,1812.124,1762.722,1784.825,4383
2022-12-16 10:00:00,1784.825,1807.422,1698.68,1723.761,4750
2022-12-16 14:00:00,1723.761,1731.222,1692.492,1696.465,6948
2022-12-16 18:00:00,1696.465,1711.618,1692.759,1694.498,5211
2022-12-18 22:00:00,1694.498,1728.015,1694.498,1722.554,831
2022-12-19 02:00:00,1722.554,1724.79,1713.38,1714.874,2106
2022-12-19 06:00:00,1714.874,1728.794,1706.943,1710.174,3935
2022-12-19 10:00:00,1710.174,1719.367,1679.144,1698.52,4575
2022-12-19 14:00:00,1698.52,1711.436,1645.628,1650.853,6416
2022-12-19 18:00:00,1650.853,1661.784,1643.912,1653.851,1743
2022-12-19 22:00:00,1653.851,1662.066,1645.916,1659.83,719
2022-12-20 02:00:00,1659.83,1671.512,1656.851,1661.339,2705
2022-12-20 06:00:00,1661.339,1684.7,1659.352,1672.037,3623
2022-12-20 10:00:00,1672.037,1680.985,1641.504,1651.937,3459
2022-12-20 14:00:00,1651.937,1733.41,1642.004,1722.246,5423
2022-12-20 18:00:00,1722.246,1723.736,1712.328,1714.316,1751
2022-12-20 22:00:00,1714.316,1726.75,1714.316,1719.8,1462
2022-12-21 02:00:00,1719.8,1724.277,1713.342,1720.315,2060
2022-12-21 06:00:00,1720.315,1728.522,1673.637,1677.612,2948
2022-12-21 10:00:00,1677.612,1706.192,1671.898,1697.75,3071
2022-12-21 14:00:00,1697.75,1698.246,1650.074,1656.783,5444
2022-12-21 18:00:00,1656.783,1676.673,1652.81,1676.424,1698
2022-12-21 22:00:00,1676.424,1691.844,1667.238,1691.098,708
2022-12-22 02:00:00,1691.098,1702.543,1687.129,1700.804,969
2022-12-22 06:00:00,1700.804,1726.151,1687.148,1702.81,2697
2022-12-22 10:00:00,1702.81,1721.7,1669.542,1674.759,2873
2022-12-22 14:00:00,1674.759,1712.77,1645.215,1663.599,4971
2022-12-22 18:00:00,1663.599,1669.082,1655.16,1667.592,2652
2022-12-22 22:00:00,1667.592,1672.566,1662.132,1671.584,879
2022-12-23 02:00:00,1671.584,1673.324,1664.879,1667.877,1488
2022-12-23 06:00:00,1667.877,1676.331,1629.882,1643.798,3430
2022-12-23 10:00:00,1643.798,1690.27,1636.842,1674.869,3658
2022-12-23 14:00:00,1674.869,1730.032,1674.869,1721.592,5503
2022-12-23 18:00:00,1721.592,1741.485,1720.846,1737.758,1878
2022-12-26 22:00:00,1737.758,1763.954,1737.758,1756.508,981
2022-12-27 02:00:00,1756.508,1760.004,1751.796,1758.266,956
2022-12-27 06:00:00,1758.266,1772.198,1752.806,1769.468,3333
2022-12-27 10:00:00,1769.468,1792.346,1758.796,1778.681,5542
2022-12-27 14:00:00,1778.681,1822.184,1772.966,1815.477,4570
2022-12-27 18:00:00,1815.477,1822.7,1807.035,1817.485,1633
2022-12-27 22:00:00,1817.485,1821.468,1802.838,1808.31,1527
2022-12-28 02:00:00,1808.31,1816.774,1793.402,1811.808,1319
2022-12-28 06:00:00,1811.808,1829.464,1781.014,1781.263,2098
2022-12-28 10:00:00,1781.263,1809.611,1777.536,1796.69,2014
2022-12-28 14:00:00,1796.69,1802.902,1741.532,1770.368,4007
2022-12-28 18:00:00,1770.368,1783.058,1763.666,1779.582,1446
2022-12-28 22:00:00,1779.582,1779.582,1770.646,1775.626,414
2022-12-29 02:00:00,1775.626,1782.102,1775.626,1778.13,1065
2022-12-29 06:00:00,1778.13,1778.878,1753.296,1756.031,1713
2022-12-29 10:00:00,1756.031,1763.256,1743.125,1761.02,2407
2022-12-29 14:00:00,1761.02,1830.13,1761.02,1807.018,4013
2022-12-29 18:00:00,1807.018,1808.757,1791.612,1804.054,2117
2022-12-29 22:00:00,1804.054,1814.002,1800.091,1807.554,456
2022-12-30 02:00:00,1807.554,1813.026,1795.382,1800.118,2041
2022-12-30 06:00:00,1800.118,1817.769,1777.023,1778.018,1342
2022-12-30 10:00:00,1778.018,1790.95,1768.59,1776.298,2403
2022-12-30 14:00:00,1776.298,1792.72,1746.726,1786.01,5582
2022-12-30 18:00:00,1786.01,1796.449,1775.579,1782.052,1800
2023-01-02 22:00:00,1782.052,1807.517,1765.766,1770.242,1043
2023-01-03 02:00:00,1770.242,1793.378,1770.242,1789.901,1502
2023-01-03 06:00:00,1789.901,1802.348,1775.986,1796.633,2341
2023-01-03 10:00:00,1796.633,1797.379,1775.513,1786.46,2485
2023-01-03 14:00:00,1786.46,1789.944,1667.646,1686.789,5769
2023-01-03 18:00:00,1686.789,1704.948,1682.562,1697.497,4411
2023-01-03 22:00:00,1697.497,1723.123,1693.027,1723.123,895
2023-01-04 02:00:00,1723.123,1736.066,1718.402,1727.866,1518
2023-01-04 06:00:00,1727.866,1736.326,1710.726,1711.973,3104
2023-01-04 10:00:00,1711.973,1734.614,1698.812,1728.152,3162
2023-01-04 14:00:00,1728.152,1795.544,1719.456,1786.1,6031
2023-01-04 18:00:00,1786.1,1795.804,1768.702,1781.644,2277
2023-01-04 22:00:00,1781.644,1784.632,1764.748,1776.94,853
2023-01-05 02:00:00,1776.94,1786.654,1767.996,1782.678,1211
2023-01-05 06:00:00,1782.678,1793.14,1768.018,1789.41,2054
2023-01-05 10:00:00,1789.41,1816.764,1776.998,1782.468,2725
2023-01-05 14:00:00,1782.468,1787.442,1713.114,1720.826,6403
2023-01-05 18:00:00,1720.826,1738.73,1719.832,1731.038,2540
2023-01-05 22:00:00,1731.038,1743.489,1725.33,1743.24,830
2023-01-06 02:00:00,1743.24,1756.93,1743.24,1752.46,1134
2023-01-06 06:00:00,1752.46,1754.95,1729.6,1736.814,1853
2023-01-06 10:00:00,1736.814,1763.19,1725.392,1755.233,3606
2023-01-06 14:00:00,1755.233,1799.513,1745.042,1795.534,6512
2023-01-06 18:00:00,1795.534,1805.489,1788.09,1797.792,1934
2023-01-08 22:00:00,1797.792,1807.981,1792.568,1804.514,4955
2023-01-09 02:00:00,1804.514,1813.487,1803.023,1813.487,1533
2023-01-09 06:00:00,1813.487,1830.164,1810.274,1811.02,2597
2023-01-09 10:00:00,1811.02,1816.75,1779.704,1781.444,3704
2023-01-09 14:00:00,1781.444,1791.642,1749.628,1762.064,5204
2023-01-09 18:00:00,1762.064,1766.808,1755.104,1765.566,1215
2023-01-09 22:00:00,1765.566,1773.292,1763.837,1771.554,1363
2023-01-10 02:00:00,1771.554,1780.278,1768.326,1777.294,1667
2023-01-10 06:00:00,1777.294,1780.288,1765.615,1774.826,1489
2023-01-10 10:00:00,1774.826,1791.008,1763.636,1786.536,2756
2023-01-10 14:00:00,1786.536,1802.703,1757.702,1772.129,6055
2023-01-10 18:00:00,1772.129,1772.876,1758.202,1769.413,1602
2023-01-10 22:00:00,1769.413,1773.15,1757.978,1762.965,758
2023-01-11 02:00:00,1762.965,1774.176,1762.965,1773.182,1685
2023-01-11 06:00:00,1773.182,1783.644,1769.212,1778.426,2142
2023-01-11 10:00:00,1778.426,1783.152,1751.83,1753.074,1630
2023-01-11 14:00:00,1753.074,1774.236,1737.662,1768.764,5519
2023-01-11 18:00:00,1768.764,1771.004,1760.822,1765.55,2019
2023-01-11 22:00:00,1765.55,1768.056,1753.87,1765.818,923
2023-01-12 02:00:00,1765.818,1775.286,1765.569,1773.05,1818
2023-01-12 06:00:00,1773.05,1779.024,1767.344,1770.334,1870
2023-01-12 10:00:00,1770.334,1785.278,1753.186,1775.826,3221
2023-01-12 14:00:00,1775.826,1783.556,1726.826,1783.059,4499
2023-01-12 18:00:00,1783.059,1788.283,1775.604,1783.824,1705
2023-01-12 22:00:00,1783.824,1787.319,1776.118,1784.342,1492
2023-01-13 02:00:00,1784.342,1799.032,1777.627,1789.088,1001
2023-01-13 06:00:00,1789.088,1798.308,1774.916,1783.386,2742
2023-01-13 10:00:00,1783.386,1785.129,1723.202,1729.423,3387
2023-01-13 14:00:00,1729.423,1780.44,1723.204,1780.44,4822
2023-01-13 18:00:00,1780.44,1783.678,1776.956,1781.952,1581
2023-01-15 22:00:00,1781.952,1781.952,1762.548,1770.014,1211
2023-01-16 02:00:00,1770.014,1770.512,1755.602,1756.1,1610
2023-01-16 06:00:00,1756.1,1758.346,1741.682,1747.162,1668
2023-01-16 10:00:00,1747.162,1754.39,1737.724,1744.941,2789
2023-01-16 14:00:00,1744.941,1747.186,1737.48,1741.974,2326
2023-01-16 18:00:00,1741.974,1744.465,1740.488,1743.972,360
2023-01-16 22:00:00,1743.972,1753.704,1740.258,1748.98,434
2023-01-17 02:00:00,1748.98,1750.474,1740.029,1746.014,696
2023-01-17 06:00:00,1746.014,1748.254,1715.924,1725.628,1732
2023-01-17 10:00:00,1725.628,1740.568,1703.998,1706.238,2689
2023-01-17 14:00:00,1706.238,1731.882,1699.026,1725.666,4254
2023-01-17 18:00:00,1725.666,1739.114,1723.924,1729.666,1384
2023-01-17 22:00:00,1729.666,1731.91,1722.711,1728.69,670
2023-01-18 02:00:00,1728.69,1731.682,1717.014,1718.008,2030
2023-01-18 06:00:00,1718.008,1757.088,1715.522,1742.663,4306
2023-01-18 10:00:00,1742.663,1773.538,1730.486,1770.553,3643
2023-01-18 14:00:00,1770.553,1785.983,1683.474,1697.66,7439
2023-01-18 18:00:00,1697.66,1708.13,1696.664,1707.383,1761
2023-01-18 22:00:00,1707.383,1709.882,1685.996,1691.475,1253
2023-01-19 02:00:00,1691.475,1706.908,1690.232,1699.954,1662
2023-01-19 06:00:00,1699.954,1714.649,1686.037,1693.254,3253
2023-01-19 10:00:00,1693.254,1694.756,1654.2,1672.617,6782
2023-01-19 14:00:00,1672.617,1768.448,1664.902,1760.984,7345
2023-01-19 18:00:00,1760.984,1760.984,1732.617,1744.826,3664
2023-01-19 22:00:00,1744.826,1748.318,1735.882,1739.619,1019
2023-01-20 02:00:00,1739.619,1741.112,1732.663,1738.393,920
2023-01-20 06:00:00,1738.393,1751.843,1717.507,1717.756,2175
2023-01-20 10:00:00,1717.756,1733.438,1709.81,1721.01,3096
2023-01-20 14:00:00,1721.01,1732.716,1706.08,1713.562,4775
2023-01-20 18:00:00,1713.562,1725.524,1708.586,1719.554,1440
2023-01-22 22:00:00,1719.554,1737.468,1719.04,1731,471
2023-01-23 02:00:00,1731,1735.234,1725.789,1728.281,1400
2023-01-23 06:00:00,1728.281,1737.249,1711.371,1715.605,5128
2023-01-23 10:00:00,1715.605,1716.602,1686.498,1697.452,5790
2023-01-23 14:00:00,1697.452,1715.385,1683.761,1694.732,8044
2023-01-23 18:00:00,1694.732,1706.931,1692.5,1700.227,3324
2023-01-23 22:00:00,1700.227,1706.968,1695.752,1705.224,461
2023-01-24 02:00:00,1705.224,1709.972,1705.224,1708.479,514
2023-01-24 06:00:00,1708.479,1712.481,1694.047,1708.748,4161
2023-01-24 10:00:00,1708.748,1711.995,1687.108,1688.352,2581
2023-01-24 14:00:00,1688.352,1739.396,1678.398,1728.203,6948
2023-01-24 18:00:00,1728.203,1734.434,1722.978,1732.454,2389
2023-01-24 22:00:00,1732.454,1732.454,1724.002,1726.248,481
