datetime,open,high,low,close,tick_volume
2024-02-25 23:00:00,900.849,901.672,899.189,899.189,601
2024-02-26 00:00:00,899.189,899.886,897.354,897.602,969
2024-02-26 01:00:00,897.602,898.45,896.658,897.158,1211
2024-02-26 02:00:00,897.158,897.159,895.47,895.472,988
2024-02-26 03:00:00,895.472,896.718,894.974,896.57,468
2024-02-26 04:00:00,896.57,897.266,895.628,896.125,437
2024-02-26 05:00:00,896.125,897.073,895.629,896.527,676
2024-02-26 06:00:00,896.527,896.678,895.036,896.382,677
2024-02-26 07:00:00,896.382,898.123,894.89,896.733,941
2024-02-26 08:00:00,896.733,898.673,892.014,892.71,2172
2024-02-26 09:00:00,892.71,892.71,890.026,891.52,1336
2024-02-26 10:00:00,891.52,891.52,887.744,888.044,1239
2024-02-26 11:00:00,888.044,889.984,886.406,886.506,1239
2024-02-26 12:00:00,886.506,888.297,886.012,886.46,1585
2024-02-26 13:00:00,886.46,886.908,882.536,883.382,2809
2024-02-26 14:00:00,883.382,884.078,879.654,880.302,3032
2024-02-26 15:00:00,880.302,880.7,876.23,877.224,2478
2024-02-26 16:00:00,877.224,879.464,875.088,878.172,2057
2024-02-26 17:00:00,878.172,879.616,876.187,876.932,1683
2024-02-26 18:00:00,876.932,878.228,875.69,878.03,1210
2024-02-26 19:00:00,878.03,878.478,877.434,878.282,725
2024-02-26 20:00:00,878.282,879.628,878.232,879.28,808
2024-02-26 21:00:00,879.28,879.38,878.24,878.338,302
2024-02-26 23:00:00,878.338,880.334,878.046,879.688,467
2024-02-27 00:00:00,879.688,881.48,879.589,880.189,938
2024-02-27 01:00:00,880.189,882.132,879.692,881.883,1251
2024-02-27 02:00:00,881.883,882.334,880.741,882.135,1107
2024-02-27 03:00:00,882.135,883.332,881.986,883.132,510
2024-02-27 04:00:00,883.132,883.878,882.39,882.689,452
2024-02-27 05:00:00,882.689,882.89,880.604,881.797,1403
2024-02-27 06:00:00,881.797,883.092,881.449,882.298,783
2024-02-27 07:00:00,882.298,885.034,881.9,883.942,1094
2024-02-27 08:00:00,883.942,889.165,881.109,886.58,1604
2024-02-27 09:00:00,886.58,889.268,885.984,888.324,1328
2024-02-27 10:00:00,888.324,890.762,887.777,889.968,1407
2024-02-27 11:00:00,889.968,892.308,888.428,892.159,1043
2024-02-27 12:00:00,892.159,893.354,891.466,892.461,1421
2024-02-27 13:00:00,892.461,896.59,890.674,892.962,3549
2024-02-27 14:00:00,892.962,893.81,889.732,892.518,3048
2024-02-27 15:00:00,892.518,894.908,889.636,894.362,3002
2024-02-27 16:00:00,894.362,895.356,892.572,893.271,2263
2024-02-27 17:00:00,893.271,893.371,890.788,891.634,1561
2024-02-27 18:00:00,891.634,894.22,891.336,893.278,1904
2024-02-27 19:00:00,893.278,893.428,892.038,892.685,883
2024-02-27 20:00:00,892.685,892.685,891.546,891.644,744
2024-02-27 21:00:00,891.644,892.093,891.299,891.35,321
2024-02-27 23:00:00,891.35,891.35,889.318,889.716,276
2024-02-28 00:00:00,889.716,891.906,889.716,891.062,363
2024-02-28 01:00:00,891.062,891.96,890.317,891.364,900
2024-02-28 02:00:00,891.364,891.812,889.328,889.727,715
2024-02-28 03:00:00,889.727,889.776,886.546,888.09,1096
2024-02-28 04:00:00,888.09,888.14,886.949,886.95,424
2024-02-28 05:00:00,886.95,887.796,886.654,887.401,507
2024-02-28 06:00:00,887.401,888.148,883.924,883.924,747
2024-02-28 07:00:00,883.924,885.416,883.082,883.182,873
2024-02-28 08:00:00,883.182,883.182,878.81,878.958,2103
2024-02-28 09:00:00,878.958,880.004,877.918,879.609,2298
2024-02-28 10:00:00,879.609,883.787,879.211,882.048,2737
2024-02-28 11:00:00,882.048,882.398,879.964,881.008,1848
2024-02-28 12:00:00,881.008,882.65,879.666,880.315,1477
2024-02-28 13:00:00,880.315,883.45,877.333,881.811,3818
2024-02-28 14:00:00,881.811,882.606,878.63,879.328,2545
2024-02-28 15:00:00,879.328,879.727,877.042,877.442,1955
2024-02-28 16:00:00,877.442,879.133,876.848,877.594,1680
2024-02-28 17:00:00,877.594,880.234,877.396,879.686,1314
2024-02-28 18:00:00,879.686,880.582,879.04,879.292,1198
2024-02-28 19:00:00,879.292,879.84,878.548,879.396,795
2024-02-28 20:00:00,879.396,880.542,878.952,879.2,793
2024-02-28 21:00:00,879.2,879.398,877.56,878.706,548
2024-02-28 23:00:00,878.706,879.408,878.164,879.062,348
2024-02-29 00:00:00,879.062,880.006,878.716,879.264,413
2024-02-29 01:00:00,879.264,881.702,878.916,880.958,772
2024-02-29 02:00:00,880.958,883.15,880.56,883.15,849
2024-02-29 03:00:00,883.15,884.296,881.957,884.296,578
2024-02-29 04:00:00,884.296,884.296,882.908,883.454,425
2024-02-29 05:00:00,883.454,884.054,882.66,883.458,755
2024-02-29 06:00:00,883.458,884.654,883.16,883.362,607
2024-02-29 07:00:00,883.362,885.552,881.772,883.118,1038
2024-02-29 08:00:00,883.118,884.762,880.432,884.463,1201
2024-02-29 09:00:00,884.463,886.802,883.72,884.02,951
2024-02-29 10:00:00,884.02,884.02,878.652,878.752,1006
2024-02-29 11:00:00,878.752,880.444,878.504,880.048,1444
2024-02-29 12:00:00,880.048,881.79,877.168,877.416,1278
2024-02-29 13:00:00,877.416,886.868,874.484,885.674,4745
2024-02-29 14:00:00,885.674,888.71,883.34,885.18,3352
2024-02-29 15:00:00,885.18,887.27,879.764,880.51,3096
2024-02-29 16:00:00,880.51,882.002,876.286,877.53,2806
2024-02-29 17:00:00,877.53,879.374,876.736,879.074,1870
2024-02-29 18:00:00,879.074,879.722,878.23,879.278,1557
2024-02-29 19:00:00,879.278,879.676,877.44,877.69,1176
2024-02-29 20:00:00,877.69,879.034,877.69,878.588,712
2024-02-29 21:00:00,878.588,878.588,877.098,877.846,471
2024-02-29 23:00:00,877.846,878.947,876.956,878.847,404
2024-03-01 00:00:00,878.847,879.496,877.306,878.85,791
2024-03-01 01:00:00,878.85,879.549,878.156,879.252,881
2024-03-01 02:00:00,879.252,880.748,878.756,880.648,756
2024-03-01 03:00:00,880.648,881.546,880.498,880.9,547
2024-03-01 04:00:00,880.9,881.151,880.157,880.357,204
2024-03-01 05:00:00,880.357,880.406,877.822,878.47,1364
2024-03-01 06:00:00,878.47,879.716,878.42,879.27,644
2024-03-01 07:00:00,879.27,880.315,873.455,873.703,1163
2024-03-01 08:00:00,873.703,873.803,867.242,867.59,2507
2024-03-01 09:00:00,867.59,872.366,867.342,870.676,2156
2024-03-01 10:00:00,870.676,872.468,869.684,871.028,1765
2024-03-01 11:00:00,871.028,874.512,869.835,873.618,1244
2024-03-01 12:00:00,873.618,876.604,873.024,873.422,1179
2024-03-01 13:00:00,873.422,873.422,866.514,866.612,2773
2024-03-01 14:00:00,866.612,873.526,865.37,867.859,2932
2024-03-01 15:00:00,867.859,880.494,867.859,879.748,4018
2024-03-01 16:00:00,879.748,884.874,879.748,883.332,2464
2024-03-01 17:00:00,883.332,885.374,882.885,884.332,1679
2024-03-01 18:00:00,884.332,886.572,882.59,885.776,1309
2024-03-01 19:00:00,885.776,887.916,885.728,886.626,1067
2024-03-01 20:00:00,886.626,886.824,885.284,886.63,720
2024-03-01 21:00:00,886.63,888.372,885.934,887.03,449
2024-03-03 23:00:00,887.03,890.836,884.87,885.318,776
2024-03-04 00:00:00,885.318,888.106,884.97,887.212,760
2024-03-04 01:00:00,887.212,887.461,883.932,884.18,712
2024-03-04 02:00:00,884.18,886.422,883.534,885.179,704
2024-03-04 03:00:00,885.179,885.578,884.534,885.083,430
2024-03-04 04:00:00,885.083,885.482,884.29,884.39,279
2024-03-04 05:00:00,884.39,884.44,883.199,884.046,695
2024-03-04 06:00:00,884.046,887.134,883.799,887.034,676
2024-03-04 07:00:00,887.034,893.604,885.394,892.061,1275
2024-03-04 08:00:00,892.061,894.202,891.468,891.816,1496
2024-03-04 09:00:00,891.816,894.506,890.972,894.208,1098
2024-03-04 10:00:00,894.208,894.956,892.519,892.918,944
2024-03-04 11:00:00,892.918,894.36,891.23,892.275,899
2024-03-04 12:00:00,892.275,895.012,891.73,891.732,792
2024-03-04 13:00:00,891.732,892.132,885.664,892.083,2992
2024-03-04 14:00:00,892.083,897.36,888.75,897.26,3957
2024-03-04 15:00:00,897.26,900.496,891.391,899.402,3662
2024-03-04 16:00:00,899.402,902.242,896.867,901.992,3818
2024-03-04 17:00:00,901.992,902.888,897.765,899.608,2365
2024-03-04 18:00:00,899.608,900.156,897.622,897.92,1550
2024-03-04 19:00:00,897.92,899.666,897.424,899.516,929
2024-03-04 20:00:00,899.516,900.314,898.426,898.624,954
2024-03-04 21:00:00,898.624,898.676,898.032,898.379,306
2024-03-04 23:00:00,898.379,899.43,897.392,897.491,209
2024-03-05 00:00:00,897.491,897.544,896.102,896.848,877
2024-03-05 01:00:00,896.848,897.246,892.076,893.37,1608
2024-03-05 02:00:00,893.37,893.618,890.786,891.333,865
2024-03-05 03:00:00,891.333,892.18,890.838,891.536,734
2024-03-05 04:00:00,891.536,892.832,891.238,892.782,528
2024-03-05 05:00:00,892.782,893.582,891.89,892.14,944
2024-03-05 06:00:00,892.14,892.888,890.9,891.944,763
2024-03-05 07:00:00,891.944,893.54,890.9,892.396,1085
2024-03-05 08:00:00,892.396,895.582,891.304,891.951,1459
2024-03-05 09:00:00,891.951,893.496,890.262,892.055,1242
2024-03-05 10:00:00,892.055,892.304,886.934,887.232,1079
2024-03-05 11:00:00,887.232,888.676,885.938,886.59,1229
2024-03-05 12:00:00,886.59,887.736,883.358,886.842,1410
2024-03-05 13:00:00,886.842,886.842,881.421,883.362,4818
2024-03-05 14:00:00,883.362,886.946,881.624,881.724,4188
2024-03-05 15:00:00,881.724,888.689,881.724,884.962,4848
2024-03-05 16:00:00,884.962,885.46,879.641,880.786,2555
2024-03-05 17:00:00,880.786,884.221,880.686,882.68,1549
2024-03-05 18:00:00,882.68,883.727,881.738,881.988,1434
2024-03-05 19:00:00,881.988,883.482,880.946,881.045,876
2024-03-05 20:00:00,881.045,881.596,880.549,881.298,724
2024-03-05 21:00:00,881.298,881.998,880.9,881.948,315
2024-03-05 23:00:00,881.948,883.1,881.406,882.452,427
2024-03-06 00:00:00,882.452,883.051,880.864,881.112,779
2024-03-06 01:00:00,881.112,881.763,880.22,881.464,1064
2024-03-06 02:00:00,881.464,883.358,880.968,883.26,828
2024-03-06 03:00:00,883.26,885.898,882.91,885.302,882
2024-03-06 04:00:00,885.302,886.696,884.805,886.152,582
2024-03-06 05:00:00,886.152,886.352,885.16,885.31,540
2024-03-06 06:00:00,885.31,886.953,885.16,885.81,703
2024-03-06 07:00:00,885.81,888.05,884.42,885.266,1031
2024-03-06 08:00:00,885.266,886.314,883.276,885.022,1438
2024-03-06 09:00:00,885.022,889.95,884.276,888.259,1284
2024-03-06 10:00:00,888.259,889.156,886.72,887.118,663
2024-03-06 11:00:00,887.118,890.108,887.068,889.758,730
2024-03-06 12:00:00,889.758,890.306,887.92,889.116,995
2024-03-06 13:00:00,889.116,896.632,884.888,896.334,4095
2024-03-06 14:00:00,896.334,901.312,893.3,899.322,4159
2024-03-06 15:00:00,899.322,904.799,895.193,903.654,5114
2024-03-06 16:00:00,903.654,912.067,903.207,911.022,4137
2024-03-06 17:00:00,911.022,911.818,908.438,909.534,2742
2024-03-06 18:00:00,909.534,911.426,908.64,909.138,2215
2024-03-06 19:00:00,909.138,909.238,906.403,907.202,1792
2024-03-06 20:00:00,907.202,907.803,906.506,907.752,760
2024-03-06 21:00:00,907.752,909.1,907.554,909.1,293
2024-03-06 23:00:00,909.1,909.1,904.43,904.63,871
2024-03-07 00:00:00,904.63,906.623,904.43,906.026,848
2024-03-07 01:00:00,906.026,907.472,904.534,906.228,1447
2024-03-07 02:00:00,906.228,909.118,905.584,908.82,1143
2024-03-07 03:00:00,908.82,908.92,906.532,908.076,909
2024-03-07 04:00:00,908.076,910.02,908.076,908.926,1624
2024-03-07 05:00:00,908.926,909.026,906.392,906.641,1303
2024-03-07 06:00:00,906.641,908.934,905.944,908.734,1261
2024-03-07 07:00:00,908.734,909.68,906.746,909.484,1462
2024-03-07 08:00:00,909.484,911.676,907.544,910.384,1344
2024-03-07 09:00:00,910.384,916.707,910.186,916.11,1429
2024-03-07 10:00:00,916.11,919.742,916.11,919.148,1521
2024-03-07 11:00:00,919.148,919.148,914.721,917.212,1347
2024-03-07 12:00:00,917.212,919.952,916.764,919.803,1244
2024-03-07 13:00:00,919.803,926.024,916.77,921.748,4470
2024-03-07 14:00:00,921.748,922.344,916.622,921.352,4357
2024-03-07 15:00:00,921.352,923.744,919.464,921.108,3949
2024-03-07 16:00:00,921.108,921.556,918.172,920.266,2900
2024-03-07 17:00:00,920.266,921.062,915.342,917.88,2044
2024-03-07 18:00:00,917.88,919.874,917.482,919.378,1365
2024-03-07 19:00:00,919.378,921.023,918.582,920.476,1066
2024-03-07 20:00:00,920.476,920.476,919.334,919.434,723
2024-03-07 21:00:00,919.434,920.434,919.334,920.434,417
2024-03-07 23:00:00,920.434,920.434,918.898,919.744,447
2024-03-08 00:00:00,919.744,920.692,917.856,919.25,913
2024-03-08 01:00:00,919.25,919.9,917.511,919.452,1205
2024-03-08 02:00:00,919.452,919.652,918.012,918.412,1034
2024-03-08 03:00:00,918.412,920.155,917.964,919.162,955
2024-03-08 04:00:00,919.162,920.158,918.118,919.115,613
2024-03-08 05:00:00,919.115,920.312,918.768,919.268,884
2024-03-08 06:00:00,919.268,920.964,918.074,920.914,950
2024-03-08 07:00:00,920.914,921.412,919.074,921.018,1245
2024-03-08 08:00:00,921.018,921.266,915.794,918.482,1545
2024-03-08 09:00:00,918.482,923.065,917.686,923.016,1601
2024-03-08 10:00:00,923.016,923.016,917.842,919.436,1162
2024-03-08 11:00:00,919.436,919.786,917.197,918.594,1100
2024-03-08 12:00:00,918.594,919.788,914.666,916.06,1243
2024-03-08 13:00:00,916.06,927.408,913.822,919.198,7206
2024-03-08 14:00:00,919.198,921.09,913.08,915.868,6727
2024-03-08 15:00:00,915.868,917.41,910.892,913.432,3372
2024-03-08 16:00:00,913.432,913.482,907.014,910.45,3193
2024-03-08 17:00:00,910.45,915.528,910.056,911.3,4011
2024-03-08 18:00:00,911.3,911.5,908.814,910.06,2140
2024-03-08 19:00:00,910.06,911.953,908.368,911.208,1453
2024-03-08 20:00:00,911.208,911.556,909.369,910.564,756
2024-03-08 21:00:00,910.564,913.354,910.564,912.509,432
2024-03-10 22:00:00,912.509,915.374,912.509,912.986,413
2024-03-10 23:00:00,912.986,916.722,912.886,916.474,710
2024-03-11 00:00:00,916.474,919.613,915.728,917.921,1059
2024-03-11 01:00:00,917.921,918.02,914.69,916.034,1558
2024-03-11 02:00:00,916.034,916.284,913.697,914.294,994
2024-03-11 03:00:00,914.294,915.64,914.245,914.896,728
2024-03-11 04:00:00,914.896,915.844,914.102,914.85,385
2024-03-11 05:00:00,914.85,916.446,914.204,916.346,814
2024-03-11 06:00:00,916.346,919.434,915.998,919.237,771
2024-03-11 07:00:00,919.237,919.54,916.154,919.341,1251
2024-03-11 08:00:00,919.341,922.18,919.046,919.344,1497
2024-03-11 09:00:00,919.344,926.914,919.096,925.072,1323
2024-03-11 10:00:00,925.072,926.52,922.584,926.122,1221
2024-03-11 11:00:00,926.122,928.315,923.136,928.116,1245
2024-03-11 12:00:00,928.116,931.952,924.534,929.314,2919
2024-03-11 13:00:00,929.314,934.096,928.866,931.31,3617
2024-03-11 14:00:00,931.31,934.698,928.074,934.35,2873
2024-03-11 15:00:00,934.35,937.091,933.902,936.793,2203
2024-03-11 16:00:00,936.793,938.04,935.002,936.996,1687
2024-03-11 17:00:00,936.996,940.582,936.05,939.34,1930
2024-03-11 18:00:00,939.34,939.588,936.802,938.148,994
2024-03-11 19:00:00,938.148,938.798,937.752,938.202,766
2024-03-11 20:00:00,938.202,938.8,938.052,938.056,391
2024-03-11 22:00:00,938.056,939.008,937.166,937.466,337
2024-03-11 23:00:00,937.466,938.214,936.274,936.723,710
2024-03-12 00:00:00,936.723,937.172,935.082,935.782,1155
2024-03-12 01:00:00,935.782,938.722,935.136,938.324,949
2024-03-12 02:00:00,938.324,938.423,934.542,935.34,920
2024-03-12 03:00:00,935.34,935.54,933.002,934.15,682
2024-03-12 04:00:00,934.15,934.996,932.11,932.81,531
2024-03-12 05:00:00,932.81,934.506,932.364,934.506,998
2024-03-12 06:00:00,934.506,935.852,932.816,934.36,910
2024-03-12 07:00:00,934.36,934.36,929.136,929.884,1431
2024-03-12 08:00:00,929.884,932.075,929.534,931.131,1117
2024-03-12 09:00:00,931.131,933.176,929.688,930.786,1124
2024-03-12 10:00:00,930.786,932.083,928.898,929.248,1096
2024-03-12 11:00:00,929.248,929.896,926.214,927.36,1406
2024-03-12 12:00:00,927.36,929.802,922.084,922.284,8332
2024-03-12 13:00:00,922.284,922.434,911.336,914.373,7562
2024-03-12 14:00:00,914.373,922.392,912.532,921.098,4472
2024-03-12 15:00:00,921.098,924.337,918.46,924.188,2465
2024-03-12 16:00:00,924.188,925.536,921.052,925.486,1736
2024-03-12 17:00:00,925.486,925.536,921.457,921.556,1848
2024-03-12 18:00:00,921.556,924.147,921.308,922.606,1195
2024-03-12 19:00:00,922.606,924.302,921.86,924.004,746
2024-03-12 20:00:00,924.004,925.351,923.854,924.206,280
2024-03-12 22:00:00,924.206,924.857,923.067,924.264,882
2024-03-12 23:00:00,924.264,924.264,922.076,922.126,509
2024-03-13 00:00:00,922.126,923.92,921.778,923.474,859
2024-03-13 01:00:00,923.474,924.024,922.23,923.328,1365
2024-03-13 02:00:00,923.328,924.178,922.385,923.63,1003
2024-03-13 03:00:00,923.63,925.077,922.985,923.834,775
2024-03-13 04:00:00,923.834,924.534,923.089,924.186,717
2024-03-13 05:00:00,924.186,926.379,923.887,925.982,1346
2024-03-13 06:00:00,925.982,926.878,924.69,925.537,1318
2024-03-13 07:00:00,925.537,929.226,925.488,929.076,1622
2024-03-13 08:00:00,929.076,932.266,929.076,931.072,2074
2024-03-13 09:00:00,931.072,934.31,931.072,933.714,1961
2024-03-13 10:00:00,933.714,935.31,932.62,934.564,1329
2024-03-13 11:00:00,934.564,936.31,932.724,935.214,1332
2024-03-13 12:00:00,935.214,936.46,927.002,929.444,3047
2024-03-13 13:00:00,929.444,934.176,928.597,932.634,5184
2024-03-13 14:00:00,932.634,936.918,929.946,936.122,3678
2024-03-13 15:00:00,936.122,941.502,935.924,940.706,3449
2024-03-13 16:00:00,940.706,941.356,937.72,939.764,3357
2024-03-13 17:00:00,939.764,942.506,939.565,941.262,2729
2024-03-13 18:00:00,941.262,941.961,941.112,941.265,1130
2024-03-13 19:00:00,941.265,941.667,940.769,941.618,1215
2024-03-13 20:00:00,941.618,942.069,940.724,942.069,672
2024-03-13 22:00:00,942.069,942.82,941.676,942.028,402
2024-03-13 23:00:00,942.028,942.876,941.084,942.528,583
2024-03-14 00:00:00,942.528,943.874,940.192,942.134,1040
2024-03-14 01:00:00,942.134,943.034,941.24,942.984,2058
2024-03-14 02:00:00,942.984,943.134,941.394,941.396,1208
2024-03-14 03:00:00,941.396,941.894,938.609,939.606,903
2024-03-14 04:00:00,939.606,940.256,938.464,938.564,578
2024-03-14 05:00:00,938.564,939.014,937.374,937.622,1224
2024-03-14 06:00:00,937.622,939.318,936.776,938.472,1528
2024-03-14 07:00:00,938.472,941.314,938.124,940.966,1565
2024-03-14 08:00:00,940.966,942.662,939.525,940.422,2015
2024-03-14 09:00:00,940.422,940.921,934.898,935.397,1508
2024-03-14 10:00:00,935.397,937.886,934.898,936.048,1434
2024-03-14 11:00:00,936.048,938.49,935.848,938.342,1200
2024-03-14 12:00:00,938.342,939.737,933.018,933.516,5595
2024-03-14 13:00:00,933.516,934.562,927.246,927.992,6886
2024-03-14 14:00:00,927.992,930.434,926.25,927.946,4078
2024-03-14 15:00:00,927.946,931.884,926.902,931.486,3901
2024-03-14 16:00:00,931.486,932.034,929.446,931.14,2490
2024-03-14 17:00:00,931.14,932.585,930.595,930.896,1775
2024-03-14 18:00:00,930.896,931.642,930.25,930.45,957
2024-03-14 19:00:00,930.45,930.45,928.013,929.26,1095
2024-03-14 20:00:00,929.26,929.558,926.872,926.973,604
2024-03-14 22:00:00,926.973,927.972,926.63,927.328,212
2024-03-14 23:00:00,927.328,927.478,924.542,926.088,481
2024-03-15 00:00:00,926.088,926.638,924.744,926.092,816
2024-03-15 01:00:00,926.092,927.837,925.096,927.29,1516
2024-03-15 02:00:00,927.29,927.738,925.4,926.098,1176
2024-03-15 03:00:00,926.098,928.592,925.998,928.392,930
2024-03-15 04:00:00,928.392,928.492,927.3,927.35,570
2024-03-15 05:00:00,927.35,932.582,927.3,932.086,1815
2024-03-15 06:00:00,932.086,932.236,930.145,931.242,1882
2024-03-15 07:00:00,931.242,937.27,930.944,934.981,1910
2024-03-15 08:00:00,934.981,939.814,934.93,939.316,2598
2024-03-15 09:00:00,939.316,941.758,937.724,940.168,1825
2024-03-15 10:00:00,940.168,940.814,937.628,939.872,1375
2024-03-15 11:00:00,939.872,943.262,939.672,942.216,1384
2024-03-15 12:00:00,942.216,951.084,940.624,950.836,4196
2024-03-15 13:00:00,950.836,954.82,945.908,946.258,5587
2024-03-15 14:00:00,946.258,948.599,943.172,945.316,5061
2024-03-15 15:00:00,945.316,947.11,940.239,941.584,3490
2024-03-15 16:00:00,941.584,944.174,938.4,938.998,2947
2024-03-15 17:00:00,938.998,941.341,938.749,940.894,1978
2024-03-15 18:00:00,940.894,942.49,940.894,941.994,1082
2024-03-15 19:00:00,941.994,942.792,941.15,941.35,953
2024-03-15 20:00:00,941.35,941.45,938.316,938.963,562
2024-03-17 22:00:00,938.963,938.963,936.906,937.906,718
2024-03-17 23:00:00,937.906,938.556,936.064,937.81,1037
2024-03-18 00:00:00,937.81,937.81,936.07,936.768,1098
2024-03-18 01:00:00,936.768,936.768,932.038,935.726,2506
2024-03-18 02:00:00,935.726,936.074,933.932,934.584,1769
2024-03-18 03:00:00,934.584,935.082,931.199,932.096,1300
2024-03-18 04:00:00,932.096,932.646,931.6,932.25,613
2024-03-18 05:00:00,932.25,932.45,929.812,930.012,1147
2024-03-18 06:00:00,930.012,930.411,927.524,928.122,1347
2024-03-18 07:00:00,928.122,928.522,922.747,924.44,1720
2024-03-18 08:00:00,924.44,927.232,923.344,923.946,2337
2024-03-18 09:00:00,923.946,925.89,920.662,921.16,2022
2024-03-18 10:00:00,921.16,922.556,919.218,921.314,1667
2024-03-18 11:00:00,921.314,924.502,921.065,923.708,1542
2024-03-18 12:00:00,923.708,930.484,923.36,924.858,3033
2024-03-18 13:00:00,924.858,925.554,918.684,919.83,3931
2024-03-18 14:00:00,919.83,919.83,915.1,917.244,3445
2024-03-18 15:00:00,917.244,919.588,915.45,919.488,2625
2024-03-18 16:00:00,919.488,919.488,915.806,916.952,2506
2024-03-18 17:00:00,916.952,919.195,916.803,917.504,1681
2024-03-18 18:00:00,917.504,917.804,916.66,916.96,978
2024-03-18 19:00:00,916.96,917.808,916.415,917.013,749
2024-03-18 20:00:00,917.013,917.213,916.419,916.568,356
2024-03-18 22:00:00,916.568,916.87,915.529,915.58,526
2024-03-18 23:00:00,915.58,916.53,914.286,916.48,395
2024-03-19 00:00:00,916.48,916.63,914.74,914.74,892
2024-03-19 01:00:00,914.74,916.684,913.496,914.694,1658
2024-03-19 02:00:00,914.694,915.292,912.651,913.302,1368
2024-03-19 03:00:00,913.302,914.552,912.806,914.452,1671
2024-03-19 04:00:00,914.452,915.798,913.16,913.758,898
2024-03-19 05:00:00,913.758,913.758,908.83,909.278,1687
2024-03-19 06:00:00,909.278,909.378,906.292,907.04,1901
2024-03-19 07:00:00,907.04,907.59,901.362,904.504,2356
2024-03-19 08:00:00,904.504,904.802,899.822,903.51,2986
2024-03-19 09:00:00,903.51,903.91,901.172,902.368,2003
2024-03-19 10:00:00,902.368,903.466,899.878,901.376,1620
2024-03-19 11:00:00,901.376,902.224,899.535,900.682,1486
2024-03-19 12:00:00,900.682,902.726,897.745,900.336,3399
2024-03-19 13:00:00,900.336,900.586,894.41,895.408,4398
2024-03-19 14:00:00,895.408,897.852,893.167,895.91,3241
2024-03-19 15:00:00,895.91,896.21,892.972,893.422,2344
2024-03-19 16:00:00,893.422,898.608,892.576,897.71,2126
2024-03-19 17:00:00,897.71,898.408,895.42,896.668,1819
2024-03-19 18:00:00,896.668,896.87,895.524,896.622,959
2024-03-19 19:00:00,896.622,896.622,894.979,895.081,718
2024-03-19 20:00:00,895.081,895.532,893.787,894.985,451
2024-03-19 22:00:00,894.985,895.338,894.093,894.694,252
2024-03-19 23:00:00,894.694,894.992,893.002,893.152,443
2024-03-20 00:00:00,893.152,893.854,892.056,893.406,877
2024-03-20 01:00:00,893.406,893.556,891.664,892.86,1279
2024-03-20 02:00:00,892.86,894.209,892.412,893.811,1058
2024-03-20 03:00:00,893.811,894.21,891.821,892.52,741
2024-03-20 04:00:00,892.52,892.52,889.334,889.484,851
2024-03-20 05:00:00,889.484,890.931,889.384,890.184,814
2024-03-20 06:00:00,890.184,892.827,889.836,891.634,924
2024-03-20 07:00:00,891.634,893.727,888.448,890.042,1848
2024-03-20 08:00:00,890.042,895.676,888.848,895.278,1636
2024-03-20 09:00:00,895.278,896.226,892.49,895.43,1678
2024-03-20 10:00:00,895.43,896.676,893.388,895.584,1433
2024-03-20 11:00:00,895.584,896.28,892.496,895.138,1390
2024-03-20 12:00:00,895.138,895.637,889.91,893.648,2502
2024-03-20 13:00:00,893.648,899.18,890.112,898.584,3827
2024-03-20 14:00:00,898.584,900.427,894.55,897.49,4149
2024-03-20 15:00:00,897.49,898.637,894.602,896,2079
2024-03-20 16:00:00,896,897.794,894.755,896.302,1980
2024-03-20 17:00:00,896.302,897.051,894.812,895.16,1676
2024-03-20 18:00:00,895.16,907.868,895.16,907.42,13057
2024-03-20 19:00:00,907.42,910.46,905.676,908.22,5237
2024-03-20 20:00:00,908.22,908.868,907.574,908.224,1197
2024-03-20 22:00:00,908.224,913.014,908.224,912.666,1716
2024-03-20 23:00:00,912.666,914.064,911.818,913.268,1214
2024-03-21 00:00:00,913.268,913.317,910.18,912.822,2627
2024-03-21 01:00:00,912.822,917.458,912.772,916.962,3710
2024-03-21 02:00:00,916.962,918.309,915.819,916.766,1866
2024-03-21 03:00:00,916.766,918.162,916.268,917.666,1107
2024-03-21 04:00:00,917.666,918.516,917.421,917.77,807
2024-03-21 05:00:00,917.77,918.221,917.124,917.574,1391
2024-03-21 06:00:00,917.574,918.222,914.686,915.436,1898
2024-03-21 07:00:00,915.436,918.576,913.694,913.894,2307
2024-03-21 08:00:00,913.894,914.842,908.167,909.663,3766
2024-03-21 09:00:00,909.663,909.864,905.43,907.374,2759
2024-03-21 10:00:00,907.374,916.296,907.324,914.154,2324
2024-03-21 11:00:00,914.154,914.952,910.27,912.514,1557
2024-03-21 12:00:00,912.514,918.245,912.514,916.104,3531
2024-03-21 13:00:00,916.104,918.996,911.076,912.122,5955
2024-03-21 14:00:00,912.122,913.72,908.436,911.926,7363
2024-03-21 15:00:00,911.926,912.626,907.893,910.634,4424
2024-03-21 16:00:00,910.634,911.982,909.242,910.987,2165
2024-03-21 17:00:00,910.987,911.29,909.542,910.991,1860
2024-03-21 18:00:00,910.991,911.39,909.299,910.198,890
2024-03-21 19:00:00,910.198,910.397,908.407,908.656,783
2024-03-21 20:00:00,908.656,908.756,906.966,908.112,354
2024-03-21 22:00:00,908.112,908.216,906.572,906.824,187
2024-03-21 23:00:00,906.824,907.425,906.526,906.828,328
2024-03-22 00:00:00,906.828,910.566,906.778,910.02,981
2024-03-22 01:00:00,910.02,910.42,903.794,905.688,2720
2024-03-22 02:00:00,905.688,906.186,901.206,902.752,2530
2024-03-22 03:00:00,902.752,903.849,901.906,902.308,1397
2024-03-22 04:00:00,902.308,902.508,900.566,900.866,968
2024-03-22 05:00:00,900.866,902.362,900.518,901.368,1605
2024-03-22 06:00:00,901.368,903.262,900.571,901.52,1482
2024-03-22 07:00:00,901.52,904.364,899.878,903.568,2582
2024-03-22 08:00:00,903.568,908.156,902.174,907.01,2217
2024-03-22 09:00:00,907.01,908.256,905.368,906.814,2147
2024-03-22 10:00:00,906.814,907.412,901.784,905.172,1510
2024-03-22 11:00:00,905.172,907.168,901.788,903.532,1584
2024-03-22 12:00:00,903.532,905.576,900.495,903.136,3125
2024-03-22 13:00:00,903.136,905.68,900.099,902.394,4391
2024-03-22 14:00:00,902.394,903.042,897.713,897.812,3674
2024-03-22 15:00:00,897.812,898.86,894.327,895.076,2483
2024-03-22 16:00:00,895.076,896.422,893.384,894.38,2061
2024-03-22 17:00:00,894.38,895.627,893.886,894.135,1770
2024-03-22 18:00:00,894.135,895.532,893.936,894.886,957
2024-03-22 19:00:00,894.886,895.188,893.792,894.641,822
2024-03-22 20:00:00,894.641,896.037,894.641,895.392,512
2024-03-24 22:00:00,895.392,896.666,894.67,896.118,680
2024-03-24 23:00:00,896.118,899.312,895.92,898.864,841
2024-03-25 00:00:00,898.864,900.01,896.624,898.918,1275
2024-03-25 01:00:00,898.918,903.805,898.02,903.456,3534
2024-03-25 02:00:00,903.456,903.756,902.46,902.712,1656
2024-03-25 03:00:00,902.712,902.913,900.872,901.022,1317
2024-03-25 04:00:00,901.022,901.324,900.076,901.224,664
2024-03-25 05:00:00,901.224,903.819,900.528,902.824,1214
2024-03-25 06:00:00,902.824,903.022,896.844,897.842,1259
2024-03-25 07:00:00,897.842,899.988,895.998,899.142,1706
2024-03-25 08:00:00,899.142,903.282,898.098,902.784,1749
2024-03-25 09:00:00,902.784,905.48,901.288,905.43,1550
2024-03-25 10:00:00,905.43,907.925,903.536,907.378,1450
2024-03-25 11:00:00,907.378,908.176,904.04,904.888,1337
2024-03-25 12:00:00,904.888,909.427,904.392,907.434,2484
2024-03-25 13:00:00,907.434,912.52,907.284,910.23,3327
2024-03-25 14:00:00,910.23,911.078,906.592,907.94,3334
2024-03-25 15:00:00,907.94,910.484,906.296,907.844,2120
2024-03-25 16:00:00,907.844,907.944,905.306,905.804,1553
2024-03-25 17:00:00,905.804,906.602,904.61,904.96,1470
2024-03-25 18:00:00,904.96,905.262,903.416,904.166,738
2024-03-25 19:00:00,904.166,904.366,902.624,902.874,776
2024-03-25 20:00:00,902.874,903.322,901.83,903.126,324
2024-03-25 22:00:00,903.126,904.726,902.981,902.984,384
2024-03-25 23:00:00,902.984,904.284,902.736,904.134,321
2024-03-26 00:00:00,904.134,905.084,903.786,904.686,611
2024-03-26 01:00:00,904.686,906.083,902.695,903.593,1723
2024-03-26 02:00:00,903.593,905.39,902.898,902.998,838
2024-03-26 03:00:00,902.998,902.998,899.812,900.062,758
2024-03-26 04:00:00,900.062,901.26,899.662,901.062,405
2024-03-26 05:00:00,901.062,902.062,900.514,901.664,711
2024-03-26 06:00:00,901.664,903.111,900.57,901.368,900
2024-03-26 07:00:00,901.368,902.866,901.12,902.02,821
2024-03-26 08:00:00,902.02,902.919,899.328,902.223,1567
2024-03-26 09:00:00,902.223,906.114,901.126,904.12,2273
2024-03-26 10:00:00,904.12,904.868,900.684,901.282,1571
2024-03-26 11:00:00,901.282,905.423,900.734,905.024,1530
2024-03-26 12:00:00,905.024,907.818,903.928,905.626,2569
2024-03-26 13:00:00,905.626,908.621,903.686,905.68,3582
2024-03-26 14:00:00,905.68,905.68,900.648,904.138,3427
2024-03-26 15:00:00,904.138,905.436,902.346,903.494,2718
2024-03-26 16:00:00,903.494,906.544,903.244,905.758,1496
2024-03-26 17:00:00,905.758,907.138,904.336,904.336,1287
2024-03-26 18:00:00,904.336,905.176,903.944,904.292,687
2024-03-26 19:00:00,904.292,904.44,902.525,902.624,610
2024-03-26 20:00:00,902.624,903.416,901.346,903.218,479
2024-03-26 22:00:00,903.218,903.719,901.944,903.178,440
2024-03-26 23:00:00,903.178,903.282,902.542,903.134,351
2024-03-27 00:00:00,903.134,903.676,902.202,902.352,834
2024-03-27 01:00:00,902.352,903.928,898.566,900.978,1856
2024-03-27 02:00:00,900.978,902.258,900.292,900.638,1038
2024-03-27 03:00:00,900.638,903.25,900.49,902.71,1134
2024-03-27 04:00:00,902.71,904.978,902.661,904.536,863
2024-03-27 05:00:00,904.536,905.18,903.21,904.246,1165
2024-03-27 06:00:00,904.246,905.478,903.852,904.496,1088
2024-03-27 07:00:00,904.496,905.334,902.778,903.91,1291
2024-03-27 08:00:00,903.91,904.156,894.956,895.695,2076
2024-03-27 09:00:00,895.695,897.172,892.302,893.978,2972
2024-03-27 10:00:00,893.978,896.884,892.65,895.606,1777
2024-03-27 11:00:00,895.606,897.774,893.198,893.248,1887
2024-03-27 12:00:00,893.248,893.447,887.346,888.035,2883
2024-03-27 13:00:00,888.035,895.423,886.264,895.374,3687
2024-03-27 14:00:00,895.374,897.198,892.027,895.133,3151
2024-03-27 15:00:00,895.133,895.872,892.624,894.104,2090
2024-03-27 16:00:00,894.104,896.126,893.17,895.684,1607
2024-03-27 17:00:00,895.684,896.916,894.848,895.59,1319
2024-03-27 18:00:00,895.59,895.59,894.264,895.496,660
2024-03-27 19:00:00,895.496,896.338,894.908,896.288,565
2024-03-27 20:00:00,896.288,897.031,895.698,896.884,566
2024-03-27 22:00:00,896.884,896.884,894.28,894.826,440
2024-03-27 23:00:00,894.826,895.076,894.189,894.88,328
2024-03-28 00:00:00,894.88,895.572,893.454,894.54,854
2024-03-28 01:00:00,894.54,895.972,893.95,895.628,1341
2024-03-28 02:00:00,895.628,898.438,895.038,897.946,1161
2024-03-28 03:00:00,897.946,899.326,897.502,897.902,859
2024-03-28 04:00:00,897.902,899.727,897.802,899.678,515
2024-03-28 05:00:00,899.678,901.258,899.384,900.176,1070
2024-03-28 06:00:00,900.176,900.422,897.422,898.9,897
2024-03-28 07:00:00,898.9,898.998,894.277,894.424,1250
2024-03-28 08:00:00,894.424,894.524,891.624,891.624,1190
2024-03-28 09:00:00,891.624,894.878,890.344,894.778,1053
2024-03-28 10:00:00,894.778,901.576,894.09,897.54,2027
2024-03-28 11:00:00,897.54,899.167,896.214,896.61,1269
2024-03-28 12:00:00,896.61,903.31,895.772,903.162,3435
2024-03-28 13:00:00,903.162,904.2,899.914,904.004,4081
2024-03-28 14:00:00,904.004,909.326,904.004,908.686,3361
2024-03-28 15:00:00,908.686,909.574,906.916,908.296,2314
2024-03-28 16:00:00,908.296,908.841,905.244,906.726,2098
2024-03-28 17:00:00,906.726,908.252,905.595,907.616,1605
2024-03-28 18:00:00,907.616,908.454,907.078,907.572,786
2024-03-28 19:00:00,907.572,907.97,906.736,907.822,754
2024-03-28 20:00:00,907.822,909.254,907.036,908.616,899
2024-03-31 22:00:00,908.616,912.954,908.278,908.87,1744
2024-03-31 23:00:00,908.87,912.074,908.328,910.5,1350
2024-04-01 00:00:00,910.5,912.572,909.564,910.356,1631
2024-04-01 01:00:00,910.356,912.13,909.57,909.82,1971
2024-04-01 02:00:00,909.82,913.222,909.77,913.174,873
2024-04-01 03:00:00,913.174,914.558,911.303,913.671,998
2024-04-01 04:00:00,913.671,914.558,912.64,912.936,1032
2024-04-01 05:00:00,912.936,913.084,909.788,911.119,1012
2024-04-01 06:00:00,911.119,912.009,909.642,911.026,1307
2024-04-01 07:00:00,911.026,913.54,910.385,912.804,816
2024-04-01 08:00:00,912.804,914.532,912.066,914.434,662
2024-04-01 09:00:00,914.434,914.68,911.188,911.484,848
2024-04-01 10:00:00,911.484,912.522,910.302,911.586,792
2024-04-01 11:00:00,911.586,913.36,908.142,908.488,894
2024-04-01 12:00:00,908.488,908.488,902.334,902.977,2841
2024-04-01 13:00:00,902.977,904.406,897.562,899.928,4247
2024-04-01 14:00:00,899.928,899.928,891.558,894.76,5613
2024-04-01 15:00:00,894.76,896.044,893.234,894.814,2190
2024-04-01 16:00:00,894.814,898.858,894.174,898.76,1569
2024-04-01 17:00:00,898.76,898.764,896.792,898.616,1057
2024-04-01 18:00:00,898.616,898.816,896.996,897.144,647
2024-04-01 19:00:00,897.144,900.154,897.094,900.104,544
2024-04-01 20:00:00,900.104,902.522,899.76,902.325,733
2024-04-01 22:00:00,902.325,902.728,901.098,901.743,427
2024-04-01 23:00:00,901.743,901.743,899.285,900.073,500
2024-04-02 00:00:00,900.073,902.294,899.679,901.606,1097
2024-04-02 01:00:00,901.606,904.17,900.522,903.482,1410
2024-04-02 02:00:00,903.482,904.422,902.596,904.176,774
2024-04-02 03:00:00,904.176,904.422,902.21,902.802,630
2024-04-02 04:00:00,902.802,905.466,902.604,904.876,440
2024-04-02 05:00:00,904.876,905.17,903.743,904.19,955
2024-04-02 06:00:00,904.19,907.298,903.894,907.052,1074
2024-04-02 07:00:00,907.052,910.702,906.56,910.702,1413
2024-04-02 08:00:00,910.702,912.528,910.406,911.594,1646
2024-04-02 09:00:00,911.594,915.045,911.446,913.766,1397
2024-04-02 10:00:00,913.766,917.563,911.746,916.332,1323
2024-04-02 11:00:00,916.332,917.174,912.048,916.436,1568
2024-04-02 12:00:00,916.436,925.55,916.336,923.14,4068
2024-04-02 13:00:00,923.14,925.852,920.778,923.932,4255
2024-04-02 14:00:00,923.932,928.27,922.41,923.396,6151
2024-04-02 15:00:00,923.396,924.086,916.058,919.608,3300
2024-04-02 16:00:00,919.608,921.432,918.772,920.992,1649
2024-04-02 17:00:00,920.992,922.77,919.714,922.67,1142
2024-04-02 18:00:00,922.67,922.82,921.196,921.296,1045
2024-04-02 19:00:00,921.296,922.631,921.05,922.484,892
2024-04-02 20:00:00,922.484,923.964,922.286,923.129,571
2024-04-02 22:00:00,923.129,924.762,923.129,923.533,1164
2024-04-02 23:00:00,923.533,923.978,921.566,922.651,715
2024-04-03 00:00:00,922.651,924.228,921.72,921.916,1359
2024-04-03 01:00:00,921.916,924.482,921.426,923.449,2219
2024-04-03 02:00:00,923.449,924.238,922.172,922.814,1055
2024-04-03 03:00:00,922.814,925.674,922.814,925.38,1320
2024-04-03 04:00:00,925.38,927.056,925.38,925.778,782
2024-04-03 05:00:00,925.778,927.062,925.14,926.622,1198
2024-04-03 06:00:00,926.622,926.67,923.372,924.114,1291
2024-04-03 07:00:00,924.114,924.31,915.744,915.94,2064
2024-04-03 08:00:00,915.94,919.638,914.414,918.606,2006
2024-04-03 09:00:00,918.606,921.664,916.538,919.054,1496
2024-04-03 10:00:00,919.054,921.964,918.463,920.93,1191
2024-04-03 11:00:00,920.93,926.306,916.056,926.108,1725
2024-04-03 12:00:00,926.108,927.592,922.366,927.296,4380
2024-04-03 13:00:00,927.296,931.882,924.932,931.045,4112
2024-04-03 14:00:00,931.045,935.134,929.422,933.118,5907
2024-04-03 15:00:00,933.118,935.388,931.346,932.63,3412
2024-04-03 16:00:00,932.63,934.802,930.218,932.784,4073
2024-04-03 17:00:00,932.784,934.414,931.552,934.414,1551
2024-04-03 18:00:00,934.414,936.044,933.774,935.208,795
2024-04-03 19:00:00,935.208,939.006,935.11,938.562,1069
2024-04-03 20:00:00,938.562,939.306,937.828,938.272,725
2024-04-03 22:00:00,938.272,940.201,937,938.331,956
2024-04-03 23:00:00,938.331,939.518,936.956,939.124,830
2024-04-04 00:00:00,939.124,940.904,937.402,940.607,1405
2024-04-04 01:00:00,940.607,941.396,936.816,937.952,1140
2024-04-04 02:00:00,937.952,938.498,936.626,937.414,719
2024-04-04 03:00:00,937.414,938.898,936.63,938.553,533
2024-04-04 04:00:00,938.553,938.7,935.946,937.03,737
2024-04-04 05:00:00,937.03,938.118,936.098,936.69,833
2024-04-04 06:00:00,936.69,939.552,936.642,938.814,952
2024-04-04 07:00:00,938.814,942.808,938.026,939.902,1572
2024-04-04 08:00:00,939.902,941.234,936.752,937.888,1788
2024-04-04 09:00:00,937.888,940.404,937.248,939.618,1327
2024-04-04 10:00:00,939.618,940.752,936.664,938.834,1010
2024-04-04 11:00:00,938.834,941.546,937.212,937.36,1366
2024-04-04 12:00:00,937.36,938.444,931.698,933.818,4114
2024-04-04 13:00:00,933.818,936.976,931.65,935.99,3858
2024-04-04 14:00:00,935.99,941.562,935.794,940.332,3296
2024-04-04 15:00:00,940.332,944.226,939.642,941.272,1879
2024-04-04 16:00:00,941.272,941.272,938.762,939.356,1292
2024-04-04 17:00:00,939.356,941.234,938.37,941.036,1238
2024-04-04 18:00:00,941.036,941.086,937.64,939.366,2840
2024-04-04 19:00:00,939.366,939.366,928.53,929.072,4999
2024-04-04 20:00:00,929.072,932.378,928.974,932.378,1215
2024-04-04 22:00:00,932.378,933.617,929.777,929.924,494
2024-04-04 23:00:00,929.924,931.158,927.564,927.614,486
2024-04-05 00:00:00,927.614,928.994,926.04,926.978,1674
2024-04-05 01:00:00,926.978,926.978,921.364,922.991,3283
2024-04-05 02:00:00,922.991,925.26,920.976,921.518,1897
2024-04-05 03:00:00,921.518,922.852,920.636,921.621,1294
2024-04-05 04:00:00,921.621,923.052,921.376,922.266,769
2024-04-05 05:00:00,922.266,923.946,921.184,923.454,1194
2024-04-05 06:00:00,923.454,925.428,922.716,924.05,1274
2024-04-05 07:00:00,924.05,926.664,921.54,923.612,1869
2024-04-05 08:00:00,923.612,924.5,920.016,922.188,1606
2024-04-05 09:00:00,922.188,922.241,919.528,920.616,1356
2024-04-05 10:00:00,920.616,921.996,919.09,921.014,1277
2024-04-05 11:00:00,921.014,921.708,918.704,920.428,1206
2024-04-05 12:00:00,920.428,921.566,913.582,919.989,6664
2024-04-05 13:00:00,919.989,921.468,914.768,917.678,6311
2024-04-05 14:00:00,917.678,924.186,914.476,920.344,6027
2024-04-05 15:00:00,920.344,927.196,919.26,924.735,4457
2024-04-05 16:00:00,924.735,927.794,924.292,927.648,1963
2024-04-05 17:00:00,927.648,927.648,925.628,926.47,1405
2024-04-05 18:00:00,926.47,927.9,925.73,926.178,1236
2024-04-05 19:00:00,926.178,926.378,924.996,925.296,971
2024-04-05 20:00:00,925.296,927.124,925,926.78,585
2024-04-07 22:00:00,926.78,927.512,921.896,922.833,2038
2024-04-07 23:00:00,922.833,925.052,922.048,922.196,1517
2024-04-08 00:00:00,922.196,922.443,920.476,920.476,1681
2024-04-08 01:00:00,920.476,923.044,918.554,922.6,4563
2024-04-08 02:00:00,922.6,931.478,922.206,931.184,4473
2024-04-08 03:00:00,931.184,931.48,926.602,929.414,2169
2024-04-08 04:00:00,929.414,929.71,927.346,928.63,1276
2024-04-08 05:00:00,928.63,929.322,925.774,927.008,2317
2024-04-08 06:00:00,927.008,929.081,925.727,928.442,2312
2024-04-08 07:00:00,928.442,933.968,927.654,933.08,2004
2024-04-08 08:00:00,933.08,936.142,932.638,935.895,2232
2024-04-08 09:00:00,935.895,940.78,935.254,938.514,1491
2024-04-08 10:00:00,938.514,940.835,937.428,940.342,1463
2024-04-08 11:00:00,940.342,940.984,936.55,938.818,1962
2024-04-08 12:00:00,938.818,943.064,935.124,943.064,4472
2024-04-08 13:00:00,943.064,958.104,942.866,956.478,6666
2024-04-08 14:00:00,956.478,958.652,951.548,958.652,5408
2024-04-08 15:00:00,958.652,966.888,958.652,962.058,3105
2024-04-08 16:00:00,962.058,963.39,957.278,960.682,2340
2024-04-08 17:00:00,960.682,963.25,959.844,962.414,1653
2024-04-08 18:00:00,962.414,963.156,961.674,962.024,772
2024-04-08 19:00:00,962.024,963.36,961.974,963.114,640
2024-04-08 20:00:00,963.114,964.154,962.966,963.217,331
2024-04-08 22:00:00,963.217,964.608,962.878,964.608,407
2024-04-08 23:00:00,964.608,966.928,964.361,965.698,650
2024-04-09 00:00:00,965.698,969.942,965.402,969.942,1523
2024-04-09 01:00:00,969.942,976.108,969.302,971.23,4414
2024-04-09 02:00:00,971.23,973.453,970.444,972.812,2109
2024-04-09 03:00:00,972.812,974.394,971.826,974.247,1462
2024-04-09 04:00:00,974.247,977.505,974.148,975.978,1055
2024-04-09 05:00:00,975.978,977.708,975.34,976.376,1378
2024-04-09 06:00:00,976.376,977.364,973.274,974.41,1917
2024-04-09 07:00:00,974.41,978.014,973.574,976.88,2439
2024-04-09 08:00:00,976.88,978.018,973.824,976.886,2284
2024-04-09 09:00:00,976.886,980.144,975.998,978.862,2172
2024-04-09 10:00:00,978.862,980.144,975.216,977.339,2049
2024-04-09 11:00:00,977.339,980.104,976.454,978.084,2212
2024-04-09 12:00:00,978.084,985.09,977.345,983.858,3937
2024-04-09 13:00:00,983.858,987.262,980.806,982.63,6324
2024-04-09 14:00:00,982.63,984.9,969.175,973.07,7485
2024-04-09 15:00:00,973.07,974.354,965.582,966.962,5502
2024-04-09 16:00:00,966.962,972.24,966.912,968.84,2518
2024-04-09 17:00:00,968.84,974.218,968.2,973.529,2185
2024-04-09 18:00:00,973.529,975.652,972.396,975.162,1416
2024-04-09 19:00:00,975.162,976.794,974.028,976.646,1027
2024-04-09 20:00:00,976.646,978.968,976.596,978.574,551
2024-04-09 22:00:00,978.574,978.574,976.706,978.288,433
2024-04-09 23:00:00,978.288,978.392,977.008,978.195,462
2024-04-10 00:00:00,978.195,979.134,976.916,977.264,996
2024-04-10 01:00:00,977.264,978.648,973.912,978.156,2570
2024-04-10 02:00:00,978.156,978.504,975.988,977.274,1730
2024-04-10 03:00:00,977.274,978.658,977.028,977.772,1003
2024-04-10 04:00:00,977.772,979.601,977.38,979.454,894
2024-04-10 05:00:00,979.454,980.344,977.388,977.782,1996
2024-04-10 06:00:00,977.782,979.707,976.996,978.378,1739
2024-04-10 07:00:00,978.378,979.562,975.524,977.743,1755
2024-04-10 08:00:00,977.743,982.826,976.71,982.532,1528
2024-04-10 09:00:00,982.532,983.567,978.096,979.282,1743
2024-04-10 10:00:00,979.282,983.032,978,980.964,1417
2024-04-10 11:00:00,980.964,983.581,980.422,981.364,1518
2024-04-10 12:00:00,981.364,982.104,962.036,968.696,9632
2024-04-10 13:00:00,968.696,969.14,961.696,967.074,12332
2024-04-10 14:00:00,967.074,974.276,965.151,969.84,8904
2024-04-10 15:00:00,969.84,970.58,957.958,959.392,5553
2024-04-10 16:00:00,959.392,965.51,958.75,964.87,2706
2024-04-10 17:00:00,964.87,967.488,960.678,966.551,5282
2024-04-10 18:00:00,966.551,968.378,962.66,963.006,2755
2024-04-10 19:00:00,963.006,965.326,962.809,964.589,1962
2024-04-10 20:00:00,964.589,964.589,961.93,963.262,693
2024-04-10 22:00:00,963.262,963.618,962.578,963.026,393
2024-04-10 23:00:00,963.026,963.026,961.206,961.602,523
2024-04-11 00:00:00,961.602,963.231,960.861,962.543,1337
2024-04-11 01:00:00,962.543,966.887,961.754,966.592,2710
2024-04-11 02:00:00,966.592,967.83,965.754,967.682,1454
2024-04-11 03:00:00,967.682,968.768,966.893,967.342,1098
2024-04-11 04:00:00,967.342,968.774,966.95,968.234,804
2024-04-11 05:00:00,968.234,969.914,967.254,968.042,1507
2024-04-11 06:00:00,968.042,969.377,965.578,966.568,2154
2024-04-11 07:00:00,966.568,972.046,965.926,971.604,2336
2024-04-11 08:00:00,971.604,973.428,966.874,966.923,2350
2024-04-11 09:00:00,966.923,967.91,964.114,965.498,1933
2024-04-11 10:00:00,965.498,968.116,963.774,967.87,1608
2024-04-11 11:00:00,967.87,968.662,965.406,966.494,1755
2024-04-11 12:00:00,966.494,979.122,966.494,976.018,6426
2024-04-11 13:00:00,976.018,980.854,974.588,979.328,6980
2024-04-11 14:00:00,979.328,980.806,968.827,970.258,7076
2024-04-11 15:00:00,970.258,974.306,970.11,974.11,3215
2024-04-11 16:00:00,974.11,975.294,972.782,973.72,2463
2024-04-11 17:00:00,973.72,977.962,972.832,976.98,2325
2024-04-11 18:00:00,976.98,980.092,976.784,979.106,1496
2024-04-11 19:00:00,979.106,982.268,979.106,981.922,1356
2024-04-11 20:00:00,981.922,982.564,981.282,981.73,711
2024-04-11 22:00:00,981.73,985.288,981.73,983.763,923
2024-04-11 23:00:00,983.763,985.05,982.78,985.05,844
2024-04-12 00:00:00,985.05,985.05,982.093,984.463,1681
2024-04-12 01:00:00,984.463,990.14,984.463,989.252,4766
2024-04-12 02:00:00,989.252,991.278,987.874,989.898,2800
2024-04-12 03:00:00,989.898,990.74,986.894,987.635,1336
2024-04-12 04:00:00,987.635,988.822,987.292,987.443,930
2024-04-12 05:00:00,987.443,993.268,987.443,992.972,2003
2024-04-12 06:00:00,992.972,997.516,991.838,997.516,2473
2024-04-12 07:00:00,997.516,1001.954,997.12,998.754,3129
2024-04-12 08:00:00,998.754,1002.158,996.538,998.66,2729
2024-04-12 09:00:00,998.66,1001.966,998.416,1000.638,2055
2024-04-12 10:00:00,1000.638,1002.81,998.572,999.41,2021
2024-04-12 11:00:00,999.41,999.41,991.274,997.886,2911
2024-04-12 12:00:00,997.886,1004.992,997.492,999.519,5127
2024-04-12 13:00:00,999.519,1002.04,997.006,1000.412,10301
2024-04-12 14:00:00,1000.412,1001.946,997.306,1001.454,10380
2024-04-12 15:00:00,1001.454,1006.634,991.002,996.034,13376
2024-04-12 16:00:00,996.034,996.034,984.496,985.484,10184
2024-04-12 17:00:00,985.484,988.986,983.514,985.292,7596
2024-04-12 18:00:00,985.292,986.574,979.18,980.166,3655
2024-04-12 19:00:00,980.166,981.698,977.558,977.902,2862
2024-04-12 20:00:00,977.902,978.05,974.158,976.626,1129
2024-04-14 22:00:00,976.626,985.315,973.773,974.662,2939
2024-04-14 23:00:00,974.662,978.86,973.036,976.838,1897
2024-04-15 00:00:00,976.838,977.38,973.78,974.475,3718
2024-04-15 01:00:00,974.475,975.314,968.21,972.408,5889
2024-04-15 02:00:00,972.408,975.666,972.062,973.202,2989
2024-04-15 03:00:00,973.202,975.081,972.118,974.49,2035
2024-04-15 04:00:00,974.49,974.49,971.336,972.472,1347
2024-04-15 05:00:00,972.472,976.671,970.896,976.671,2213
2024-04-15 06:00:00,976.671,978.155,974.156,976.38,3702
2024-04-15 07:00:00,976.38,977.268,969.082,970.76,3396
2024-04-15 08:00:00,970.76,971.994,965.782,967.164,3337
2024-04-15 09:00:00,967.164,967.954,963.022,966.922,1923
2024-04-15 10:00:00,966.922,973.292,966.576,972.749,1428
2024-04-15 11:00:00,972.749,975.664,972.356,974.235,2260
2024-04-15 12:00:00,974.235,976.358,967.182,972.76,5788
2024-04-15 13:00:00,972.76,974.388,964.918,966.844,8487
2024-04-15 14:00:00,966.844,967.19,959.246,962.654,9770
2024-04-15 15:00:00,962.654,969.814,961.372,969.47,4994
2024-04-15 16:00:00,969.47,970.012,964.883,968.34,3482
2024-04-15 17:00:00,968.34,968.586,965.334,966.864,4056
2024-04-15 18:00:00,966.864,970.026,966.618,969.582,2756
2024-04-15 19:00:00,969.582,972.252,969.14,971.414,2628
2024-04-15 20:00:00,971.414,972.01,970.726,971.764,737
2024-04-15 22:00:00,971.764,974.682,971.764,973.501,1042
2024-04-15 23:00:00,973.501,974.638,971.532,972.224,544
2024-04-16 00:00:00,972.224,972.866,968.972,969.022,1566
2024-04-16 01:00:00,969.022,970.848,966.704,970.31,3361
2024-04-16 02:00:00,970.31,970.804,966.168,968.489,2599
2024-04-16 03:00:00,968.489,970.02,967.454,969.728,1391
2024-04-16 04:00:00,969.728,969.777,966.918,968.548,1284
2024-04-16 05:00:00,968.548,971.708,968.45,970.675,1543
2024-04-16 06:00:00,970.675,970.824,962.536,962.736,3614
2024-04-16 07:00:00,962.736,965.849,961.901,963.678,3061
2024-04-16 08:00:00,963.678,967.53,961.262,962.944,2616
2024-04-16 09:00:00,962.944,969.264,962.5,967.537,2355
2024-04-16 10:00:00,967.537,969.562,964.68,966.654,2181
2024-04-16 11:00:00,966.654,970.36,964.832,969.866,1819
2024-04-16 12:00:00,969.866,970.952,960.394,966.072,4050
2024-04-16 13:00:00,966.072,973.082,960.452,960.896,8912
2024-04-16 14:00:00,960.896,965.688,956.406,965.638,8175
2024-04-16 15:00:00,965.638,969.686,965.196,966.778,6356
2024-04-16 16:00:00,966.778,967.816,962.638,962.984,3743
2024-04-16 17:00:00,962.984,963.528,957.607,960.077,7314
2024-04-16 18:00:00,960.077,964.42,958.746,962.451,5152
2024-04-16 19:00:00,962.451,963.44,960.284,960.778,2252
2024-04-16 20:00:00,960.778,961.124,956.341,958.019,879
2024-04-16 22:00:00,958.019,958.77,955.854,958.572,501
2024-04-16 23:00:00,958.572,960.354,958.229,959.762,832
2024-04-17 00:00:00,959.762,960.603,956.658,957.349,1438
2024-04-17 01:00:00,957.349,957.645,952.96,956.071,2986
2024-04-17 02:00:00,956.071,956.468,953.706,953.954,1659
2024-04-17 03:00:00,953.954,954.4,951.342,951.49,1188
2024-04-17 04:00:00,951.49,952.776,950.408,951.841,756
2024-04-17 05:00:00,951.841,951.841,949.426,950.02,2033
2024-04-17 06:00:00,950.02,953.48,946.912,953.233,2956
2024-04-17 07:00:00,953.233,953.876,946.278,952.104,2258
2024-04-17 08:00:00,952.104,958.574,951.659,958.574,2145
2024-04-17 09:00:00,958.574,959.758,954.678,956.752,2177
2024-04-17 10:00:00,956.752,958.336,956.062,957.942,1765
2024-04-17 11:00:00,957.942,961.3,957.152,959.97,1914
2024-04-17 12:00:00,959.97,960.02,946.846,949.464,3891
2024-04-17 13:00:00,949.464,956.426,947.737,954.896,6868
2024-04-17 14:00:00,954.896,955.144,950.46,951.842,5867
2024-04-17 15:00:00,951.842,954.261,946.862,946.961,4692
2024-04-17 16:00:00,946.961,947.108,940.648,940.846,5710
2024-04-17 17:00:00,940.846,944.502,940.796,943.121,3585
2024-04-17 18:00:00,943.121,945.198,941.89,942.584,2335
2024-04-17 19:00:00,942.584,942.584,940.314,941.157,1719
2024-04-17 20:00:00,941.157,941.702,939.78,940.718,986
2024-04-17 22:00:00,940.718,941.024,939.54,940.628,532
2024-04-17 23:00:00,940.628,941.668,939.744,939.992,658
2024-04-18 00:00:00,939.992,940.338,938.414,939.503,1376
2024-04-18 01:00:00,939.503,940.244,934.226,935.066,2804
2024-04-18 02:00:00,935.066,938.724,934.82,938.576,2093
2024-04-18 03:00:00,938.576,939.564,937.984,938.382,1341
2024-04-18 04:00:00,938.382,938.432,935.426,936.216,663
2024-04-18 05:00:00,936.216,937.255,934.736,936.518,1876
2024-04-18 06:00:00,936.518,941.604,936.37,941.064,2532
2024-04-18 07:00:00,941.064,941.315,935.982,941.315,2446
2024-04-18 08:00:00,941.315,943.984,939.539,942.06,2506
2024-04-18 09:00:00,942.06,944.332,939.347,940.239,1569
2024-04-18 10:00:00,940.239,940.538,936.438,939.651,1385
2024-04-18 11:00:00,939.651,940.343,936.448,936.695,1917
2024-04-18 12:00:00,936.695,939.512,931.958,937.884,4550
2024-04-18 13:00:00,937.884,942.774,935.47,938.234,9748
2024-04-18 14:00:00,938.234,949.198,935.57,948.951,7346
2024-04-18 15:00:00,948.951,949.594,942.637,944.958,4277
2024-04-18 16:00:00,944.958,945.106,942.494,943.68,2807
2024-04-18 17:00:00,943.68,943.68,940.522,941.612,2289
2024-04-18 18:00:00,941.612,941.612,937.814,938.456,1752
2024-04-18 19:00:00,938.456,939.544,937.672,938.364,1226
2024-04-18 20:00:00,938.364,938.512,936.442,936.69,562
2024-04-18 22:00:00,936.69,937.092,936.008,936.354,264
2024-04-18 23:00:00,936.354,937.69,935.864,936.21,358
2024-04-19 00:00:00,936.21,936.66,933.546,936.512,1436
2024-04-19 01:00:00,936.512,947.919,936.02,944.908,8870
2024-04-19 02:00:00,944.908,946.246,941.012,943.976,6254
2024-04-19 03:00:00,943.976,946.098,939.14,941.315,6523
2024-04-19 04:00:00,941.315,941.562,935.642,936.68,2351
2024-04-19 05:00:00,936.68,937.571,935.101,936.438,2354
2024-04-19 06:00:00,936.438,941.132,935.401,940.59,3246
2024-04-19 07:00:00,940.59,944.836,939.898,943.162,2416
2024-04-19 08:00:00,943.162,943.211,934.376,937.193,2735
2024-04-19 09:00:00,937.193,938.378,934.878,935.322,1808
2024-04-19 10:00:00,935.322,935.322,929.204,929.848,1871
2024-04-19 11:00:00,929.848,931.381,927.776,928.322,2640
2024-04-19 12:00:00,928.322,932.52,925.064,926.352,3891
2024-04-19 13:00:00,926.352,930.404,924.576,926.802,6984
2024-04-19 14:00:00,926.802,932.776,926.012,931.052,6580
2024-04-19 15:00:00,931.052,933.916,929.376,931.648,4149
2024-04-19 16:00:00,931.648,932.592,926.567,932.394,2891
2024-04-19 17:00:00,932.394,933.134,930.227,930.425,2740
2024-04-19 18:00:00,930.425,930.92,929.392,930.774,1976
2024-04-19 19:00:00,930.774,931.274,929.792,931.174,2002
2024-04-19 20:00:00,931.174,932.212,930.632,931.525,761
2024-04-21 22:00:00,931.525,932.556,929.346,931.819,788
2024-04-21 23:00:00,931.819,933.154,931.033,932.466,742
2024-04-22 00:00:00,932.466,933.308,930.738,931.829,1372
2024-04-22 01:00:00,931.829,934.299,930.99,933.661,3231
2024-04-22 02:00:00,933.661,935.146,932.92,933.765,1579
2024-04-22 03:00:00,933.765,934.406,931.15,933.078,2144
2024-04-22 04:00:00,933.078,933.969,931.848,931.898,897
2024-04-22 05:00:00,931.898,933.184,928.989,929.977,2133
2024-04-22 06:00:00,929.977,933.139,925.982,927.463,2811
2024-04-22 07:00:00,927.463,928.006,921.196,921.69,2337
2024-04-22 08:00:00,921.69,926.189,921.198,925.843,1800
2024-04-22 09:00:00,925.843,927.08,923.821,924.959,1642
2024-04-22 10:00:00,924.959,928.417,922.79,924.52,1340
2024-04-22 11:00:00,924.52,924.52,919.486,920.919,3056
2024-04-22 12:00:00,920.919,924.577,918.304,924.134,4068
2024-04-22 13:00:00,924.134,924.875,914.26,923.201,6669
2024-04-22 14:00:00,923.201,927.896,921.522,923.699,4926
2024-04-22 15:00:00,923.699,923.699,917.282,919.112,3222
2024-04-22 16:00:00,919.112,920.941,918.027,919.412,2029
2024-04-22 17:00:00,919.412,921.442,919.018,920.8,1485
2024-04-22 18:00:00,920.8,922.086,919.566,920.904,929
2024-04-22 19:00:00,920.904,920.904,919.178,919.674,739
2024-04-22 20:00:00,919.674,920.369,918.888,919.481,322
2024-04-22 22:00:00,919.481,919.635,918.452,918.898,452
2024-04-22 23:00:00,918.898,921.224,918.603,920.928,776
2024-04-23 00:00:00,920.928,921.57,917.326,918.513,846
2024-04-23 01:00:00,918.513,918.957,911.455,911.752,5166
2024-04-23 02:00:00,911.752,914.074,911.164,911.164,3332
2024-04-23 03:00:00,911.164,912.5,911.066,911.366,1672
2024-04-23 04:00:00,911.366,912.898,910.926,911.124,822
2024-04-23 05:00:00,911.124,912.508,908.806,909.252,1669
2024-04-23 06:00:00,909.252,909.894,906.489,908.17,2324
2024-04-23 07:00:00,908.17,912.964,906.886,911.928,2341
2024-04-23 08:00:00,911.928,914.548,908.574,909.809,2261
2024-04-23 09:00:00,909.809,911.936,907.885,909.123,2459
2024-04-23 10:00:00,909.123,911.543,908.237,908.782,1854
2024-04-23 11:00:00,908.782,908.831,904.488,905.132,1651
2024-04-23 12:00:00,905.132,906.96,899.356,902.815,3352
2024-04-23 13:00:00,902.815,912.105,900.642,910.426,6848
2024-04-23 14:00:00,910.426,913.244,908.154,912.357,7761
2024-04-23 15:00:00,912.357,913.1,909.1,910.781,3385
2024-04-23 16:00:00,910.781,912.512,909.695,911.576,2024
2024-04-23 17:00:00,911.576,912.367,909.456,910.494,1523
2024-04-23 18:00:00,910.494,911.188,909.017,909.61,786
2024-04-23 19:00:00,909.61,909.907,907.934,908.331,602
2024-04-23 20:00:00,908.331,909.667,908.331,909.076,329
2024-04-23 22:00:00,909.076,910.023,908.045,909.283,425
2024-04-23 23:00:00,909.283,910.966,909.185,909.881,512
2024-04-24 00:00:00,909.881,911.316,908.302,909.738,888
2024-04-24 01:00:00,909.738,911.075,907.614,910.088,2292
2024-04-24 02:00:00,910.088,913.004,909.694,911.476,1533
2024-04-24 03:00:00,911.476,913.7,911.13,913.209,1092
2024-04-24 04:00:00,913.209,914.941,913.062,914.301,715
2024-04-24 05:00:00,914.301,914.548,910.453,910.749,1137
2024-04-24 06:00:00,910.749,911.296,908.924,910.557,1865
2024-04-24 07:00:00,910.557,918.117,908.779,915.501,1963
2024-04-24 08:00:00,915.501,916.493,914.019,916.098,1528
2024-04-24 09:00:00,916.098,917.679,911.51,911.559,1716
2024-04-24 10:00:00,911.559,913.486,908.994,909.193,1042
2024-04-24 11:00:00,909.193,911.22,908.995,910.284,896
2024-04-24 12:00:00,910.284,911.471,903.916,904.658,3695
2024-04-24 13:00:00,904.658,905.5,901.299,901.797,4968
2024-04-24 14:00:00,901.797,906.742,900.07,905.853,3793
2024-04-24 15:00:00,905.853,907.286,901.212,901.708,3023
2024-04-24 16:00:00,901.708,906.01,901.164,905.269,1950
2024-04-24 17:00:00,905.269,905.814,903.491,904.484,1407
2024-04-24 18:00:00,904.484,904.978,901.572,902.166,996
2024-04-24 19:00:00,902.166,903.602,901.92,902.32,640
2024-04-24 20:00:00,902.32,902.616,900.446,901.534,487
2024-04-24 22:00:00,901.534,901.534,899.316,901.049,360
2024-04-24 23:00:00,901.049,902.239,900.901,902.141,431
2024-04-25 00:00:00,902.141,903.674,901.498,902.343,738
2024-04-25 01:00:00,902.343,902.59,899.874,900.965,1350
2024-04-25 02:00:00,900.965,902.402,900.767,901.266,879
2024-04-25 03:00:00,901.266,901.908,898.256,899.443,1529
2024-04-25 04:00:00,899.443,899.79,898.952,899.348,358
2024-04-25 05:00:00,899.348,901.428,899.152,900.885,1055
2024-04-25 06:00:00,900.885,906.67,899.7,905.929,1945
2024-04-25 07:00:00,905.929,907.462,904.743,905.933,1327
2024-04-25 08:00:00,905.933,907.811,905.588,907.42,1381
2024-04-25 09:00:00,907.42,907.519,905.251,905.548,946
2024-04-25 10:00:00,905.548,905.992,902.686,903.725,801
2024-04-25 11:00:00,903.725,905.702,901.702,902.297,1111
2024-04-25 12:00:00,902.297,906.795,899.88,902.153,5953
2024-04-25 13:00:00,902.153,902.993,894.744,900.478,8535
2024-04-25 14:00:00,900.478,910.708,898.255,906.807,6867
2024-04-25 15:00:00,906.807,913.479,904.486,909.133,4077
2024-04-25 16:00:00,909.133,910.719,906.863,909.533,2185
2024-04-25 17:00:00,909.533,914.182,908.941,914.182,1759
2024-04-25 18:00:00,914.182,914.33,912.159,913.89,1293
2024-04-25 19:00:00,913.89,916.116,913.89,914.686,803
2024-04-25 20:00:00,914.686,915.628,913.897,914.938,647
2024-04-25 22:00:00,914.938,916.725,914.938,916.38,310
2024-04-25 23:00:00,916.38,916.677,914.998,915.891,439
2024-04-26 00:00:00,915.891,918.416,915.199,917.872,749
2024-04-26 01:00:00,917.872,918.072,915.848,917.679,1889
2024-04-26 02:00:00,917.679,918.524,916.646,918.277,834
2024-04-26 03:00:00,918.277,920.652,918.03,920.011,952
2024-04-26 04:00:00,920.011,920.41,918.826,920.361,571
2024-04-26 05:00:00,920.361,921.057,918.534,920.564,950
2024-04-26 06:00:00,920.564,923.137,920.218,922.298,1752
2024-04-26 07:00:00,922.298,922.298,918.396,920.722,1794
2024-04-26 08:00:00,920.722,920.92,912.822,913.711,2932
2024-04-26 09:00:00,913.711,915.395,913.018,915.346,1305
2024-04-26 10:00:00,915.346,916.384,911.84,914.511,1087
2024-04-26 11:00:00,914.511,914.758,912.045,913.033,1228
2024-04-26 12:00:00,913.033,919.41,911.898,914.767,5510
2024-04-26 13:00:00,914.767,916.003,911.013,912.746,5553
2024-04-26 14:00:00,912.746,914.921,908.451,911.516,4525
2024-04-26 15:00:00,911.516,913.344,909.047,911.521,3250
2024-04-26 16:00:00,911.521,913.054,910.29,910.34,1674
2024-04-26 17:00:00,910.34,912.764,910.192,912.024,820
2024-04-26 18:00:00,912.024,912.326,911.432,912.227,600
2024-04-26 19:00:00,912.227,912.227,909.956,911.836,631
2024-04-26 20:00:00,911.836,913.472,911.737,913.472,544
2024-04-28 22:00:00,913.472,915.092,912.57,914.106,691
2024-04-28 23:00:00,914.106,914.898,912.034,912.382,636
2024-04-29 00:00:00,912.382,916.786,912.234,916.488,950
2024-04-29 01:00:00,916.488,917.974,912.636,917.037,3819
2024-04-29 02:00:00,917.037,917.186,915.162,915.856,1665
2024-04-29 03:00:00,915.856,918.184,915.461,917.442,970
2024-04-29 04:00:00,917.442,919.721,916.751,919.721,3271
2024-04-29 05:00:00,919.721,919.772,915.622,917.008,2403
2024-04-29 06:00:00,917.008,918.144,912.958,913.454,1812
2024-04-29 07:00:00,913.454,919.884,912.218,919.784,3599
2024-04-29 08:00:00,919.784,921.717,917.859,921.223,1814
2024-04-29 09:00:00,921.223,926.912,921.124,926.12,1564
2024-04-29 10:00:00,926.12,928.152,924.392,927.856,1058
2024-04-29 11:00:00,927.856,931.664,927.708,929.838,1296
2024-04-29 12:00:00,929.838,936.564,929.838,935.626,2857
2024-04-29 13:00:00,935.626,938.198,932.466,936.767,4092
2024-04-29 14:00:00,936.767,943.544,936.767,943.495,2810
2024-04-29 15:00:00,943.495,949.876,942.803,949.58,2347
2024-04-29 16:00:00,949.58,951.512,943.946,950.029,3325
2024-04-29 17:00:00,950.029,954.479,949.243,949.342,1879
2024-04-29 18:00:00,949.342,949.886,946.232,947.568,1243
2024-04-29 19:00:00,947.568,947.72,944.899,946.782,1462
2024-04-29 20:00:00,946.782,949.406,946.436,948.666,467
2024-04-29 22:00:00,948.666,949.214,947.042,948.23,475
2024-04-29 23:00:00,948.23,950.261,946.75,949.322,692
2024-04-30 00:00:00,949.322,952.092,946.856,948.34,1402
2024-04-30 01:00:00,948.34,951.456,947.993,949.679,2288
2024-04-30 02:00:00,949.679,949.828,947.16,949.09,1480
2024-04-30 03:00:00,949.09,949.238,946.917,947.415,955
2024-04-30 04:00:00,947.415,948.602,947.219,947.716,569
2024-04-30 05:00:00,947.716,947.716,942.728,945.349,1723
2024-04-30 06:00:00,945.349,946.441,942.928,945.402,1894
2024-04-30 07:00:00,945.402,946.144,939.968,941.948,1713
2024-04-30 08:00:00,941.948,941.948,935.872,936.367,1452
2024-04-30 09:00:00,936.367,938.249,934.39,937.162,1483
2024-04-30 10:00:00,937.162,939.933,936.372,938.6,1133
2024-04-30 11:00:00,938.6,939.245,934.896,936.53,1264
2024-04-30 12:00:00,936.53,942.316,932.476,936.534,5190
2024-04-30 13:00:00,936.534,941.037,935.007,935.55,5352
2024-04-30 14:00:00,935.55,939.21,929.426,929.871,6213
2024-04-30 15:00:00,929.871,934.423,929.772,933.731,3603
2024-04-30 16:00:00,933.731,934.874,930.769,933.637,2065
2024-04-30 17:00:00,933.637,939.62,933.539,937.498,2371
2024-04-30 18:00:00,937.498,938.092,934.339,934.636,1077
2024-04-30 19:00:00,934.636,937.408,934.438,935.827,1082
2024-04-30 20:00:00,935.827,938.003,934.892,935.338,1044
2024-04-30 22:00:00,935.338,936.036,933.318,935.15,615
2024-04-30 23:00:00,935.15,935.546,934.262,934.759,482
2024-05-01 00:00:00,934.759,936.59,932.292,933.034,1298
2024-05-01 01:00:00,933.034,934.966,932.642,933.78,1089
2024-05-01 02:00:00,933.78,933.88,932.646,932.994,546
2024-05-01 03:00:00,932.994,934.728,932.501,934.334,660
2024-05-01 04:00:00,934.334,934.781,932.806,933.054,702
2024-05-01 05:00:00,933.054,934.738,932.858,933.306,542
2024-05-01 06:00:00,933.306,934.594,931.629,932.223,766
2024-05-01 07:00:00,932.223,936.773,931.926,935.64,1146
2024-05-01 08:00:00,935.64,938.262,934.062,937.275,1425
2024-05-01 09:00:00,937.275,940.74,937.078,939.752,965
2024-05-01 10:00:00,939.752,945.196,938.962,945.196,1046
2024-05-01 11:00:00,945.196,949.351,944.505,948.958,1265
2024-05-01 12:00:00,948.958,952.916,947.083,948.469,3652
2024-05-01 13:00:00,948.469,953.566,945.552,953.468,3688
2024-05-01 14:00:00,953.468,957.324,951.69,955.598,6725
2024-05-01 15:00:00,955.598,956.144,949.422,950.659,2757
2024-05-01 16:00:00,950.659,951.006,946.658,947.203,2085
2024-05-01 17:00:00,947.203,947.252,941.916,944.143,1940
2024-05-01 18:00:00,944.143,956.062,942.758,955.47,15897
2024-05-01 19:00:00,955.47,956.854,946.921,947.218,6942
2024-05-01 20:00:00,947.218,953.946,946.576,951.92,4071
2024-05-01 22:00:00,951.92,955.09,951.92,953.76,1166
2024-05-01 23:00:00,953.76,956.186,953.661,955.496,1280
2024-05-02 00:00:00,955.496,958.168,955.496,957.033,1294
2024-05-02 01:00:00,957.033,958.176,954.86,958.176,1437
2024-05-02 02:00:00,958.176,959.164,955.953,957.241,1444
2024-05-02 03:00:00,957.241,957.788,955.563,956.751,1210
2024-05-02 04:00:00,956.751,958.19,955.664,957.943,845
2024-05-02 05:00:00,957.943,958.639,956.808,957.651,1392
2024-05-02 06:00:00,957.651,960.324,956.564,957.755,2214
2024-05-02 07:00:00,957.755,960.033,955.432,956.672,2244
2024-05-02 08:00:00,956.672,958.108,949.904,950.992,2172
2024-05-02 09:00:00,950.992,952.034,948.176,951.49,1663
2024-05-02 10:00:00,951.49,951.738,945.707,948.875,2317
2024-05-02 11:00:00,948.875,951.398,947.593,950.512,1919
2024-05-02 12:00:00,950.512,953.532,948.144,948.242,4145
2024-05-02 13:00:00,948.242,951.902,941.373,942.66,5773
2024-05-02 14:00:00,942.66,953.096,941.374,951.763,6639
2024-05-02 15:00:00,951.763,955.374,949.987,951.669,3841
2024-05-02 16:00:00,951.669,953.552,950.285,952.91,2237
2024-05-02 17:00:00,952.91,955.88,951.18,954.25,1813
2024-05-02 18:00:00,954.25,956.13,953.362,954.849,1356
2024-05-02 19:00:00,954.849,954.849,951.44,952.43,1341
2024-05-02 20:00:00,952.43,952.579,950.85,952.238,614
2024-05-02 22:00:00,952.238,954.122,951.85,952.495,620
2024-05-02 23:00:00,952.495,953.934,952.101,953.192,692
2024-05-03 00:00:00,953.192,956.214,952.452,955.522,965
2024-05-03 01:00:00,955.522,958.145,954.978,956.714,1600
2024-05-03 02:00:00,956.714,957.258,954.195,954.592,1379
2024-05-03 03:00:00,954.592,957.118,953.852,957.118,843
2024-05-03 04:00:00,957.118,957.712,955.49,955.938,767
2024-05-03 05:00:00,955.938,957.524,955.888,956.684,960
2024-05-03 06:00:00,956.684,957.08,953.62,954.019,1855
2024-05-03 07:00:00,954.019,957.93,953.278,957.14,2073
2024-05-03 08:00:00,957.14,966.144,956.496,965.501,1692
2024-05-03 09:00:00,965.501,969.562,964.266,968.671,1461
2024-05-03 10:00:00,968.671,968.722,962.643,964.968,1357
2024-05-03 11:00:00,964.968,965.364,960.668,962.352,1270
2024-05-03 12:00:00,962.352,968.783,957.905,962.9,7706
2024-05-03 13:00:00,962.9,963.99,952.074,953.658,9998
2024-05-03 14:00:00,953.658,959.296,947.084,950.3,12836
2024-05-03 15:00:00,950.3,954.458,949.311,950.75,4299
2024-05-03 16:00:00,950.75,956.837,950.107,955.651,2262
2024-05-03 17:00:00,955.651,956.348,953.673,955.706,1651
2024-05-03 18:00:00,955.706,956.102,953.038,954.573,901
2024-05-03 19:00:00,954.573,955.366,953.288,954.084,975
2024-05-03 20:00:00,954.084,956.758,953.492,955.869,812
2024-05-05 22:00:00,955.869,959.528,953.596,954.488,644
2024-05-05 23:00:00,954.488,956.022,948.507,949.05,1314
2024-05-06 00:00:00,949.05,950.585,946.332,948.76,1422
2024-05-06 01:00:00,948.76,952.722,948.264,952.03,3672
2024-05-06 02:00:00,952.03,952.673,950.499,951.391,1672
2024-05-06 03:00:00,951.391,952.978,948.622,952.781,891
2024-05-06 04:00:00,952.781,952.983,950.607,951.698,735
2024-05-06 05:00:00,951.698,954.868,951.203,954.226,1725
2024-05-06 06:00:00,954.226,957.198,954.078,956.655,1931
2024-05-06 07:00:00,956.655,960.468,955.468,958.54,1415
2024-05-06 08:00:00,958.54,963.64,957.698,962.7,1325
2024-05-06 09:00:00,962.7,967.948,962.601,967.059,938
2024-05-06 10:00:00,967.059,968.246,962.412,963.254,1040
2024-05-06 11:00:00,963.254,965.681,959.104,960.539,1272
2024-05-06 12:00:00,960.539,965.095,960.242,964.205,3204
2024-05-06 13:00:00,964.205,964.946,958.026,959.312,4807
2024-05-06 14:00:00,959.312,963.37,957.383,958.872,3065
2024-05-06 15:00:00,958.872,959.12,950.958,953.682,1883
2024-05-06 16:00:00,953.682,956.652,952.346,954.033,2339
2024-05-06 17:00:00,954.033,956.314,954.033,955.523,1248
2024-05-06 18:00:00,955.523,956.268,954.584,956.072,660
2024-05-06 19:00:00,956.072,956.072,954.443,955.582,718
2024-05-06 20:00:00,955.582,956.923,955.335,956.676,610
2024-05-06 22:00:00,956.676,957.427,955.988,956.933,534
2024-05-06 23:00:00,956.933,957.234,955.252,956.542,662
2024-05-07 00:00:00,956.542,960.258,955.504,960.258,1241
2024-05-07 01:00:00,960.258,961.792,957.145,958.135,2711
2024-05-07 02:00:00,958.135,961.305,957.888,960.564,1558
2024-05-07 03:00:00,960.564,962.548,960.466,962.154,992
2024-05-07 04:00:00,962.154,962.948,960.474,961.762,1218
2024-05-07 05:00:00,961.762,962.456,960.332,960.53,1501
2024-05-07 06:00:00,960.53,960.629,957.07,957.765,1494
2024-05-07 07:00:00,957.765,958.26,952.97,954.652,1646
2024-05-07 08:00:00,954.652,955.593,951.092,952.728,1879
2024-05-07 09:00:00,952.728,955.105,951.792,952.634,1231
2024-05-07 10:00:00,952.634,953.526,951.253,953.332,1078
2024-05-07 11:00:00,953.332,956.106,952.743,953.931,1270
2024-05-07 12:00:00,953.931,976.546,953.386,974.815,3569
2024-05-07 13:00:00,974.815,979.371,971.5,977.096,4492
2024-05-07 14:00:00,977.096,982.445,976.552,978.586,3133
2024-05-07 15:00:00,978.586,980.12,975.721,976.464,2521
2024-05-07 16:00:00,976.464,979.484,976.018,978.497,1433
2024-05-07 17:00:00,978.497,980.481,977.36,978.206,1423
2024-05-07 18:00:00,978.206,978.702,976.626,977.815,1038
2024-05-07 19:00:00,977.815,979.007,977.272,978.86,663
2024-05-07 20:00:00,978.86,979.354,977.28,977.726,350
2024-05-07 22:00:00,977.726,979.221,977.584,978.776,441
2024-05-07 23:00:00,978.776,979.621,977.79,978.582,571
2024-05-08 00:00:00,978.582,981.208,978.484,980.468,1167
2024-05-08 01:00:00,980.468,980.716,974.734,975.674,1848
2024-05-08 02:00:00,975.674,977.162,974.785,976.569,1335
2024-05-08 03:00:00,976.569,978.058,975.728,977.366,980
2024-05-08 04:00:00,977.366,978.657,977.218,977.866,614
2024-05-08 05:00:00,977.866,978.857,976.584,976.783,1100
2024-05-08 06:00:00,976.783,979.014,974.856,978.866,1652
2024-05-08 07:00:00,978.866,980.796,970.31,970.31,1642
2024-05-08 08:00:00,970.31,971.3,967.098,967.346,2171
2024-05-08 09:00:00,967.346,968.982,965.521,965.917,1494
2024-05-08 10:00:00,965.917,971.068,965.917,971.018,1298
2024-05-08 11:00:00,971.018,971.962,968.497,971.271,1358
2024-05-08 12:00:00,971.271,973.3,963.804,964.002,2959
2024-05-08 13:00:00,964.002,966.229,961.977,965.244,4673
2024-05-08 14:00:00,965.244,974.948,964.749,974.008,3810
2024-05-08 15:00:00,974.008,977.229,971.386,975.745,2569
2024-05-08 16:00:00,975.745,976.192,972.534,972.979,1506
2024-05-08 17:00:00,972.979,976.246,972.732,975.558,1408
2024-05-08 18:00:00,975.558,976.255,974.471,975.959,688
2024-05-08 19:00:00,975.959,977.547,975.12,977.052,615
2024-05-08 20:00:00,977.052,977.052,974.88,974.93,394
2024-05-08 22:00:00,974.93,975.528,974.589,975.038,300
2024-05-08 23:00:00,975.038,975.636,973.905,974.203,458
2024-05-09 00:00:00,974.203,975.936,973.856,975.098,857
2024-05-09 01:00:00,975.098,977.826,974.506,977.479,1465
2024-05-09 02:00:00,977.479,978.918,977.036,978.573,1072
2024-05-09 03:00:00,978.573,981.596,978.277,981.498,882
2024-05-09 04:00:00,981.498,982.142,980.958,981.157,653
2024-05-09 05:00:00,981.157,982.892,980.762,981.31,1505
2024-05-09 06:00:00,981.31,982.155,979.732,979.781,1242
2024-05-09 07:00:00,979.781,980.92,977.212,978.252,1384
2024-05-09 08:00:00,978.252,983.652,977.758,983.256,1399
2024-05-09 09:00:00,983.256,984.444,980.934,981.083,981
2024-05-09 10:00:00,981.083,981.628,978.76,979.554,1020
2024-05-09 11:00:00,979.554,981.786,976.44,979.56,1370
2024-05-09 12:00:00,979.56,980.254,973.428,974.12,3829
2024-05-09 13:00:00,974.12,979.072,972.092,977.442,5440
2024-05-09 14:00:00,977.442,987.441,977.046,980.416,4745
2024-05-09 15:00:00,980.416,982.595,978.142,980.421,2443
2024-05-09 16:00:00,980.421,982.602,979.73,981.317,1247
2024-05-09 17:00:00,981.317,983.25,980.031,982.411,1230
2024-05-09 18:00:00,982.411,984.346,982.213,984.198,475
2024-05-09 19:00:00,984.198,984.993,983.804,984.55,840
2024-05-09 20:00:00,984.55,984.748,982.326,982.625,753
2024-05-09 22:00:00,982.625,983.323,982.482,982.833,406
2024-05-09 23:00:00,982.833,985.56,982.539,985.313,677
2024-05-10 00:00:00,985.313,985.86,984.03,984.278,988
2024-05-10 01:00:00,984.278,987.746,984.08,985.422,2612
2024-05-10 02:00:00,985.422,985.77,983.496,984.734,1677
2024-05-10 03:00:00,984.734,986.37,984.343,984.79,1099
2024-05-10 04:00:00,984.79,984.839,983.454,983.953,793
2024-05-10 05:00:00,983.953,986.034,983.854,985.394,1498
2024-05-10 06:00:00,985.394,988.466,985.047,988.121,1919
2024-05-10 07:00:00,988.121,989.856,986.64,988.126,2024
2024-05-10 08:00:00,988.126,993.279,987.632,993.279,1628
2024-05-10 09:00:00,993.279,994.914,987.344,988.482,1581
2024-05-10 10:00:00,988.482,992.199,987.79,989.478,1723
2024-05-10 11:00:00,989.478,992.154,988.192,991.116,1728
2024-05-10 12:00:00,991.116,998.096,988.449,989.29,4270
2024-05-10 13:00:00,989.29,996.324,987.558,995.928,4644
2024-05-10 14:00:00,995.928,998.255,987.42,988.855,6012
2024-05-10 15:00:00,988.855,994.948,985.787,994.8,3224
2024-05-10 16:00:00,994.8,997.23,993.711,996.29,1860
2024-05-10 17:00:00,996.29,998.073,995.054,996.84,1477
2024-05-10 18:00:00,996.84,998.132,996.296,997.984,757
2024-05-10 19:00:00,997.984,998.183,995.564,995.712,779
2024-05-10 20:00:00,995.712,997.099,995.221,995.618,546
2024-05-12 22:00:00,995.618,997.558,992.262,994.097,556
2024-05-12 23:00:00,994.097,995.04,992.766,993.162,557
2024-05-13 00:00:00,993.162,995.292,992.818,994.603,816
2024-05-13 01:00:00,994.603,994.603,991.24,992.874,1795
2024-05-13 02:00:00,992.874,995.948,992.727,995.801,1384
2024-05-13 03:00:00,995.801,996.994,995.209,996.203,1029
2024-05-13 04:00:00,996.203,996.748,994.868,995.168,575
2024-05-13 05:00:00,995.168,995.816,994.131,995.668,1141
2024-05-13 06:00:00,995.668,997.65,995.372,997.258,1519
2024-05-13 07:00:00,997.258,1000.33,995.578,998.6,1374
2024-05-13 08:00:00,998.6,999.591,997.217,998.209,1549
2024-05-13 09:00:00,998.209,1001.132,996.827,997.521,1468
2024-05-13 10:00:00,997.521,998.611,996.188,997.28,1113
2024-05-13 11:00:00,997.28,1000.204,996.19,999.86,1503
2024-05-13 12:00:00,999.86,1005.261,999.462,1004.073,3000
2024-05-13 13:00:00,1004.073,1013.832,1002.34,1013.684,4030
2024-05-13 14:00:00,1013.684,1015.962,1003.39,1004.48,3438
2024-05-13 15:00:00,1004.48,1004.53,998.146,1000.425,3522
2024-05-13 16:00:00,1000.425,1003.152,998.396,1001.024,1738
2024-05-13 17:00:00,1001.024,1001.918,999.592,1000.435,1261
2024-05-13 18:00:00,1000.435,1001.725,999.945,1000.39,682
2024-05-13 19:00:00,1000.39,1001.482,999.798,1000.842,536
2024-05-13 20:00:00,1000.842,1000.941,999.956,999.956,313
2024-05-13 22:00:00,999.956,1001.942,999.956,1001.402,276
2024-05-13 23:00:00,1001.402,1001.751,1000.466,1001.358,391
2024-05-14 00:00:00,1001.358,1002.894,1000.62,1001.165,1045
2024-05-14 01:00:00,1001.165,1004.435,1001.165,1002.755,1742
2024-05-14 02:00:00,1002.755,1003.252,1000.581,1000.581,1191
2024-05-14 03:00:00,1000.581,1001.822,1000.042,1000.636,938
2024-05-14 04:00:00,1000.636,1001.928,1000.242,1000.74,634
2024-05-14 05:00:00,1000.74,1003.22,1000.642,1003.024,1050
2024-05-14 06:00:00,1003.024,1004.114,1001.691,1003.128,1334
2024-05-14 07:00:00,1003.128,1006.352,1001.793,1006.352,971
2024-05-14 08:00:00,1006.352,1008.333,1004.524,1006.604,1606
2024-05-14 09:00:00,1006.604,1013.642,1006.604,1011.76,1535
2024-05-14 10:00:00,1011.76,1012.358,1009.236,1011.864,1288
2024-05-14 11:00:00,1011.864,1012.062,1004.838,1005.185,1480
2024-05-14 12:00:00,1005.185,1017.471,1002.858,1016.877,5996
2024-05-14 13:00:00,1016.877,1023.219,1014.997,1022.974,5547
2024-05-14 14:00:00,1022.974,1028.03,1017.824,1026.792,5303
2024-05-14 15:00:00,1026.792,1036.404,1025.802,1031.849,3053
2024-05-14 16:00:00,1031.849,1036.112,1029.175,1033.241,2730
2024-05-14 17:00:00,1033.241,1035.172,1032.648,1033.742,1466
2024-05-14 18:00:00,1033.742,1035.976,1033.692,1035.926,678
2024-05-14 19:00:00,1035.926,1038.11,1035.926,1037.516,771
2024-05-14 20:00:00,1037.516,1038.758,1035.586,1037.026,585
2024-05-14 22:00:00,1037.026,1038.172,1036.884,1037.929,416
2024-05-14 23:00:00,1037.929,1044.224,1037.336,1043.778,853
2024-05-15 00:00:00,1043.778,1051.407,1043.234,1049.182,2188
2024-05-15 01:00:00,1049.182,1051.862,1048.637,1051.515,1797
2024-05-15 02:00:00,1051.515,1055.78,1051.466,1055.632,1304
2024-05-15 03:00:00,1055.632,1059.396,1054.942,1058.608,1362
2024-05-15 04:00:00,1058.608,1058.906,1054.452,1055.642,1398
2024-05-15 05:00:00,1055.642,1055.742,1051.682,1054.36,1623
2024-05-15 06:00:00,1054.36,1055.005,1047.974,1053.226,1802
2024-05-15 07:00:00,1053.226,1053.97,1047.532,1049.518,2398
2024-05-15 08:00:00,1049.518,1051.949,1047.044,1050.761,2371
2024-05-15 09:00:00,1050.761,1052.643,1045.218,1045.864,1820
2024-05-15 10:00:00,1045.864,1049.232,1041.658,1044.532,1658
2024-05-15 11:00:00,1044.532,1046.714,1043.146,1045.182,1711
2024-05-15 12:00:00,1045.182,1057.617,1040.675,1049.198,8626
2024-05-15 13:00:00,1049.198,1062.772,1040.784,1045.588,8963
2024-05-15 14:00:00,1045.588,1054.014,1040.932,1053.716,6516
2024-05-15 15:00:00,1053.716,1061.394,1052.384,1054.861,4985
2024-05-15 16:00:00,1054.861,1061.156,1054.564,1059.621,3375
2024-05-15 17:00:00,1059.621,1064.381,1059.474,1062.55,2106
2024-05-15 18:00:00,1062.55,1064.288,1061.856,1063.842,1405
2024-05-15 19:00:00,1063.842,1065.482,1062.952,1064.987,866
2024-05-15 20:00:00,1064.987,1068.114,1063.999,1067.37,579
2024-05-15 22:00:00,1067.37,1069.16,1065.152,1065.746,691
2024-05-15 23:00:00,1065.746,1070.11,1065.401,1069.864,1052
2024-05-16 00:00:00,1069.864,1073.976,1068.724,1070.018,2022
2024-05-16 01:00:00,1070.018,1072.398,1067.744,1069.132,4247
2024-05-16 02:00:00,1069.132,1072.206,1067.746,1070.426,2316
2024-05-16 03:00:00,1070.426,1073.896,1070.228,1072.512,1624
2024-05-16 04:00:00,1072.512,1072.858,1070.338,1070.734,1026
2024-05-16 05:00:00,1070.734,1072.966,1069.056,1069.204,1777
2024-05-16 06:00:00,1069.204,1069.699,1063.364,1064.404,2131
2024-05-16 07:00:00,1064.404,1070.007,1063.267,1068.621,2298
2024-05-16 08:00:00,1068.621,1071.346,1064.812,1065.704,2449
2024-05-16 09:00:00,1065.704,1072.296,1065.36,1070.068,1781
2024-05-16 10:00:00,1070.068,1080.872,1069.574,1079.386,1791
2024-05-16 11:00:00,1079.386,1079.634,1064.134,1064.928,1799
2024-05-16 12:00:00,1064.928,1070.131,1058.492,1062.606,5646
2024-05-16 13:00:00,1062.606,1063.844,1048.296,1051.218,6232
2024-05-16 14:00:00,1051.218,1053.596,1048.647,1049.441,3559
2024-05-16 15:00:00,1049.441,1057.322,1048.351,1056.926,3031
2024-05-16 16:00:00,1056.926,1059.156,1055.44,1058.318,2243
2024-05-16 17:00:00,1058.318,1062.926,1057.877,1059.414,2328
2024-05-16 18:00:00,1059.414,1061.351,1058.771,1061.202,1548
2024-05-16 19:00:00,1061.202,1062.294,1060.314,1061.258,1044
2024-05-16 20:00:00,1061.258,1061.706,1060.616,1061.114,464
2024-05-16 22:00:00,1061.114,1065.878,1061.114,1063.652,411
2024-05-16 23:00:00,1063.652,1064.396,1061.228,1061.626,441
2024-05-17 00:00:00,1061.626,1063.212,1058.858,1060.889,1047
2024-05-17 01:00:00,1060.889,1062.678,1058.91,1062.381,1755
2024-05-17 02:00:00,1062.381,1062.926,1055.252,1057.086,1310
2024-05-17 03:00:00,1057.086,1057.931,1055.455,1056.894,720
2024-05-17 04:00:00,1056.894,1062.842,1056.498,1062.15,589
2024-05-17 05:00:00,1062.15,1067.01,1061.852,1066.514,914
2024-05-17 06:00:00,1066.514,1068.944,1065.578,1068.155,1411
2024-05-17 07:00:00,1068.155,1071.427,1063.602,1064.346,1615
2024-05-17 08:00:00,1064.346,1064.99,1056.375,1057.416,1566
2024-05-17 09:00:00,1057.416,1060.492,1055.981,1060.196,1015
2024-05-17 10:00:00,1060.196,1060.494,1055.742,1057.18,907
2024-05-17 11:00:00,1057.18,1059.018,1052.327,1058.226,1143
2024-05-17 12:00:00,1058.226,1062.888,1053.374,1062.59,3131
2024-05-17 13:00:00,1062.59,1071.016,1062.294,1064.528,5859
2024-05-17 14:00:00,1064.528,1077.612,1064.528,1074.839,4058
2024-05-17 15:00:00,1074.839,1079.595,1072.958,1076.33,3371
2024-05-17 16:00:00,1076.33,1080.595,1076.231,1079.309,1966
2024-05-17 17:00:00,1079.309,1084.86,1078.664,1084.566,1831
2024-05-17 18:00:00,1084.566,1090.416,1084.566,1089.823,1273
2024-05-17 19:00:00,1089.823,1089.823,1084.724,1086.559,1324
2024-05-17 20:00:00,1086.559,1086.908,1084.384,1084.88,962
2024-05-19 22:00:00,1084.88,1087.042,1081.344,1085.116,1863
2024-05-19 23:00:00,1085.116,1088.292,1084.824,1085.318,1216
2024-05-20 00:00:00,1085.318,1086.212,1081.702,1084.036,1842
2024-05-20 01:00:00,1084.036,1091.768,1083.84,1087.759,5246
2024-05-20 02:00:00,1087.759,1092.817,1087.312,1091.184,2509
2024-05-20 03:00:00,1091.184,1095.152,1089.104,1092.974,1655
2024-05-20 04:00:00,1092.974,1094.858,1088.171,1090.6,1382
2024-05-20 05:00:00,1090.6,1091.246,1088.124,1089.367,2060
2024-05-20 06:00:00,1089.367,1089.367,1071.134,1077.677,3990
2024-05-20 07:00:00,1077.677,1081.4,1074.754,1081.053,2841
2024-05-20 08:00:00,1081.053,1084.825,1078.03,1083.784,1998
2024-05-20 09:00:00,1083.784,1088.544,1081.956,1083.196,1927
2024-05-20 10:00:00,1083.196,1084.088,1079.33,1081.12,1451
2024-05-20 11:00:00,1081.12,1081.318,1070.32,1073.79,3474
2024-05-20 12:00:00,1073.79,1073.84,1054.664,1058.582,8991
2024-05-20 13:00:00,1058.582,1061.902,1047.087,1054.424,9660
2024-05-20 14:00:00,1054.424,1058.344,1050.957,1057.75,5309
2024-05-20 15:00:00,1057.75,1061.024,1051.608,1056.368,3734
2024-05-20 16:00:00,1056.368,1058.156,1053.3,1054.49,1830
2024-05-20 17:00:00,1054.49,1056.18,1053.302,1054.248,1913
2024-05-20 18:00:00,1054.248,1055.194,1050.04,1052.518,1578
2024-05-20 19:00:00,1052.518,1054.057,1051.534,1052.078,1368
2024-05-20 20:00:00,1052.078,1053.466,1050.246,1050.498,1108
2024-05-20 22:00:00,1050.498,1053.132,1049.116,1049.766,577
2024-05-20 23:00:00,1049.766,1050.264,1048.035,1049.87,685
2024-05-21 00:00:00,1049.87,1050.118,1039.416,1042.64,2278
2024-05-21 01:00:00,1042.64,1049.78,1039.523,1039.87,4078
2024-05-21 02:00:00,1039.87,1041.406,1031.598,1034.672,3646
2024-05-21 03:00:00,1034.672,1036.654,1033.338,1033.932,1904
2024-05-21 04:00:00,1033.932,1035.92,1032.398,1035.178,1005
2024-05-21 05:00:00,1035.178,1040.337,1034.187,1039.098,1404
2024-05-21 06:00:00,1039.098,1042.272,1035.931,1038.212,2049
2024-05-21 07:00:00,1038.212,1043.12,1034.99,1039.754,2291
2024-05-21 08:00:00,1039.754,1040.002,1030.637,1034.456,2450
2024-05-21 09:00:00,1034.456,1040.256,1034.06,1035.204,1756
2024-05-21 10:00:00,1035.204,1042.298,1034.164,1041.306,1788
2024-05-21 11:00:00,1041.306,1049.737,1038.186,1047.855,2386
2024-05-21 12:00:00,1047.855,1054.353,1043.94,1052.42,4366
2024-05-21 13:00:00,1052.42,1059.364,1047.414,1055.896,7952
2024-05-21 14:00:00,1055.896,1058.87,1052.875,1056.396,4697
2024-05-21 15:00:00,1056.396,1061.552,1046.984,1050.602,5156
2024-05-21 16:00:00,1050.602,1053.578,1048.224,1051.6,3026
2024-05-21 17:00:00,1051.6,1054.23,1049.915,1053.24,2156
2024-05-21 18:00:00,1053.24,1054.089,1050.964,1053.346,1395
2024-05-21 19:00:00,1053.346,1056.916,1053.346,1056.126,1267
2024-05-21 20:00:00,1056.126,1056.772,1053.058,1053.456,591
2024-05-21 22:00:00,1053.456,1054.452,1051.731,1052.376,443
2024-05-21 23:00:00,1052.376,1053.172,1051.141,1052.184,433
2024-05-22 00:00:00,1052.184,1052.878,1048.868,1049.364,1069
2024-05-22 01:00:00,1049.364,1057.548,1048.67,1056.854,2881
2024-05-22 02:00:00,1056.854,1059.978,1050.216,1051.258,2781
2024-05-22 03:00:00,1051.258,1053.788,1048.19,1048.934,1940
2024-05-22 04:00:00,1048.934,1049.532,1047.102,1048.344,1297
2024-05-22 05:00:00,1048.344,1052.612,1047.406,1051.969,1685
2024-05-22 06:00:00,1051.969,1054.056,1049.344,1052.024,2373
2024-05-22 07:00:00,1052.024,1052.172,1043.35,1048.56,2473
2024-05-22 08:00:00,1048.56,1054.464,1047.966,1053.126,2139
2024-05-22 09:00:00,1053.126,1056.946,1048.814,1056.106,2574
2024-05-22 10:00:00,1056.106,1058.336,1051.102,1055.07,1659
2024-05-22 11:00:00,1055.07,1056.362,1044.862,1047.738,3546
2024-05-22 12:00:00,1047.738,1056.318,1046.598,1054.337,4739
2024-05-22 13:00:00,1054.337,1054.932,1047.798,1053.351,7185
2024-05-22 14:00:00,1053.351,1053.848,1038.384,1047.31,8278
2024-05-22 15:00:00,1047.31,1049.144,1041.514,1041.664,4574
2024-05-22 16:00:00,1041.664,1046.13,1041.617,1043.156,2311
2024-05-22 17:00:00,1043.156,1044.197,1038.698,1040.434,2691
2024-05-22 18:00:00,1040.434,1040.832,1034.044,1036.078,4908
2024-05-22 19:00:00,1036.078,1038.858,1035.582,1038.265,2164
2024-05-22 20:00:00,1038.265,1039.008,1036.136,1037.973,1322
2024-05-22 22:00:00,1037.973,1039.516,1035.749,1037.934,625
2024-05-22 23:00:00,1037.934,1039.124,1035.262,1037.295,803
2024-05-23 00:00:00,1037.295,1038.088,1032.936,1033.978,1510
2024-05-23 01:00:00,1033.978,1035.466,1027.042,1031.804,5269
2024-05-23 02:00:00,1031.804,1033.94,1029.722,1033.89,2413
2024-05-23 03:00:00,1033.89,1036.272,1033.544,1033.896,1211
2024-05-23 04:00:00,1033.896,1033.996,1031.77,1031.918,680
2024-05-23 05:00:00,1031.918,1032.616,1022.455,1022.604,2585
2024-05-23 06:00:00,1022.604,1028.954,1018.191,1028.906,2732
2024-05-23 07:00:00,1028.906,1030.593,1025.29,1026.828,3509
2024-05-23 08:00:00,1026.828,1028.911,1025.886,1027.329,2613
2024-05-23 09:00:00,1027.329,1032.689,1026.19,1032.194,1836
2024-05-23 10:00:00,1032.194,1034.528,1028.923,1031.802,1931
2024-05-23 11:00:00,1031.802,1032.698,1027.59,1031.164,2433
2024-05-23 12:00:00,1031.164,1039,1030.618,1037.316,4364
2024-05-23 13:00:00,1037.316,1044.012,1030.28,1036.678,8134
2024-05-23 14:00:00,1036.678,1040.247,1025.724,1026.37,9750
2024-05-23 15:00:00,1026.37,1031.133,1025.877,1027.714,4530
2024-05-23 16:00:00,1027.714,1030.144,1021.372,1021.968,3142
2024-05-23 17:00:00,1021.968,1023.406,1018.056,1019.445,3125
2024-05-23 18:00:00,1019.445,1021.926,1019.199,1020.344,2385
2024-05-23 19:00:00,1020.344,1020.74,1018.365,1019.308,1471
2024-05-23 20:00:00,1019.308,1019.706,1017.626,1017.626,813
2024-05-23 22:00:00,1017.626,1021.105,1017.086,1018.678,446
2024-05-23 23:00:00,1018.678,1020.32,1017.538,1019.676,471
2024-05-24 00:00:00,1019.676,1020.767,1015.96,1018.044,1056
2024-05-24 01:00:00,1018.044,1023.9,1016.46,1021.769,2783
2024-05-24 02:00:00,1021.769,1022.414,1017.062,1021.476,2319
2024-05-24 03:00:00,1021.476,1021.576,1018.258,1019.548,1117
2024-05-24 04:00:00,1019.548,1021.834,1019.25,1021.438,689
2024-05-24 05:00:00,1021.438,1023.277,1019.854,1022.93,1514
2024-05-24 06:00:00,1022.93,1023.477,1018.966,1021.35,2098
2024-05-24 07:00:00,1021.35,1021.399,1014.61,1017.636,1836
2024-05-24 08:00:00,1017.636,1022.154,1013.573,1021.41,1945
2024-05-24 09:00:00,1021.41,1024.634,1019.48,1020.82,1445
2024-05-24 10:00:00,1020.82,1027.12,1020.374,1025.932,1529
2024-05-24 11:00:00,1025.932,1027.226,1023.605,1026.136,1505
2024-05-24 12:00:00,1026.136,1029.508,1020.29,1023.563,3256
2024-05-24 13:00:00,1023.563,1034.228,1022.721,1026.94,4691
2024-05-24 14:00:00,1026.94,1030.758,1023.67,1028.384,4373
2024-05-24 15:00:00,1028.384,1032.649,1024.768,1026.852,2951
2024-05-24 16:00:00,1026.852,1028.143,1024.77,1027.7,1788
2024-05-24 17:00:00,1027.7,1030.626,1026.614,1026.962,1574
2024-05-24 18:00:00,1026.962,1029.294,1026.714,1027.364,923
2024-05-24 19:00:00,1027.364,1028.558,1025.332,1028.212,950
2024-05-24 20:00:00,1028.212,1029.155,1024.894,1026.185,607
2024-05-26 22:00:00,1026.185,1032.009,1026.185,1032.009,632
2024-05-26 23:00:00,1032.009,1032.904,1029.781,1030.18,561
2024-05-27 00:00:00,1030.18,1032.367,1029.786,1032.367,768
2024-05-27 01:00:00,1032.367,1036.539,1030.731,1035.993,1908
2024-05-27 02:00:00,1035.993,1038.131,1034.707,1037.933,1076
2024-05-27 03:00:00,1037.933,1042.102,1037.834,1040.32,1298
2024-05-27 04:00:00,1040.32,1040.471,1039.03,1039.978,997
2024-05-27 05:00:00,1039.978,1043.257,1039.237,1042.959,1829
2024-05-27 06:00:00,1042.959,1051.793,1042.81,1048.917,1554
2024-05-27 07:00:00,1048.917,1054.329,1048.074,1054.032,1289
2024-05-27 08:00:00,1054.032,1055.177,1052.348,1054.979,1336
2024-05-27 09:00:00,1054.979,1058.155,1054.042,1056.126,1033
2024-05-27 10:00:00,1056.126,1058.46,1055.483,1055.685,933
2024-05-27 11:00:00,1055.685,1056.876,1053.854,1055.889,1096
2024-05-27 12:00:00,1055.889,1059.214,1049.545,1050.14,2023
2024-05-27 13:00:00,1050.14,1053.617,1046.869,1052.031,3266
2024-05-27 14:00:00,1052.031,1057.49,1051.088,1053.276,2672
2024-05-27 15:00:00,1053.276,1057.1,1051.392,1053.679,2017
2024-05-27 16:00:00,1053.679,1055.964,1053.284,1054.428,1233
2024-05-27 17:00:00,1054.428,1057.46,1054.18,1057.46,453
2024-05-27 18:00:00,1057.46,1058.006,1055.824,1056.123,280
2024-05-27 22:00:00,1056.123,1056.123,1053.764,1054.461,618
2024-05-27 23:00:00,1054.461,1057.54,1054.412,1056.402,515
2024-05-28 00:00:00,1056.402,1057.991,1054.868,1055.266,1031
2024-05-28 01:00:00,1055.266,1057.305,1053.283,1056.363,2839
2024-05-28 02:00:00,1056.363,1059.046,1056.066,1058.154,1252
2024-05-28 03:00:00,1058.154,1059.052,1057.464,1058.904,1021
2024-05-28 04:00:00,1058.904,1059.056,1057.768,1058.314,585
2024-05-28 05:00:00,1058.314,1061.788,1054.202,1054.748,1628
2024-05-28 06:00:00,1054.748,1054.897,1048.55,1051.033,3210
2024-05-28 07:00:00,1051.033,1052.621,1046.175,1049.848,1761
2024-05-28 08:00:00,1049.848,1051.237,1045.885,1047.869,1711
2024-05-28 09:00:00,1047.869,1051.791,1047.126,1047.825,1209
2024-05-28 10:00:00,1047.825,1048.421,1044.95,1045.995,1214
2024-05-28 11:00:00,1045.995,1054.135,1044.706,1051.507,1382
2024-05-28 12:00:00,1051.507,1051.507,1044.018,1049.926,3244
2024-05-28 13:00:00,1049.926,1058.413,1047.098,1050.476,7344
2024-05-28 14:00:00,1050.476,1055.542,1045.218,1054.798,6419
2024-05-28 15:00:00,1054.798,1066.511,1052.864,1064.776,4262
2024-05-28 16:00:00,1064.776,1067.455,1060.017,1061.308,2949
2024-05-28 17:00:00,1061.308,1061.804,1057.047,1057.543,2650
2024-05-28 18:00:00,1057.543,1057.941,1054.172,1056.656,1421
2024-05-28 19:00:00,1056.656,1059.736,1056.311,1059.241,1212
2024-05-28 20:00:00,1059.241,1063.612,1058.597,1063.265,683
2024-05-28 22:00:00,1063.265,1063.265,1058.858,1059.605,614
2024-05-28 23:00:00,1059.605,1063.48,1059.605,1063.232,805
2024-05-29 00:00:00,1063.232,1063.232,1056.888,1057.433,994
2024-05-29 01:00:00,1057.433,1059.718,1056.045,1058.481,2621
2024-05-29 02:00:00,1058.481,1062.75,1056.898,1057.097,1999
2024-05-29 03:00:00,1057.097,1060.625,1056.899,1060.476,1314
2024-05-29 04:00:00,1060.476,1061.422,1059.042,1059.688,686
2024-05-29 05:00:00,1059.688,1062.966,1058.353,1058.652,2333
2024-05-29 06:00:00,1058.652,1063.122,1057.314,1061.485,1932
2024-05-29 07:00:00,1061.485,1061.833,1053.303,1055.636,1867
2024-05-29 08:00:00,1055.636,1056.529,1052.015,1055.146,2498
2024-05-29 09:00:00,1055.146,1055.642,1048.252,1051.43,1816
2024-05-29 10:00:00,1051.43,1054.61,1049.396,1054.214,1288
2024-05-29 11:00:00,1054.214,1056.298,1048.414,1049.556,1780
2024-05-29 12:00:00,1049.556,1049.556,1035.222,1036.959,3429
2024-05-29 13:00:00,1036.959,1044.702,1035.57,1041.281,5276
2024-05-29 14:00:00,1041.281,1042.97,1036.721,1039.203,3975
2024-05-29 15:00:00,1039.203,1042.33,1037.321,1039.159,2407
2024-05-29 16:00:00,1039.159,1040.206,1037.076,1040.156,1587
2024-05-29 17:00:00,1040.156,1042.543,1038.718,1041.65,1378
2024-05-29 18:00:00,1041.65,1042.246,1038.728,1038.927,1077
2024-05-29 19:00:00,1038.927,1040.567,1037.691,1038.535,886
2024-05-29 20:00:00,1038.535,1038.686,1037.597,1038.541,618
2024-05-29 22:00:00,1038.541,1040.434,1038.054,1038.75,349
2024-05-29 23:00:00,1038.75,1039.943,1037.414,1038.061,476
2024-05-30 00:00:00,1038.061,1039.059,1035.035,1038.761,1179
2024-05-30 01:00:00,1038.761,1041.84,1030.976,1032.465,3145
2024-05-30 02:00:00,1032.465,1034.253,1026.218,1029.841,2617
2024-05-30 03:00:00,1029.841,1032.624,1029.245,1031.831,1821
2024-05-30 04:00:00,1031.831,1033.917,1030.098,1032.63,922
2024-05-30 05:00:00,1032.63,1032.63,1023.803,1025.044,2626
2024-05-30 06:00:00,1025.044,1029.76,1024.895,1028.671,2544
2024-05-30 07:00:00,1028.671,1032.742,1027.084,1030.81,1989
2024-05-30 08:00:00,1030.81,1039.152,1030.116,1038.507,1764
2024-05-30 09:00:00,1038.507,1041.832,1033.153,1034.494,1835
2024-05-30 10:00:00,1034.494,1038.319,1031.022,1037.376,1657
2024-05-30 11:00:00,1037.376,1037.426,1032.616,1032.916,1620
2024-05-30 12:00:00,1032.916,1038.973,1026.912,1033.17,5062
2024-05-30 13:00:00,1033.17,1040.518,1029.053,1038.386,6308
2024-05-30 14:00:00,1038.386,1039.727,1031.691,1032.436,4875
2024-05-30 15:00:00,1032.436,1037.749,1029.857,1034.178,2938
2024-05-30 16:00:00,1034.178,1034.972,1028.874,1029.767,2118
2024-05-30 17:00:00,1029.767,1031.01,1027.486,1029.475,1628
2024-05-30 18:00:00,1029.475,1029.475,1025.113,1026.007,829
2024-05-30 19:00:00,1026.007,1026.007,1021.148,1024.672,926
2024-05-30 20:00:00,1024.672,1027.208,1023.83,1027.208,647
2024-05-30 22:00:00,1027.208,1027.218,1024.883,1025.482,670
2024-05-30 23:00:00,1025.482,1027.82,1025.433,1027.125,546
2024-05-31 00:00:00,1027.125,1027.176,1024.351,1025.989,935
2024-05-31 01:00:00,1025.989,1026.584,1020.731,1025.201,3085
2024-05-31 02:00:00,1025.201,1025.399,1021.829,1022.427,1655
2024-05-31 03:00:00,1022.427,1023.822,1020.542,1023.822,1552
2024-05-31 04:00:00,1023.822,1023.921,1020.55,1023.282,738
2024-05-31 05:00:00,1023.282,1025.668,1021.696,1024.776,1570
2024-05-31 06:00:00,1024.776,1028.552,1024.382,1026.419,1892
2024-05-31 07:00:00,1026.419,1027.611,1021.362,1022.057,1478
2024-05-31 08:00:00,1022.057,1026.874,1021.362,1025.14,1255
2024-05-31 09:00:00,1025.14,1028.566,1022.262,1026.684,1273
2024-05-31 10:00:00,1026.684,1030.807,1026.137,1030.162,1371
2024-05-31 11:00:00,1030.162,1038.158,1029.418,1037.761,1638
2024-05-31 12:00:00,1037.761,1048.138,1036.868,1047.295,4877
2024-05-31 13:00:00,1047.295,1050.273,1033.454,1037.573,5937
2024-05-31 14:00:00,1037.573,1038.864,1028.894,1033.26,7090
2024-05-31 15:00:00,1033.26,1033.807,1018.574,1022.546,7375
2024-05-31 16:00:00,1022.546,1035.754,1021.654,1035.505,3577
2024-05-31 17:00:00,1035.505,1037.148,1033.174,1036.254,2830
2024-05-31 18:00:00,1036.254,1039.828,1035.61,1036.806,1518
2024-05-31 19:00:00,1036.806,1039.938,1035.966,1039.095,1493
2024-05-31 20:00:00,1039.095,1039.642,1036.718,1036.718,749
2024-06-02 22:00:00,1036.718,1039.024,1032.219,1037.734,1074
2024-06-02 23:00:00,1037.734,1040.468,1037.193,1038.286,725
2024-06-03 00:00:00,1038.286,1042.808,1037.64,1042.412,1328
2024-06-03 01:00:00,1042.412,1048.026,1042.412,1047.482,2533
2024-06-03 02:00:00,1047.482,1048.178,1043.166,1043.714,1874
2024-06-03 03:00:00,1043.714,1045.154,1037.862,1037.96,1522
2024-06-03 04:00:00,1037.96,1040.001,1037.812,1039.108,735
2024-06-03 05:00:00,1039.108,1040.004,1032.906,1034.744,2197
2024-06-03 06:00:00,1034.744,1035.738,1031.024,1034.502,2659
2024-06-03 07:00:00,1034.502,1037.034,1028.201,1030.038,2037
2024-06-03 08:00:00,1030.038,1033.368,1027.856,1028.356,2109
2024-06-03 09:00:00,1028.356,1028.406,1022.9,1026.178,1495
2024-06-03 10:00:00,1026.178,1029.111,1024.99,1026.084,1648
2024-06-03 11:00:00,1026.084,1030.356,1025.638,1028.522,1558
2024-06-03 12:00:00,1028.522,1030.956,1023.31,1027.733,2691
2024-06-03 13:00:00,1027.733,1034.288,1022.822,1024.461,6071
2024-06-03 14:00:00,1024.461,1029.128,1016.374,1018.31,7767
2024-06-03 15:00:00,1018.31,1019.458,1013.446,1018.564,3567
2024-06-03 16:00:00,1018.564,1019.508,1015.686,1016.732,3373
2024-06-03 17:00:00,1016.732,1018.523,1015.194,1016.142,2965
2024-06-03 18:00:00,1016.142,1017.584,1014.608,1015.055,2006
2024-06-03 19:00:00,1015.055,1016.6,1014.064,1016.451,1373
2024-06-03 20:00:00,1016.451,1017.645,1016.104,1016.952,592
2024-06-03 22:00:00,1016.952,1019.544,1016.952,1018.949,573
2024-06-03 23:00:00,1018.949,1019.848,1017.956,1019.798,626
2024-06-04 00:00:00,1019.798,1021.688,1017.614,1019.904,1627
2024-06-04 01:00:00,1019.904,1021.094,1015.14,1017.277,2720
2024-06-04 02:00:00,1017.277,1020.604,1016.582,1019.418,1813
2024-06-04 03:00:00,1019.418,1019.616,1015.55,1015.897,1235
2024-06-04 04:00:00,1015.897,1017.591,1014.558,1017.194,719
2024-06-04 05:00:00,1017.194,1019.23,1015.212,1016.554,1223
2024-06-04 06:00:00,1016.554,1022.614,1016.354,1017.403,2309
2024-06-04 07:00:00,1017.403,1017.75,1006.038,1006.882,2865
2024-06-04 08:00:00,1006.882,1006.882,1001.078,1001.724,4195
2024-06-04 09:00:00,1001.724,1008.282,998.598,1004.858,3586
2024-06-04 10:00:00,1004.858,1007.988,1002.082,1003.621,2326
2024-06-04 11:00:00,1003.621,1010.774,1002.132,1008.691,2374
2024-06-04 12:00:00,1008.691,1010.582,1004.176,1008.348,4245
2024-06-04 13:00:00,1008.348,1012.918,1001.6,1003.438,7694
2024-06-04 14:00:00,1003.438,1008.9,998.924,999.67,10155
2024-06-04 15:00:00,999.67,1001.06,994.41,995.008,4215
2024-06-04 16:00:00,995.008,996.299,986.869,987.316,3386
2024-06-04 17:00:00,987.316,995.018,987.218,993.528,2777
2024-06-04 18:00:00,993.528,994.822,992.24,993.633,1982
2024-06-04 19:00:00,993.633,993.633,990.408,991.652,1736
2024-06-04 20:00:00,991.652,992.252,990.416,990.764,707
2024-06-04 22:00:00,990.764,992.164,990.522,991.767,253
2024-06-04 23:00:00,991.767,992.412,990.282,990.73,460
2024-06-05 00:00:00,990.73,992.766,988.05,988.5,1145
2024-06-05 01:00:00,988.5,989.542,985.77,988.704,2390
2024-06-05 02:00:00,988.704,992.284,987.911,992.086,1419
2024-06-05 03:00:00,992.086,992.384,988.218,989.26,1507
2024-06-05 04:00:00,989.26,989.712,986.831,988.918,696
2024-06-05 05:00:00,988.918,991.156,987.78,989.718,1304
2024-06-05 06:00:00,989.718,991.605,985.502,985.949,1799
2024-06-05 07:00:00,985.949,991.864,983.964,991.466,2051
2024-06-05 08:00:00,991.466,999.91,991.466,994.5,1878
2024-06-05 09:00:00,994.5,994.898,988.447,989.292,1445
2024-06-05 10:00:00,989.292,989.89,985.274,986.416,1768
2024-06-05 11:00:00,986.416,991.632,985.924,988.06,1591
2024-06-05 12:00:00,988.06,991.788,984.985,986.824,3937
2024-06-05 13:00:00,986.824,991.298,982.158,989.064,5073
2024-06-05 14:00:00,989.064,994.082,983.106,990.41,7966
2024-06-05 15:00:00,990.41,997.962,989.566,996.126,4334
2024-06-05 16:00:00,996.126,997.618,993.147,994.99,2584
2024-06-05 17:00:00,994.99,995.784,992.36,994.1,1792
2024-06-05 18:00:00,994.1,996.042,993.406,995.745,1111
2024-06-05 19:00:00,995.745,995.745,993.96,995.7,951
2024-06-05 20:00:00,995.7,997.194,995.7,996.052,683
2024-06-05 22:00:00,996.052,997.448,995.861,996.461,364
2024-06-05 23:00:00,996.461,997.706,996.018,996.764,434
2024-06-06 00:00:00,996.764,997.112,993.838,994.584,762
2024-06-06 01:00:00,994.584,1001.837,994.385,999.506,3669
2024-06-06 02:00:00,999.506,1002.886,997.024,1001.796,2123
2024-06-06 03:00:00,1001.796,1002.392,999.814,1000.261,1476
2024-06-06 04:00:00,1000.261,1002.004,1000.212,1001.31,617
2024-06-06 05:00:00,1001.31,1003.148,998.282,999.526,1295
2024-06-06 06:00:00,999.526,1000.371,994.216,997.694,1477
2024-06-06 07:00:00,997.694,997.893,992.336,994.272,1528
2024-06-06 08:00:00,994.272,996.658,993.28,995.42,1193
2024-06-06 09:00:00,995.42,1001.034,995.42,998.107,1126
2024-06-06 10:00:00,998.107,998.952,994.833,997.318,1059
2024-06-06 11:00:00,997.318,1001.891,996.722,999.906,1173
2024-06-06 12:00:00,999.906,1000.652,993.306,994.2,4668
2024-06-06 13:00:00,994.2,1001.654,990.624,996.39,7923
2024-06-06 14:00:00,996.39,997.835,993.412,995.154,4628
2024-06-06 15:00:00,995.154,1005.836,994.706,1005.588,4673
2024-06-06 16:00:00,1005.588,1007.128,1003.254,1005.792,3172
2024-06-06 17:00:00,1005.792,1009.324,1004.502,1007.884,1759
2024-06-06 18:00:00,1007.884,1007.884,1004.06,1005.256,1375
2024-06-06 19:00:00,1005.256,1005.904,1004.217,1005.66,1326
2024-06-06 20:00:00,1005.66,1005.808,1003.528,1004.722,746
2024-06-06 22:00:00,1004.722,1007.86,1003.734,1006.122,289
2024-06-06 23:00:00,1006.122,1008.756,1006.028,1006.574,428
2024-06-07 00:00:00,1006.574,1008.715,1005.68,1007.126,679
2024-06-07 01:00:00,1007.126,1008.219,1002.361,1003.555,2834
2024-06-07 02:00:00,1003.555,1006.044,1002.812,1004.206,2018
2024-06-07 03:00:00,1004.206,1005.354,1002.618,1004.559,1198
2024-06-07 04:00:00,1004.559,1008.586,1004.014,1007.446,1011
2024-06-07 05:00:00,1007.446,1008.392,1004.022,1005.712,1877
2024-06-07 06:00:00,1005.712,1006.161,1003.43,1004.774,1851
2024-06-07 07:00:00,1004.774,1009.646,1003.98,1008.256,1536
2024-06-07 08:00:00,1008.256,1008.256,993.161,995.198,3353
2024-06-07 09:00:00,995.198,995.198,985.118,990.932,2668
2024-06-07 10:00:00,990.932,991.33,985.67,986.318,2090
2024-06-07 11:00:00,986.318,990.097,984.48,989.154,2470
2024-06-07 12:00:00,989.154,989.203,973.909,976.294,7812
2024-06-07 13:00:00,976.294,984.492,973.12,974.71,6720
2024-06-07 14:00:00,974.71,978.091,970.59,972.48,4485
2024-06-07 15:00:00,972.48,972.778,961.604,962.948,3609
2024-06-07 16:00:00,962.948,966.777,961.358,966.53,2991
2024-06-07 17:00:00,966.53,967.176,963.952,964.15,2129
2024-06-07 18:00:00,964.15,966.788,962.958,966.291,1714
2024-06-07 19:00:00,966.291,966.887,963.911,965.104,2108
2024-06-07 20:00:00,965.104,966.298,963.47,963.866,1143
2024-06-09 22:00:00,963.866,968.392,963.866,967.698,800
2024-06-09 23:00:00,967.698,969.639,966.953,968.298,851
2024-06-10 00:00:00,968.298,969.542,966.514,969.396,1229
2024-06-10 01:00:00,969.396,972.184,968.256,971.886,1425
2024-06-10 02:00:00,971.886,971.936,969.358,969.556,1089
2024-06-10 03:00:00,969.556,970.402,968.318,968.369,904
2024-06-10 04:00:00,968.369,971.304,967.724,970.56,903
2024-06-10 05:00:00,970.56,972.154,969.02,971.708,1147
2024-06-10 06:00:00,971.708,971.808,968.034,968.881,1905
2024-06-10 07:00:00,968.881,972.265,968.434,972.216,2621
2024-06-10 08:00:00,972.216,972.612,967.55,967.55,2055
2024-06-10 09:00:00,967.55,968.942,964.423,967.156,1843
2024-06-10 10:00:00,967.156,969.046,964.774,966.268,1521
2024-06-10 11:00:00,966.268,968.654,962.594,965.03,1722
2024-06-10 12:00:00,965.03,975.02,964.384,971.992,3224
2024-06-10 13:00:00,971.992,972.042,967.123,971.55,4366
2024-06-10 14:00:00,971.55,971.748,962.906,968.474,3815
2024-06-10 15:00:00,968.474,975.484,968.326,974.044,2715
2024-06-10 16:00:00,974.044,974.791,971.216,972.26,2256
2024-06-10 17:00:00,972.26,972.41,969.53,971.272,1627
2024-06-10 18:00:00,971.272,971.772,970.13,970.93,1071
2024-06-10 19:00:00,970.93,971.876,970.78,971.282,1059
2024-06-10 20:00:00,971.282,971.635,970.44,971.536,495
2024-06-10 22:00:00,971.536,972.436,969.806,969.956,339
2024-06-10 23:00:00,969.956,970.408,969.212,969.514,495
2024-06-11 00:00:00,969.514,969.712,965.84,966.686,1312
2024-06-11 01:00:00,966.686,966.686,960.828,961.97,4400
2024-06-11 02:00:00,961.97,961.97,959.14,959.441,3810
2024-06-11 03:00:00,959.441,960.784,959.146,960.092,1694
2024-06-11 04:00:00,960.092,960.144,957.562,957.812,804
2024-06-11 05:00:00,957.812,957.914,955.43,956.276,1865
2024-06-11 06:00:00,956.276,959.956,956.077,956.53,2250
2024-06-11 07:00:00,956.53,961.204,955.834,960.61,1850
2024-06-11 08:00:00,960.61,961.456,955.794,956.638,1875
2024-06-11 09:00:00,956.638,958.776,953.164,956.694,1861
2024-06-11 10:00:00,956.694,956.944,953.116,956.252,1529
2024-06-11 11:00:00,956.252,956.754,952.476,956.456,1495
2024-06-11 12:00:00,956.456,961.626,955.764,956.858,3194
2024-06-11 13:00:00,956.858,960.338,951.296,954.129,5977
2024-06-11 14:00:00,954.129,956.072,950.604,955.376,4068
2024-06-11 15:00:00,955.376,955.724,948.272,949.716,2473
2024-06-11 16:00:00,949.716,953.994,949.518,952.704,1963
2024-06-11 17:00:00,952.704,954.244,952.206,953.852,1637
2024-06-11 18:00:00,953.852,954.998,952.41,954.502,1061
2024-06-11 19:00:00,954.502,955.004,954.106,954.358,740
2024-06-11 20:00:00,954.358,955.056,953.663,954.214,525
2024-06-11 22:00:00,954.214,956.411,954.214,956.411,250
2024-06-11 23:00:00,956.411,956.412,955.122,955.918,375
2024-06-12 00:00:00,955.918,955.918,952.246,952.246,871
2024-06-12 01:00:00,952.246,958.91,951.55,958.066,2552
2024-06-12 02:00:00,958.066,958.22,956.181,957.972,1941
2024-06-12 03:00:00,957.972,958.718,956.932,957.132,1135
2024-06-12 04:00:00,957.132,957.132,955.494,956.391,566
2024-06-12 05:00:00,956.391,958.534,955.65,957.887,1172
2024-06-12 06:00:00,957.887,959.678,955.109,955.258,1858
2024-06-12 07:00:00,955.258,956.502,953.223,954.866,1395
2024-06-12 08:00:00,954.866,955.71,949.9,949.95,1366
2024-06-12 09:00:00,949.95,950.1,946.772,949.856,1555
2024-06-12 10:00:00,949.856,950.204,947.077,948.22,1172
2024-06-12 11:00:00,948.22,950.608,946.782,948.672,1658
2024-06-12 12:00:00,948.672,969.802,947.034,968.658,8083
2024-06-12 13:00:00,968.658,972.436,959.068,960.164,9605
2024-06-12 14:00:00,960.164,964.988,957.232,959.921,5293
2024-06-12 15:00:00,959.921,966.138,959.474,964.002,3884
2024-06-12 16:00:00,964.002,967.332,963.454,966.989,2501
2024-06-12 17:00:00,966.989,967.138,962.62,963.018,2068
2024-06-12 18:00:00,963.018,965.058,955.964,959.742,13302
2024-06-12 19:00:00,959.742,961.88,956.018,957.759,4868
2024-06-12 20:00:00,957.759,959.106,957.66,958.608,1038
2024-06-12 22:00:00,958.608,958.764,955.286,955.388,533
2024-06-12 23:00:00,955.388,955.438,952.41,952.41,588
2024-06-13 00:00:00,952.41,955.048,951.568,953.211,1191
2024-06-13 01:00:00,953.211,953.51,945.71,946.208,4800
2024-06-13 02:00:00,946.208,947.9,945.512,946.312,2082
2024-06-13 03:00:00,946.312,947.854,945.816,946.516,1333
2024-06-13 04:00:00,946.516,947.212,944.084,945.328,876
2024-06-13 05:00:00,945.328,946.226,944.484,945.73,1506
2024-06-13 06:00:00,945.73,950.308,945.484,950.308,2160
2024-06-13 07:00:00,950.308,952.898,947.972,949.667,1903
2024-06-13 08:00:00,949.667,950.661,944.502,946.59,1760
2024-06-13 09:00:00,946.59,949.475,944.904,946.297,1577
2024-06-13 10:00:00,946.297,947.888,944.412,944.711,1326
2024-06-13 11:00:00,944.711,946.354,940.092,941.435,1910
2024-06-13 12:00:00,941.435,954.314,940.442,953.62,5793
2024-06-13 13:00:00,953.62,957.201,947.708,949.746,6159
2024-06-13 14:00:00,949.746,950.344,946.368,947.068,5273
2024-06-13 15:00:00,947.068,947.864,941.7,944.586,4436
2024-06-13 16:00:00,944.586,949.611,943.294,948.172,3670
2024-06-13 17:00:00,948.172,951.752,948.122,948.674,2609
2024-06-13 18:00:00,948.674,950.02,948.226,949.474,1406
2024-06-13 19:00:00,949.474,950.818,949.026,949.628,1001
2024-06-13 20:00:00,949.628,949.776,948.833,949.534,528
2024-06-13 22:00:00,949.534,949.788,947.9,948.598,380
2024-06-13 23:00:00,948.598,948.649,947.558,947.957,341
2024-06-14 00:00:00,947.957,950.05,946.865,949.702,1078
2024-06-14 01:00:00,949.702,953.137,948.808,952.888,3018
2024-06-14 02:00:00,952.888,953.24,951.548,952.496,1403
2024-06-14 03:00:00,952.496,953.544,950.906,952.998,2013
2024-06-14 04:00:00,952.998,953.746,951.612,951.612,919
2024-06-14 05:00:00,951.612,956.238,951.562,954.251,1963
2024-06-14 06:00:00,954.251,956.244,953.108,955.996,2217
2024-06-14 07:00:00,955.996,956.892,948.989,951.676,2572
2024-06-14 08:00:00,951.676,954.412,949.89,951.78,2178
2024-06-14 09:00:00,951.78,952.278,944.726,945.322,2738
2024-06-14 10:00:00,945.322,950.398,943.186,949.106,2931
2024-06-14 11:00:00,949.106,952.042,945.876,948.664,3051
2024-06-14 12:00:00,948.664,949.011,942.9,944.492,3960
2024-06-14 13:00:00,944.492,952.35,942.106,949.468,5693
2024-06-14 14:00:00,949.468,952.701,946.44,948.678,4899
2024-06-14 15:00:00,948.678,952.858,947.286,950.772,2579
2024-06-14 16:00:00,950.772,955.098,950.274,953.064,3053
2024-06-14 17:00:00,953.064,954.558,952.368,953.466,2049
2024-06-14 18:00:00,953.466,954.714,952.274,954.316,1354
2024-06-14 19:00:00,954.316,955.962,954.018,955.962,1059
2024-06-14 20:00:00,955.962,957.806,955.168,957.558,476
2024-06-16 22:00:00,957.558,957.558,953.73,954.478,598
2024-06-16 23:00:00,954.478,956.57,953.932,955.974,520
2024-06-17 00:00:00,955.974,961.448,954.632,960.057,1130
2024-06-17 01:00:00,960.057,960.156,957.028,957.774,2902
2024-06-17 02:00:00,957.774,957.824,955.636,956.934,1496
2024-06-17 03:00:00,956.934,957.083,954.1,954.95,1134
2024-06-17 04:00:00,954.95,955.352,953.162,953.86,624
2024-06-17 05:00:00,953.86,954.062,949.884,950.882,1614
2024-06-17 06:00:00,950.882,951.031,947.75,949.246,1864
2024-06-17 07:00:00,949.246,950.44,945.172,945.422,1734
2024-06-17 08:00:00,945.371,949.504,944.328,948.659,1585
2024-06-17 09:00:00,948.608,950.698,946.923,947.271,1385
2024-06-17 10:00:00,947.371,948.718,945.632,947.575,1495
2024-06-17 11:00:00,947.624,948.92,944.593,947.281,1604
2024-06-17 12:00:00,947.33,959.768,945.64,957.73,2491
2024-06-17 13:00:00,957.88,965.294,957.233,960.968,4550
2024-06-17 14:00:00,961.266,967.19,957.686,966.991,3320
2024-06-17 15:00:00,967.04,968.036,957.396,960.382,3609
2024-06-17 16:00:00,960.63,966.354,960.63,966.354,2065
2024-06-17 17:00:00,966.256,967.802,965.41,967.702,1668
2024-06-17 18:00:00,967.752,969.446,967.207,968.554,1410
2024-06-17 19:00:00,968.503,970.796,968.454,970.746,1125
2024-06-17 20:00:00,970.796,970.846,969.304,969.608,504
2024-06-17 22:00:00,969.911,973.344,969.364,970.464,305
2024-06-17 23:00:00,970.513,971.364,968.524,970.27,503
2024-06-18 00:00:00,970.07,976.491,970.07,975.497,1563
2024-06-18 01:00:00,975.546,976.691,971.52,972.219,2551
2024-06-18 02:00:00,972.27,975.008,971.225,974.762,2088
2024-06-18 03:00:00,974.711,975.41,973.121,974.866,1101
2024-06-18 04:00:00,974.966,974.966,971.737,972.284,1007
2024-06-18 05:00:00,972.235,973.929,970.847,971.245,1649
2024-06-18 06:00:00,971.345,972.492,969.157,970.206,2044
2024-06-18 07:00:00,970.255,972.496,965.138,966.082,1940
2024-06-18 08:00:00,965.983,967.43,962.006,965.74,2450
2024-06-18 09:00:00,965.69,969.918,965.192,967.534,1975
2024-06-18 10:00:00,967.584,968.779,960.726,960.925,1550
2024-06-18 11:00:00,960.874,961.472,957.048,959.437,1863
2024-06-18 12:00:00,959.488,969.489,958.194,963.123,4989
2024-06-18 13:00:00,963.173,973.275,961.234,970.092,6858
2024-06-18 14:00:00,970.192,970.89,964.674,965.87,4003
2024-06-18 15:00:00,965.968,970.2,964.08,967.118,3468
2024-06-18 16:00:00,967.168,972.246,965.378,972.048,2601
2024-06-18 17:00:00,971.998,974.736,971.6,972.997,2063
2024-06-18 18:00:00,972.948,973.798,971.506,973.798,1543
2024-06-18 19:00:00,973.748,974.599,973.006,973.505,1186
2024-06-18 20:00:00,973.555,974.752,973.058,974.306,524
2024-06-18 22:00:00,973.267,974.062,972.771,972.923,284
2024-06-18 23:00:00,972.874,973.772,972.627,973.276,364
2024-06-19 00:00:00,973.227,973.476,970.794,971.839,765
2024-06-19 01:00:00,971.79,975.476,969.702,974.431,1702
2024-06-19 02:00:00,974.481,975.729,972.294,975.282,1127
2024-06-19 03:00:00,975.431,976.129,973.347,973.396,870
2024-06-19 04:00:00,973.347,973.396,971.658,972.855,605
2024-06-19 05:00:00,972.805,975.197,972.407,974.352,1057
2024-06-19 06:00:00,974.452,976.346,973.508,976.298,1275
2024-06-19 07:00:00,976.348,982.716,976.348,980.73,1962
2024-06-19 08:00:00,980.779,981.924,979.093,980.734,1132
2024-06-19 09:00:00,980.685,981.084,978.651,978.8,1074
2024-06-19 10:00:00,978.7,980.397,977.958,979.104,1004
2024-06-19 11:00:00,979.154,981.347,978.209,981.098,1276
2024-06-19 12:00:00,981.198,982.546,978.614,979.312,2121
2024-06-19 13:00:00,979.462,981.554,976.677,978.87,3270
2024-06-19 14:00:00,978.82,979.92,977.228,979.124,2651
2024-06-19 15:00:00,979.174,982.906,978.234,979.079,1621
2024-06-19 16:00:00,979.03,979.776,974.905,975.802,867
2024-06-19 17:00:00,975.852,977.796,975.652,977.398,337
2024-06-19 18:00:00,977.349,977.896,977.301,977.6,86
2024-06-19 22:00:00,977.369,978.265,975.982,975.982,282
2024-06-19 23:00:00,975.981,976.832,974.342,976.384,451
2024-06-20 00:00:00,976.335,977.982,975.19,977.982,863
2024-06-20 01:00:00,978.032,981.916,977.934,979.18,3141
2024-06-20 02:00:00,979.23,979.432,976.548,978.44,1815
2024-06-20 03:00:00,978.538,981.082,977.842,980.882,1110
2024-06-20 04:00:00,980.932,983.922,980.684,983.276,1195
2024-06-20 05:00:00,983.176,985.218,981.59,981.738,2180
2024-06-20 06:00:00,981.838,985.474,981.788,983.336,1739
2024-06-20 07:00:00,983.286,987.866,982.892,983.838,2288
2024-06-20 08:00:00,983.738,984.536,978.968,980.56,2283
2024-06-20 09:00:00,980.46,985.39,980.062,984.446,1666
2024-06-20 10:00:00,984.495,987.186,983.252,983.804,1248
2024-06-20 11:00:00,983.754,987.041,983.008,984.008,1558
2024-06-20 12:00:00,983.958,985.004,970.43,971.028,5372
2024-06-20 13:00:00,971.078,978.694,967.647,974.963,6413
2024-06-20 14:00:00,975.014,982.63,973.422,982.182,5788
2024-06-20 15:00:00,982.134,984.322,977.906,979.253,3961
2024-06-20 16:00:00,979.202,980.248,976.621,977.218,2428
2024-06-20 17:00:00,977.168,980.254,977.068,980.016,2511
2024-06-20 18:00:00,979.918,983.066,979.868,982.282,2171
2024-06-20 19:00:00,982.332,983.024,981.152,982.238,1732
2024-06-20 20:00:00,982.288,982.486,980.374,980.917,852
2024-06-20 22:00:00,980.578,981.516,980.382,981.174,569
2024-06-20 23:00:00,981.026,982.404,980.048,981.08,642
2024-06-21 00:00:00,980.932,982.754,980.542,982.118,1376
2024-06-21 01:00:00,982.166,982.462,977.698,978.928,3597
2024-06-21 02:00:00,979.026,981.092,977.606,978.984,2226
2024-06-21 03:00:00,978.934,980.561,978,980.462,1220
2024-06-21 04:00:00,980.512,982.384,979.088,982.336,944
2024-06-21 05:00:00,982.286,984.599,981.598,983.668,1855
2024-06-21 06:00:00,983.57,983.916,977.48,977.924,2944
2024-06-21 07:00:00,977.874,979.496,973.848,975.226,3568
2024-06-21 08:00:00,975.176,988.158,974.096,987.912,2724
2024-06-21 09:00:00,988.01,990.37,983.738,986.492,2423
2024-06-21 10:00:00,986.638,991.46,985.856,991.412,2242
2024-06-21 11:00:00,991.412,996.38,991.412,993.384,2777
2024-06-21 12:00:00,993.432,999.776,993.334,996.042,4806
2024-06-21 13:00:00,995.994,998.354,982.236,985.334,9619
2024-06-21 14:00:00,985.235,995.708,982.434,989.614,8502
2024-06-21 15:00:00,989.566,992.368,986.029,990.506,5507
2024-06-21 16:00:00,990.554,994.098,989.328,991.15,3264
2024-06-21 17:00:00,991.051,992.774,990.122,990.418,3299
2024-06-21 18:00:00,990.466,991.108,989.288,990.718,1818
2024-06-21 19:00:00,990.816,991.554,989.198,989.592,1658
2024-06-21 20:00:00,989.642,990.532,989.3,990.138,1331
2024-06-23 22:00:00,990.847,991.339,989.13,990.606,829
2024-06-23 23:00:00,990.656,990.904,984.22,985.597,1177
2024-06-24 00:00:00,985.794,989.584,985.498,988.11,1728
2024-06-24 01:00:00,988.208,989.538,985.51,987.329,4345
2024-06-24 02:00:00,987.28,987.476,983.84,986.941,2362
2024-06-24 03:00:00,986.892,989.352,986.842,987.094,1374
2024-06-24 04:00:00,987.045,988.964,986.651,987.492,863
2024-06-24 05:00:00,987.542,990.986,987.246,989.907,1725
2024-06-24 06:00:00,989.858,991.042,987.012,988.684,2181
2024-06-24 07:00:00,988.782,997.293,986.472,996.606,2117
2024-06-24 08:00:00,996.654,1002.462,996.411,1001.92,2624
2024-06-24 09:00:00,1001.97,1002.61,998.824,999.762,2359
2024-06-24 10:00:00,999.664,1001.042,996.227,997.948,1907
2024-06-24 11:00:00,997.801,1001.394,996.87,997.266,1631
2024-06-24 12:00:00,997.168,1004.696,996.286,1003.812,3413
2024-06-24 13:00:00,1003.762,1006.122,996.39,1001.702,5892
2024-06-24 14:00:00,1001.604,1007.508,1001.554,1002.446,4644
2024-06-24 15:00:00,1002.544,1004.316,995.026,996.748,3344
2024-06-24 16:00:00,996.698,996.948,994.34,996.31,2070
2024-06-24 17:00:00,996.26,997.982,994.198,995.626,2214
2024-06-24 18:00:00,995.676,997.45,995.186,996.42,1280
2024-06-24 19:00:00,996.32,997.208,995.29,996.522,1374
2024-06-24 20:00:00,996.474,996.916,995.592,996.086,575
2024-06-24 22:00:00,996.386,997.616,996.048,996.048,259
2024-06-24 23:00:00,996.096,997.036,994.672,996.298,438
2024-06-25 00:00:00,996.054,997.828,995.954,997.338,1217
2024-06-25 01:00:00,997.288,999.158,995.031,998.276,3542
2024-06-25 02:00:00,998.326,1000.542,997.834,999.462,2081
2024-06-25 03:00:00,999.512,1000.842,998.976,999.026,1635
2024-06-25 04:00:00,998.976,1001.834,998.436,1001.637,1105
2024-06-25 05:00:00,1001.638,1003.066,999.036,999.774,2190
2024-06-25 06:00:00,999.676,1001.992,998.348,1001.894,2531
2024-06-25 07:00:00,1001.844,1003.468,997.866,997.916,2227
2024-06-25 08:00:00,997.966,1000.77,995.954,996.988,2199
2024-06-25 09:00:00,996.79,999.546,995.124,995.32,1565
2024-06-25 10:00:00,995.272,999.012,993.604,994.342,1675
2024-06-25 11:00:00,994.294,995.134,989.872,994.988,2342
2024-06-25 12:00:00,995.036,995.776,987.076,987.076,3272
2024-06-25 13:00:00,987.026,990.471,983.49,984.77,6090
2024-06-25 14:00:00,984.72,990.476,984.278,986.692,5284
2024-06-25 15:00:00,986.742,988.666,984.088,988.076,4202
2024-06-25 16:00:00,988.124,988.764,984.786,985.916,2725
2024-06-25 17:00:00,985.868,986.016,979.377,980.366,2072
2024-06-25 18:00:00,980.414,983.96,979.726,982.092,1468
2024-06-25 19:00:00,982.043,983.078,980.966,981.163,1000
2024-06-25 20:00:00,981.212,983.036,980.573,982.938,619
2024-06-25 22:00:00,983.73,984.715,979.9,980.343,595
2024-06-25 23:00:00,980.294,983.298,980.148,983.152,767
2024-06-26 00:00:00,983.25,984.534,980.792,984.436,1298
2024-06-26 01:00:00,984.338,987.192,982.718,984.244,2744
2024-06-26 02:00:00,984.294,989.362,984.294,986.856,1991
2024-06-26 03:00:00,986.758,988.826,985.234,988.19,1163
2024-06-26 04:00:00,988.238,988.782,986.522,986.916,826
2024-06-26 05:00:00,986.966,988.296,985.984,988.15,1611
2024-06-26 06:00:00,988.102,991.99,987.414,990.222,2335
2024-06-26 07:00:00,990.124,992.782,988.404,992.686,1216
2024-06-26 08:00:00,992.736,995.296,991.752,993.036,1755
2024-06-26 09:00:00,993.086,996.138,992.988,995.993,1631
2024-06-26 10:00:00,995.894,997.32,992.21,992.408,1792
2024-06-26 11:00:00,992.358,994.97,990.392,994.528,1980
2024-06-26 12:00:00,994.97,1003.189,993.446,1000.828,2854
2024-06-26 13:00:00,1000.78,1002.108,989.766,994.982,4876
2024-06-26 14:00:00,994.932,999.754,992.33,998.234,4645
2024-06-26 15:00:00,998.134,1010.878,997.446,1010.584,3389
2024-06-26 16:00:00,1010.682,1020.032,1010.632,1018.312,2440
2024-06-26 17:00:00,1018.36,1020.526,1014.578,1015.022,1725
2024-06-26 18:00:00,1014.972,1016.056,1013.841,1014.83,1430
2024-06-26 19:00:00,1014.88,1015.028,1012.178,1013.312,959
2024-06-26 20:00:00,1013.164,1014.74,1011.202,1011.988,510
2024-06-26 22:00:00,1011.946,1012.146,1008.702,1011.852,447
2024-06-26 23:00:00,1011.803,1011.854,1008.02,1008.514,700
2024-06-27 00:00:00,1008.464,1014.22,1008.366,1012.946,1436
2024-06-27 01:00:00,1013.092,1013.881,1008.916,1010.148,2307
2024-06-27 02:00:00,1010.196,1010.934,1007.542,1009.514,1601
2024-06-27 03:00:00,1009.562,1010.006,1007.254,1008.29,971
2024-06-27 04:00:00,1008.388,1008.536,1006.227,1007.458,877
2024-06-27 05:00:00,1007.556,1008.594,1005.1,1005.94,1629
2024-06-27 06:00:00,1005.89,1006.876,1002.944,1005.256,1592
2024-06-27 07:00:00,1005.158,1007.474,1003.044,1005.164,1638
2024-06-27 08:00:00,1005.114,1006.688,1000.542,1002.316,1682
2024-06-27 09:00:00,1002.266,1005.568,1000.3,1003.256,1750
2024-06-27 10:00:00,1003.306,1005.176,999.966,1002.032,1406
2024-06-27 11:00:00,1002.08,1005.528,1001.146,1004.496,1564
2024-06-27 12:00:00,1004.546,1007.108,998.348,1005.682,4773
2024-06-27 13:00:00,1005.634,1006.174,991.866,995.309,6157
2024-06-27 14:00:00,995.211,997.916,992.212,994.528,4735
2024-06-27 15:00:00,994.576,994.626,987.004,987.352,3048
2024-06-27 16:00:00,987.302,990.602,986.662,988.34,1804
2024-06-27 17:00:00,988.537,990.308,987.309,987.51,1295
2024-06-27 18:00:00,987.558,987.558,984.612,985.842,874
2024-06-27 19:00:00,985.892,987.324,985.744,987.078,667
2024-06-27 20:00:00,987.028,988.358,986.684,987.575,440
2024-06-27 22:00:00,986.597,987.878,983.5,986.11,360
2024-06-27 23:00:00,986.012,991.723,985.324,990.888,736
2024-06-28 00:00:00,990.739,992.905,988.43,989.27,1061
2024-06-28 01:00:00,989.17,994.488,988.286,993.112,2582
2024-06-28 02:00:00,993.16,996.558,992.718,995.774,1916
2024-06-28 03:00:00,995.724,996.366,994.004,995.582,999
2024-06-28 04:00:00,995.534,995.582,991.848,994.309,810
2024-06-28 05:00:00,994.26,995.446,993.276,993.97,1360
2024-06-28 06:00:00,993.822,997.416,993.576,995.844,1437
2024-06-28 07:00:00,995.894,999.736,994.666,997.818,1428
2024-06-28 08:00:00,997.67,1002.054,997.081,1001.906,1615
2024-06-28 09:00:00,1002.004,1007.668,999.794,1007.52,1337
2024-06-28 10:00:00,1007.618,1012.544,1006.93,1012.446,1317
2024-06-28 11:00:00,1012.494,1013.384,1008.268,1009.008,1507
2024-06-28 12:00:00,1009.696,1013.536,1009.11,1012.8,4004
2024-06-28 13:00:00,1012.85,1014.768,1004.589,1006.607,4680
2024-06-28 14:00:00,1006.657,1007.69,998.543,1002.874,5355
2024-06-28 15:00:00,1002.776,1002.776,998.152,1000.222,2537
2024-06-28 16:00:00,1000.272,1000.468,995.996,997.818,1775
2024-06-28 17:00:00,997.965,999.098,994.624,995.018,1470
2024-06-28 18:00:00,995.118,996.644,992.958,992.958,877
2024-06-28 19:00:00,993.008,993.848,992.124,993.406,988
2024-06-28 20:00:00,993.554,993.608,991.094,992.821,677
2024-06-30 22:00:00,993.186,994.27,991.666,991.666,192
2024-06-30 23:00:00,991.616,994.82,991.322,993.05,609
2024-07-01 00:00:00,993,993.05,989.852,991.48,1228
2024-07-01 01:00:00,991.382,991.974,989.516,991.682,1909
2024-07-01 02:00:00,991.634,992.076,990.26,990.851,992
2024-07-01 03:00:00,990.802,992.328,988.641,989.824,778
2024-07-01 04:00:00,989.774,989.874,987.267,988.894,818
2024-07-01 05:00:00,988.844,989.932,987.176,989.046,1560
2024-07-01 06:00:00,988.998,993.724,988.752,993.186,1773
2024-07-01 07:00:00,993.088,996.781,989.697,990.83,1594
2024-07-01 08:00:00,990.878,991.522,987.384,988.128,1773
2024-07-01 09:00:00,987.882,987.882,976.272,980.702,2039
2024-07-01 10:00:00,980.653,982.08,978.442,979.476,1218
2024-07-01 11:00:00,979.427,984.206,977.804,982.386,1353
2024-07-01 12:00:00,982.09,983.078,974.072,977.272,2786
2024-07-01 13:00:00,977.322,989.138,976.978,983.036,4486
2024-07-01 14:00:00,983.578,985.596,971.376,973.838,6099
2024-07-01 15:00:00,973.936,974.04,970.738,973.352,2490
2024-07-01 16:00:00,973.302,974.388,971.092,972.865,1573
2024-07-01 17:00:00,972.816,975.428,972.422,974.15,1416
2024-07-01 18:00:00,974.1,974.594,973.168,974.401,871
2024-07-01 19:00:00,974.45,975.883,973.86,975.784,1123
2024-07-01 20:00:00,975.834,978.446,975.588,977.808,435
2024-07-01 22:00:00,978.355,979.292,975.652,976.342,606
2024-07-01 23:00:00,976.293,977.28,975.756,977.036,353
2024-07-02 00:00:00,976.988,978.956,972.956,975.86,934
2024-07-02 01:00:00,975.812,979.114,973.598,978.918,2072
2024-07-02 02:00:00,978.966,978.966,975.968,976.61,1442
2024-07-02 03:00:00,976.56,977.102,974.4,974.45,1313
2024-07-02 04:00:00,974.4,975.387,974.204,974.798,722
2024-07-02 05:00:00,974.7,977.758,973.716,977.56,1226
2024-07-02 06:00:00,977.61,978.988,974.316,977.172,1433
2024-07-02 07:00:00,977.122,981.16,972.893,974.667,2074
2024-07-02 08:00:00,974.618,980.234,972.21,979.742,2077
2024-07-02 09:00:00,979.694,983.928,979.348,982.652,1908
2024-07-02 10:00:00,982.702,984.774,980.734,984.232,1370
2024-07-02 11:00:00,984.036,986.647,981.678,982.958,1804
2024-07-02 12:00:00,983.008,993.741,983.008,990.544,3412
2024-07-02 13:00:00,990.446,999.014,986.264,998.326,6298
2024-07-02 14:00:00,998.376,1002.562,992.864,999.562,7749
2024-07-02 15:00:00,999.512,1001.04,993.758,995.384,3165
2024-07-02 16:00:00,995.236,995.978,991.694,993.616,1901
2024-07-02 17:00:00,993.666,996.08,992.538,993.376,1334
2024-07-02 18:00:00,993.474,996.926,993.328,996.336,1010
2024-07-02 19:00:00,996.286,998.158,995.941,997.276,866
2024-07-02 20:00:00,997.326,997.374,995.95,996.198,528
2024-07-02 22:00:00,996.696,999.31,995.418,998.375,395
2024-07-02 23:00:00,998.424,999.166,996.066,996.658,364
2024-07-03 00:00:00,996.412,996.954,993.611,993.759,662
2024-07-03 01:00:00,993.66,995.778,993.12,994.306,1493
2024-07-03 02:00:00,994.355,995.292,991.751,992.638,1217
2024-07-03 03:00:00,992.687,995.89,992.638,995.448,996
2024-07-03 04:00:00,995.4,996.68,995.008,996.192,522
2024-07-03 05:00:00,996.242,996.44,993.39,994.328,1175
2024-07-03 06:00:00,994.278,997.582,992.016,996.844,1664
2024-07-03 07:00:00,996.893,1000.836,995.616,999.803,1925
2024-07-03 08:00:00,999.852,1000.446,994.59,994.885,1491
2024-07-03 09:00:00,994.935,994.984,989.08,992.084,1499
2024-07-03 10:00:00,992.036,994.845,991.346,993.666,1234
2024-07-03 11:00:00,993.714,997.066,992.831,995.591,1392
2024-07-03 12:00:00,995.64,1004.801,993.918,1002.34,4203
2024-07-03 13:00:00,1002.194,1008.056,997.468,1005.694,5851
2024-07-03 14:00:00,1006.284,1009.09,998.462,1000.727,5757
2024-07-03 15:00:00,1000.776,1002.602,996.594,1000.584,3163
2024-07-03 16:00:00,1000.634,1001.028,995.222,997.292,2445
2024-07-03 17:00:00,997.194,998.72,996.213,997.84,1205
2024-07-03 18:00:00,997.79,1000.01,996.068,998.632,601
2024-07-03 19:00:00,998.681,998.681,997.062,997.062,296
2024-07-03 20:00:00,997.112,997.753,995.984,996.476,322
2024-07-03 22:00:00,995.942,997.276,995.892,997.226,200
2024-07-03 23:00:00,997.276,999.152,996.784,998.906,274
2024-07-04 00:00:00,998.954,1001.323,998.318,1000.732,658
2024-07-04 01:00:00,1000.782,1003.79,1000.536,1002.904,1800
2024-07-04 02:00:00,1002.954,1003.79,999.806,1001.975,1445
2024-07-04 03:00:00,1001.925,1003.75,1001.188,1002.522,1132
2024-07-04 04:00:00,1002.472,1004.002,1002.472,1003.414,412
2024-07-04 05:00:00,1003.512,1003.512,1001.153,1002.582,1009
2024-07-04 06:00:00,1002.533,1002.926,999.384,1001.554,1688
2024-07-04 07:00:00,1001.603,1007.024,1000.176,1006.236,1169
2024-07-04 08:00:00,1006.482,1010.178,1006.433,1008.26,1818
2024-07-04 09:00:00,1007.916,1009.741,1007.572,1008.66,1119
2024-07-04 10:00:00,1008.61,1011.716,1008.168,1010.142,1066
2024-07-04 11:00:00,1010.191,1013.199,1009.601,1012.068,995
2024-07-04 12:00:00,1012.018,1013.446,1010.594,1011.482,1238
2024-07-04 13:00:00,1011.384,1011.882,1007.496,1011.34,1776
2024-07-04 14:00:00,1011.39,1011.438,1003.812,1004.206,1756
2024-07-04 15:00:00,1004.158,1005.343,1001.306,1001.702,1714
2024-07-04 16:00:00,1001.652,1002.048,999.782,1001.264,865
2024-07-04 17:00:00,1001.313,1001.412,1000.476,1000.628,668
2024-07-04 18:00:00,1000.53,1000.778,998.416,998.416,442
2024-07-04 22:00:00,1000.06,1000.26,998.584,999.425,350
2024-07-04 23:00:00,999.474,999.578,997.656,999.529,311
2024-07-05 00:00:00,999.431,1002.094,999.431,1001.258,837
2024-07-05 01:00:00,1001.208,1002.244,997.028,999.884,1766
2024-07-05 02:00:00,999.934,1001.71,999.348,999.348,1588
2024-07-05 03:00:00,999.398,1001.368,998.466,1000.092,1376
2024-07-05 04:00:00,1000.044,1000.886,998.666,1000.59,747
2024-07-05 05:00:00,1000.69,1004.092,998.92,1003.354,1118
2024-07-05 06:00:00,1003.402,1005.866,1002.617,1004.049,1688
2024-07-05 07:00:00,1003.95,1008.288,1002.672,1006.664,1374
2024-07-05 08:00:00,1006.812,1008.092,1005.142,1007.802,1359
2024-07-05 09:00:00,1007.9,1008.344,1003.128,1004.804,1358
2024-07-05 10:00:00,1004.754,1008.108,1003.426,1007.912,1410
2024-07-05 11:00:00,1007.961,1011.56,1006.044,1010.527,1308
2024-07-05 12:00:00,1010.478,1018.904,1003.044,1018.46,5515
2024-07-05 13:00:00,1018.41,1025.948,1014.769,1024.522,7375
2024-07-05 14:00:00,1024.474,1030.336,1022.012,1026.399,5220
2024-07-05 15:00:00,1026.546,1033.888,1025.218,1032.364,3388
2024-07-05 16:00:00,1032.264,1032.806,1028.774,1029.218,2577
2024-07-05 17:00:00,1029.168,1031.778,1028.922,1029.47,2282
2024-07-05 18:00:00,1029.518,1029.962,1028.144,1028.54,1054
2024-07-05 19:00:00,1028.391,1028.789,1026.575,1026.772,921
2024-07-05 20:00:00,1026.722,1027.762,1025.542,1027.762,576
2024-07-07 22:00:00,1027.102,1027.496,1023.753,1024.793,694
2024-07-07 23:00:00,1024.744,1024.842,1022.63,1023.813,688
2024-07-08 00:00:00,1023.714,1024.06,1021.404,1022.538,1044
2024-07-08 01:00:00,1022.44,1025.25,1021.11,1024.908,2696
2024-07-08 02:00:00,1024.858,1024.912,1021.712,1021.91,1528
2024-07-08 03:00:00,1021.86,1023.389,1020.531,1023.048,945
2024-07-08 04:00:00,1022.998,1023.986,1022.161,1023.841,628
2024-07-08 05:00:00,1023.792,1023.841,1019.315,1019.856,1496
2024-07-08 06:00:00,1019.956,1019.956,1016.853,1017.941,2258
2024-07-08 07:00:00,1017.892,1018.336,1011.346,1012.036,2084
2024-07-08 08:00:00,1011.987,1014.206,1011.154,1011.647,1594
2024-07-08 09:00:00,1011.598,1013.721,1009.926,1012.244,1292
2024-07-08 10:00:00,1012.146,1014.264,1009.884,1011.511,1088
2024-07-08 11:00:00,1011.362,1014.814,1010.236,1011.861,1212
2024-07-08 12:00:00,1011.812,1012.502,1003.64,1004.182,2713
2024-07-08 13:00:00,1004.083,1007.484,1000.886,1004.581,4649
2024-07-08 14:00:00,1004.631,1008.821,1000.498,1000.942,4105
2024-07-08 15:00:00,1000.991,1002.618,996.118,997.991,4083
2024-07-08 16:00:00,997.942,1000.459,997.154,998.884,2614
2024-07-08 17:00:00,998.785,999.232,997.408,998.84,1615
2024-07-08 18:00:00,998.791,999.63,996.726,997.662,1037
2024-07-08 19:00:00,997.614,999.688,997.318,999.146,1108
2024-07-08 20:00:00,999.097,1000.628,998.856,999.842,436
2024-07-08 22:00:00,1000.98,1001.822,1000.044,1001.774,359
2024-07-08 23:00:00,1001.822,1004.882,1001.628,1004.292,458
2024-07-09 00:00:00,1004.242,1004.882,1001.292,1001.538,890
2024-07-09 01:00:00,1001.636,1006.173,1001.538,1004.943,2053
2024-07-09 02:00:00,1004.894,1005.537,1002.678,1003.323,1853
2024-07-09 03:00:00,1003.224,1007.812,1003.224,1007.516,1206
2024-07-09 04:00:00,1007.467,1008.502,1006.682,1007.915,739
2024-07-09 05:00:00,1007.964,1009.054,1006.932,1008.512,1558
2024-07-09 06:00:00,1008.315,1009.006,1003.195,1007.68,1516
2024-07-09 07:00:00,1007.729,1007.828,999.603,1001.675,1579
2024-07-09 08:00:00,1001.626,1003.204,995.668,999.316,1508
2024-07-09 09:00:00,999.366,1003.013,997.446,999.026,1256
2024-07-09 10:00:00,998.829,1000.652,997.5,998.342,1052
2024-07-09 11:00:00,998.244,998.244,993.961,994.849,1680
2024-07-09 12:00:00,994.8,997.066,987.316,988.204,2853
2024-07-09 13:00:00,988.302,996.334,987.218,992.988,4453
2024-07-09 14:00:00,992.642,995.106,980.478,980.628,6915
2024-07-09 15:00:00,980.578,984.82,977.574,984.722,4467
2024-07-09 16:00:00,984.574,985.268,981.866,985.072,1884
2024-07-09 17:00:00,985.022,985.318,982.955,983.008,1377
2024-07-09 18:00:00,982.86,983.85,982.812,983.654,795
2024-07-09 19:00:00,983.704,984.396,982.964,983.708,556
2024-07-09 20:00:00,983.659,985.388,983.462,984.65,458
2024-07-09 22:00:00,985,986.875,984.41,985.646,317
2024-07-09 23:00:00,985.696,987.524,985.597,986.341,426
2024-07-10 00:00:00,986.292,986.738,984.424,985.46,846
2024-07-10 01:00:00,985.41,987.238,984.427,986.204,2055
2024-07-10 02:00:00,986.254,986.452,984.532,985.028,1647
2024-07-10 03:00:00,984.978,985.028,980.894,981.14,1095
2024-07-10 04:00:00,981.091,983.264,980.746,983.116,561
2024-07-10 05:00:00,983.067,983.956,980.756,981.052,1341
2024-07-10 06:00:00,981.003,986.526,980.66,985.098,1628
2024-07-10 07:00:00,985.147,988.452,983.374,985.99,1413
2024-07-10 08:00:00,986.04,986.883,983.283,986.784,1729
2024-07-10 09:00:00,986.883,989.794,986.834,988.81,1143
2024-07-10 10:00:00,988.662,992.903,988.268,990.786,1295
2024-07-10 11:00:00,990.836,995.916,990.294,995.818,1563
2024-07-10 12:00:00,995.867,998.43,990.106,993.704,2530
2024-07-10 13:00:00,993.754,995.774,990.306,993.315,4703
2024-07-10 14:00:00,993.266,993.414,987.65,988.393,4366
2024-07-10 15:00:00,988.442,992.782,987.556,990.567,2529
2024-07-10 16:00:00,990.518,992.046,989.732,990.917,1690
2024-07-10 17:00:00,990.967,993.184,989.936,992.106,1932
2024-07-10 18:00:00,992.006,993.736,991.17,993.244,835
2024-07-10 19:00:00,993.194,995.91,992.949,995.516,901
2024-07-10 20:00:00,995.368,995.762,992.368,992.91,490
2024-07-10 22:00:00,993.852,994.345,992.571,993.216,250
2024-07-10 23:00:00,993.266,993.662,992.63,993.222,199
2024-07-11 00:00:00,993.124,993.222,991.252,992.242,772
2024-07-11 01:00:00,992.292,993.128,990.078,990.67,1642
2024-07-11 02:00:00,990.621,993.532,990.178,991.218,1420
2024-07-11 03:00:00,991.168,992.503,990.38,990.829,935
2024-07-11 04:00:00,990.78,992.212,990.29,990.835,764
2024-07-11 05:00:00,990.884,993.846,989.654,993.008,982
2024-07-11 06:00:00,992.91,994.487,986.358,987.198,1503
2024-07-11 07:00:00,987.149,987.297,983.656,984.198,1484
2024-07-11 08:00:00,984.296,984.346,980.902,981.198,1250
2024-07-11 09:00:00,981.148,986.673,981,986.427,1132
2024-07-11 10:00:00,986.377,987.612,985.097,986.087,830
2024-07-11 11:00:00,986.038,986.435,984.017,986.092,1230
2024-07-11 12:00:00,986.142,1009.899,985.797,1004.824,8162
2024-07-11 13:00:00,1004.874,1007.836,997.879,1007.392,11047
2024-07-11 14:00:00,1007.442,1007.934,995.913,1003.948,6568
2024-07-11 15:00:00,1004.047,1006.364,1001.829,1003.658,4002
2024-07-11 16:00:00,1003.609,1003.904,999.571,999.869,2661
2024-07-11 17:00:00,999.918,1001.796,998.736,1001.254,1906
2024-07-11 18:00:00,1001.156,1003.921,1001.156,1003.822,1319
2024-07-11 19:00:00,1003.872,1004.713,1002.69,1003.778,1103
2024-07-11 20:00:00,1003.729,1004.474,1003.237,1004.474,542
2024-07-11 22:00:00,1003.74,1004.184,1001.771,1002.12,430
2024-07-11 23:00:00,1001.972,1005.378,1001.774,1005.23,872
2024-07-12 00:00:00,1005.18,1005.476,1002.376,1002.722,1341
2024-07-12 01:00:00,1002.771,1003.363,998.142,998.932,2022
2024-07-12 02:00:00,998.982,1002.338,998.39,1001.796,1405
2024-07-12 03:00:00,1001.747,1002.54,1000.516,1000.964,1041
2024-07-12 04:00:00,1000.914,1001.015,999.294,999.54,491
2024-07-12 05:00:00,999.639,1000.28,997.326,997.771,1398
2024-07-12 06:00:00,997.722,998.314,992.799,992.898,2365
2024-07-12 07:00:00,992.799,993.884,989.748,990.882,2113
2024-07-12 08:00:00,990.833,994.532,990.291,993.007,1692
2024-07-12 09:00:00,993.056,994.93,990.644,992.47,1201
2024-07-12 10:00:00,992.421,993.012,989.121,990.849,1144
2024-07-12 11:00:00,990.898,992.428,989.322,990.904,1310
2024-07-12 12:00:00,990.953,991.546,983.958,985.784,6022
2024-07-12 13:00:00,985.834,994.51,985.834,992.936,7217
2024-07-12 14:00:00,992.936,1000.036,992.398,996.49,5471
2024-07-12 15:00:00,996.392,998.166,992.402,995.953,2788
2024-07-12 16:00:00,995.904,999.654,995.806,998.966,1786
2024-07-12 17:00:00,998.916,1000.152,997.194,999.66,988
2024-07-12 18:00:00,999.612,1000.056,997.347,998.927,798
2024-07-12 19:00:00,998.976,998.976,997.696,998.686,812
2024-07-12 20:00:00,998.637,1000.416,998.047,1000.416,491
2024-07-14 22:00:00,1000.537,1001.524,994.38,994.528,1058
2024-07-14 23:00:00,994.626,995.465,992.954,994.287,645
2024-07-15 00:00:00,994.336,995.324,991.431,993.75,1088
2024-07-15 01:00:00,993.898,994.046,991.14,993.361,1900
2024-07-15 02:00:00,993.41,994.252,992.13,992.232,1250
2024-07-15 03:00:00,992.183,993.516,991.69,992.286,740
2024-07-15 04:00:00,992.238,993.818,992.096,992.144,461
2024-07-15 05:00:00,992.096,994.316,991.608,991.657,1036
2024-07-15 06:00:00,991.706,991.755,987.618,988.458,1655
2024-07-15 07:00:00,988.556,992.555,985.106,992.555,1730
2024-07-15 08:00:00,992.752,996.898,990.781,996.258,1498
2024-07-15 09:00:00,996.308,998.778,995.42,997.842,1371
2024-07-15 10:00:00,997.792,998.485,995.774,997.354,1312
2024-07-15 11:00:00,997.403,1001.253,997.403,999.676,1676
2024-07-15 12:00:00,999.628,1002.784,988.244,988.687,3364
2024-07-15 13:00:00,988.786,995.201,982.034,995.201,5623
2024-07-15 14:00:00,995.053,1007.238,991.356,1006.991,3953
2024-07-15 15:00:00,1007.04,1011.922,1002.114,1003.742,3632
2024-07-15 16:00:00,1003.545,1004.384,999.36,999.36,3839
2024-07-15 17:00:00,999.458,1000.099,994.777,996.308,3392
2024-07-15 18:00:00,996.356,998.282,995.568,997.644,1481
2024-07-15 19:00:00,997.546,998.485,996.663,997.058,1161
2024-07-15 20:00:00,997.108,997.208,996.126,996.768,477
2024-07-15 22:00:00,996.428,996.428,994.114,994.313,215
2024-07-15 23:00:00,994.314,996.289,994.264,995.256,261
2024-07-16 00:00:00,995.305,995.403,993.386,994.078,811
2024-07-16 01:00:00,994.127,994.868,992.208,993.392,1991
2024-07-16 02:00:00,993.343,996.456,992.9,996.209,1540
2024-07-16 03:00:00,996.16,996.356,994.535,994.932,829
2024-07-16 04:00:00,994.882,994.932,993.258,994.395,482
2024-07-16 05:00:00,994.444,995.434,993.216,994.203,1249
2024-07-16 06:00:00,994.154,994.154,991.003,992.088,1733
2024-07-16 07:00:00,992.039,993.424,990.072,990.22,1713
2024-07-16 08:00:00,990.269,990.269,987.462,989.93,2117
2024-07-16 09:00:00,989.88,992.696,988.944,991.957,1612
2024-07-16 10:00:00,992.006,994.526,991.514,993.589,1158
2024-07-16 11:00:00,993.638,994.182,988.86,991.326,1437
2024-07-16 12:00:00,991.228,992.511,977.13,979.891,5431
2024-07-16 13:00:00,979.94,989.66,978.116,986.554,5708
2024-07-16 14:00:00,986.604,991.244,982.758,990.258,4826
2024-07-16 15:00:00,990.308,997.512,989.42,997.414,4674
2024-07-16 16:00:00,997.365,998.006,994.062,997.32,2790
2024-07-16 17:00:00,997.173,999.988,996.728,999.743,1495
2024-07-16 18:00:00,999.694,1001.523,999.249,1001.474,1228
2024-07-16 19:00:00,1001.523,1001.868,999.848,1000.937,962
2024-07-16 20:00:00,1000.888,1002.222,1000.592,1001.929,524
2024-07-16 22:00:00,1002.032,1003.96,1000.652,1002.63,540
2024-07-16 23:00:00,1002.68,1002.882,1000.563,1002.636,571
2024-07-17 00:00:00,1002.586,1003.232,1001.256,1002.049,1097
2024-07-17 01:00:00,1002,1004.268,1001.162,1002.548,2627
2024-07-17 02:00:00,1002.647,1003.438,1001.368,1002.8,2093
2024-07-17 03:00:00,1002.85,1002.85,1000.042,1001.178,1671
2024-07-17 04:00:00,1001.228,1001.969,1000.342,1000.69,758
2024-07-17 05:00:00,1000.642,1001.778,999.262,1000.301,1885
2024-07-17 06:00:00,1000.252,1001.242,998.38,999.272,2318
2024-07-17 07:00:00,999.222,1008.842,997.25,1007.562,2736
2024-07-17 08:00:00,1007.464,1017.826,1006.823,1017.53,3165
2024-07-17 09:00:00,1017.579,1020.69,1014.72,1019.508,2439
2024-07-17 10:00:00,1019.557,1021.78,1016.998,1018.724,1822
2024-07-17 11:00:00,1018.577,1021.094,1012.022,1012.072,2105
2024-07-17 12:00:00,1012.318,1027.908,1011.432,1025.591,3245
2024-07-17 13:00:00,1025.542,1026.578,1011.342,1017.558,6676
2024-07-17 14:00:00,1017.41,1017.952,996.848,997.54,6718
2024-07-17 15:00:00,997.44,998.872,993.449,995.276,4550
2024-07-17 16:00:00,995.326,996.858,993.158,994.345,2823
2024-07-17 17:00:00,994.296,995.727,993.166,993.708,1840
2024-07-17 18:00:00,993.561,994.649,992.426,993.961,1443
2024-07-17 19:00:00,993.912,995.542,993.47,994.854,1211
2024-07-17 20:00:00,994.804,996.586,994.46,996.043,445
2024-07-17 22:00:00,996.296,996.492,992.5,994.722,451
2024-07-17 23:00:00,994.674,998.082,994.674,998.033,599
2024-07-18 00:00:00,998.082,998.18,994.83,995.572,883
2024-07-18 01:00:00,995.522,997.153,994.192,996.514,1991
2024-07-18 02:00:00,996.465,996.514,994.494,996.175,1401
2024-07-18 03:00:00,996.076,998.152,995.78,998.054,1109
2024-07-18 04:00:00,998.104,998.65,997.172,997.518,601
2024-07-18 05:00:00,997.468,999.196,996.732,997.375,1875
2024-07-18 06:00:00,997.177,1003.742,996.636,1003.546,2068
2024-07-18 07:00:00,1003.546,1008.729,1002.115,1007.102,1748
2024-07-18 08:00:00,1007.054,1008.536,1003.26,1003.458,1368
2024-07-18 09:00:00,1003.359,1004.1,1000.702,1000.75,1163
2024-07-18 10:00:00,1000.702,1001.146,997.35,999.819,1516
2024-07-18 11:00:00,999.868,999.918,992.028,995.09,1492
2024-07-18 12:00:00,995.04,996.472,988.336,990.409,3696
2024-07-18 13:00:00,990.507,996.232,988.243,990.364,5315
2024-07-18 14:00:00,990.217,991.302,982.18,984.846,4606
2024-07-18 15:00:00,984.944,985.586,973.9,974.592,4180
2024-07-18 16:00:00,974.492,978.34,970.894,974.202,2995
2024-07-18 17:00:00,974.152,975.192,970.552,974.404,1963
2024-07-18 18:00:00,974.454,974.454,967.75,968.836,1725
2024-07-18 19:00:00,968.737,969.231,962.918,967.164,2290
2024-07-18 20:00:00,967.262,968.894,967.214,968.205,612
2024-07-18 22:00:00,968.408,969.938,967.426,967.476,533
2024-07-18 23:00:00,967.426,968.761,964.62,964.62,512
2024-07-19 00:00:00,964.67,964.768,959.59,963.146,2562
2024-07-19 01:00:00,963.047,963.244,959.102,961.918,3235
2024-07-19 02:00:00,961.868,965.622,961.279,963.994,2098
2024-07-19 03:00:00,963.946,966.022,963.946,965.135,1150
2024-07-19 04:00:00,965.184,965.776,964.002,965.386,788
2024-07-19 05:00:00,965.486,965.535,961.05,961.84,2056
2024-07-19 06:00:00,961.889,963.522,960.114,962.092,2956
2024-07-19 07:00:00,962.338,965.204,960.07,964.416,2832
2024-07-19 08:00:00,964.465,966.342,961.609,962.004,2313
2024-07-19 09:00:00,961.954,962.744,957.764,960.529,1981
2024-07-19 10:00:00,960.48,961.172,957.228,958.068,1891
2024-07-19 11:00:00,958.018,958.466,953.288,954.028,2237
2024-07-19 12:00:00,953.978,960.245,950.97,956.352,4807
2024-07-19 13:00:00,956.254,965.236,954.528,963.412,7287
2024-07-19 14:00:00,963.362,966.224,959.468,962.874,5238
2024-07-19 15:00:00,962.825,965.836,959.374,963.866,3547
2024-07-19 16:00:00,963.718,965.05,960.316,961.158,2302
2024-07-19 17:00:00,961.208,962.738,960.42,961.312,1995
2024-07-19 18:00:00,961.212,961.856,960.473,961.169,1134
2024-07-19 19:00:00,961.218,964.821,961.12,963.443,1319
2024-07-19 20:00:00,963.394,963.69,962.116,962.61,553
2024-07-21 22:00:00,963.608,968.844,962.671,968.648,645
2024-07-21 23:00:00,968.45,970.821,967.858,970.034,761
2024-07-22 00:00:00,969.984,969.984,965.94,966.832,1165
2024-07-22 01:00:00,966.98,969.252,962.198,962.494,2621
2024-07-22 02:00:00,962.445,962.746,960.178,961.612,2050
2024-07-22 03:00:00,961.661,963.044,960.924,961.666,1147
2024-07-22 04:00:00,961.716,961.765,960.136,961.079,1004
2024-07-22 05:00:00,961.03,961.822,955.706,956.002,1812
2024-07-22 06:00:00,955.952,961.878,955.36,958.918,2474
2024-07-22 07:00:00,958.968,960.993,956.5,958.035,2011
2024-07-22 08:00:00,958.084,961.098,956.51,957.596,2205
2024-07-22 09:00:00,957.646,958.436,952.912,953.998,2043
2024-07-22 10:00:00,953.9,955.728,952.276,952.425,1560
2024-07-22 11:00:00,952.376,954.402,950.55,952.084,1902
2024-07-22 12:00:00,952.233,952.628,940.295,940.591,4373
2024-07-22 13:00:00,940.542,945.282,939.115,940.3,5125
2024-07-22 14:00:00,940.25,944.644,939.71,942.428,4158
2024-07-22 15:00:00,942.526,946.922,938.531,945.098,3661
2024-07-22 16:00:00,945.048,946.234,943.768,945.102,2305
2024-07-22 17:00:00,945.152,946.342,943.376,946.144,1881
2024-07-22 18:00:00,946.194,947.926,945.404,947.235,946
2024-07-22 19:00:00,947.136,949.016,946.988,948.77,958
2024-07-22 20:00:00,948.721,948.918,946.8,946.9,447
2024-07-22 22:00:00,947.398,947.498,944.834,945.776,275
2024-07-22 23:00:00,945.824,946.372,944.84,945.78,351
2024-07-23 00:00:00,945.83,946.868,943.909,945.588,873
2024-07-23 01:00:00,945.638,949.242,945.194,948.061,3238
2024-07-23 02:00:00,947.914,949.35,946.878,948.264,2092
2024-07-23 03:00:00,948.214,949.155,947.08,948.318,1411
2024-07-23 04:00:00,948.418,948.516,946.692,946.842,831
2024-07-23 05:00:00,946.794,947.19,944.132,944.43,1883
2024-07-23 06:00:00,944.528,944.578,941.818,942.263,2786
2024-07-23 07:00:00,942.362,945.624,941.77,945.576,2548
2024-07-23 08:00:00,945.674,946.122,943.26,943.31,1597
2024-07-23 09:00:00,943.261,949.336,942.62,948.3,1395
2024-07-23 10:00:00,948.25,955.213,947.51,954.228,1672
2024-07-23 11:00:00,954.13,956.154,950.974,952.506,1649
2024-07-23 12:00:00,952.556,953.246,944.959,945.304,2561
2024-07-23 13:00:00,945.157,948.07,940.62,941.558,3726
2024-07-23 14:00:00,941.362,945.906,938.796,940.034,3073
2024-07-23 15:00:00,940.084,947.343,939.196,945.814,1851
2024-07-23 16:00:00,945.716,946.852,943.942,944.042,1711
2024-07-23 17:00:00,943.992,945.278,942.956,944.492,1542
2024-07-23 18:00:00,944.542,945.138,944.098,945.09,787
2024-07-23 19:00:00,944.99,946.572,944.154,944.699,857
2024-07-23 20:00:00,944.65,945.242,943.912,944.162,688
2024-07-23 22:00:00,943.229,944.418,941.256,943.48,412
2024-07-23 23:00:00,943.432,943.974,941.758,941.906,442
2024-07-24 00:00:00,941.858,942.453,940.181,941.369,875
2024-07-24 01:00:00,941.418,941.961,939.693,940.485,2469
2024-07-24 02:00:00,940.387,943.253,939.696,941.528,2131
2024-07-24 03:00:00,941.576,944.049,941.232,943.606,1822
2024-07-24 04:00:00,943.556,944,940.696,942.377,1056
2024-07-24 05:00:00,942.475,942.772,939.566,941.74,1838
2024-07-24 06:00:00,941.691,948.212,941.493,947.668,2545
2024-07-24 07:00:00,947.619,956.51,946.04,955.67,2527
2024-07-24 08:00:00,955.621,956.51,952.862,953.998,2179
2024-07-24 09:00:00,953.948,955.336,949.458,955.138,1516
2024-07-24 10:00:00,955.088,958.104,954.896,956.082,1323
2024-07-24 11:00:00,956.328,958.95,954.896,958.95,1499
2024-07-24 12:00:00,959.197,960.926,954.856,958.708,2642
2024-07-24 13:00:00,958.856,959.597,951.16,952.987,5042
2024-07-24 14:00:00,953.136,956.25,951.558,955.412,5045
2024-07-24 15:00:00,955.51,960.646,953.536,956.602,2466
2024-07-24 16:00:00,956.453,957.836,955.812,957.198,1779
2024-07-24 17:00:00,957.1,957.594,951.972,952.218,1994
2024-07-24 18:00:00,952.168,952.317,948.668,949.756,1720
2024-07-24 19:00:00,949.706,949.706,947.44,948.032,1487
2024-07-24 20:00:00,948.082,948.824,946.952,947.1,926
2024-07-24 22:00:00,948.487,948.586,945.624,946.172,744
2024-07-24 23:00:00,946.221,946.817,945.19,945.239,602
2024-07-25 00:00:00,945.19,945.388,943.167,944.602,1402
2024-07-25 01:00:00,944.158,945.492,938.88,940.708,5112
2024-07-25 02:00:00,940.658,941.302,935.084,936.566,4072
2024-07-25 03:00:00,936.616,938.249,934.198,937.756,2870
2024-07-25 04:00:00,937.657,938.794,936.571,937.316,1072
2024-07-25 05:00:00,937.267,937.912,935.098,937.075,2428
2024-07-25 06:00:00,937.124,938.704,933.772,934.809,3298
2024-07-25 07:00:00,934.858,937.381,932.736,936.838,3184
2024-07-25 08:00:00,936.888,941.286,936.102,936.399,2760
2024-07-25 09:00:00,936.35,936.548,929.144,931.122,2208
2024-07-25 10:00:00,931.171,934.237,929.296,933.842,1899
2024-07-25 11:00:00,933.99,936.064,930.292,930.391,2709
2024-07-25 12:00:00,930.342,930.442,924.916,927.928,6348
2024-07-25 13:00:00,927.829,935.288,927.286,932.574,8780
2024-07-25 14:00:00,932.475,936.328,929.76,934.702,6864
2024-07-25 15:00:00,934.653,936.234,930.656,932.93,3676
2024-07-25 16:00:00,933.028,935.648,931.597,934.07,3033
2024-07-25 17:00:00,934.12,935.256,931.852,933.138,2828
2024-07-25 18:00:00,933.088,933.98,931.904,932.303,1922
2024-07-25 19:00:00,932.254,935.861,931.76,933.691,1556
2024-07-25 20:00:00,933.74,933.838,931.622,932.758,778
2024-07-25 22:00:00,932.466,932.96,930.05,931.336,420
2024-07-25 23:00:00,931.435,932.97,931.286,931.884,461
2024-07-26 00:00:00,932.032,933.12,931.247,931.741,1062
2024-07-26 01:00:00,931.642,937.376,929.372,937.178,4117
2024-07-26 02:00:00,937.228,937.676,935.796,935.998,2457
2024-07-26 03:00:00,936.048,937.53,935.212,935.312,1956
2024-07-26 04:00:00,935.361,936.6,935.262,935.366,1162
2024-07-26 05:00:00,935.317,937.247,934.181,936.902,1962
2024-07-26 06:00:00,937.001,937.149,930.389,930.439,2552
2024-07-26 07:00:00,930.587,931.624,928.073,929.456,2757
2024-07-26 08:00:00,929.506,931.334,927.978,929.906,2181
2024-07-26 09:00:00,929.856,932.774,928.081,930.948,2031
2024-07-26 10:00:00,931.046,931.343,927.694,927.694,1285
2024-07-26 11:00:00,927.743,928.882,926.562,927.502,1466
2024-07-26 12:00:00,927.354,931.457,923.85,931.21,4565
2024-07-26 13:00:00,931.358,932.349,928.003,928.944,5796
2024-07-26 14:00:00,929.142,930.92,923.072,925.789,6298
2024-07-26 15:00:00,925.887,931.57,925.443,930.534,3059
2024-07-26 16:00:00,930.435,934.094,929.745,934.045,2053
2024-07-26 17:00:00,933.996,934.49,930,930.84,2166
2024-07-26 18:00:00,930.792,932.276,930.055,930.698,1394
2024-07-26 19:00:00,930.747,935.542,929.957,935.245,1211
2024-07-26 20:00:00,935.097,936.925,934.805,935.053,765
2024-07-28 22:00:00,937.872,940.344,937.181,938.668,1128
2024-07-28 23:00:00,938.717,940.154,937.882,938.525,722
2024-07-29 00:00:00,938.476,942.626,938.327,941.79,1401
2024-07-29 01:00:00,941.839,942.63,936.854,939.522,3407
2024-07-29 02:00:00,939.474,941.254,938.638,938.935,1921
2024-07-29 03:00:00,938.837,942.151,938.392,942.052,1071
2024-07-29 04:00:00,942.002,942.304,941.116,941.662,734
2024-07-29 05:00:00,941.712,943.05,941.367,942.161,1400
2024-07-29 06:00:00,942.112,943.89,940.338,941.327,1838
2024-07-29 07:00:00,941.278,943.998,939.204,941.776,2377
2024-07-29 08:00:00,941.727,942.274,937.184,940.349,2337
2024-07-29 09:00:00,940.152,945.292,939.411,944.504,1690
2024-07-29 10:00:00,944.454,944.901,942.232,942.632,1363
2024-07-29 11:00:00,942.582,942.681,939.671,941.353,1606
2024-07-29 12:00:00,941.402,943.824,939.53,940.617,2875
2024-07-29 13:00:00,940.518,947.834,937.999,947.538,4766
2024-07-29 14:00:00,947.636,952.873,943.294,946.901,5406
2024-07-29 15:00:00,946.851,949.521,943.939,947.598,4794
2024-07-29 16:00:00,947.647,947.898,945.03,946.516,2631
2024-07-29 17:00:00,946.615,950.471,945.38,949.485,2267
2024-07-29 18:00:00,949.534,949.982,948.201,948.947,1449
2024-07-29 19:00:00,949.095,949.888,948.754,949.15,1274
2024-07-29 20:00:00,949.199,949.397,947.82,948.315,481
2024-07-29 22:00:00,948.617,949.708,947.976,949.56,295
2024-07-29 23:00:00,949.61,950.006,947.243,947.54,376
2024-07-30 00:00:00,947.738,948.582,946.802,948.237,835
