date_creation,ticker,rr_tp1,rr_tp2,statut_final,r_trailing,resolution_time_est,prix_entree,stop_loss_init
2021-04-23 12:43:32,GOLD - AUD,1.7417910447761775,14.794029850746654,INVALIDÉE,-1.0,2021-04-23 21:21:28,2317.85,2311.15
2021-04-23 12:43:34,GOLD - NZD,4.013265306122367,8.912244897958987,INVALIDÉE,-1.0,2021-04-23 21:21:30,2497.86,2488.06
2021-04-28 07:33:46,GOLD - GBP,1.807471264367796,3.764367816091908,INVALIDÉE,-1.0,2021-04-28 16:11:42,1274.07,1277.55
2021-05-10 10:32:34,SILVER - CHF,1.8387096774193308,6.709677419354784,INVALIDÉE,-1.0,2021-05-10 19:10:30,25.01,24.7
2021-05-10 10:32:36,SILVER - CAD,2.791666666666733,9.666666666666874,INVALIDÉE,-1.0,2021-05-10 19:10:32,33.66,33.42
2021-05-10 10:32:53,SILVER - USD,2.294117647058783,4.529411764705834,INVALIDÉE,-1.0,2021-05-10 19:10:49,27.76,27.59
2021-05-14 19:42:30,GOLD - GBP,3.4560000000000097,6.6,OBJECTIF ATTEINT,3.4560000000000097,2021-05-15 04:20:26,1307.2,1303.45
2021-05-17 02:53:31,SILVER - CHF,3.150000000000006,10.70000000000004,OBJECTIF ATTEINT,3.150000000000006,2021-05-17 11:31:27,24.95,24.75
2021-05-19 06:36:43,GOLD - CAD,1.692041522491305,5.019377162629645,INVALIDÉE,-1.0,2021-05-19 15:14:39,2257.61,2243.16
2021-05-20 04:31:59,GOLD - EUR,1.7145187601958272,7.72430668841779,INVALIDÉE,-1.0,2021-05-20 13:09:55,1540.37,1534.24
2021-05-21 08:39:05,GOLD - NZD,1.55095862764878,4.152371342078542,OBJECTIF ATTEINT,1.55095862764878,2021-05-21 17:17:01,2612.82,2602.91
2021-05-26 07:35:33,GOLD - GBP,4.177130044843253,19.1681614349784,INVALIDÉE,-1.0,2021-05-26 16:13:29,1348.12,1343.66
2021-05-26 07:35:35,GOLD - CAD,1.8970588235294663,21.942810457516725,OBJECTIF ATTEINT,1.8970588235294663,2021-05-26 16:13:31,2299.29,2293.17
2021-05-26 12:32:49,SILVER - CHF,1.3749999999999611,3.499999999999889,INVALIDÉE,-1.0,2021-05-26 21:10:45,25.3,25.22
2021-05-26 13:38:48,GOLD - AUD,3.486567164179218,10.47910447761223,INVALIDÉE,-1.0,2021-05-26 22:16:44,2458.98,2452.28
2021-05-31 19:32:56,SILVER - USD,1.5714285714285825,12.35714285714281,OBJECTIF ATTEINT,1.5714285714285825,2021-06-01 04:10:52,28.04,27.9
2021-06-01 02:30:10,GOLD - EUR,3.847020933977449,13.38808373590976,INVALIDÉE,-1.0,2021-06-01 11:08:06,1563.83,1557.62
2021-06-01 12:32:56,SILVER - USD,4.941176470588288,8.588235294117746,INVALIDÉE,-1.0,2021-06-01 21:10:52,28.31,28.14
2021-06-07 13:32:22,GOLD - NZD,1.563249001331561,7.899467376830907,INVALIDÉE,-1.0,2021-06-07 22:10:18,2608.8,2623.82
2021-06-08 12:33:00,GOLD - GBP,1.646892655367228,11.389830508474676,INVALIDÉE,-1.0,2021-06-08 21:10:56,1343.71,1340.17
2021-06-10 14:38:22,SILVER - NZD,1.466666666666673,2.6666666666666825,OBJECTIF ATTEINT,1.466666666666673,2021-06-10 23:16:18,38.68,38.53
2021-06-10 18:38:46,SILVER - AUD,2.9999999999998064,5.818181818181413,OBJECTIF ATTEINT,2.9999999999998064,2021-06-11 03:16:42,36.02,35.91
2021-06-11 04:36:23,SILVER - CHF,3.0,5.333333333333307,OBJECTIF ATTEINT,3.0,2021-06-11 13:14:19,25.1,25.01
2021-06-11 04:36:25,SILVER - CAD,1.857142857142886,2.7857142857142785,OBJECTIF ATTEINT,1.857142857142886,2021-06-11 13:14:21,33.94,33.8
2021-06-11 06:31:59,GOLD - GBP,1.519083969465719,16.12977099236708,INVALIDÉE,-1.0,2021-06-11 15:09:55,1341.77,1339.15
2021-06-14 03:30:56,GOLD - EUR,1.7130124777184133,8.9001782531196,OBJECTIF ATTEINT,1.7130124777184133,2021-06-14 12:08:52,1540.72,1546.33
2021-06-16 20:36:44,GOLD - GBP,1.5147313691507862,5.781629116117852,OBJECTIF ATTEINT,1.5147313691507862,2021-06-17 05:14:40,1301.84,1307.61
2021-06-17 06:31:27,GOLD - AUD,2.6276758409786343,7.343272171253877,OBJECTIF ATTEINT,2.6276758409786343,2021-06-17 15:09:23,2377.86,2390.94
2021-06-17 06:31:28,SILVER - AUD,2.3750000000000666,7.437500000000189,OBJECTIF ATTEINT,2.3750000000000666,2021-06-17 15:09:24,35.38,35.54
2021-06-18 20:30:29,SILVER - EUR,1.9000000000000528,7.600000000000177,OBJECTIF ATTEINT,1.9000000000000528,2021-06-19 05:08:25,21.76,21.86
2021-06-18 20:30:30,SILVER - CHF,2.428571428571443,17.142857142857064,INVALIDÉE,-1.0,2021-06-19 05:08:26,23.82,23.89
2021-06-22 18:37:16,SILVER - NZD,2.620689655172439,5.344827586206927,INVALIDÉE,-1.0,2021-06-23 03:15:12,36.77,37.06
2021-06-22 19:36:25,GOLD - CAD,2.2412213740457143,9.459541984732567,INVALIDÉE,-1.0,2021-06-23 04:14:21,2189.37,2195.92
2021-06-28 05:37:13,SILVER - GBP,1.7999999999999716,4.399999999999915,INVALIDÉE,-1.0,2021-06-28 14:15:09,18.84,18.79
2021-07-02 08:33:37,GOLD - EUR,1.549751243781106,9.166666666666686,OBJECTIF ATTEINT,1.549751243781106,2021-07-02 17:11:33,1506.67,1502.65
2021-07-02 08:33:40,SILVER - AUD,1.3999999999999857,2.4999999999999645,OBJECTIF ATTEINT,1.3999999999999857,2021-07-02 17:11:36,35.03,34.93
2021-07-02 08:33:41,GOLD - NZD,2.8251953125000444,7.790039062500164,INVALIDÉE,-1.0,2021-07-02 17:11:37,2560.31,2550.07
2021-07-02 09:32:40,SILVER - GBP,1.571428571428557,6.714285714285671,OBJECTIF ATTEINT,1.571428571428557,2021-07-02 18:10:36,19.0,18.93
2021-07-05 07:32:36,SILVER - CHF,1.7142857142856962,7.428571428571392,INVALIDÉE,-1.0,2021-07-05 16:10:32,24.53,24.39
2021-07-06 03:33:41,GOLD - GBP,1.7782805429864248,4.065610859728446,OBJECTIF ATTEINT,1.7782805429864248,2021-07-06 12:11:37,1294.53,1290.11
2021-07-06 04:38:15,SILVER - USD,2.142857142857184,4.857142857142917,INVALIDÉE,-1.0,2021-07-06 13:16:11,26.56,26.35
2021-07-06 05:32:46,SILVER - GBP,2.5999999999999432,5.7999999999999,INVALIDÉE,-1.0,2021-07-06 14:10:42,19.21,19.11
2021-07-08 04:30:53,SILVER - GBP,1.428571428571443,2.857142857142886,INVALIDÉE,-1.0,2021-07-08 13:08:49,18.78,18.85
2021-07-14 08:33:37,GOLD - USD,1.912917271407786,8.014513788098581,OBJECTIF ATTEINT,1.912917271407786,2021-07-14 17:11:33,1814.68,1807.79
2021-07-15 03:31:39,SILVER - EUR,2.166666666666568,3.4999999999998224,OBJECTIF ATTEINT,2.166666666666568,2021-07-15 12:09:35,22.19,22.13
2021-07-15 13:36:18,SILVER - EUR,1.714285714285671,4.714285714285671,OBJECTIF ATTEINT,1.714285714285671,2021-07-15 22:14:14,22.28,22.21
2021-07-15 22:30:58,GOLD - EUR,2.7406679764244144,7.326129666011943,INVALIDÉE,-1.0,2021-07-16 07:08:54,1548.61,1543.52
2021-07-15 23:37:59,GOLD - CHF,1.8832116788321405,6.060218978102176,INVALIDÉE,-1.0,2021-07-16 08:15:55,1680.33,1674.85
2021-07-21 07:32:24,GOLD - AUD,1.394965277777794,4.429687500000024,INVALIDÉE,-1.0,2021-07-21 16:10:20,2480.64,2469.12
2021-07-21 07:32:25,GOLD - NZD,2.220916568742728,3.148061104582927,INVALIDÉE,-1.0,2021-07-21 16:10:21,2621.77,2613.26
2021-07-27 15:42:07,SILVER - CHF,2.312500000000004,5.437500000000002,INVALIDÉE,-1.0,2021-07-28 00:20:03,22.46,22.62
2021-08-13 06:33:18,GOLD - GBP,2.1975683890575595,7.562310030394662,OBJECTIF ATTEINT,2.1975683890575595,2021-08-13 15:11:14,1274.13,1270.84
2021-08-16 14:40:29,SILVER - NZD,1.3611111111111187,2.5833333333333366,OBJECTIF ATTEINT,1.3611111111111187,2021-08-16 23:18:25,33.85,33.49
2021-08-18 00:55:47,GOLD - AUD,2.4056406685236986,5.691852367688071,INVALIDÉE,-1.0,2021-08-18 09:33:43,2462.58,2433.86
2021-08-18 03:34:33,SILVER - CAD,1.434782608695642,2.782608695652171,INVALIDÉE,-1.0,2021-08-18 12:12:29,29.98,29.75
2021-08-18 03:34:33,SILVER - CAD,1.434782608695642,2.782608695652171,INVALIDÉE,-1.0,2021-08-18 12:12:29,29.98,29.75
2021-08-23 14:03:10,GOLD - CAD,1.7084854014598607,4.221715328467138,INVALIDÉE,-1.0,2021-08-23 22:41:06,2294.64,2272.72
2021-08-24 12:32:58,SILVER - CAD,1.6666666666665877,2.999999999999881,OBJECTIF ATTEINT,1.6666666666665877,2021-08-24 21:10:54,29.92,29.83
2021-08-30 11:33:28,SILVER - USD,2.153846153846179,4.769230769230814,INVALIDÉE,-1.0,2021-08-30 20:11:24,24.15,24.02
2021-08-31 03:32:13,GOLD - AUD,1.4263473053892195,3.501796407185641,INVALIDÉE,-1.0,2021-08-31 12:10:09,2486.67,2478.32
2021-08-31 04:33:00,GOLD - USD,1.6269230769231409,2.77884615384626,INVALIDÉE,-1.0,2021-08-31 13:10:56,1814.84,1809.64
2021-08-31 09:32:49,SILVER - CAD,1.3749999999999611,20.74999999999948,INVALIDÉE,-1.0,2021-08-31 18:10:45,30.39,30.31
2021-09-14 10:36:20,GOLD - GBP,2.631239935587866,6.515297906602461,INVALIDÉE,-1.0,2021-09-14 19:14:16,1288.66,1294.87
2021-09-14 12:32:33,SILVER - CHF,2.499999999999881,10.166666666666272,INVALIDÉE,-1.0,2021-09-14 21:10:29,21.74,21.8
2021-09-17 05:51:54,SILVER - CHF,2.8787878787879024,6.242424242424281,OBJECTIF ATTEINT,2.8787878787879024,2021-09-17 14:29:50,21.26,21.59
2021-09-17 05:51:55,SILVER - AUD,1.5394736842105254,4.749999999999989,OBJECTIF ATTEINT,1.5394736842105254,2021-09-17 14:29:51,31.41,32.17
2021-10-01 02:30:28,GOLD - CAD,1.7593360995850302,4.901798063623722,INVALIDÉE,-1.0,2021-10-01 11:08:24,2230.8,2223.57
2021-10-04 16:36:31,SILVER - EUR,1.4166666666666692,8.083333333333258,INVALIDÉE,-1.0,2021-10-05 01:14:27,19.52,19.4
2021-10-04 19:36:52,SILVER - USD,1.666666666666643,3.5999999999999432,INVALIDÉE,-1.0,2021-10-05 04:14:48,22.6,22.45
2021-10-05 23:30:31,SILVER - EUR,1.8999999999999857,9.899999999999844,INVALIDÉE,-1.0,2021-10-06 08:08:27,19.5,19.4
2021-10-08 18:37:02,GOLD - CAD,1.443298969072062,11.053264604810671,OBJECTIF ATTEINT,1.443298969072062,2021-10-09 03:14:58,2191.74,2197.56
2021-10-11 02:31:17,SILVER - EUR,2.923076923076858,10.230769230769017,INVALIDÉE,-1.0,2021-10-11 11:09:13,19.67,19.54
2021-10-11 04:49:57,GOLD - CAD,1.6907103825136685,3.2030054644808827,INVALIDÉE,-1.0,2021-10-11 13:27:53,2189.29,2225.89
2021-10-13 08:32:46,GOLD - EUR,2.324489795918298,6.714285714285562,OBJECTIF ATTEINT,2.324489795918298,2021-10-13 17:10:42,1529.66,1524.76
2021-10-14 07:32:21,SILVER - EUR,1.6666666666666534,11.777777777777782,OBJECTIF ATTEINT,1.6666666666666534,2021-10-14 16:10:17,19.94,19.85
2021-10-14 07:32:22,SILVER - GBP,1.4000000000000354,5.7000000000001245,OBJECTIF ATTEINT,1.4000000000000354,2021-10-14 16:10:18,16.9,16.8
2021-10-20 05:30:25,SILVER - GBP,1.749999999999963,10.166666666666574,OBJECTIF ATTEINT,1.749999999999963,2021-10-20 14:08:21,17.26,17.14
2021-10-20 06:30:57,SILVER - EUR,1.4666666666666968,3.4000000000000425,OBJECTIF ATTEINT,1.4666666666666968,2021-10-20 15:08:53,20.49,20.34
2021-10-20 06:30:58,SILVER - AUD,1.566666666666659,4.433333333333318,OBJECTIF ATTEINT,1.566666666666659,2021-10-20 15:08:54,31.86,31.56
2021-10-20 09:32:53,SILVER - USD,1.62499999999995,10.624999999999728,OBJECTIF ATTEINT,1.62499999999995,2021-10-20 18:10:49,23.89,23.81
2021-10-21 03:50:28,GOLD - NZD,1.780751554474202,3.1335496080021894,INVALIDÉE,-1.0,2021-10-21 12:28:24,2476.8,2513.79
2021-10-21 19:36:13,GOLD - GBP,1.6494845360825052,2.870103092783574,OBJECTIF ATTEINT,1.6494845360825052,2021-10-22 04:14:09,1293.61,1288.76
2021-10-21 22:30:42,GOLD - EUR,1.3587174348697315,3.585170340681376,OBJECTIF ATTEINT,1.3587174348697315,2021-10-22 07:08:38,1534.27,1529.28
2021-10-21 23:30:39,GOLD - USD,1.6214177978883595,6.648567119155234,OBJECTIF ATTEINT,1.6214177978883595,2021-10-22 08:08:35,1785.48,1778.85
2021-10-22 02:30:26,SILVER - AUD,2.4999999999999645,8.099999999999836,OBJECTIF ATTEINT,2.4999999999999645,2021-10-22 11:08:22,32.38,32.28
2021-11-10 03:31:47,SILVER - AUD,2.9999999999999702,4.833333333333279,OBJECTIF ATTEINT,2.9999999999999702,2021-11-10 12:09:43,33.03,32.79
2021-11-10 16:38:36,SILVER - CHF,1.4687499999999951,2.374999999999992,INVALIDÉE,-1.0,2021-11-11 01:16:32,22.92,22.6
2021-11-11 04:30:28,SILVER - AUD,2.6153846153845355,6.538461538461421,OBJECTIF ATTEINT,2.6153846153845355,2021-11-11 13:08:24,33.85,33.72
2021-11-11 05:31:24,SILVER - USD,1.4166666666666754,4.166666666666694,OBJECTIF ATTEINT,1.4166666666666754,2021-11-11 14:09:20,24.79,24.55
2021-11-12 19:37:17,SILVER - USD,2.4736842105262933,5.421052631578917,INVALIDÉE,-1.0,2021-11-13 04:15:13,25.32,25.13
2021-11-16 05:30:38,GOLD - GBP,2.8181818181818485,6.5307917888563605,INVALIDÉE,-1.0,2021-11-16 14:08:34,1390.26,1383.44
2021-11-19 08:32:54,SILVER - GBP,2.1428571428571392,3.6428571428571392,INVALIDÉE,-1.0,2021-11-19 17:10:50,18.34,18.48
2021-11-22 06:30:28,GOLD - NZD,2.26594301221174,4.16960651289016,OBJECTIF ATTEINT,2.26594301221174,2021-11-22 15:08:24,2633.3,2640.67
2021-11-30 13:32:38,GOLD - EUR,2.796477495107556,7.170254403130912,INVALIDÉE,-1.0,2021-11-30 22:10:34,1576.85,1581.96
2021-12-03 11:32:42,SILVER - EUR,1.6666666666665089,24.333333333332305,OBJECTIF ATTEINT,1.6666666666665089,2021-12-03 20:10:38,19.74,19.77
2021-12-22 09:32:34,SILVER - EUR,2.0,3.444444444444436,OBJECTIF ATTEINT,2.0,2021-12-22 18:10:30,20.0,19.91
2021-12-22 15:38:54,SILVER - USD,2.0000000000000444,17.375000000000377,OBJECTIF ATTEINT,2.0000000000000444,2021-12-23 00:16:50,22.63,22.55
2021-12-27 20:36:17,SILVER - EUR,2.0,4.124999999999997,OBJECTIF ATTEINT,2.0,2021-12-28 05:14:13,20.34,20.18
2021-12-27 20:36:19,SILVER - NZD,1.6451612903226227,6.967741935483992,OBJECTIF ATTEINT,1.6451612903226227,2021-12-28 05:14:15,33.8,33.49
2021-12-28 07:30:30,SILVER - AUD,1.8333333333333268,7.0,OBJECTIF ATTEINT,1.8333333333333268,2021-12-28 16:08:26,31.93,31.75
2021-12-29 06:30:31,SILVER - EUR,1.6428571428571392,3.9285714285714177,INVALIDÉE,-1.0,2021-12-29 15:08:27,20.45,20.31
2021-12-29 06:30:34,SILVER - CAD,1.777777777777782,3.722222222222218,INVALIDÉE,-1.0,2021-12-29 15:08:30,29.64,29.46
2021-12-29 08:32:37,SILVER - GBP,2.2499999999999445,3.2499999999999,INVALIDÉE,-1.0,2021-12-29 17:10:33,17.23,17.15
2022-01-07 16:38:21,GOLD - EUR,1.860355029585792,4.590532544378669,INVALIDÉE,-1.0,2022-01-08 01:16:17,1579.34,1587.79
2022-01-13 01:30:27,SILVER - CHF,1.571428571428557,5.714285714285671,INVALIDÉE,-1.0,2022-01-13 10:08:23,21.19,21.12
2022-01-18 01:40:25,SILVER - GBP,2.333333333333196,4.166666666666509,INVALIDÉE,-1.0,2022-01-18 10:18:21,16.92,16.86
2022-01-19 09:32:41,GOLD - GBP,1.5203761755485348,3.416927899686419,OBJECTIF ATTEINT,1.5203761755485348,2022-01-19 18:10:37,1335.43,1332.24
2022-01-27 16:48:25,GOLD - AUD,2.414035087719232,3.226900584795217,INVALIDÉE,-1.0,2022-01-28 01:26:21,2545.87,2554.42
2022-01-31 17:18:35,USD/JPY,1.5937499999999925,4.93749999999999,OBJECTIF ATTEINT,1.5937499999999925,2022-02-01 01:04:30,115.15,114.51
2022-02-01 00:39:56,SILVER - EUR,1.777777777777782,3.777777777777782,INVALIDÉE,-1.0,2022-02-01 09:17:52,20.0,20.09
2022-02-02 19:40:36,CHF/JPY,1.3636363636363578,2.090909090909138,OBJECTIF ATTEINT,1.3636363636363578,2022-02-03 03:26:31,124.55,124.33
2022-02-03 00:40:14,SILVER - GBP,2.076923076923117,4.692307692307751,OBJECTIF ATTEINT,2.076923076923117,2022-02-03 09:18:10,16.67,16.8
2022-02-03 20:46:35,GBP/CHF,2.0,4.999999999999841,INVALIDÉE,-1.0,2022-02-04 04:32:30,1.2523,1.2509
2022-02-03 21:43:57,CHF/JPY,1.6060606060606175,5.636363636363663,INVALIDÉE,-1.0,2022-02-04 05:29:52,124.94,124.61
2022-02-04 00:40:41,GBP/USD,2.5882352941175704,6.470588235293926,INVALIDÉE,-1.0,2022-02-04 08:26:36,1.3604,1.3587
2022-02-04 04:39:57,AUD/JPY,1.749999999999889,4.374999999999634,INVALIDÉE,-1.0,2022-02-04 12:25:52,82.15,81.99
2022-02-09 01:40:40,USD/CHF,1.6086956521739508,2.304347826086975,INVALIDÉE,-1.0,2022-02-09 09:26:35,0.9253,0.923
2022-02-10 18:45:57,GOLD - USD,2.1347962382444603,4.796238244514011,INVALIDÉE,-1.0,2022-02-11 03:23:53,1835.93,1829.55
2022-02-14 19:46:30,EUR/USD,1.6249999999999132,5.124999999999844,INVALIDÉE,-1.0,2022-02-15 03:32:25,1.1293,1.1309
2022-02-15 10:11:35,GBP/JPY,1.7600000000000289,7.306666666666691,INVALIDÉE,-1.0,2022-02-15 17:57:30,156.79,156.04
2022-02-16 07:06:22,GOLD - USD,2.0292442081275928,2.231674895556386,OBJECTIF ATTEINT,2.0292442081275928,2022-02-16 15:44:18,1855.88,1829.55
2022-02-18 05:40:31,NZD/USD,1.4374999999999394,5.187499999999835,INVALIDÉE,-1.0,2022-02-18 13:26:26,0.671,0.6694
2022-02-21 04:15:43,DAX40 FULL0926,2.943980929678185,3.9019666269368254,OBJECTIF ATTEINT,2.943980929678185,2022-02-21 12:01:38,15088.0,15423.6
2022-02-21 16:22:01,DAX40 PERF INDEX,2.723272984727423,4.989177708101551,OBJECTIF ATTEINT,2.723272984727423,2022-02-22 00:07:56,14775.56,14973.3
2022-02-21 18:39:53,SILVER - CAD,2.555555555555564,7.1111111111111285,OBJECTIF ATTEINT,2.555555555555564,2022-02-22 03:17:49,30.49,30.31
2022-02-21 19:40:35,EUR/USD,2.5833333333332256,8.333333333332716,INVALIDÉE,-1.0,2022-02-22 03:26:30,1.1311,1.1323
2022-02-22 01:39:35,GOLD - EUR,2.067615658362989,4.843416370106742,INVALIDÉE,-1.0,2022-02-22 10:17:31,1688.15,1676.91
2022-02-22 16:48:01,SILVER - CAD,2.450000000000019,4.35000000000002,INVALIDÉE,-1.0,2022-02-23 01:25:57,30.9,30.7
2022-02-22 17:46:03,SILVER - AUD,2.5217391304348094,8.04347826086968,INVALIDÉE,-1.0,2022-02-23 02:23:59,33.61,33.38
2022-02-23 16:48:20,GOLD - CHF,1.650028360748709,7.486103233125296,OBJECTIF ATTEINT,1.650028360748709,2022-02-24 01:26:16,1750.89,1733.26
2022-02-24 00:39:15,GOLD - EUR,1.5692982456140314,4.306140350877151,OBJECTIF ATTEINT,1.5692982456140314,2022-02-24 09:17:11,1693.5,1682.1
2022-02-25 11:41:54,USD/CAD,1.6000000000000356,2.8000000000001064,INVALIDÉE,-1.0,2022-02-25 19:27:49,1.2808,1.2783
2022-02-28 00:51:52,GOLD - NZD,2.333557046979886,7.751677852349064,INVALIDÉE,-1.0,2022-02-28 09:29:48,2865.39,2835.59
2022-03-01 14:19:56,GOLD - USD,1.3903938520653254,2.897790585975025,OBJECTIF ATTEINT,1.3903938520653254,2022-03-01 22:57:52,1918.58,1866.53
2022-03-02 23:40:29,SILVER - AUD,2.849999999999961,3.94999999999994,INVALIDÉE,-1.0,2022-03-03 08:18:25,34.67,34.47
2022-03-03 00:40:18,SILVER - NZD,2.791666666666621,3.874999999999967,INVALIDÉE,-1.0,2022-03-03 09:18:14,37.27,37.03
2022-03-03 06:39:28,USD/CAD,1.5675675675675595,3.1621621621621427,INVALIDÉE,-1.0,2022-03-03 14:25:23,1.2616,1.2653
2022-03-04 01:39:51,SILVER - EUR,1.769230769230786,6.230769230769296,OBJECTIF ATTEINT,1.769230769230786,2022-03-04 10:17:47,22.83,22.7
2022-03-07 00:39:25,EUR/GBP,2.9062500000000444,5.781250000000058,INVALIDÉE,-1.0,2022-03-07 08:25:20,0.8232,0.8264
2022-03-07 00:39:41,AUD/JPY,1.3846153846154856,7.153846153846456,INVALIDÉE,-1.0,2022-03-07 08:25:36,84.96,84.83
2022-03-07 17:46:23,S&P500 - MINI S&P500 FULL0926,1.3727048022598791,2.2838983050847266,OBJECTIF ATTEINT,1.3727048022598791,2022-03-08 01:32:18,4231.25,4287.89
2022-03-08 12:42:12,GOLD - AUD,2.717151454362989,9.872617853560412,OBJECTIF ATTEINT,2.717151454362989,2022-03-08 21:20:08,2763.3,2753.33
2022-03-08 13:32:58,GOLD - CAD,2.117927170868335,4.76022408963582,OBJECTIF ATTEINT,2.117927170868335,2022-03-08 22:10:54,2586.19,2550.49
2022-03-08 19:18:37,USD/JPY,2.2920353982301007,2.380530973451335,OBJECTIF ATTEINT,2.2920353982301007,2022-03-09 03:04:32,115.72,114.59
2022-03-10 22:40:21,USD/JPY,2.89999999999995,6.199999999999887,OBJECTIF ATTEINT,2.89999999999995,2022-03-11 06:26:16,116.14,115.94
2022-03-14 06:40:30,EUR/JPY,2.000000000000142,8.150000000000583,OBJECTIF ATTEINT,2.000000000000142,2022-03-14 14:26:25,128.64,128.44
2022-03-14 09:33:26,GOLD - USD,2.0074626865671235,6.162686567164132,OBJECTIF ATTEINT,2.0074626865671235,2022-03-14 18:11:22,1964.11,1970.81
2022-03-14 19:36:46,USD/CAD,1.8813559322034032,8.847457627118624,INVALIDÉE,-1.0,2022-03-15 03:22:41,1.2826,1.2767
2022-03-15 06:40:30,GOLD - NZD,1.994327850255304,3.594441293250232,OBJECTIF ATTEINT,1.994327850255304,2022-03-15 15:18:26,2864.84,2882.47
2022-03-15 09:33:15,NASDAQ100 - MINI NASDAQ100 FULL0926,2.119089673913035,3.7194293478260687,INVALIDÉE,-1.0,2022-03-15 17:19:10,12959.0,13106.2
2022-03-18 03:40:01,CHF/JPY,2.124999999999928,2.843749999999924,OBJECTIF ATTEINT,2.124999999999928,2022-03-18 11:25:56,126.79,126.47
2022-03-18 16:48:11,USD/CHF,2.153846153846226,5.0000000000001705,OBJECTIF ATTEINT,2.153846153846226,2022-03-19 00:34:06,0.9323,0.9336
2022-03-18 19:45:51,GOLD - EUR,2.193675889328069,17.549407114624685,INVALIDÉE,-1.0,2022-03-19 04:23:47,1737.53,1742.59
2022-03-21 19:46:11,AUD/JPY,2.290909090909112,4.600000000000025,OBJECTIF ATTEINT,2.290909090909112,2022-03-22 03:32:06,88.36,87.81
2022-03-23 23:31:03,CHF/JPY,2.153846153846238,13.11538461538506,OBJECTIF ATTEINT,2.153846153846238,2022-03-24 07:16:58,130.13,129.61
2022-03-24 00:30:31,GOLD - EUR,1.711281070745701,10.04780114722749,OBJECTIF ATTEINT,1.711281070745701,2022-03-24 09:08:27,1770.2,1764.97
2022-03-24 13:33:28,GOLD - CHF,2.0482456140350944,4.890350877193031,INVALIDÉE,-1.0,2022-03-24 22:11:24,1820.51,1815.95
2022-03-25 14:52:23,GBP/JPY,1.4912280701754093,30.368421052631188,OBJECTIF ATTEINT,1.4912280701754093,2022-03-25 22:38:18,161.21,160.07
2022-03-25 18:36:56,AUD/JPY,1.8720930232558144,5.662790697674428,OBJECTIF ATTEINT,1.8720930232558144,2022-03-26 02:22:51,91.8,90.94
2022-03-30 09:41:54,GOLD - CHF,1.4963041182682189,4.623020063357957,INVALIDÉE,-1.0,2022-03-30 18:19:50,1777.04,1786.51
2022-03-30 23:40:05,EUR/GBP,2.538461538461361,7.1538461538457,INVALIDÉE,-1.0,2022-03-31 07:26:00,0.8495,0.8482
2022-03-31 04:40:23,SILVER - CHF,2.857142857142933,8.785714285714477,INVALIDÉE,-1.0,2022-03-31 13:18:19,22.76,22.9
2022-04-03 22:39:50,USD/CAD,1.8666666666666865,3.466666666666597,INVALIDÉE,-1.0,2022-04-04 06:25:45,1.2525,1.251
2022-04-06 04:40:05,GBP/CHF,2.1739130434780343,5.391304347825625,OBJECTIF ATTEINT,2.1739130434780343,2022-04-06 12:26:00,1.2169,1.2146
2022-04-08 02:40:13,NZD/USD,2.166666666666646,3.777777777777744,OBJECTIF ATTEINT,2.166666666666646,2022-04-08 10:26:08,0.6877,0.6895
2022-04-08 17:36:35,SILVER - GBP,1.6250000000000666,5.250000000000133,OBJECTIF ATTEINT,1.6250000000000666,2022-04-09 02:14:31,18.97,18.89
2022-04-08 17:36:36,SILVER - AUD,2.142857142857165,7.428571428571392,OBJECTIF ATTEINT,2.142857142857165,2022-04-09 02:14:32,33.15,33.01
2022-04-10 21:40:04,EUR/JPY,1.5517241379308857,2.999999999999804,OBJECTIF ATTEINT,1.5517241379308857,2022-04-11 05:25:59,135.43,135.14
2022-04-11 07:41:50,SILVER - GBP,1.777777777777782,6.333333333333346,OBJECTIF ATTEINT,1.777777777777782,2022-04-11 16:19:46,19.07,18.89
2022-04-11 13:41:49,USD/CAD,1.476190476190426,7.142857142857128,OBJECTIF ATTEINT,1.476190476190426,2022-04-11 21:27:44,1.2616,1.2595
2022-04-12 02:40:03,SILVER - CHF,2.1818181818181084,3.0909090909090056,INVALIDÉE,-1.0,2022-04-12 11:17:59,23.44,23.33
2022-04-12 02:40:15,SILVER - USD,3.0,5.999999999999949,INVALIDÉE,-1.0,2022-04-12 11:18:11,25.16,25.09
2022-04-12 05:40:07,GOLD - GBP,1.7478991596638556,4.168067226890747,OBJECTIF ATTEINT,1.7478991596638556,2022-04-12 14:18:03,1503.51,1498.75
2022-04-13 02:40:03,SILVER - NZD,1.4782608695652524,7.478260869565314,OBJECTIF ATTEINT,1.4782608695652524,2022-04-13 11:17:59,37.19,36.96
2022-04-14 22:40:09,SILVER - AUD,2.555555555555424,9.88888888888852,OBJECTIF ATTEINT,2.555555555555424,2022-04-15 07:18:05,34.57,34.48
2022-04-18 06:40:10,USD/JPY,2.4999999999999334,5.4687499999998295,OBJECTIF ATTEINT,2.4999999999999334,2022-04-18 14:26:05,126.64,126.32
2022-04-20 04:03:29,SILVER - CHF,1.461538461538449,3.288461538461513,INVALIDÉE,-1.0,2022-04-20 12:41:25,23.85,23.33
2022-04-21 07:42:09,SILVER - USD,2.571428571428557,5.428571428571392,OBJECTIF ATTEINT,2.571428571428557,2022-04-21 16:20:05,25.06,25.13
2022-04-21 08:41:43,GOLD - GBP,1.4696969696969462,2.25454545454539,INVALIDÉE,-1.0,2022-04-21 17:19:39,1490.55,1497.15
2022-04-21 17:45:16,EUR/CHF,1.6428571428573016,5.714285714286349,INVALIDÉE,-1.0,2022-04-22 01:31:11,1.0347,1.0333
2022-04-21 20:39:51,GBP/CHF,2.054054054054048,4.675675675675655,INVALIDÉE,-1.0,2022-04-22 04:25:46,1.242,1.2383
2022-04-22 10:41:34,SILVER - GBP,2.050000000000008,4.30000000000003,INVALIDÉE,-1.0,2022-04-22 19:19:30,18.69,18.89
2022-04-25 15:46:26,CHF/JPY,2.3448275862069843,7.2068965517243475,INVALIDÉE,-1.0,2022-04-25 23:32:21,133.13,133.42
2022-04-27 00:40:00,USD/CHF,1.5652173913043657,2.282608695652219,OBJECTIF ATTEINT,1.5652173913043657,2022-04-27 08:25:55,0.9629,0.9583
2022-04-27 14:46:24,AUD/USD,1.56521739130439,5.043478260869658,INVALIDÉE,-1.0,2022-04-27 22:32:19,0.7112,0.7135
2022-04-27 23:13:58,NASDAQ100 - MINI NASDAQ100 FULL0926,1.8106388215026523,3.1213303800583567,OBJECTIF ATTEINT,1.8106388215026523,2022-04-28 06:59:53,13163.5,13447.93
2022-05-04 00:39:27,EUR/CHF,2.5384615384614464,3.692307692307574,OBJECTIF ATTEINT,2.5384615384614464,2022-05-04 08:25:22,1.0305,1.0292
2022-05-06 20:39:37,GOLD - CAD,1.8685208596713616,6.596713021491941,INVALIDÉE,-1.0,2022-05-07 05:17:33,2430.49,2422.58
2022-05-09 08:56:59,S&P500 - MINI S&P500 FULL0926,2.6027979274611406,5.819481865284973,OBJECTIF ATTEINT,2.6027979274611406,2022-05-09 16:42:54,4059.5,4156.0
2022-05-10 23:39:38,GOLD - GBP,1.8810872027180368,5.1166477916195285,INVALIDÉE,-1.0,2022-05-11 08:17:34,1492.23,1501.06
2022-05-10 23:39:39,GOLD - CAD,1.4275782155271788,4.614136732328992,INVALIDÉE,-1.0,2022-05-11 08:17:35,2393.7,2402.33
2022-05-13 08:41:21,DAX40 FULL0926,1.612011439466167,3.069590085796007,OBJECTIF ATTEINT,1.612011439466167,2022-05-13 16:27:16,13914.0,13809.1
2022-05-13 10:40:56,EUR/CHF,1.421052631578898,2.684210526315709,INVALIDÉE,-1.0,2022-05-13 18:26:51,1.0389,1.0408
2022-05-22 22:39:14,EUR/USD,2.058823529412026,4.882352941176993,OBJECTIF ATTEINT,2.058823529412026,2022-05-23 06:25:09,1.0572,1.0555
2022-05-23 02:39:02,GOLD - EUR,1.5039001560062366,2.6926677067082325,INVALIDÉE,-1.0,2022-05-23 11:16:58,1749.0,1742.59
2022-05-23 05:39:33,SILVER - CAD,2.2000000000000712,9.70000000000023,INVALIDÉE,-1.0,2022-05-23 14:17:29,28.04,27.94
2022-05-23 18:44:45,CHF/JPY,1.736842105263095,9.789473684210568,INVALIDÉE,-1.0,2022-05-24 02:30:40,132.43,132.24
2022-05-24 04:39:10,GOLD - CAD,1.9823899371069336,3.3484276729560376,OBJECTIF ATTEINT,1.9823899371069336,2022-05-24 13:17:06,2376.73,2368.78
2022-05-24 13:06:10,EUR/GBP,1.5111111111111346,6.733333333333409,INVALIDÉE,-1.0,2022-05-24 20:52:05,0.8572,0.8527
2022-05-25 15:39:41,S&P500 - MINI S&P500 FULL0926,1.4440154440154502,6.177606177606265,INVALIDÉE,-1.0,2022-05-25 23:25:36,3962.75,3949.8
2022-05-26 00:39:22,CHF/JPY,1.4761904761906308,8.761904761905631,INVALIDÉE,-1.0,2022-05-26 08:25:17,132.45,132.24
2022-05-26 00:39:24,NZD/USD,1.7692307692308316,6.615384615384777,INVALIDÉE,-1.0,2022-05-26 08:25:19,0.6493,0.6467
2022-05-26 00:39:32,S&P500 - MINI S&P500 FULL0926,1.737849779086902,3.2768777614138616,OBJECTIF ATTEINT,1.737849779086902,2022-05-26 08:25:27,3983.75,3949.8
2022-05-30 05:39:40,SILVER - USD,1.4666666666666968,8.800000000000086,INVALIDÉE,-1.0,2022-05-30 14:17:36,22.22,22.07
2022-05-30 15:07:15,EUR/JPY,2.18750000000007,8.427083333333517,OBJECTIF ATTEINT,2.18750000000007,2022-05-30 22:53:10,137.51,136.55
2022-05-30 19:39:14,NZD/USD,1.894736842105217,5.052631578947304,INVALIDÉE,-1.0,2022-05-31 03:25:09,0.6558,0.6539
2022-05-31 21:39:27,SILVER - NZD,2.37931034482761,6.482758620689683,INVALIDÉE,-1.0,2022-06-01 06:17:23,33.06,33.35
2022-05-31 21:39:36,SILVER - USD,1.4444444444444358,4.666666666666673,INVALIDÉE,-1.0,2022-06-01 06:17:32,21.54,21.72
2022-05-31 22:38:55,SILVER - EUR,1.9999999999999831,2.523809523809519,INVALIDÉE,-1.0,2022-06-01 07:16:51,20.09,20.3
2022-06-05 23:39:33,EUR/GBP,2.0370370370369915,4.777777777777682,INVALIDÉE,-1.0,2022-06-06 07:25:28,0.8585,0.8558
2022-06-06 07:41:16,GBP/JPY,1.4687500000001166,8.781250000000194,OBJECTIF ATTEINT,1.4687500000001166,2022-06-06 15:27:11,163.64,163.32
2022-06-08 19:35:09,EUR/CHF,2.4042553191489926,5.808510638297985,INVALIDÉE,-1.0,2022-06-09 03:21:04,1.0484,1.0437
2022-06-09 00:02:37,USD/CHF,1.7321428571428836,3.696428571428621,OBJECTIF ATTEINT,1.7321428571428836,2022-06-09 07:48:32,0.979,0.9734
2022-06-09 08:40:57,SILVER - EUR,2.6249999999999503,3.7499999999999214,OBJECTIF ATTEINT,2.6249999999999503,2022-06-09 17:18:53,20.54,20.62
2022-06-09 19:44:25,GOLD - CHF,1.547468354430391,5.534810126582337,OBJECTIF ATTEINT,1.547468354430391,2022-06-10 04:22:21,1811.23,1804.91
2022-06-13 09:08:10,S&P500 - MINI S&P500 FULL0926,2.3954855643044626,5.238845144356955,INVALIDÉE,-1.0,2022-06-13 16:54:05,3804.25,3899.5
2022-06-13 09:08:11,NASDAQ100 - MINI NASDAQ100 FULL0926,2.310404127257094,3.479896818572659,INVALIDÉE,-1.0,2022-06-13 16:54:06,11509.25,11800.0
2022-06-13 20:38:55,SILVER - USD,2.2222222222222374,5.944444444444455,INVALIDÉE,-1.0,2022-06-14 05:16:51,21.1,21.28
2022-06-14 18:44:30,GBP/JPY,1.8275862068964672,2.7241379310343965,INVALIDÉE,-1.0,2022-06-15 02:30:25,161.67,162.25
2022-06-17 08:31:27,SILVER - CAD,2.6315789473684035,10.26315789473677,INVALIDÉE,-1.0,2022-06-17 17:09:23,28.41,28.22
2022-06-17 08:31:45,SILVER - USD,1.833333333333363,6.333333333333452,INVALIDÉE,-1.0,2022-06-17 17:09:41,21.91,21.85
2022-06-22 06:11:50,DAX40 FULL0926,1.5017301038062283,5.490311418685124,OBJECTIF ATTEINT,1.5017301038062283,2022-06-22 13:57:45,13067.0,13356.0
2022-06-23 05:30:03,SILVER - CAD,2.4545454545454954,3.545454545454569,INVALIDÉE,-1.0,2022-06-23 14:07:59,27.6,27.71
2022-06-24 10:31:19,SILVER - EUR,2.5000000000000444,10.1250000000002,INVALIDÉE,-1.0,2022-06-24 19:09:15,19.82,19.9
2022-06-24 10:31:20,SILVER - CHF,2.090909090909105,8.818181818181854,INVALIDÉE,-1.0,2022-06-24 19:09:16,20.0,20.11
2022-06-24 10:31:21,SILVER - AUD,1.6153846153845628,7.615384615384453,INVALIDÉE,-1.0,2022-06-24 19:09:17,30.24,30.37
2022-06-24 11:54:03,SILVER - NZD,1.54901960784312,3.8823529411764257,OBJECTIF ATTEINT,1.54901960784312,2022-06-24 20:31:59,33.16,33.67
2022-06-27 23:11:23,EUR/GBP,1.857142857142812,3.885714285714205,INVALIDÉE,-1.0,2022-06-28 06:57:18,0.8625,0.859
2022-06-28 08:41:03,EUR/USD,1.75000000000037,5.083333333333888,INVALIDÉE,-1.0,2022-06-28 16:26:58,1.0594,1.0582
2022-06-29 04:00:10,SILVER - AUD,1.8499999999999948,4.866666666666658,OBJECTIF ATTEINT,1.8499999999999948,2022-06-29 12:38:06,30.16,30.76
2022-06-30 04:00:11,SILVER - GBP,1.8974358974358907,2.307692307692301,OBJECTIF ATTEINT,1.8974358974358907,2022-06-30 12:38:07,17.08,17.47
2022-06-30 13:06:16,DAX40 FULL0926,1.9383613445378147,5.070168067226894,INVALIDÉE,-1.0,2022-06-30 20:52:11,12687.0,12925.0
2022-06-30 23:12:03,SILVER - NZD,2.1525423728813746,5.322033898305125,OBJECTIF ATTEINT,2.1525423728813746,2022-07-01 07:49:59,32.45,33.04
2022-07-05 12:06:58,GOLD - NZD,2.003263530051682,4.507206962197446,INVALIDÉE,-1.0,2022-07-05 20:44:54,2930.66,2893.89
2022-07-06 05:39:18,AUD/JPY,1.8095238095237196,4.714285714285511,INVALIDÉE,-1.0,2022-07-06 13:25:13,91.8,92.01
2022-07-08 16:44:00,USD/JPY,1.533333333333207,2.79999999999981,OBJECTIF ATTEINT,1.533333333333207,2022-07-09 00:29:55,136.15,136.0
2022-07-08 17:43:39,AUD/JPY,1.7777777777776724,4.555555555555345,INVALIDÉE,-1.0,2022-07-09 01:29:34,93.15,92.97
2022-07-08 20:38:52,S&P500 - MINI S&P500 FULL0926,1.451803278688531,4.680327868852459,INVALIDÉE,-1.0,2022-07-09 04:24:47,3905.5,3875.0
2022-07-12 04:01:00,GBP/USD,2.0636942675159164,2.4585987261146403,INVALIDÉE,-1.0,2022-07-12 11:46:55,1.1878,1.2035
2022-07-14 21:39:27,AUD/JPY,1.545454545454569,14.727272727272844,INVALIDÉE,-1.0,2022-07-15 05:25:22,93.8,93.69
2022-07-19 04:30:54,AUD/JPY,1.714285714285671,9.642857142857062,OBJECTIF ATTEINT,1.714285714285671,2022-07-19 12:16:49,94.4,94.26
2022-07-19 20:30:52,SILVER - GBP,2.8749999999999805,8.49999999999999,INVALIDÉE,-1.0,2022-07-20 05:08:48,15.62,15.7
2022-07-22 12:30:50,USD/CAD,2.8235294117646634,6.411764705882234,INVALIDÉE,-1.0,2022-07-22 20:16:45,1.2862,1.2896
2022-08-02 10:31:29,SILVER - EUR,1.9999999999999705,9.833333333333249,INVALIDÉE,-1.0,2022-08-02 19:09:25,19.82,19.7
2022-08-02 15:37:12,GOLD - USD,2.5501263689974945,7.497893850042192,INVALIDÉE,-1.0,2022-08-03 00:15:08,1781.58,1769.71
2022-08-08 00:29:50,CHF/JPY,1.9523809523808624,6.523809523809298,OBJECTIF ATTEINT,1.9523809523808624,2022-08-08 08:15:45,140.65,140.44
2022-08-08 00:30:02,USD/CHF,1.416666666666628,8.250000000000162,INVALIDÉE,-1.0,2022-08-08 08:15:57,0.9635,0.9623
2022-08-16 15:37:23,DAX40 PERF INDEX,1.4254375154054957,3.01815791635858,INVALIDÉE,-1.0,2022-08-16 23:23:18,13910.71,13789.0
2022-08-17 15:42:58,SILVER - EUR,2.142857142857114,4.714285714285671,INVALIDÉE,-1.0,2022-08-18 00:20:54,19.4,19.47
2022-08-17 21:34:47,GOLD - GBP,1.6553106212424802,8.997995991983924,INVALIDÉE,-1.0,2022-08-18 06:12:43,1461.54,1466.53
2022-08-18 09:36:48,GBP/JPY,2.5294117647061087,4.294117647059079,INVALIDÉE,-1.0,2022-08-18 17:22:43,162.94,162.77
2022-08-18 20:34:54,USD/CAD,2.266666666666963,10.400000000001183,OBJECTIF ATTEINT,2.266666666666963,2022-08-19 04:20:49,1.2952,1.2937
2022-08-19 14:42:31,EUR/JPY,1.7777777777778918,5.138888888889163,INVALIDÉE,-1.0,2022-08-19 22:28:26,137.76,137.4
2022-08-22 06:34:43,DAX40 FULL0926,2.8905472636815577,12.4701492537311,OBJECTIF ATTEINT,2.8905472636815577,2022-08-22 14:20:38,13465.0,13505.2
2022-08-22 12:31:44,SILVER - GBP,2.6363636363636584,6.545454545454585,INVALIDÉE,-1.0,2022-08-22 21:09:40,15.98,16.09
2022-08-22 20:30:57,USD/CAD,1.3571428571428723,2.690476190476223,INVALIDÉE,-1.0,2022-08-23 04:16:52,1.3051,1.3009
2022-08-22 23:30:35,USD/JPY,2.861111111111006,3.861111111110927,INVALIDÉE,-1.0,2022-08-23 07:16:30,137.59,137.23
2022-08-25 00:29:43,AUD/USD,2.2500000000000275,3.800000000000022,OBJECTIF ATTEINT,2.2500000000000275,2022-08-25 08:15:38,0.6919,0.6899
2022-08-25 06:29:31,USD/CAD,2.166666666666646,5.111111111111097,INVALIDÉE,-1.0,2022-08-25 14:15:26,1.2919,1.2937
2022-08-26 04:31:24,SILVER - GBP,1.600000000000128,5.000000000000284,INVALIDÉE,-1.0,2022-08-26 13:09:20,16.31,16.26
2022-08-26 04:31:37,SILVER - USD,2.277777777777782,3.666666666666673,INVALIDÉE,-1.0,2022-08-26 13:09:33,19.28,19.1
2022-08-26 06:29:51,SILVER - CHF,1.3750000000000666,5.000000000000133,INVALIDÉE,-1.0,2022-08-26 15:07:47,18.56,18.48
2022-08-26 06:29:52,GOLD - CAD,1.92480211081798,3.204485488126675,INVALIDÉE,-1.0,2022-08-26 15:07:48,2275.96,2268.38
2022-08-26 11:31:12,AUD/USD,1.583333333333372,5.333333333333395,INVALIDÉE,-1.0,2022-08-26 19:17:07,0.6976,0.6964
2022-08-29 02:50:24,EUR/USD,2.350000000000032,4.950000000000049,INVALIDÉE,-1.0,2022-08-29 10:36:19,0.9927,1.0027
2022-08-29 05:31:13,GBP/JPY,1.500000000000142,3.0666666666668942,OBJECTIF ATTEINT,1.500000000000142,2022-08-29 13:17:08,161.85,161.55
2022-08-30 18:36:51,EUR/USD,2.500000000000042,4.653846153846269,INVALIDÉE,-1.0,2022-08-31 02:22:46,1.0025,0.9999
2022-08-31 09:07:42,SILVER - CHF,1.3799999999999957,2.639999999999993,INVALIDÉE,-1.0,2022-08-31 17:45:38,17.74,18.24
2022-08-31 20:31:45,NASDAQ100 - MINI NASDAQ100 FULL0926,2.436619718309859,8.422535211267606,OBJECTIF ATTEINT,2.436619718309859,2022-09-01 04:17:40,12305.5,12376.5
2022-09-01 00:30:07,EUR/JPY,2.896551724138022,5.103448275862173,INVALIDÉE,-1.0,2022-09-01 08:16:02,139.9,139.61
2022-09-05 19:29:57,AUD/JPY,1.538461538461614,2.7692307692309712,OBJECTIF ATTEINT,1.538461538461614,2022-09-06 03:15:52,95.57,95.44
2022-09-06 04:30:02,SILVER - GBP,1.7857142857142785,2.714285714285696,INVALIDÉE,-1.0,2022-09-06 13:07:58,15.84,15.7
2022-09-06 05:29:27,SILVER - AUD,1.6666666666666496,2.6666666666666496,OBJECTIF ATTEINT,1.6666666666666496,2022-09-06 14:07:23,26.89,26.68
2022-09-06 06:29:37,GOLD - CHF,1.6703499079189374,3.5027624309391823,INVALIDÉE,-1.0,2022-09-06 15:07:33,1681.79,1676.36
2022-09-07 03:49:56,NZD/USD,1.384615384615397,3.07692307692309,INVALIDÉE,-1.0,2022-09-07 11:35:51,0.6004,0.6108
2022-09-07 17:36:05,SILVER - GBP,1.4444444444444071,2.8888888888888142,OBJECTIF ATTEINT,1.4444444444444071,2022-09-08 02:14:01,15.96,15.87
2022-09-09 00:29:16,EUR/GBP,2.3703703703703245,3.7407407407406894,INVALIDÉE,-1.0,2022-09-09 08:15:11,0.8697,0.867
2022-09-09 08:32:27,NASDAQ100 - MINI NASDAQ100 FULL0926,1.5187032418952553,4.375846099038105,OBJECTIF ATTEINT,1.5187032418952553,2022-09-09 16:18:22,12519.75,12379.4
2022-09-09 17:34:32,SILVER - CAD,1.666666666666643,10.06666666666651,OBJECTIF ATTEINT,1.666666666666643,2022-09-10 02:12:28,24.55,24.4
2022-09-09 19:34:42,SILVER - NZD,1.666666666666647,9.083333333333258,OBJECTIF ATTEINT,1.666666666666647,2022-09-10 04:12:38,30.78,30.54
2022-09-09 20:29:35,SILVER - EUR,1.4347826086956577,5.826086956521728,OBJECTIF ATTEINT,1.4347826086956577,2022-09-10 05:07:31,18.72,18.49
2022-09-12 02:30:55,EUR/USD,1.6153846153845102,12.538461538460764,OBJECTIF ATTEINT,1.6153846153845102,2022-09-12 10:16:50,1.0092,1.0079
2022-09-12 13:30:58,AUD/USD,2.777777777778148,11.666666666668023,INVALIDÉE,-1.0,2022-09-12 21:16:53,0.6879,0.687
2022-09-12 13:31:22,AUD/JPY,1.4827586206897194,5.41379310344845,INVALIDÉE,-1.0,2022-09-12 21:17:17,98.21,97.92
2022-09-14 19:35:26,GOLD - GBP,2.9066147859923004,10.223735408560556,OBJECTIF ATTEINT,2.9066147859923004,2022-09-15 04:13:22,1469.19,1474.33
2022-09-20 04:29:48,EUR/CHF,1.5999999999999337,7.099999999999989,INVALIDÉE,-1.0,2022-09-20 12:15:43,0.9675,0.9665
2022-09-21 06:29:14,AUD/USD,1.6060606060606122,4.575757575757619,OBJECTIF ATTEINT,1.6060606060606122,2022-09-21 14:15:09,0.6672,0.6705
2022-09-21 18:34:50,SILVER - CHF,1.999999999999929,23.39999999999963,INVALIDÉE,-1.0,2022-09-22 03:12:46,18.94,18.89
2022-09-22 00:29:44,EUR/JPY,1.559523809523772,2.4523809523809112,INVALIDÉE,-1.0,2022-09-22 08:15:39,141.67,142.51
2022-09-22 08:31:53,SILVER - USD,1.8333333333332544,6.166666666666449,INVALIDÉE,-1.0,2022-09-22 17:09:49,19.64,19.58
2022-09-22 22:30:47,SILVER - EUR,1.8000000000000995,20.600000000001195,INVALIDÉE,-1.0,2022-09-23 07:08:43,19.97,19.92
2022-09-25 20:29:04,USD/CAD,1.6865671641791355,2.104477611940321,OBJECTIF ATTEINT,1.6865671641791355,2022-09-26 04:14:59,1.3611,1.3544
2022-09-25 23:29:31,GOLD - NZD,1.3801652892561544,4.767217630853868,OBJECTIF ATTEINT,1.3801652892561544,2022-09-26 08:07:27,2861.9,2854.64
2022-09-26 14:36:04,GOLD - AUD,1.4695787831513707,6.77379095163823,INVALIDÉE,-1.0,2022-09-26 23:14:00,2528.68,2522.27
2022-09-26 20:30:34,SILVER - AUD,2.5999999999999432,11.599999999999836,INVALIDÉE,-1.0,2022-09-27 05:08:30,28.4,28.5
2022-09-26 22:30:07,SILVER - CAD,1.7058823529411544,2.647058823529381,INVALIDÉE,-1.0,2022-09-27 07:08:03,25.25,25.42
2022-09-27 18:34:50,USD/CHF,1.3939393939394216,3.4545454545455097,INVALIDÉE,-1.0,2022-09-28 02:20:45,0.992,0.9887
2022-09-28 03:31:02,EUR/JPY,2.5833333333334583,8.722222222222621,INVALIDÉE,-1.0,2022-09-28 11:16:57,138.31,138.67
2022-09-28 07:33:33,SILVER - AUD,2.124999999999928,13.374999999999694,INVALIDÉE,-1.0,2022-09-28 16:11:29,28.31,28.39
2022-09-29 13:31:37,EUR/JPY,2.9285714285714914,5.547619047619243,OBJECTIF ATTEINT,2.9285714285714914,2022-09-29 21:17:32,140.69,140.27
2022-09-29 21:29:09,SILVER - AUD,1.4117647058823295,3.411764705882309,OBJECTIF ATTEINT,1.4117647058823295,2022-09-30 06:07:05,28.96,28.79
2022-09-30 02:30:00,USD/JPY,2.576923076923119,4.538461538461723,INVALIDÉE,-1.0,2022-09-30 10:15:55,144.72,144.46
2022-09-30 06:29:08,GOLD - NZD,2.0875286041190586,5.167620137299922,OBJECTIF ATTEINT,2.0875286041190586,2022-09-30 15:07:04,2913.99,2896.51
2022-10-03 03:29:26,SILVER - EUR,1.428571428571443,6.999999999999949,OBJECTIF ATTEINT,1.428571428571443,2022-10-03 12:07:22,19.57,19.5
2022-10-03 17:35:15,GOLD - NZD,1.8441627047015643,6.707871104067676,OBJECTIF ATTEINT,1.8441627047015643,2022-10-04 02:13:11,2969.41,2950.48
2022-10-03 22:30:24,EUR/JPY,2.159090909090959,4.61363636363639,OBJECTIF ATTEINT,2.159090909090959,2022-10-04 06:16:19,142.07,141.63
2022-10-04 03:29:37,EUR/USD,1.666666666666568,5.333333333333136,OBJECTIF ATTEINT,1.666666666666568,2022-10-04 11:15:32,0.9828,0.9813
2022-10-06 04:29:22,GOLD - EUR,2.517467248908331,14.537117903930346,OBJECTIF ATTEINT,2.517467248908331,2022-10-06 13:07:18,1738.25,1733.67
2022-10-10 07:31:16,GOLD - AUD,1.5845771144278784,5.985903814262055,INVALIDÉE,-1.0,2022-10-10 16:09:12,2668.0,2655.94
2022-10-11 07:31:34,SILVER - CHF,1.9166666666666248,3.833333333333279,OBJECTIF ATTEINT,1.9166666666666248,2022-10-11 16:09:30,19.4,19.52
2022-10-11 07:31:46,GBP/JPY,1.5844155844156205,1.8701298701299116,INVALIDÉE,-1.0,2022-10-11 15:17:41,160.65,161.42
2022-10-11 19:35:17,SILVER - CHF,1.874999999999939,7.499999999999845,OBJECTIF ATTEINT,1.874999999999939,2022-10-12 04:13:13,19.09,19.17
2022-10-11 21:30:43,SILVER - EUR,1.6428571428571392,4.142857142857139,OBJECTIF ATTEINT,1.6428571428571392,2022-10-12 06:08:39,19.73,19.87
2022-10-13 18:35:04,SILVER - NZD,2.5499999999999536,11.499999999999822,OBJECTIF ATTEINT,2.5499999999999536,2022-10-14 03:13:00,33.48,33.68
2022-10-14 09:31:32,SILVER - USD,1.41176470588238,5.058823529411837,OBJECTIF ATTEINT,1.41176470588238,2022-10-14 18:09:28,18.69,18.86
2022-10-17 03:29:45,GBP/JPY,1.384615384615225,6.269230769230286,OBJECTIF ATTEINT,1.384615384615225,2022-10-17 11:15:40,166.93,166.67
2022-10-21 00:29:41,USD/CHF,2.0769230769234186,9.692307692308887,INVALIDÉE,-1.0,2022-10-21 08:15:36,1.0047,1.0034
2022-10-21 06:29:57,USD/JPY,2.500000000000089,9.843750000000227,INVALIDÉE,-1.0,2022-10-21 14:15:52,150.41,150.09
2022-10-21 09:31:47,GBP/USD,1.976190476190532,4.190476190476224,INVALIDÉE,-1.0,2022-10-21 17:17:42,1.114,1.1182
2022-10-24 19:35:06,SILVER - GBP,2.2857142857143944,6.714285714286063,INVALIDÉE,-1.0,2022-10-25 04:13:02,17.08,17.01
2022-10-25 19:35:10,NZD/USD,2.4000000000001185,9.933333333333708,INVALIDÉE,-1.0,2022-10-26 03:21:05,0.5757,0.5742
2022-11-04 03:29:39,SILVER - EUR,2.70833333333336,3.8333333333333655,OBJECTIF ATTEINT,2.70833333333336,2022-11-04 12:07:35,20.08,19.84
2022-11-07 17:35:10,AUD/USD,2.555555555555487,5.44444444444439,INVALIDÉE,-1.0,2022-11-08 01:21:05,0.6473,0.6464
2022-11-08 13:32:50,SILVER - USD,2.0999999999999788,7.499999999999893,OBJECTIF ATTEINT,2.0999999999999788,2022-11-08 22:10:46,20.8,20.7
2022-11-08 20:35:26,NZD/USD,1.545454545454541,4.772727272727296,INVALIDÉE,-1.0,2022-11-09 04:21:21,0.5968,0.5946
2022-11-10 11:31:27,SILVER - AUD,1.4848484848484451,6.545454545454428,OBJECTIF ATTEINT,1.4848484848484451,2022-11-10 20:09:23,32.99,32.66
2022-11-11 05:29:32,SILVER - USD,2.7894736842105137,3.4210526315789167,INVALIDÉE,-1.0,2022-11-11 14:07:28,21.73,21.54
2022-11-11 12:32:01,USD/JPY,1.9130434782607084,15.826086956520427,OBJECTIF ATTEINT,1.9130434782607084,2022-11-11 20:17:56,139.42,139.65
2022-11-11 17:35:13,AUD/JPY,1.711111111111123,2.355555555555546,INVALIDÉE,-1.0,2022-11-12 01:21:08,92.98,93.43
2022-11-14 16:06:51,SILVER - AUD,2.024390243902452,6.097560975609807,INVALIDÉE,-1.0,2022-11-15 00:44:47,32.65,32.24
2022-11-15 13:32:27,EUR/USD,1.3888888888889392,2.5740740740741503,INVALIDÉE,-1.0,2022-11-15 21:18:22,1.0432,1.0378
2022-11-16 11:55:26,SILVER - CAD,1.525641025641032,3.3205128205128305,INVALIDÉE,-1.0,2022-11-16 20:33:22,29.15,28.37
2022-11-16 19:34:58,SILVER - GBP,1.6363636363636744,4.636363636363675,OBJECTIF ATTEINT,1.6363636363636744,2022-11-17 04:12:54,18.01,18.12
2022-11-16 23:29:59,GBP/USD,1.7258064516128968,4.919354838709686,INVALIDÉE,-1.0,2022-11-17 07:15:54,1.1917,1.1855
2022-11-18 00:29:35,GOLD - NZD,2.101694915254197,5.161016949152419,OBJECTIF ATTEINT,2.101694915254197,2022-11-18 09:07:31,2871.79,2880.05
2022-11-18 09:31:45,GBP/CHF,1.4166666666665897,5.916666666666127,INVALIDÉE,-1.0,2022-11-18 17:17:40,1.1344,1.1332
2022-11-18 10:31:15,GOLD - GBP,1.524464831804294,4.172782874617755,OBJECTIF ATTEINT,1.524464831804294,2022-11-18 19:09:11,1479.68,1486.22
2022-11-18 10:31:28,NZD/USD,2.599999999999933,8.299999999999967,INVALIDÉE,-1.0,2022-11-18 18:17:23,0.6178,0.6168
2022-11-21 11:31:18,SILVER - CAD,1.9599999999999933,4.11999999999999,INVALIDÉE,-1.0,2022-11-21 20:09:14,27.7,27.95
2022-11-21 18:35:11,USD/CHF,1.5909090909090815,4.409090909090918,INVALIDÉE,-1.0,2022-11-22 02:21:06,0.9595,0.9573
2022-11-23 11:33:16,EUR/JPY,1.976744186046467,3.441860465116201,INVALIDÉE,-1.0,2022-11-23 19:19:11,145.97,145.54
2022-11-24 01:29:15,SILVER - EUR,2.300000000000053,3.700000000000089,INVALIDÉE,-1.0,2022-11-24 10:07:11,20.77,20.67
2022-11-25 15:37:18,GOLD - CAD,1.4667590027701438,3.8282548476455176,OBJECTIF ATTEINT,1.4667590027701438,2022-11-26 00:15:14,2341.85,2334.63
2022-11-29 00:29:23,CHF/JPY,2.5000000000000644,5.409090909090927,INVALIDÉE,-1.0,2022-11-29 08:15:18,146.12,146.34
2022-11-29 07:29:44,GOLD - CAD,1.7759336099584346,3.340248962655469,OBJECTIF ATTEINT,1.7759336099584346,2022-11-29 16:07:40,2353.57,2348.75
2022-11-30 15:36:46,GOLD - NZD,1.7735148514851555,3.64232673267328,INVALIDÉE,-1.0,2022-12-01 00:14:42,2825.0,2816.92
2022-11-30 18:35:37,SILVER - CAD,2.0000000000000235,6.333333333333389,OBJECTIF ATTEINT,2.0000000000000235,2022-12-01 03:13:33,29.38,29.23
2022-12-01 00:48:51,SILVER - NZD,1.60465116279068,2.569767441860438,OBJECTIF ATTEINT,1.60465116279068,2022-12-01 09:26:47,35.27,34.41
2022-12-02 05:29:46,EUR/CHF,1.4374999999999394,4.249999999999896,INVALIDÉE,-1.0,2022-12-02 13:15:41,0.9868,0.9852
2022-12-02 17:35:35,EUR/CHF,1.5999999999999113,4.599999999999837,OBJECTIF ATTEINT,1.5999999999999113,2022-12-03 01:21:30,0.9867,0.9852
2022-12-04 23:29:45,SILVER - AUD,2.39534883720929,2.6279069767441774,INVALIDÉE,-1.0,2022-12-05 08:07:41,34.02,33.59
2022-12-04 23:29:46,SILVER - NZD,1.7241379310344878,4.586206896551731,INVALIDÉE,-1.0,2022-12-05 08:07:42,36.15,35.86
2022-12-05 01:29:27,GBP/USD,1.8983050847457368,4.372881355932199,INVALIDÉE,-1.0,2022-12-05 09:15:22,1.2317,1.2258
2022-12-05 03:29:37,EUR/CHF,2.8235294117646634,7.823529411764533,INVALIDÉE,-1.0,2022-12-05 11:15:32,0.9888,0.9871
2022-12-05 05:29:29,GOLD - CAD,2.895459345301019,6.432946145723481,INVALIDÉE,-1.0,2022-12-05 14:07:25,2423.5,2414.03
2022-12-08 04:29:05,USD/CAD,1.5853658536585271,4.731707317073146,INVALIDÉE,-1.0,2022-12-08 12:15:00,1.3687,1.3646
2022-12-12 07:29:23,SILVER - GBP,1.428571428571443,3.428571428571443,INVALIDÉE,-1.0,2022-12-12 16:07:19,19.15,19.08
2022-12-12 11:31:47,USD/CHF,1.6499999999999833,4.299999999999967,INVALIDÉE,-1.0,2022-12-12 19:17:42,0.9316,0.9336
2022-12-12 12:53:55,GBP/JPY,1.9685534591194895,6.188679245283008,INVALIDÉE,-1.0,2022-12-12 20:39:50,168.26,166.67
2022-12-13 01:29:19,SILVER - CHF,1.6363636363636422,6.272727272727284,OBJECTIF ATTEINT,1.6363636363636422,2022-12-13 10:07:15,21.89,21.78
2022-12-13 03:29:40,SILVER - EUR,2.999999999999911,12.874999999999671,OBJECTIF ATTEINT,2.999999999999911,2022-12-13 12:07:36,22.21,22.13
2022-12-13 03:29:41,SILVER - GBP,2.0000000000000444,3.750000000000089,OBJECTIF ATTEINT,2.0000000000000444,2022-12-13 12:07:37,19.09,19.01
2022-12-13 18:34:47,SILVER - EUR,2.6000000000000285,5.533333333333374,INVALIDÉE,-1.0,2022-12-14 03:12:43,22.41,22.26
2022-12-13 18:35:02,SILVER - USD,1.6153846153846343,8.769230769230841,INVALIDÉE,-1.0,2022-12-14 03:12:58,23.81,23.68
2022-12-14 23:29:21,SILVER - EUR,1.857142857142908,6.000000000000127,INVALIDÉE,-1.0,2022-12-15 08:07:17,22.4,22.26
2022-12-14 23:29:23,SILVER - CHF,1.7272727272727475,4.272727272727284,INVALIDÉE,-1.0,2022-12-15 08:07:19,22.11,22.0
2022-12-15 00:29:27,NZD/USD,1.714285714285601,8.142857142856645,INVALIDÉE,-1.0,2022-12-15 08:15:22,0.6457,0.645
2022-12-15 18:36:06,AUD/JPY,2.3529411764705146,3.6470588235293184,OBJECTIF ATTEINT,2.3529411764705146,2022-12-16 02:22:01,92.24,92.41
2022-12-16 09:31:16,SILVER - AUD,2.066666666666701,6.733333333333384,INVALIDÉE,-1.0,2022-12-16 18:09:12,33.86,34.01
2022-12-20 08:56:01,SILVER - GBP,1.6938775510204174,4.57142857142859,OBJECTIF ATTEINT,1.6938775510204174,2022-12-20 17:33:57,19.38,18.89
2022-12-20 08:56:03,SILVER - AUD,1.671641791044768,4.044776119402976,INVALIDÉE,-1.0,2022-12-20 17:33:59,35.29,34.62
2022-12-20 11:54:51,SILVER - CHF,1.3589743589743508,3.282051282051272,OBJECTIF ATTEINT,1.3589743589743508,2022-12-20 20:32:47,22.05,21.66
2022-12-20 14:59:57,SILVER - EUR,1.7749999999999837,3.6499999999999737,INVALIDÉE,-1.0,2022-12-20 23:37:53,22.53,22.13
2022-12-25 21:29:26,USD/CHF,2.1249999999999134,6.062499999999783,INVALIDÉE,-1.0,2022-12-26 05:15:21,0.9343,0.9327
2022-12-26 19:30:32,EUR/CHF,2.166666666666744,6.66666666666679,INVALIDÉE,-1.0,2022-12-27 03:16:27,0.991,0.9898
2022-12-27 10:31:03,GBP/JPY,2.5384615384616507,3.564102564102727,INVALIDÉE,-1.0,2022-12-27 18:16:58,160.91,160.52
2022-12-27 12:31:10,AUD/JPY,1.4500000000000266,4.250000000000098,OBJECTIF ATTEINT,1.4500000000000266,2022-12-27 20:17:05,89.69,89.29
2022-12-27 16:37:01,USD/JPY,2.9310344827587795,7.862068965517461,OBJECTIF ATTEINT,2.9310344827587795,2022-12-28 00:22:56,133.48,133.19
2022-12-28 12:31:02,USD/JPY,1.446808510638316,4.489361702127639,OBJECTIF ATTEINT,1.446808510638316,2022-12-28 20:16:57,133.65,133.18
2022-12-28 21:31:13,USD/JPY,1.5294117647058725,2.741176470588235,INVALIDÉE,-1.0,2022-12-29 05:17:08,134.46,133.61
2022-12-30 04:29:02,CHF/JPY,2.2799999999999727,3.659999999999968,INVALIDÉE,-1.0,2022-12-30 12:14:57,143.74,143.24
2023-01-01 21:29:02,EUR/USD,2.5862068965515577,6.758620689654826,INVALIDÉE,-1.0,2023-01-02 05:14:57,1.0699,1.067
2023-01-03 05:48:59,SILVER - GBP,1.4047619047619049,2.904761904761907,INVALIDÉE,-1.0,2023-01-03 14:26:55,20.22,19.38
2023-01-03 19:34:42,USD/CAD,2.0882352941175704,5.88235294117629,INVALIDÉE,-1.0,2023-01-04 03:20:37,1.3681,1.3647
2023-01-06 03:31:56,EUR/JPY,1.8846153846154856,4.769230769230971,INVALIDÉE,-1.0,2023-01-06 11:17:51,141.03,140.77
2023-01-06 09:33:15,S&P500 - MINI S&P500 FULL0926,1.7942583732057469,3.0701754385965003,INVALIDÉE,-1.0,2023-01-06 17:19:10,3827.0,3839.54
2023-01-11 05:30:01,CHF/JPY,2.580645161290249,6.516129032257958,INVALIDÉE,-1.0,2023-01-11 13:15:56,143.55,143.24
2023-01-11 12:57:31,EUR/GBP,1.6909090909090678,3.145454545454508,INVALIDÉE,-1.0,2023-01-11 20:43:26,0.8868,0.8813
2023-01-13 09:59:50,GOLD - EUR,1.6025641025640809,3.433048433048373,INVALIDÉE,-1.0,2023-01-13 18:37:46,1756.63,1742.59
2023-01-15 21:29:59,GBP/USD,2.692307692308034,18.23076923077128,INVALIDÉE,-1.0,2023-01-16 05:15:54,1.2223,1.221
2023-01-15 23:30:30,SILVER - EUR,2.000000000000059,4.666666666666785,INVALIDÉE,-1.0,2023-01-16 08:08:26,22.45,22.39
2023-01-16 01:30:26,SILVER - GBP,2.4166666666666394,7.8333333333332495,INVALIDÉE,-1.0,2023-01-16 10:08:22,19.92,19.8
2023-01-16 03:52:31,EUR/JPY,2.9322033898305224,4.915254237288117,INVALIDÉE,-1.0,2023-01-16 11:38:26,138.27,138.86
2023-01-16 19:30:19,SILVER - EUR,2.000000000000059,4.666666666666785,INVALIDÉE,-1.0,2023-01-17 04:08:15,22.45,22.39
2023-01-16 19:30:21,SILVER - GBP,2.727272727272748,8.636363636363674,INVALIDÉE,-1.0,2023-01-17 04:08:17,19.91,19.8
2023-01-17 00:29:47,SILVER - CHF,2.8333333333334223,13.8333333333336,INVALIDÉE,-1.0,2023-01-17 09:07:43,22.5,22.44
2023-01-17 21:31:05,GBP/USD,2.6800000000001174,6.880000000000188,OBJECTIF ATTEINT,2.6800000000001174,2023-01-18 05:17:00,1.2288,1.2263
2023-01-18 21:30:12,SILVER - CAD,2.1250000000000666,6.000000000000133,INVALIDÉE,-1.0,2023-01-19 06:08:08,31.66,31.74
2023-01-19 09:58:27,EUR/USD,1.4999999999999778,6.899999999999836,INVALIDÉE,-1.0,2023-01-19 17:44:22,1.0824,1.0774
2023-01-19 23:30:50,EUR/GBP,2.5499999999999945,7.900000000000011,INVALIDÉE,-1.0,2023-01-20 07:16:45,0.8741,0.8761
2023-01-20 17:10:47,EUR/CHF,1.4545454545454894,4.872727272727326,INVALIDÉE,-1.0,2023-01-21 00:56:42,0.9991,0.9936
2023-01-24 05:30:18,NZD/USD,2.8888888888889026,6.0,INVALIDÉE,-1.0,2023-01-24 13:16:13,0.6505,0.6496
2023-01-24 06:30:13,USD/CAD,2.1999999999998225,4.86666666666639,INVALIDÉE,-1.0,2023-01-24 14:16:08,1.3354,1.3369
2023-01-24 18:36:14,NZD/USD,1.6923076923075742,3.846153846153616,INVALIDÉE,-1.0,2023-01-25 02:22:09,0.6509,0.6496
2023-01-25 18:03:48,GBP/USD,2.6929133858267864,6.480314960629959,INVALIDÉE,-1.0,2023-01-26 01:49:43,1.2385,1.2258
2023-01-26 21:30:23,DAX40 FULL0926,2.142011834319503,8.606114398421965,INVALIDÉE,-1.0,2023-01-27 05:16:18,15223.0,15172.3
2023-01-27 18:36:03,EUR/GBP,2.4210526315789567,4.105263157894725,INVALIDÉE,-1.0,2023-01-28 02:21:58,0.8768,0.8787
2023-01-30 12:59:35,NZD/USD,1.4000000000000346,7.600000000000088,INVALIDÉE,-1.0,2023-01-30 20:45:30,0.6496,0.6451
2023-01-30 22:30:56,GOLD - USD,1.5192532088681538,2.477246207701304,OBJECTIF ATTEINT,1.5192532088681538,2023-01-31 07:08:52,1922.46,1931.03
2023-01-30 23:30:15,GBP/CHF,2.6499999999999835,6.67499999999998,INVALIDÉE,-1.0,2023-01-31 07:16:10,1.1429,1.1389
2023-02-01 22:31:14,CHF/JPY,1.3793103448276436,4.724137931034628,INVALIDÉE,-1.0,2023-02-02 06:17:09,141.85,141.56
2023-02-02 08:33:49,GOLD - GBP,2.43809523809516,5.876190476190374,INVALIDÉE,-1.0,2023-02-02 17:11:45,1581.38,1577.18
2023-02-02 08:33:50,SILVER - GBP,1.838709677419364,2.032258064516146,INVALIDÉE,-1.0,2023-02-02 17:11:46,19.58,19.27
2023-02-02 11:32:51,GOLD - EUR,1.813504823151216,31.225080385853136,INVALIDÉE,-1.0,2023-02-02 20:10:47,1778.32,1775.21
2023-02-02 11:58:49,SILVER - GBP,1.9090909090909267,7.545454545454585,INVALIDÉE,-1.0,2023-02-02 20:36:45,19.79,19.57
2023-02-07 22:31:16,SILVER - CHF,1.4545454545454632,5.590909090909122,INVALIDÉE,-1.0,2023-02-08 07:09:12,20.43,20.65
2023-02-08 15:40:22,NASDAQ100 INDEX,2.940161660031377,8.075883701290923,INVALIDÉE,-1.0,2023-02-08 23:26:17,12641.59,12558.7
2023-02-16 07:31:04,AUD/JPY,1.571428571428557,5.035714285714253,INVALIDÉE,-1.0,2023-02-16 15:16:59,92.61,92.33
2023-02-17 04:31:27,GOLD - USD,1.4504672897196182,4.478504672897184,INVALIDÉE,-1.0,2023-02-17 13:09:23,1826.77,1837.47
2023-02-17 11:33:51,SILVER - EUR,2.1538461538461515,11.230769230769324,INVALIDÉE,-1.0,2023-02-17 20:11:47,19.95,20.08
2023-02-20 13:34:17,SILVER - GBP,1.6250000000000666,4.250000000000089,INVALIDÉE,-1.0,2023-02-20 22:12:13,18.13,18.05
2023-02-21 13:33:55,SILVER - CAD,2.0,3.874999999999981,OBJECTIF ATTEINT,2.0,2023-02-21 22:11:51,29.35,29.19
2023-02-21 15:39:26,AUD/JPY,1.5833333333332544,12.3333333333329,INVALIDÉE,-1.0,2023-02-21 23:25:21,92.86,92.74
2023-02-22 00:31:47,SILVER - CAD,1.6363636363636422,2.863636363636374,INVALIDÉE,-1.0,2023-02-22 09:09:43,29.61,29.39
2023-02-23 21:31:09,EUR/CHF,1.4999999999999445,2.900000000000011,OBJECTIF ATTEINT,1.4999999999999445,2023-02-24 05:17:04,0.9897,0.9887
2023-02-28 22:31:12,GOLD - NZD,1.846863468634618,12.83763837638358,INVALIDÉE,-1.0,2023-03-01 07:09:08,2954.03,2948.61
2023-03-07 06:31:15,GBP/USD,1.7142857142858163,3.64285714285725,INVALIDÉE,-1.0,2023-03-07 14:17:10,1.2041,1.2013
2023-03-09 03:31:45,GOLD - EUR,1.5296610169491496,3.675847457627078,INVALIDÉE,-1.0,2023-03-09 12:09:41,1719.25,1723.97
2023-03-09 21:31:29,NASDAQ100 - MINI NASDAQ100 FULL0926,2.4909090909091027,5.492561983471062,INVALIDÉE,-1.0,2023-03-10 05:17:24,11999.25,12029.5
2023-03-10 05:30:49,USD/CAD,1.4999999999998292,13.34615384615302,INVALIDÉE,-1.0,2023-03-10 13:16:44,1.3842,1.3816
2023-03-15 15:39:28,SILVER - NZD,2.0000000000000275,4.192307692307738,INVALIDÉE,-1.0,2023-03-16 00:17:24,35.55,35.29
2023-03-16 10:33:57,DAX40 FULL0926,2.288948069240996,3.3777629826897315,INVALIDÉE,-1.0,2023-03-16 18:19:52,14816.0,14891.1
2023-03-16 13:33:12,SILVER - NZD,1.925925925925889,3.999999999999947,INVALIDÉE,-1.0,2023-03-16 22:11:08,35.56,35.29
2023-03-16 16:39:10,GBP/CHF,2.692307692307574,6.692307692307232,OBJECTIF ATTEINT,2.692307692307574,2023-03-17 00:25:05,1.1246,1.1233
2023-03-20 08:33:44,SILVER - GBP,2.23076923076918,6.307692307692186,INVALIDÉE,-1.0,2023-03-20 17:11:40,18.6,18.47
2023-03-20 08:33:51,DAX40 PERF INDEX,2.161022532612983,4.7662406114112335,INVALIDÉE,-1.0,2023-03-20 16:19:46,14512.42,14664.2
2023-03-20 16:39:25,AUD/USD,1.5384615384614464,7.461538461537955,INVALIDÉE,-1.0,2023-03-21 00:25:20,0.6709,0.6696
2023-03-22 13:33:27,EUR/USD,1.7692307692307956,2.615384615384602,OBJECTIF ATTEINT,1.7692307692307956,2023-03-22 21:19:22,1.0788,1.0749
2023-03-22 17:36:21,EUR/GBP,2.4615384615385074,4.000000000000085,OBJECTIF ATTEINT,2.4615384615385074,2023-03-23 01:22:16,0.8812,0.8799
2023-03-23 00:30:53,GBP/USD,1.7083333333333603,5.66666666666679,OBJECTIF ATTEINT,1.7083333333333603,2023-03-23 08:16:48,1.2282,1.2258
2023-03-23 00:30:59,EUR/CHF,1.8333333333333148,3.4000000000000297,INVALIDÉE,-1.0,2023-03-23 08:16:54,0.9969,0.9939
2023-03-23 05:53:10,NASDAQ100 - MINI NASDAQ100 FULL0926,1.4269896193771676,6.074740484429061,OBJECTIF ATTEINT,1.4269896193771676,2023-03-23 13:39:05,12776.0,12631.5
2023-03-24 04:30:21,SILVER - NZD,1.9512195121951488,4.536585365853695,OBJECTIF ATTEINT,1.9512195121951488,2023-03-24 13:08:17,37.05,36.64
2023-03-29 13:34:01,S&P500 - MINI S&P500 FULL0926,1.684491978609642,2.51443850267382,OBJECTIF ATTEINT,1.684491978609642,2023-03-29 21:19:56,4042.25,4023.55
2023-03-29 16:36:19,SILVER - USD,1.3571428571428608,6.999999999999974,OBJECTIF ATTEINT,1.3571428571428608,2023-03-30 01:14:15,23.34,23.2
2023-03-31 13:33:01,GOLD - EUR,1.5909694555112963,4.122177954847287,INVALIDÉE,-1.0,2023-03-31 22:10:57,1821.19,1813.66
2023-03-31 14:40:10,USD/CHF,1.7666666666666555,3.733333333333326,INVALIDÉE,-1.0,2023-03-31 22:26:05,0.9126,0.9156
2023-04-02 23:31:15,USD/JPY,1.77272727272722,4.590909090909073,INVALIDÉE,-1.0,2023-04-03 07:17:10,133.21,132.99
2023-04-03 12:33:18,SILVER - USD,1.6923076923076503,7.153846153846011,INVALIDÉE,-1.0,2023-04-03 21:11:14,24.1,23.97
2023-04-06 09:32:57,SILVER - CHF,2.428571428571443,14.714285714285673,INVALIDÉE,-1.0,2023-04-06 18:10:53,22.59,22.52
2023-04-06 18:36:30,NASDAQ100 INDEX,1.856476442232954,4.625874669569321,INVALIDÉE,-1.0,2023-04-07 02:22:25,13072.22,12943.6
2023-04-10 06:31:16,GBP/USD,2.1111111111110974,3.944444444444328,INVALIDÉE,-1.0,2023-04-10 14:17:11,1.24,1.2418
2023-04-12 00:29:51,EUR/GBP,2.090909090909082,3.818181818181837,OBJECTIF ATTEINT,2.090909090909082,2023-04-12 08:15:46,0.8787,0.8776
2023-04-12 19:36:38,NASDAQ100 - MINI NASDAQ100 FULL0926,1.8728431372549084,3.196078431372549,INVALIDÉE,-1.0,2023-04-13 03:22:33,12957.5,13059.5
2023-04-18 03:30:53,DAX40 FULL0926,1.3592233009708898,8.640776699029228,OBJECTIF ATTEINT,1.3592233009708898,2023-04-18 11:16:48,15961.0,15899.2
2023-04-24 06:30:33,S&P500 - MINI S&P500 FULL0926,1.722408026755874,9.180602006689076,INVALIDÉE,-1.0,2023-04-24 14:16:28,4136.0,4150.95
2023-04-25 11:59:32,GBP/CHF,2.100000000000036,9.040000000000218,INVALIDÉE,-1.0,2023-04-25 19:45:27,1.1043,1.1093
2023-04-25 12:33:47,SILVER - EUR,2.8095238095237973,6.476190476190447,INVALIDÉE,-1.0,2023-04-25 21:11:43,22.36,22.57
2023-04-27 02:52:54,AUD/JPY,1.4476190476190611,5.171428571428592,INVALIDÉE,-1.0,2023-04-27 10:38:49,88.29,89.34
2023-04-27 05:30:41,GOLD - CAD,1.5835654596099484,4.334261838439921,INVALIDÉE,-1.0,2023-04-27 14:08:37,2725.01,2717.83
2023-04-27 05:30:43,SILVER - CAD,1.4374999999999474,9.999999999999734,INVALIDÉE,-1.0,2023-04-27 14:08:39,34.13,33.97
2023-04-27 05:30:57,EUR/USD,1.6666666666666976,2.333333333333395,INVALIDÉE,-1.0,2023-04-27 13:16:52,1.1056,1.1032
2023-04-27 08:33:21,SILVER - AUD,2.636363636363642,15.27272727272735,INVALIDÉE,-1.0,2023-04-27 17:11:17,37.85,37.74
2023-05-01 05:30:44,GOLD - NZD,1.8442164179104803,10.066231343283798,INVALIDÉE,-1.0,2023-05-01 14:08:40,3204.3,3215.02
2023-05-02 08:33:03,NZD/USD,1.857142857142721,9.428571428570883,OBJECTIF ATTEINT,1.857142857142721,2023-05-02 16:18:58,0.6195,0.6188
2023-05-04 11:59:24,GOLD - CHF,1.483279890059561,4.245075584058652,INVALIDÉE,-1.0,2023-05-04 20:37:20,1807.28,1785.45
2023-05-04 18:34:53,SILVER - NZD,1.749999999999975,4.1071428571428354,INVALIDÉE,-1.0,2023-05-05 03:12:49,41.34,41.06
2023-05-09 00:51:13,EUR/GBP,1.6000000000000394,3.0444444444444896,OBJECTIF ATTEINT,1.6000000000000394,2023-05-09 08:37:08,0.8716,0.8761
2023-05-10 21:30:29,SILVER - CAD,2.5714285714286778,5.428571428571593,OBJECTIF ATTEINT,2.5714285714286778,2023-05-11 06:08:25,33.95,34.16
2023-05-11 03:30:14,S&P500 - MINI S&P500 FULL0926,1.5723076923077035,2.769230769230769,INVALIDÉE,-1.0,2023-05-11 11:16:09,4161.25,4145.0
2023-05-11 08:33:48,GBP/USD,2.560000000000039,3.8000000000001055,OBJECTIF ATTEINT,2.560000000000039,2023-05-11 16:19:43,1.2576,1.2601
2023-05-15 18:35:23,NASDAQ100 INDEX,1.7348873449775997,1.8291020063632133,OBJECTIF ATTEINT,1.7348873449775997,2023-05-16 02:21:18,13400.01,13246.0
2023-05-16 20:30:13,USD/JPY,1.5074626865671787,3.029850746268715,OBJECTIF ATTEINT,1.5074626865671787,2023-05-17 04:16:08,136.38,135.71
2023-05-18 22:31:18,EUR/CHF,2.6428571428572503,3.714285714285816,INVALIDÉE,-1.0,2023-05-19 06:17:13,0.9749,0.9735
2023-05-19 12:33:16,GOLD - CHF,2.468646864686366,8.818481848184538,INVALIDÉE,-1.0,2023-05-19 21:11:12,1767.1,1773.16
2023-05-19 15:37:48,USD/CAD,1.4347826086957067,4.956521739130536,INVALIDÉE,-1.0,2023-05-19 23:23:43,1.3518,1.3495
2023-05-22 20:30:21,NZD/USD,1.6250000000000346,2.666666666666744,INVALIDÉE,-1.0,2023-05-23 04:16:16,0.6285,0.6261
2023-05-24 12:32:26,USD/CAD,1.3888888888888409,4.944444444444328,OBJECTIF ATTEINT,1.3888888888888409,2023-05-24 20:18:21,1.3543,1.3525
2023-05-24 15:38:23,SILVER - USD,1.4444444444444358,8.444444444444475,OBJECTIF ATTEINT,1.4444444444444358,2023-05-25 00:16:19,23.23,23.32
2023-05-24 20:50:33,EUR/JPY,1.6290322580644896,9.290322580645078,OBJECTIF ATTEINT,1.6290322580644896,2023-05-25 04:36:28,149.88,149.26
2023-05-31 11:32:20,SILVER - CHF,2.3333333333333464,3.3333333333333464,OBJECTIF ATTEINT,2.3333333333333464,2023-05-31 20:10:16,21.23,21.14
2023-06-01 17:34:56,SILVER - AUD,1.3846153846153553,7.923076923076776,INVALIDÉE,-1.0,2023-06-02 02:12:52,36.31,36.18
2023-06-02 03:29:34,SILVER - CHF,1.6470588235294363,4.82352941176476,INVALIDÉE,-1.0,2023-06-02 12:07:30,21.7,21.53
2023-06-06 22:29:51,NZD/USD,1.923076923077015,7.615384615384819,INVALIDÉE,-1.0,2023-06-07 06:15:46,0.608,0.6067
2023-06-07 07:32:36,SILVER - CAD,2.6111111111111285,11.277777777777802,INVALIDÉE,-1.0,2023-06-07 16:10:32,31.42,31.6
2023-06-07 10:32:28,USD/CAD,1.5416666666667092,4.541666666666802,OBJECTIF ATTEINT,1.5416666666667092,2023-06-07 18:18:23,1.3383,1.3407
2023-06-08 17:35:01,EUR/GBP,1.8181818181818368,8.636363636363773,OBJECTIF ATTEINT,1.8181818181818368,2023-06-09 01:20:56,0.8587,0.8598
2023-06-12 14:38:17,DAX40 PERF INDEX,2.59098687963486,3.448088990302283,OBJECTIF ATTEINT,2.59098687963486,2023-06-12 22:24:12,16090.12,16020.0
2023-06-15 12:33:15,EUR/USD,1.3658536585366,3.560975609756091,OBJECTIF ATTEINT,1.3658536585366,2023-06-15 20:19:10,1.0865,1.0824
2023-06-16 05:30:02,USD/JPY,2.4000000000000488,3.8000000000000975,OBJECTIF ATTEINT,2.4000000000000488,2023-06-16 13:15:57,140.66,140.31
2023-06-16 11:32:35,GBP/JPY,1.56603773584905,14.499999999999972,OBJECTIF ATTEINT,1.56603773584905,2023-06-16 19:18:30,180.46,179.4
2023-06-21 11:32:07,AUD/USD,1.7916666666667322,2.791666666666732,INVALIDÉE,-1.0,2023-06-21 19:18:02,0.676,0.6784
2023-06-26 22:30:02,NASDAQ100 - MINI NASDAQ100 FULL0926,2.5848171701113034,5.462639109697971,INVALIDÉE,-1.0,2023-06-27 06:15:57,14874.0,14999.8
2023-06-27 02:30:02,EUR/JPY,1.3815789473684523,5.171052631579018,OBJECTIF ATTEINT,1.3815789473684523,2023-06-27 10:15:57,156.63,155.87
2023-06-29 21:30:01,GBP/USD,1.487179487179531,2.474358974359048,INVALIDÉE,-1.0,2023-06-30 05:15:56,1.2611,1.2689
2023-06-30 00:29:51,GOLD - NZD,2.2561797752808674,4.888764044943744,INVALIDÉE,-1.0,2023-06-30 09:07:47,3146.94,3138.04
2023-07-05 16:35:38,GBP/JPY,1.9710144927536493,3.811594202898557,INVALIDÉE,-1.0,2023-07-06 00:21:33,183.79,183.1
2023-07-05 18:35:45,SILVER - USD,2.0666666666666287,7.999999999999882,INVALIDÉE,-1.0,2023-07-06 03:13:41,23.12,22.97
2023-07-05 19:35:18,SILVER - EUR,2.294117647058852,4.82352941176476,INVALIDÉE,-1.0,2023-07-06 04:13:14,21.34,21.17
2023-07-05 19:35:19,SILVER - GBP,2.1000000000000534,6.50000000000016,INVALIDÉE,-1.0,2023-07-06 04:13:15,18.24,18.14
2023-07-05 19:35:21,SILVER - CHF,2.083333333333316,9.666666666666588,INVALIDÉE,-1.0,2023-07-06 04:13:17,20.8,20.68
2023-07-05 19:35:23,SILVER - CAD,2.8571428571428523,9.80952380952378,INVALIDÉE,-1.0,2023-07-06 04:13:19,30.75,30.54
2023-07-06 04:30:04,GOLD - AUD,1.9760348583876728,16.775599128539774,INVALIDÉE,-1.0,2023-07-06 13:08:00,2888.36,2883.77
2023-07-10 09:58:52,USD/CHF,2.4074074074074274,4.518518518518548,OBJECTIF ATTEINT,2.4074074074074274,2023-07-10 17:44:47,0.8892,0.8946
2023-07-10 12:33:04,EUR/JPY,1.5384615384614655,5.512820512820245,OBJECTIF ATTEINT,1.5384615384614655,2023-07-10 20:18:59,155.98,156.37
2023-07-11 00:30:09,GBP/USD,2.0,6.7222222222221335,OBJECTIF ATTEINT,2.0,2023-07-11 08:16:04,1.2867,1.2849
2023-07-12 03:30:09,CHF/JPY,1.805555555555424,5.305555555555345,INVALIDÉE,-1.0,2023-07-12 11:16:04,158.89,159.25
2023-07-12 06:30:14,NZD/USD,2.235294117647174,3.647058823529565,INVALIDÉE,-1.0,2023-07-12 14:16:09,0.6223,0.6206
2023-07-12 18:35:53,GBP/USD,2.0000000000000417,2.471698113207633,OBJECTIF ATTEINT,2.0000000000000417,2023-07-13 02:21:48,1.2988,1.2935
2023-07-20 05:29:55,GBP/JPY,1.7777777777779649,3.037037037037322,OBJECTIF ATTEINT,1.7777777777779649,2023-07-20 13:15:50,180.3,180.57
2023-07-20 09:32:11,USD/CAD,1.7500000000000278,7.0499999999999945,INVALIDÉE,-1.0,2023-07-20 17:18:06,1.3127,1.3147
2023-07-25 08:32:44,AUD/JPY,2.136363636363707,4.272727272727349,INVALIDÉE,-1.0,2023-07-25 16:18:39,95.71,95.49
2023-07-28 15:38:07,GOLD - NZD,2.842662632375129,6.109682299546023,INVALIDÉE,-1.0,2023-07-29 00:16:03,3183.9,3170.68
2023-07-30 22:29:55,NASDAQ100 - MINI NASDAQ100 FULL0926,2.198547215496389,4.329297820823303,INVALIDÉE,-1.0,2023-07-31 06:15:50,15884.0,15842.7
2023-08-01 21:29:34,EUR/GBP,2.909090909090918,5.272727272727346,INVALIDÉE,-1.0,2023-08-02 05:15:29,0.8602,0.8591
2023-08-04 18:35:10,EUR/GBP,1.5882352941177391,5.823529411764978,INVALIDÉE,-1.0,2023-08-05 02:21:05,0.8634,0.8617
2023-08-07 10:32:26,SILVER - GBP,1.3999999999999857,10.79999999999983,OBJECTIF ATTEINT,1.3999999999999857,2023-08-07 19:10:22,18.39,18.44
2023-08-08 15:37:30,NASDAQ100 INDEX,1.700553741303465,3.4682663637655224,INVALIDÉE,-1.0,2023-08-08 23:23:25,15168.87,15239.3
2023-08-09 14:38:43,USD/CHF,1.357142857142908,3.0000000000001585,INVALIDÉE,-1.0,2023-08-09 22:24:38,0.8764,0.875
2023-08-10 00:30:02,USD/JPY,2.487804878048757,7.268292682926865,OBJECTIF ATTEINT,2.487804878048757,2023-08-10 08:15:57,143.77,143.36
2023-08-10 21:29:38,GBP/CHF,2.0,3.058823529411757,INVALIDÉE,-1.0,2023-08-11 05:15:33,1.1109,1.1126
2023-08-13 21:29:38,GBP/JPY,2.3137254901961333,4.862745098039282,INVALIDÉE,-1.0,2023-08-14 05:15:33,184.16,183.65
2023-08-16 08:32:31,SILVER - AUD,2.4999999999999805,4.0,INVALIDÉE,-1.0,2023-08-16 17:10:27,35.1,34.92
2023-08-17 08:32:55,GBP/USD,2.538461538461276,4.23076923076885,INVALIDÉE,-1.0,2023-08-17 16:18:50,1.2734,1.2721
2023-08-17 14:37:57,DAX40 PERF INDEX,1.8201295465869356,5.081714000996501,OBJECTIF ATTEINT,1.8201295465869356,2023-08-17 22:23:52,15710.35,15810.7
2023-08-21 00:29:38,SILVER - EUR,2.000000000000059,16.500000000000384,INVALIDÉE,-1.0,2023-08-21 09:07:34,20.97,20.91
2023-08-21 09:31:58,SILVER - EUR,1.571428571428557,13.999999999999948,OBJECTIF ATTEINT,1.571428571428557,2023-08-21 18:09:54,20.98,20.91
2023-08-21 10:57:59,EUR/JPY,2.307086614173215,8.275590551181029,INVALIDÉE,-1.0,2023-08-21 18:43:54,159.03,157.76
2023-08-21 21:29:49,GBP/USD,1.3999999999999555,3.0,INVALIDÉE,-1.0,2023-08-22 05:15:44,1.2759,1.2739
2023-08-23 03:24:27,AUD/USD,2.0,4.299999999999967,INVALIDÉE,-1.0,2023-08-23 11:10:22,0.6438,0.6428
2023-08-24 12:27:34,GBP/USD,2.928571428571746,8.214285714286666,OBJECTIF ATTEINT,2.928571428571746,2023-08-24 20:13:29,1.2656,1.267
2023-08-28 10:27:42,GBP/CHF,1.7777777777776818,8.833333333333231,INVALIDÉE,-1.0,2023-08-28 18:13:37,1.1111,1.1129
2023-09-04 06:25:24,GOLD - CHF,2.948830409356771,7.058479532163856,INVALIDÉE,-1.0,2023-09-04 15:03:20,1721.12,1714.28
2023-09-04 13:26:58,SILVER - EUR,1.6315789473684523,3.2631578947368864,OBJECTIF ATTEINT,1.6315789473684523,2023-09-04 22:04:54,22.21,22.4
2023-09-06 08:27:21,SILVER - EUR,2.083333333333316,6.583333333333272,OBJECTIF ATTEINT,2.083333333333316,2023-09-06 17:05:17,21.79,21.91
2023-09-06 18:30:59,USD/CAD,2.222222222222469,11.833333333334693,INVALIDÉE,-1.0,2023-09-07 02:16:54,1.3658,1.364
2023-09-06 20:25:34,GOLD - EUR,1.4457831325301689,3.034638554216939,INVALIDÉE,-1.0,2023-09-07 05:03:30,1787.14,1793.78
2023-09-07 08:27:46,NASDAQ100 - MINI NASDAQ100 FULL0926,2.589393939393934,4.480303030303041,INVALIDÉE,-1.0,2023-09-07 16:13:41,15295.5,15361.5
2023-09-11 16:31:15,GOLD - CAD,2.0958466453673217,16.488817891373266,OBJECTIF ATTEINT,2.0958466453673217,2023-09-12 01:09:11,2612.42,2615.55
2023-09-15 16:31:35,GBP/CHF,1.4285714285713609,6.642857142856882,OBJECTIF ATTEINT,1.4285714285713609,2023-09-16 00:17:30,1.111,1.1124
2023-09-18 23:24:46,SILVER - NZD,1.4000000000000852,3.700000000000256,INVALIDÉE,-1.0,2023-09-19 08:02:42,39.3,39.2
2023-09-19 11:26:43,SILVER - EUR,2.187500000000007,5.812499999999993,INVALIDÉE,-1.0,2023-09-19 20:04:39,21.81,21.65
2023-09-20 09:26:57,NZD/USD,1.777777777777915,3.2222222222223937,INVALIDÉE,-1.0,2023-09-20 17:12:52,0.5942,0.5924
2023-09-21 04:25:56,USD/CHF,1.6111111111110974,5.666666666666584,OBJECTIF ATTEINT,1.6111111111110974,2023-09-21 12:11:51,0.9002,0.8984
2023-09-21 07:26:46,SILVER - EUR,2.2857142857143944,4.71428571428596,INVALIDÉE,-1.0,2023-09-21 16:04:42,21.83,21.76
2023-09-21 22:25:57,SILVER - EUR,2.222222222222218,8.666666666666654,OBJECTIF ATTEINT,2.222222222222218,2023-09-22 07:03:53,21.96,21.87
2023-09-21 22:25:59,SILVER - CAD,1.8000000000000356,8.800000000000178,OBJECTIF ATTEINT,1.8000000000000356,2023-09-22 07:03:55,31.56,31.46
2023-09-21 23:24:50,SILVER - USD,1.4999999999999851,7.41666666666661,OBJECTIF ATTEINT,1.4999999999999851,2023-09-22 08:02:46,23.41,23.29
2023-09-22 06:40:19,AUD/JPY,2.333333333333365,5.05000000000005,INVALIDÉE,-1.0,2023-09-22 14:26:14,95.25,94.65
2023-09-25 13:26:59,NZD/USD,1.8571428571431745,3.5714285714290472,INVALIDÉE,-1.0,2023-09-25 21:12:54,0.5961,0.5954
2023-09-26 17:30:08,EUR/USD,2.0833333333331328,8.166666666665895,OBJECTIF ATTEINT,2.0833333333331328,2023-09-27 01:16:03,1.0573,1.0585
2023-10-02 07:26:42,NASDAQ100 - MINI NASDAQ100 FULL0926,2.1124068055821272,3.7382909577518864,INVALIDÉE,-1.0,2023-10-02 15:12:37,15001.5,14949.19
2023-10-02 22:26:09,NASDAQ100 - MINI NASDAQ100 FULL0926,2.4232548359966617,4.211522287636699,INVALIDÉE,-1.0,2023-10-03 06:12:04,14996.75,14949.19
2023-10-03 15:33:06,USD/CHF,2.8666666666666814,5.733333333333326,INVALIDÉE,-1.0,2023-10-03 23:19:01,0.9225,0.9195
2023-10-04 15:56:59,SILVER - GBP,2.388888888888891,7.0,INVALIDÉE,-1.0,2023-10-05 00:34:55,17.27,17.45
2023-10-06 20:25:25,AUD/USD,1.9166666666667669,3.750000000000116,INVALIDÉE,-1.0,2023-10-07 04:11:20,0.6386,0.6374
2023-10-11 00:25:33,NZD/USD,1.6428571428571457,4.74999999999995,INVALIDÉE,-1.0,2023-10-11 08:11:28,0.6051,0.6023
2023-10-12 00:25:25,EUR/JPY,2.066666666666654,4.383333333333368,INVALIDÉE,-1.0,2023-10-12 08:11:20,158.43,157.83
2023-10-12 03:24:26,SILVER - EUR,2.571428571428557,18.428571428571345,INVALIDÉE,-1.0,2023-10-12 12:02:22,20.82,20.75
2023-10-12 03:24:27,SILVER - CHF,1.3999999999999146,3.7999999999999,INVALIDÉE,-1.0,2023-10-12 12:02:23,19.92,19.87
2023-10-12 03:24:35,AUD/JPY,2.714285714285772,5.071428571428608,INVALIDÉE,-1.0,2023-10-12 11:10:30,95.71,95.57
2023-10-12 09:27:17,DAX40 FULL0926,1.8110749185667752,4.592833876221499,INVALIDÉE,-1.0,2023-10-12 17:13:12,15673.0,15596.25
2023-10-13 03:24:56,SILVER - GBP,2.000000000000059,4.500000000000089,OBJECTIF ATTEINT,2.000000000000059,2023-10-13 12:02:52,17.98,17.92
2023-10-18 08:27:01,GOLD - AUD,1.7757821552722624,2.903823870220119,OBJECTIF ATTEINT,1.7757821552722624,2023-10-18 17:04:57,3039.76,3022.5
2023-10-18 19:30:34,DAX40 FULL0926,1.4912280701754386,10.32157894736842,OBJECTIF ATTEINT,1.4912280701754386,2023-10-19 03:16:29,15152.0,15209.0
2023-10-19 09:44:55,DAX40 PERF INDEX,1.6660641118341677,7.574957821161679,INVALIDÉE,-1.0,2023-10-19 17:30:50,15046.14,15212.1
2023-10-23 16:50:34,DAX40 FULL0926,2.173374613003096,3.170804953560372,INVALIDÉE,-1.0,2023-10-24 00:36:29,14886.0,15209.0
2023-10-24 20:40:02,USD/CAD,2.381818181818136,5.399999999999912,INVALIDÉE,-1.0,2023-10-25 04:25:57,1.374,1.3685
2023-11-06 14:27:30,EUR/CHF,1.6315789473684057,7.2105263157894495,INVALIDÉE,-1.0,2023-11-06 22:13:25,0.9649,0.963
2023-11-08 16:56:21,CHF/JPY,1.3758865248226968,3.865248226950376,OBJECTIF ATTEINT,1.3758865248226968,2023-11-09 00:42:16,167.88,166.47
2023-11-10 21:25:40,EUR/CHF,1.4000000000000663,4.0,OBJECTIF ATTEINT,1.4000000000000663,2023-11-11 05:11:35,0.964,0.963
2023-11-13 04:26:09,USD/CAD,2.636363636363673,3.909090909090918,INVALIDÉE,-1.0,2023-11-13 12:12:04,1.3813,1.3791
2023-11-13 20:30:58,EUR/JPY,1.914893617021233,4.5106382978723,OBJECTIF ATTEINT,1.914893617021233,2023-11-14 04:16:53,162.27,161.8
2023-11-13 21:26:04,CHF/JPY,2.166666666666884,5.541666666667165,OBJECTIF ATTEINT,2.166666666666884,2023-11-14 05:11:59,168.23,167.99
2023-11-14 03:25:15,EUR/CHF,1.473684210526405,7.052631578947774,OBJECTIF ATTEINT,1.473684210526405,2023-11-14 11:11:10,0.9652,0.9633
2023-11-14 08:26:54,DAX40 PERF INDEX,1.973022615084372,6.822408449087307,OBJECTIF ATTEINT,1.973022615084372,2023-11-14 16:12:49,15357.16,15270.05
2023-11-15 18:50:57,USD/JPY,1.3589743589743437,2.735042735042688,INVALIDÉE,-1.0,2023-11-16 02:36:52,151.34,150.17
2023-11-17 20:30:54,AUD/USD,1.7500000000000868,4.875000000000217,OBJECTIF ATTEINT,1.7500000000000868,2023-11-18 04:16:49,0.6514,0.6498
2023-11-24 10:28:24,EUR/JPY,1.4800000000000182,2.6000000000000227,OBJECTIF ATTEINT,1.4800000000000182,2023-11-24 18:14:19,163.19,162.94
2023-11-27 11:27:18,AUD/JPY,1.9999999999998817,10.3333333333329,INVALIDÉE,-1.0,2023-11-27 19:13:13,98.4,98.28
2023-11-27 23:26:30,AUD/USD,2.111111111111036,5.9999999999998765,OBJECTIF ATTEINT,2.111111111111036,2023-11-28 07:12:25,0.6608,0.659
2023-11-28 17:31:19,EUR/JPY,2.142857142857008,4.666666666666441,OBJECTIF ATTEINT,2.142857142857008,2023-11-29 01:17:14,162.23,162.44
2023-11-28 21:25:47,NZD/USD,2.071428571428645,7.28571428571458,OBJECTIF ATTEINT,2.071428571428645,2023-11-29 05:11:42,0.6134,0.612
2023-12-01 09:28:32,NZD/USD,1.999999999999926,3.7999999999998817,INVALIDÉE,-1.0,2023-12-01 17:14:27,0.6178,0.6163
2023-12-03 21:24:23,USD/CHF,1.363636363636315,3.2121212121211165,INVALIDÉE,-1.0,2023-12-04 05:10:18,0.8684,0.8717
2023-12-06 08:28:06,DAX40 PERF INDEX,2.08534937983545,6.038683531867835,OBJECTIF ATTEINT,2.08534937983545,2023-12-06 16:14:01,16551.18,16469.75
2023-12-06 20:31:20,GBP/JPY,2.8600000000000136,3.2200000000000277,OBJECTIF ATTEINT,2.8600000000000136,2023-12-07 04:17:15,185.03,185.53
2023-12-10 22:23:53,EUR/GBP,1.583333333333372,2.66666666666679,INVALIDÉE,-1.0,2023-12-11 06:09:48,0.8582,0.857
2023-12-12 16:32:48,EUR/GBP,1.5000000000000555,3.6000000000000445,OBJECTIF ATTEINT,1.5000000000000555,2023-12-13 00:18:43,0.8599,0.8589
2023-12-14 08:27:23,EUR/GBP,1.9500000000000053,6.0499999999999945,INVALIDÉE,-1.0,2023-12-14 16:13:18,0.8629,0.8609
2023-12-19 05:26:10,AUD/USD,1.3823529411764983,1.7352941176470849,OBJECTIF ATTEINT,1.3823529411764983,2023-12-19 13:12:05,0.6725,0.6691
2023-12-20 14:47:59,NASDAQ100 INDEX,2.3290937996820027,7.679153418123911,INVALIDÉE,-1.0,2023-12-20 22:33:54,16774.58,16573.3
2023-12-20 16:33:49,EUR/USD,1.6521739130435118,4.4347826086957065,INVALIDÉE,-1.0,2023-12-21 00:19:44,1.0967,1.0944
2023-12-20 17:32:36,NASDAQ100 - MINI NASDAQ100 FULL0926,1.465107692307703,2.9052307692307604,INVALIDÉE,-1.0,2023-12-21 01:18:31,17047.5,16885.0
2023-12-20 18:30:33,USD/CAD,2.906250000000145,6.406250000000319,INVALIDÉE,-1.0,2023-12-21 02:16:28,1.3318,1.335
2023-12-20 18:31:04,EUR/JPY,1.4918032786885551,3.327868852459099,INVALIDÉE,-1.0,2023-12-21 02:16:59,157.66,157.05
2023-12-27 07:26:02,GBP/USD,2.153846153845957,4.307692307691913,INVALIDÉE,-1.0,2023-12-27 15:11:57,1.2734,1.2721
2024-01-02 18:29:52,AUD/USD,1.692307692307804,3.538461538461663,OBJECTIF ATTEINT,1.692307692307804,2024-01-03 02:15:47,0.677,0.6783
2024-01-02 22:24:50,GBP/JPY,1.358490566037794,2.830188679245353,INVALIDÉE,-1.0,2024-01-03 06:10:45,179.11,180.17
2024-01-04 17:30:45,GBP/CHF,1.8333333333331792,3.833333333332994,INVALIDÉE,-1.0,2024-01-05 01:16:40,1.08,1.0788
2024-01-07 23:25:42,USD/CAD,2.117647058823514,4.764705882352842,OBJECTIF ATTEINT,2.117647058823514,2024-01-08 07:11:37,1.3363,1.3346
2024-01-09 20:29:56,USD/CAD,2.4000000000000665,10.250000000000083,INVALIDÉE,-1.0,2024-01-10 04:15:51,1.3396,1.3376
2024-01-10 15:34:14,SILVER - CHF,2.428571428571443,4.571428571428557,INVALIDÉE,-1.0,2024-01-11 00:12:10,19.48,19.55
2024-01-12 07:26:10,GOLD - CAD,1.403539823008798,3.0823008849556963,OBJECTIF ATTEINT,1.403539823008798,2024-01-12 16:04:06,2723.59,2712.29
2024-01-16 14:27:20,SILVER - CHF,1.4999999999999407,3.666666666666509,INVALIDÉE,-1.0,2024-01-16 23:05:16,19.89,19.83
2024-01-22 03:25:47,SILVER - NZD,1.62499999999995,3.999999999999911,OBJECTIF ATTEINT,1.62499999999995,2024-01-22 12:03:43,36.83,36.99
2024-01-25 10:27:04,GBP/USD,2.5999999999999117,12.73333333333278,INVALIDÉE,-1.0,2024-01-25 18:12:59,1.2736,1.2721
2024-01-25 23:26:43,SILVER - CHF,2.999999999999911,5.999999999999867,INVALIDÉE,-1.0,2024-01-26 08:04:39,19.87,19.79
2024-01-30 12:26:49,GOLD - GBP,1.906873614190671,5.9733924611973634,OBJECTIF ATTEINT,1.906873614190671,2024-01-30 21:04:45,1606.46,1601.95
2024-01-31 00:25:51,SILVER - GBP,1.4166666666666692,5.166666666666632,INVALIDÉE,-1.0,2024-01-31 09:03:47,18.27,18.15
2024-01-31 00:25:52,SILVER - CHF,2.400000000000156,20.000000000001137,INVALIDÉE,-1.0,2024-01-31 09:03:48,19.99,19.94
2024-01-31 00:26:02,NZD/USD,1.500000000000222,3.300000000000444,INVALIDÉE,-1.0,2024-01-31 08:11:57,0.6134,0.6124
2024-01-31 12:27:28,GOLD - USD,2.270386266094414,8.766094420600734,OBJECTIF ATTEINT,2.270386266094414,2024-01-31 21:05:24,2038.7,2034.04
2024-02-01 04:25:36,GOLD - USD,1.3803921568627215,4.453594771241798,INVALIDÉE,-1.0,2024-02-01 13:03:32,2045.48,2037.83
2024-02-01 06:25:22,AUD/USD,2.846153846153945,5.0000000000001705,INVALIDÉE,-1.0,2024-02-01 14:11:17,0.6538,0.6551
2024-02-01 06:25:49,EUR/USD,1.8500000000000167,8.149999999999983,INVALIDÉE,-1.0,2024-02-01 14:11:44,1.0801,1.0821
2024-02-02 17:54:27,NASDAQ100 - MINI NASDAQ100 FULL0926,1.3572298669072853,4.088292352808447,OBJECTIF ATTEINT,1.3572298669072853,2024-02-03 01:40:22,17741.25,17519.6
2024-02-06 09:27:52,NASDAQ100 - MINI NASDAQ100 FULL0926,1.621845044411219,3.37111951455461,INVALIDÉE,-1.0,2024-02-06 17:13:47,17747.25,17633.54
2024-02-07 00:25:04,SILVER - NZD,2.1500000000000443,7.950000000000187,OBJECTIF ATTEINT,2.1500000000000443,2024-02-07 09:03:00,36.77,36.97
2024-02-07 08:26:55,DAX40 PERF INDEX,1.829796543426048,3.868300153139424,INVALIDÉE,-1.0,2024-02-07 16:12:50,17014.1,16968.39
2024-02-07 20:30:38,SILVER - CAD,2.8095238095238617,6.428571428571518,INVALIDÉE,-1.0,2024-02-08 05:08:34,29.92,30.13
2024-02-09 07:25:50,GOLD - NZD,1.3911060433295146,9.927023945267972,OBJECTIF ATTEINT,1.3911060433295146,2024-02-09 16:03:46,3317.58,3326.35
2024-02-12 00:25:07,SILVER - USD,2.1249999999999973,3.312499999999982,OBJECTIF ATTEINT,2.1249999999999973,2024-02-12 09:03:03,22.67,22.51
2024-02-12 03:25:46,SILVER - NZD,2.8421052631579617,4.421052631579018,OBJECTIF ATTEINT,2.8421052631579617,2024-02-12 12:03:42,36.98,36.79
2024-02-12 04:25:27,SILVER - CHF,1.4999999999999334,2.999999999999911,OBJECTIF ATTEINT,1.4999999999999334,2024-02-12 13:03:23,19.87,19.79
2024-02-13 03:25:39,SILVER - NZD,1.7272727272727155,4.181818181818211,INVALIDÉE,-1.0,2024-02-13 12:03:35,37.17,37.06
2024-02-21 03:27:02,GBP/USD,2.499999999999762,3.999999999999683,INVALIDÉE,-1.0,2024-02-21 11:12:57,1.2634,1.262
2024-02-21 14:27:39,EUR/JPY,2.7037037037039533,7.037037037037532,OBJECTIF ATTEINT,2.7037037037039533,2024-02-21 22:13:34,162.23,161.96
2024-02-21 21:25:34,GBP/USD,1.4230769230767657,2.2307692307690203,OBJECTIF ATTEINT,1.4230769230767657,2024-02-22 05:11:29,1.2632,1.2606
2024-02-22 17:31:40,SILVER - CHF,2.199999999999957,3.799999999999936,OBJECTIF ATTEINT,2.199999999999957,2024-02-23 02:09:36,20.11,20.21
2024-02-23 07:25:42,GOLD - GBP,1.776041666666688,2.950520833333377,INVALIDÉE,-1.0,2024-02-23 16:03:38,1595.27,1599.11
2024-02-23 07:25:43,GOLD - CHF,1.6766169154228765,3.174129353233824,INVALIDÉE,-1.0,2024-02-23 16:03:39,1779.31,1785.34
2024-02-23 08:27:50,USD/JPY,1.4444444444443392,5.666666666666509,INVALIDÉE,-1.0,2024-02-23 16:13:45,150.63,150.45
2024-02-23 12:27:30,AUD/JPY,2.59375000000005,19.062500000000437,INVALIDÉE,-1.0,2024-02-23 20:13:25,98.94,98.62
2024-02-26 10:47:53,CHF/JPY,1.4942528735632237,3.954022988505724,INVALIDÉE,-1.0,2024-02-26 18:33:48,171.29,170.42
2024-02-28 23:26:44,GOLD - GBP,1.7692307692308251,5.5683760683763,OBJECTIF ATTEINT,1.7692307692308251,2024-02-29 08:04:40,1607.34,1602.66
2024-02-29 12:27:13,SILVER - CHF,1.4545454545454632,4.545454545454569,INVALIDÉE,-1.0,2024-02-29 21:05:09,19.66,19.77
2024-03-01 06:24:59,SILVER - AUD,1.6000000000000285,2.333333333333365,INVALIDÉE,-1.0,2024-03-01 15:02:55,34.97,34.82
2024-03-01 14:27:12,SILVER - AUD,1.6000000000000285,2.333333333333365,OBJECTIF ATTEINT,1.6000000000000285,2024-03-01 23:05:08,34.97,34.82
2024-03-05 21:26:26,EUR/USD,1.6315789473683473,6.947368421052521,OBJECTIF ATTEINT,1.6315789473683473,2024-03-06 05:12:21,1.0857,1.0838
2024-03-06 00:26:07,USD/CAD,2.93548387096789,6.8387096774196525,INVALIDÉE,-1.0,2024-03-06 08:12:02,1.3597,1.3566
2024-03-11 19:31:52,SILVER - CHF,1.437500000000001,4.249999999999995,INVALIDÉE,-1.0,2024-03-12 04:09:48,21.5,21.34
2024-03-11 20:25:17,SILVER - NZD,2.999999999999911,10.499999999999757,INVALIDÉE,-1.0,2024-03-12 05:03:13,39.67,39.51
2024-03-12 05:25:49,SILVER - GBP,2.142857142857165,6.428571428571392,INVALIDÉE,-1.0,2024-03-12 14:03:45,19.11,19.04
2024-03-14 00:26:59,USD/CHF,2.166666666666646,4.888888888888779,OBJECTIF ATTEINT,2.166666666666646,2024-03-14 08:12:54,0.8787,0.8769
2024-03-14 22:25:16,NZD/USD,1.900000000000011,5.700000000000033,OBJECTIF ATTEINT,1.900000000000011,2024-03-15 06:11:11,0.6125,0.6135
2024-03-18 14:33:04,SILVER - CHF,2.222222222222218,8.88888888888891,INVALIDÉE,-1.0,2024-03-18 23:11:00,22.27,22.18
2024-03-18 14:33:05,SILVER - CAD,1.666666666666693,6.444444444444475,INVALIDÉE,-1.0,2024-03-18 23:11:01,34.08,33.9
2024-03-19 12:27:41,GBP/JPY,1.666666666666636,3.9569892473118062,OBJECTIF ATTEINT,1.666666666666636,2024-03-19 20:13:36,191.09,190.16
2024-03-20 08:27:36,NZD/USD,2.285714285714161,4.714285714285443,INVALIDÉE,-1.0,2024-03-20 16:13:31,0.604,0.6054
2024-03-20 19:32:59,EUR/CHF,2.545454545454591,12.181818181818263,OBJECTIF ATTEINT,2.545454545454591,2024-03-21 03:18:54,0.9676,0.9665
2024-03-21 14:59:14,USD/JPY,1.8854961832061028,4.22137404580152,OBJECTIF ATTEINT,1.8854961832061028,2024-03-21 22:45:09,151.48,150.17
2024-03-25 21:26:56,DAX40 FULL0926,1.5689655172413792,3.9827586206896552,OBJECTIF ATTEINT,1.5689655172413792,2024-03-26 05:12:51,18542.0,18484.0
2024-03-26 21:25:48,SILVER - CHF,3.0,4.222222222222218,INVALIDÉE,-1.0,2024-03-27 06:03:44,22.09,22.18
2024-03-27 05:27:29,EUR/GBP,1.3846153846154372,3.3076923076924523,INVALIDÉE,-1.0,2024-03-27 13:13:24,0.8583,0.857
2024-03-28 00:26:01,NZD/USD,1.749999999999896,8.999999999999723,OBJECTIF ATTEINT,1.749999999999896,2024-03-28 08:11:56,0.5988,0.5996
2024-03-28 08:27:48,GOLD - GBP,1.6234335839599243,3.4310776942356296,OBJECTIF ATTEINT,1.6234335839599243,2024-03-28 17:05:44,1740.84,1724.88
2024-03-28 16:33:21,GOLD - CAD,1.7820136852394903,3.930107526881729,OBJECTIF ATTEINT,1.7820136852394903,2024-03-29 01:11:17,3004.68,2984.22
2024-03-29 04:26:24,EUR/GBP,2.8888888888889026,8.555555555555488,INVALIDÉE,-1.0,2024-03-29 12:12:19,0.8536,0.8545
2024-04-09 17:30:56,DAX40 FULL0926,1.971830985915493,8.915492957746478,INVALIDÉE,-1.0,2024-04-10 01:16:51,18338.0,18409.0
2024-04-09 23:25:29,NZD/USD,2.2777777777777435,5.7222222222221335,INVALIDÉE,-1.0,2024-04-10 07:11:24,0.6065,0.6047
2024-04-11 03:25:08,GOLD - NZD,1.957243669572429,5.700705687007019,INVALIDÉE,-1.0,2024-04-11 12:03:04,3919.15,3895.06
2024-04-11 10:28:29,SILVER - GBP,2.9090909090909265,20.090909090909204,OBJECTIF ATTEINT,2.9090909090909265,2024-04-11 19:06:25,22.34,22.23
2024-04-12 07:27:49,NZD/USD,1.3571428571428006,5.642857142856882,OBJECTIF ATTEINT,1.3571428571428006,2024-04-12 15:13:44,0.5971,0.5985
2024-04-12 13:49:20,GBP/USD,2.013333333333302,5.626666666666622,INVALIDÉE,-1.0,2024-04-12 21:35:15,1.2466,1.2541
2024-04-16 00:26:36,SILVER - CHF,1.75,2.027777777777782,INVALIDÉE,-1.0,2024-04-16 09:04:32,26.36,26.0
2024-04-17 09:27:29,CHF/JPY,1.970588235294061,4.970588235294061,INVALIDÉE,-1.0,2024-04-17 17:13:24,169.75,169.41
2024-04-22 08:27:46,SILVER - CHF,2.0000000000000138,2.653846153846179,OBJECTIF ATTEINT,2.0000000000000138,2024-04-22 17:05:42,25.3,25.56
2024-04-24 02:26:07,NZD/USD,2.666666666666646,3.4999999999999383,INVALIDÉE,-1.0,2024-04-24 10:12:02,0.5947,0.5929
2024-04-24 11:27:33,SILVER - AUD,2.291666666666636,5.666666666666617,INVALIDÉE,-1.0,2024-04-24 20:05:29,41.72,41.96
2024-04-24 18:31:56,USD/CHF,1.6153846153846485,5.9230769230771,INVALIDÉE,-1.0,2024-04-25 02:17:51,0.9144,0.9131
2024-04-24 19:36:39,EUR/USD,1.714285714285601,11.285714285713764,OBJECTIF ATTEINT,1.714285714285601,2024-04-25 03:22:34,1.0704,1.069
2024-04-24 20:26:10,AUD/JPY,1.499999999999973,6.230769230769126,OBJECTIF ATTEINT,1.499999999999973,2024-04-25 04:12:05,100.86,100.6
2024-04-25 03:24:55,AUD/USD,3.0,5.499999999999945,OBJECTIF ATTEINT,3.0,2024-04-25 11:10:50,0.65,0.649
2024-04-25 20:26:54,EUR/USD,2.7142857142857446,6.333333333333404,INVALIDÉE,-1.0,2024-04-26 04:12:49,1.0729,1.0708
2024-04-26 08:27:56,NZD/USD,2.9999999999997224,8.333333333332716,INVALIDÉE,-1.0,2024-04-26 16:13:51,0.5964,0.5952
2024-04-29 11:28:21,NZD/USD,1.499999999999979,3.3076923076922684,INVALIDÉE,-1.0,2024-04-29 19:14:16,0.5978,0.5952
2024-05-03 08:29:07,EUR/USD,1.5714285714284808,8.499999999999604,OBJECTIF ATTEINT,1.5714285714284808,2024-05-03 16:15:02,1.0743,1.0729
2024-05-03 13:27:37,SILVER - NZD,1.6779661016949292,4.288135593220368,INVALIDÉE,-1.0,2024-05-03 22:05:33,43.96,44.55
2024-05-09 07:27:30,GOLD - GBP,1.414043583535122,6.445520581113878,OBJECTIF ATTEINT,1.414043583535122,2024-05-09 16:05:26,1852.34,1839.95
2024-05-09 07:27:32,GOLD - AUD,1.6019512195122023,4.618536585365868,OBJECTIF ATTEINT,1.6019512195122023,2024-05-09 16:05:28,3518.19,3507.94
2024-05-09 10:28:42,SILVER - EUR,2.3000000000000123,7.200000000000032,OBJECTIF ATTEINT,2.3000000000000123,2024-05-09 19:06:38,25.75,25.55
2024-05-09 10:28:43,SILVER - CHF,2.210526315789449,6.315789473684164,OBJECTIF ATTEINT,2.210526315789449,2024-05-09 19:06:39,25.14,24.95
2024-05-09 10:29:06,SILVER - USD,1.5862068965517315,3.06896551724139,OBJECTIF ATTEINT,1.5862068965517315,2024-05-09 19:07:02,27.64,27.35
2024-05-09 17:33:02,GOLD - AUD,1.744995233555772,2.563870352716869,OBJECTIF ATTEINT,1.744995233555772,2024-05-10 02:10:58,3528.92,3507.94
2024-05-10 02:27:16,EUR/GBP,1.8888888888889024,5.44444444444439,INVALIDÉE,-1.0,2024-05-10 10:13:11,0.861,0.8601
2024-05-10 03:41:53,SILVER - USD,1.8311688311688323,4.753246753246761,OBJECTIF ATTEINT,1.8311688311688323,2024-05-10 12:19:49,28.36,27.59
2024-05-10 09:47:26,SILVER - GBP,1.6190476190476115,14.14285714285708,INVALIDÉE,-1.0,2024-05-10 18:25:22,22.87,22.66
2024-05-13 10:28:33,GBP/JPY,1.390243902439089,3.926829268292749,OBJECTIF ATTEINT,1.390243902439089,2024-05-13 18:14:28,195.26,194.85
2024-05-14 04:43:01,SILVER - CHF,1.5999999999999976,4.099999999999992,OBJECTIF ATTEINT,1.5999999999999976,2024-05-14 13:20:57,25.86,25.56
2024-05-15 14:34:35,NZD/USD,1.8000000000000889,5.93333333333356,OBJECTIF ATTEINT,1.8000000000000889,2024-05-15 22:20:30,0.6079,0.6064
2024-05-15 14:34:50,SILVER - USD,2.5454545454545365,8.181818181818212,OBJECTIF ATTEINT,2.5454545454545365,2024-05-15 23:12:46,28.87,28.76
2024-05-16 12:28:00,GBP/CHF,1.4999999999999307,2.3124999999999565,OBJECTIF ATTEINT,1.4999999999999307,2024-05-16 20:13:55,1.1434,1.1418
2024-05-16 12:28:15,EUR/CHF,1.8181818181818368,9.272727272727346,OBJECTIF ATTEINT,1.8181818181818368,2024-05-16 20:14:10,0.9815,0.9804
2024-05-16 13:48:42,GBP/JPY,1.414634146341471,11.9512195121952,OBJECTIF ATTEINT,1.414634146341471,2024-05-16 21:34:37,196.65,195.83
2024-05-17 11:27:21,SILVER - GBP,2.0000000000000253,5.92857142857148,OBJECTIF ATTEINT,2.0000000000000253,2024-05-17 20:05:17,23.49,23.21
2024-05-27 08:28:39,NZD/USD,2.2499999999998264,7.749999999999757,OBJECTIF ATTEINT,2.2499999999998264,2024-05-27 16:14:34,0.6135,0.6127
2024-05-27 13:47:02,SILVER - CHF,1.7631578947368418,7.526315789473703,INVALIDÉE,-1.0,2024-05-27 22:24:58,28.66,28.28
2024-05-27 13:47:05,SILVER - NZD,1.5024630541871986,3.433497536945826,INVALIDÉE,-1.0,2024-05-27 22:25:01,50.98,48.95
2024-05-27 13:47:29,SILVER - USD,1.624999999999997,7.149999999999952,INVALIDÉE,-1.0,2024-05-27 22:25:25,31.37,30.97
2024-05-28 07:28:06,EUR/USD,1.5000000000002776,9.62500000000111,INVALIDÉE,-1.0,2024-05-28 15:14:01,1.0876,1.0868
2024-05-31 16:32:19,SILVER - USD,1.7619047619047594,3.047619047619038,OBJECTIF ATTEINT,1.7619047619047594,2024-06-01 01:10:15,30.41,30.62
2024-05-31 18:32:03,SILVER - CHF,3.000000000000071,18.30000000000041,OBJECTIF ATTEINT,3.000000000000071,2024-06-01 03:09:59,27.39,27.49
2024-06-03 19:31:31,CHF/JPY,1.888888888888936,3.7777777777778185,INVALIDÉE,-1.0,2024-06-04 03:17:26,174.34,173.8
2024-06-04 09:27:03,DAX40 PERF INDEX,2.286354470087312,3.2949809545148314,INVALIDÉE,-1.0,2024-06-04 17:12:58,18403.23,18492.49
2024-06-05 21:25:35,NZD/USD,2.000000000000101,6.181818181818264,INVALIDÉE,-1.0,2024-06-06 05:11:30,0.6193,0.6182
2024-06-06 19:31:20,GBP/USD,2.0769230769234186,3.384615384615897,INVALIDÉE,-1.0,2024-06-07 03:17:15,1.2791,1.2778
2024-06-07 18:32:58,USD/JPY,2.0624999999999445,6.562500000000034,OBJECTIF ATTEINT,2.0624999999999445,2024-06-08 02:18:53,156.68,156.52
2024-06-13 10:29:26,GBP/CHF,2.5833333333332256,3.916666666666312,INVALIDÉE,-1.0,2024-06-13 18:15:21,1.1452,1.144
2024-06-17 08:29:26,S&P500 - MINI S&P500 FULL0926,2.090270270270274,4.558378378378374,OBJECTIF ATTEINT,2.090270270270274,2024-06-17 16:15:21,5509.0,5490.5
2024-06-17 23:25:51,SILVER - EUR,1.647058823529381,2.8823529411764324,INVALIDÉE,-1.0,2024-06-18 08:03:47,27.46,27.29
2024-06-20 00:25:48,SILVER - GBP,1.523809523809502,4.142857142857114,OBJECTIF ATTEINT,1.523809523809502,2024-06-20 09:03:44,23.42,23.21
2024-06-20 11:28:05,GOLD - EUR,2.328235294117643,7.341176470588246,OBJECTIF ATTEINT,2.328235294117643,2024-06-20 20:06:01,2181.0,2172.5
2024-06-26 05:26:06,USD/JPY,1.550000000000026,3.0500000000000496,OBJECTIF ATTEINT,1.550000000000026,2024-06-26 13:12:01,159.79,159.19
2024-06-28 20:26:57,EUR/JPY,2.8888888888888364,13.722222222221696,OBJECTIF ATTEINT,2.8888888888888364,2024-06-29 04:12:52,172.35,172.17
2024-06-28 21:26:18,EUR/CHF,1.4285714285714513,1.7428571428571673,OBJECTIF ATTEINT,1.4285714285714513,2024-06-29 05:12:13,0.963,0.9595
2024-06-30 21:24:19,EUR/GBP,1.6363636363634069,6.363636363635685,INVALIDÉE,-1.0,2024-07-01 05:10:14,0.8493,0.8482
2024-07-01 07:27:52,DAX40 PERF INDEX,1.4599463395937116,4.55193560751244,INVALIDÉE,-1.0,2024-07-01 15:13:47,18414.18,18362.0
2024-07-01 12:29:04,DAX40 PERF INDEX,1.410691003911301,2.813037809647903,INVALIDÉE,-1.0,2024-07-01 20:14:59,18328.06,18213.01
2024-07-01 20:26:25,EUR/GBP,1.900000000000011,7.099999999999989,INVALIDÉE,-1.0,2024-07-02 04:12:20,0.8492,0.8482
2024-07-02 22:26:36,GBP/USD,1.6111111111111591,8.111111111111098,OBJECTIF ATTEINT,1.6111111111111591,2024-07-03 06:12:31,1.2689,1.2671
2024-07-02 23:25:34,SILVER - EUR,1.777777777777782,4.1111111111111285,OBJECTIF ATTEINT,1.777777777777782,2024-07-03 08:03:30,27.52,27.43
2024-07-02 23:25:41,SILVER - AUD,1.5384615384614757,5.615384615384481,OBJECTIF ATTEINT,1.5384615384614757,2024-07-03 08:03:37,44.35,44.22
2024-07-03 15:35:05,GOLD - AUD,2.179358717434866,4.156312625250496,INVALIDÉE,-1.0,2024-07-04 00:13:01,3518.58,3508.6
2024-07-04 02:44:59,GBP/USD,1.4285714285714537,6.079365079365107,OBJECTIF ATTEINT,1.4285714285714537,2024-07-04 10:30:54,1.2745,1.2682
2024-07-05 10:29:15,GOLD - USD,2.0332850940666063,4.474674384949454,OBJECTIF ATTEINT,2.0332850940666063,2024-07-05 19:07:11,2364.37,2350.55
2024-07-05 21:26:04,GOLD - AUD,2.588036117381434,5.259029345372388,INVALIDÉE,-1.0,2024-07-06 06:04:00,3543.82,3526.1
2024-07-07 23:42:19,NZD/USD,1.394736842105316,3.078947368421133,INVALIDÉE,-1.0,2024-07-08 07:28:14,0.6144,0.6106
2024-07-08 03:25:48,NZD/USD,2.2380952380952657,5.285714285714309,INVALIDÉE,-1.0,2024-07-08 11:11:43,0.615,0.6129
2024-07-08 10:28:39,DAX40 FULL0926,1.3703703703703705,5.641975308641976,INVALIDÉE,-1.0,2024-07-08 18:14:34,18712.0,18631.0
2024-07-12 18:32:22,GOLD - AUD,1.4548685145700553,5.546552949538168,OBJECTIF ATTEINT,1.4548685145700553,2024-07-13 03:10:18,3558.97,3544.9
2024-07-15 06:26:16,USD/CAD,1.4736842105265495,4.052631578947836,OBJECTIF ATTEINT,1.4736842105265495,2024-07-15 14:12:11,1.3659,1.364
2024-07-16 02:43:51,SILVER - NZD,2.819672131147553,6.311475409836074,INVALIDÉE,-1.0,2024-07-16 11:21:47,50.87,50.26
2024-07-16 15:03:52,SILVER - USD,2.0952380952381104,6.5238095238095575,INVALIDÉE,-1.0,2024-07-16 23:41:48,31.18,30.76
2024-07-17 09:28:30,USD/CHF,2.2000000000000712,2.760000000000065,OBJECTIF ATTEINT,2.2000000000000712,2024-07-17 17:14:25,0.889,0.8915
2024-07-17 18:33:03,AUD/USD,1.3999999999999555,2.799999999999911,INVALIDÉE,-1.0,2024-07-18 02:18:58,0.6728,0.6738
2024-07-23 06:26:45,SILVER - CHF,2.0384615384615308,6.038461538461504,INVALIDÉE,-1.0,2024-07-23 15:04:41,25.61,25.87
2024-07-23 06:26:49,SILVER - CAD,1.4807692307692482,3.9230769230769513,INVALIDÉE,-1.0,2024-07-23 15:04:45,39.64,40.16
2024-07-31 18:32:49,DAX40 FULL0926,1.6174534511943357,2.6894865525673253,INVALIDÉE,-1.0,2024-08-01 07:00:00,18631.0,18577.83
2024-08-01 16:56:57,USD/CAD,2.825000000000001,5.650000000000002,INVALIDÉE,-1.0,2024-08-07 11:00:00,1.3856,1.3736
2024-08-02 02:41:16,GOLD - USD,2.4725536992840342,5.1662688941925525,INVALIDÉE,-1.0,2024-08-02 11:19:12,2451.35,2426.21
2024-08-05 00:25:42,USD/JPY,1.6249999999998337,5.374999999999634,OBJECTIF ATTEINT,9.659371948241505,2024-08-05 01:00:00,145.29,145.61
2024-08-05 07:27:20,DAX40 PERF INDEX,1.8925167202063995,4.601032176523169,INVALIDÉE,-1.0,2024-08-05 14:00:00,17145.44,17335.33
2024-08-06 12:28:06,GBP/CHF,2.0,4.652173913043512,INVALIDÉE,-1.0,2024-08-06 14:00:00,1.0824,1.0847
2024-08-08 21:24:59,AUD/JPY,2.411764705882309,7.05882352941171,INVALIDÉE,-1.0,2024-08-09 00:00:00,97.08,96.91
2024-08-08 21:25:12,USD/JPY,2.6122448979591377,5.979591836734539,INVALIDÉE,-1.0,2024-08-09 05:00:00,147.24,146.75
2024-08-09 05:25:08,NZD/USD,2.0555555555555487,6.055555555555487,INVALIDÉE,-1.0,2024-08-09 12:00:00,0.6028,0.601
2024-08-09 14:35:03,GOLD - GBP,2.1674876847291005,3.9704433497537583,INVALIDÉE,-1.0,2024-08-09 23:12:59,1908.02,1901.93
2024-08-12 15:02:14,GOLD - USD,2.1527627302275194,4.598410978692657,OBJECTIF ATTEINT,2.1527627302275194,2024-08-12 23:40:10,2453.9,2426.21
2024-08-12 16:32:36,SILVER - AUD,1.8846153846154068,3.1923076923077103,INVALIDÉE,-1.0,2024-08-13 01:10:32,42.39,42.13
2024-08-12 16:32:40,SILVER - CAD,2.8799999999999955,5.079999999999984,INVALIDÉE,-1.0,2024-08-13 01:10:36,38.38,38.13
2024-08-12 16:32:57,SILVER - USD,2.2999999999999714,6.499999999999893,INVALIDÉE,-1.0,2024-08-13 01:10:53,27.94,27.84
2024-08-12 19:31:55,SILVER - EUR,2.4000000000000106,4.850000000000029,INVALIDÉE,-1.0,2024-08-13 04:09:51,25.63,25.43
2024-08-12 19:32:01,SILVER - NZD,1.7317073170731871,4.24390243902443,INVALIDÉE,-1.0,2024-08-13 04:09:57,46.55,46.14
2024-08-12 20:43:55,GOLD - EUR,2.511484593837544,5.114845938375386,INVALIDÉE,-1.0,2024-08-13 05:21:51,2261.25,2243.4
2024-08-14 09:27:57,AUD/JPY,2.952380952381062,7.333333333333582,INVALIDÉE,-1.0,2024-08-14 10:00:00,97.66,97.45
2024-08-15 20:26:12,CHF/JPY,2.181818181818276,5.636363636363707,INVALIDÉE,-1.0,2024-08-16 11:00:00,170.95,170.73
2024-08-16 05:25:03,AUD/USD,1.3928571428571357,2.392857142857136,OBJECTIF ATTEINT,2.2809036391121884,2024-08-16 18:00:00,0.6633,0.6605
2024-08-16 08:50:19,GBP/USD,1.9500000000000053,3.9500000000000055,OBJECTIF ATTEINT,3.805929025014269,2024-08-20 08:00:00,1.2891,1.2831
2024-08-21 04:43:53,GOLD - EUR,2.410228509249155,4.938520130576683,OBJECTIF ATTEINT,5.091328122143591,2024-08-29 15:00:00,2261.78,2243.4
2024-08-21 22:32:03,NZD/USD,2.571428571428685,7.14285714285737,INVALIDÉE,-1.0,2024-08-22 02:00:00,0.6161,0.6147
2024-08-22 07:27:23,USD/CAD,1.9629629629628045,4.5925925925923305,INVALIDÉE,-1.0,2024-08-22 13:00:00,1.3578,1.3605
2024-08-30 15:34:19,SILVER - AUD,2.136363636363642,6.909090909090927,OBJECTIF ATTEINT,2.136363636363642,2024-09-03 13:00:00,42.69,42.91
2024-08-30 15:34:38,GBP/JPY,1.7500000000002072,5.875000000000459,OBJECTIF ATTEINT,5.895827229818216,2024-08-30 19:00:00,191.51,191.27
2024-09-02 18:24:59,GBP/CHF,1.666666666666568,10.133333333333017,INVALIDÉE,-1.0,2024-09-02 21:00:00,1.1193,1.1178
2024-09-03 02:24:59,GOLD - USD,1.6831364124597383,2.5123523093448403,OBJECTIF ATTEINT,1.6831364124597383,2024-09-03 11:02:55,2494.28,2503.59
2024-09-06 09:27:04,EUR/GBP,1.8181818181818368,2.636363636363673,INVALIDÉE,-1.0,2024-09-06 12:00:00,0.8439,0.8428
2024-09-06 13:27:40,SILVER - CHF,2.1666666666666323,6.749999999999933,INVALIDÉE,-1.0,2024-09-06 14:00:00,24.35,24.23
2024-09-09 05:25:16,GOLD - NZD,1.5114754098360923,7.311475409836159,OBJECTIF ATTEINT,7.904584945200767,2024-09-09 06:00:00,4050.62,4038.42
2024-09-09 14:37:18,EUR/JPY,2.6666666666666825,4.483333333333372,INVALIDÉE,-1.0,2024-09-09 23:00:00,157.5,158.1
2024-09-09 16:32:58,CHF/JPY,2.3799999999999955,3.3600000000000136,INVALIDÉE,-1.0,2024-09-10 06:00:00,168.53,169.03
2024-09-10 10:50:15,GOLD - AUD,1.43449843705598,4.547030406365444,OBJECTIF ATTEINT,4.8083474558214165,2024-09-10 12:00:00,3759.87,3724.68
2024-09-11 16:32:58,SILVER - GBP,1.5833333333333777,4.000000000000089,OBJECTIF ATTEINT,5.031579518600467,2024-09-11 17:00:00,21.97,21.85
2024-09-11 16:33:01,SILVER - CHF,1.388888888888891,4.222222222222237,OBJECTIF ATTEINT,4.663809919357306,2024-09-11 17:00:00,24.36,24.18
2024-09-12 06:26:21,SILVER - AUD,2.500000000000127,11.21428571428624,OBJECTIF ATTEINT,11.83699116187284,2024-09-12 07:00:00,42.98,42.84
2024-09-13 10:49:44,GOLD - GBP,1.7063887630267418,3.870865428183068,OBJECTIF ATTEINT,3.771081197015389,2024-09-23 02:00:00,1954.27,1932.2
2024-09-16 13:50:32,GOLD - NZD,1.7561601642710474,3.887577002053385,OBJECTIF ATTEINT,3.9923511557765496,2024-09-20 15:00:00,4178.78,4139.82
2024-09-16 19:31:52,AUD/USD,1.6153846153846485,3.7692307692308735,OBJECTIF ATTEINT,5.712533422617013,2024-09-17 07:00:00,0.6746,0.6733
2024-09-16 20:26:04,DAX40 FULL0926,1.872340425531915,5.840425531914893,OBJECTIF ATTEINT,5.873395944148951,2024-09-19 07:00:00,18724.0,18677.0
2024-09-18 06:39:30,AUD/USD,1.411764705882378,5.514705882353021,OBJECTIF ATTEINT,5.385117065205362,2024-09-24 04:00:00,0.6768,0.67
2024-09-18 09:28:05,GBP/JPY,1.6865671641791715,3.462686567164276,OBJECTIF ATTEINT,3.8186470601096802,2024-09-18 23:00:00,187.2,186.53
2024-09-19 02:25:27,GBP/CHF,1.9411764705881125,8.470588235293926,OBJECTIF ATTEINT,8.338204843857413,2024-09-19 09:00:00,1.1201,1.1184
2024-09-19 04:24:18,AUD/USD,1.4761904761904006,3.523809523809335,OBJECTIF ATTEINT,3.5256576810562064,2024-09-19 06:00:00,0.679,0.6769
2024-09-19 04:24:42,CHF/JPY,1.5000000000000615,5.804347826087249,INVALIDÉE,-1.0,2024-09-19 06:00:00,168.76,168.3
2024-09-19 15:34:31,GBP/USD,1.6875000000000433,8.499999999999792,OBJECTIF ATTEINT,8.866046166419752,2024-09-20 03:00:00,1.3271,1.3255
2024-09-20 07:27:52,GBP/JPY,2.5749999999999664,5.224999999999934,OBJECTIF ATTEINT,5.464988708496031,2024-09-20 11:00:00,190.79,190.39
2024-09-20 09:27:45,AUD/JPY,1.8571428571429152,8.19047619047643,OBJECTIF ATTEINT,8.116664050874522,2024-09-20 11:00:00,97.89,97.68
2024-09-20 13:28:03,USD/CHF,2.0,4.599999999999933,OBJECTIF ATTEINT,4.719984436035158,2024-09-20 14:00:00,0.8487,0.8477
2024-09-23 15:34:20,AUD/JPY,2.8437500000000946,7.906250000000172,INVALIDÉE,-1.0,2024-09-23 16:00:00,98.6,98.28
2024-09-23 17:30:53,AUD/USD,2.5714285714284806,10.999999999999524,INVALIDÉE,-1.0,2024-09-23 20:00:00,0.6846,0.6839
2024-09-24 06:25:45,GBP/CHF,1.409090909090969,6.545454545454591,OBJECTIF ATTEINT,7.304531236128485,2024-09-24 08:00:00,1.1314,1.1292
2024-09-24 09:53:56,AUD/USD,1.9400000000000064,5.960000000000004,INVALIDÉE,-1.0,2024-10-04 12:00:00,0.6845,0.6795
2024-09-24 15:35:06,SILVER - EUR,1.7096774193548494,4.225806451612916,OBJECTIF ATTEINT,4.395683123852439,2024-09-24 16:00:00,28.34,28.03
2024-09-24 15:35:08,GOLD - CHF,1.3566229985443634,3.1535662299853846,OBJECTIF ATTEINT,3.253298927845696,2024-09-24 16:00:00,2236.21,2222.47
2024-09-26 03:26:07,EUR/JPY,1.5789473684209818,5.473684210526339,INVALIDÉE,-1.0,2024-09-26 04:00:00,161.37,161.18
2024-09-26 09:29:01,EUR/JPY,2.4166666666667784,7.194444444444749,INVALIDÉE,-1.0,2024-09-26 10:00:00,161.54,161.18
2024-09-26 22:33:50,USD/JPY,1.6304347826086674,3.934782608695589,INVALIDÉE,-1.0,2024-09-27 06:00:00,144.94,144.48
2024-10-01 13:28:21,EUR/GBP,1.363636363636428,6.454545454545509,INVALIDÉE,-1.0,2024-10-01 14:00:00,0.8315,0.8326
2024-10-02 22:28:27,SILVER - GBP,1.5909090909091057,5.500000000000032,OBJECTIF ATTEINT,5.869992790645218,2024-10-03 13:00:00,24.02,23.8
2024-10-03 00:44:20,GOLD - NZD,2.0449244060475147,4.084665226781873,OBJECTIF ATTEINT,4.023926079675725,2024-10-14 10:00:00,4257.09,4187.64
2024-10-03 04:26:26,AUD/USD,2.307692307692367,3.692307692307804,OBJECTIF ATTEINT,5.410861440805455,2024-10-03 14:00:00,0.6866,0.6879
2024-10-03 14:37:12,SILVER - CAD,2.800000000000071,4.800000000000106,OBJECTIF ATTEINT,5.040399558047427,2024-10-03 15:00:00,42.98,42.78
2024-10-04 04:27:33,SILVER - AUD,2.823529411764701,8.176470588235215,INVALIDÉE,-1.0,2024-10-04 12:00:00,47.04,46.87
2024-10-04 04:27:35,SILVER - NZD,1.921052631578945,7.578947368421009,OBJECTIF ATTEINT,9.97371767280922,2024-10-04 14:00:00,51.86,51.48
2024-10-04 05:26:26,SILVER - USD,2.4210526315789807,8.789473684210641,INVALIDÉE,-1.0,2024-10-04 12:00:00,32.25,32.06
2024-10-08 03:25:56,GOLD - AUD,1.5898190997055108,3.743374000841401,INVALIDÉE,-1.0,2024-10-08 12:03:52,3920.19,3896.42
2024-10-10 04:26:18,EUR/CHF,1.5000000000000395,2.428571428571553,INVALIDÉE,-1.0,2024-10-10 06:00:00,0.9417,0.9403
2024-10-11 17:59:05,GOLD - AUD,2.213897131552909,5.289812067260122,OBJECTIF ATTEINT,5.40432427836243,2024-10-16 08:00:00,3936.86,3896.42
2024-10-14 08:28:55,SILVER - AUD,2.027027027027041,4.405405405405443,INVALIDÉE,-1.0,2024-10-15 05:00:00,46.8,46.43
2024-10-14 08:28:57,SILVER - NZD,2.0454545454544704,4.045454545454438,INVALIDÉE,-1.0,2024-10-14 15:00:00,51.7,51.48
2024-10-15 20:27:57,GOLD - NZD,1.8298969072164908,4.76663542642922,OBJECTIF ATTEINT,5.657728133177653,2024-10-15 23:00:00,4377.2,4355.86
2024-10-16 05:26:19,SILVER - CHF,2.684210526315761,4.52631578947365,OBJECTIF ATTEINT,4.769694126494533,2024-10-16 13:00:00,27.28,27.09
2024-10-16 07:55:46,GOLD - CHF,2.4705681040382945,6.009924709103291,OBJECTIF ATTEINT,6.281596605973336,2024-10-21 09:00:00,2307.51,2278.29
2024-10-16 21:26:37,USD/CHF,2.823529411764848,6.823529411765044,INVALIDÉE,-1.0,2024-10-16 22:00:00,0.8654,0.8637
2024-10-17 13:28:30,SILVER - CAD,1.7333333333333365,4.266666666666711,OBJECTIF ATTEINT,4.892018429549882,2024-10-17 14:00:00,43.68,43.53
2024-10-18 04:26:21,SILVER - USD,1.5277777777777724,4.333333333333346,OBJECTIF ATTEINT,4.955554707845056,2024-10-18 13:00:00,32.0,31.64
2024-10-18 12:29:24,SILVER - GBP,2.7222222222222374,9.722222222222236,OBJECTIF ATTEINT,9.751935841888814,2024-10-18 16:00:00,24.74,24.56
2024-10-21 04:27:03,USD/CAD,1.4545454545454086,3.0,OBJECTIF ATTEINT,2.8545582164418977,2024-10-21 15:00:00,1.3807,1.3785
2024-10-21 04:45:19,SILVER - USD,1.677966101694909,7.525423728813512,INVALIDÉE,-1.0,2024-10-25 08:00:00,34.0,33.41
2024-10-21 04:45:20,GOLD - USD,1.4132173913043515,3.601913043478263,INVALIDÉE,-1.0,2024-11-06 13:00:00,2730.18,2672.68
2024-10-22 09:28:29,AUD/JPY,1.399999999999905,11.199999999999529,OBJECTIF ATTEINT,11.589986165364069,2024-10-23 00:00:00,100.84,100.69
2024-10-22 17:32:37,NASDAQ100 INDEX,2.6219291014014283,5.6295136026379575,INVALIDÉE,-1.0,2024-10-23 13:30:00,20333.95,20273.3
2024-10-22 23:26:21,CHF/JPY,2.341463414633953,6.487804878048377,OBJECTIF ATTEINT,6.367070491139074,2024-10-23 05:00:00,174.58,174.17
2024-10-23 06:26:40,GOLD - AUD,1.677666922486577,8.530314658480568,INVALIDÉE,-1.0,2024-10-23 15:00:00,4128.42,4115.39
2024-10-25 21:26:23,GBP/JPY,1.418604651162734,7.279069767441735,OBJECTIF ATTEINT,7.352330691315178,2024-10-28 00:00:00,197.52,197.09
2024-10-28 04:26:37,EUR/CHF,1.5624999999999218,6.874999999999809,INVALIDÉE,-1.0,2024-10-28 07:00:00,0.9381,0.9365
2024-10-29 13:30:58,GOLD - EUR,1.3655462184873977,3.73739495798324,OBJECTIF ATTEINT,4.238637516270285,2024-10-29 14:00:00,2555.93,2546.41
2024-10-30 04:27:04,NZD/USD,2.1600000000000747,3.1200000000000783,INVALIDÉE,-1.0,2024-10-30 07:00:00,0.5955,0.598
2024-10-31 08:29:56,DAX40 PERF INDEX,2.234825870646752,5.031442786069614,INVALIDÉE,-1.0,2024-10-31 10:00:00,19122.19,19172.44
2024-11-05 18:33:50,GOLD - AUD,2.278735632183849,15.515086206896456,INVALIDÉE,-1.0,2024-11-05 19:00:00,4128.69,4142.61
2024-11-06 08:29:47,GBP/JPY,2.297297297297254,3.540540540540503,OBJECTIF ATTEINT,3.439197107263485,2024-11-06 16:00:00,198.5,198.13
2024-11-13 18:34:09,GBP/USD,1.5333333333332544,9.533333333332958,OBJECTIF ATTEINT,9.91425247192334,2024-11-14 04:00:00,1.2704,1.2719
2024-11-19 22:26:28,AUD/USD,1.687499999999974,4.187499999999905,INVALIDÉE,-1.0,2024-11-20 09:00:00,0.6531,0.6515
2024-11-20 21:26:38,GOLD - USD,2.0913327120224574,6.625349487418736,OBJECTIF ATTEINT,6.699622662803194,2024-11-21 09:00:00,2650.24,2639.51
2024-11-21 17:36:30,EUR/GBP,1.692307692307804,3.538461538461663,OBJECTIF ATTEINT,4.042322731018247,2024-11-22 09:00:00,0.8322,0.8335
2024-11-22 03:27:13,GOLD - USD,1.946698970320984,5.829194427619534,OBJECTIF ATTEINT,5.8182254599484455,2024-11-24 23:00:00,2689.19,2672.68
2024-11-26 11:30:16,EUR/GBP,1.8888888888889024,4.44444444444439,INVALIDÉE,-1.0,2024-11-26 12:00:00,0.8356,0.8347
2024-11-26 19:34:22,GBP/JPY,2.04477611940303,3.4179104477612885,OBJECTIF ATTEINT,3.958954130713689,2024-11-27 09:00:00,192.21,192.88
2024-11-29 17:37:31,GBP/CHF,2.153846153845957,10.84615384615319,OBJECTIF ATTEINT,10.849979899478974,2024-12-02 08:00:00,1.1206,1.1193
2024-12-02 10:31:53,CHF/JPY,2.530612244897931,5.55102040816316,OBJECTIF ATTEINT,5.837761828364054,2024-12-02 16:00:00,169.69,170.18
2024-12-03 06:28:19,GOLD - AUD,1.80840163934425,4.33504098360658,INVALIDÉE,-1.0,2024-12-03 08:00:00,4095.56,4076.04
2024-12-03 13:32:15,USD/JPY,1.8227848101265975,3.329113924050661,INVALIDÉE,-1.0,2024-12-04 07:00:00,149.38,150.17
2024-12-04 23:36:40,SILVER - EUR,2.0000000000000195,7.1111111111111285,INVALIDÉE,-1.0,2024-12-05 15:00:00,29.83,29.65
2024-12-05 14:32:19,USD/JPY,1.5238095238094336,6.214285714285444,INVALIDÉE,-1.0,2024-12-05 16:00:00,150.59,150.17
2024-12-05 20:36:12,CHF/JPY,1.6666666666666967,3.730158730158748,OBJECTIF ATTEINT,4.350006781684039,2024-12-09 15:00:00,170.81,170.18
2024-12-05 23:41:40,EUR/JPY,1.6764705882352573,4.264705882352865,INVALIDÉE,-1.0,2024-12-06 00:00:00,158.99,158.65
2024-12-10 20:35:39,GBP/JPY,1.4561403508772324,3.245614035087798,INVALIDÉE,-1.0,2024-12-11 07:00:00,193.98,193.41
2024-12-11 15:04:15,EUR/GBP,2.7205882352941613,6.6911764705883305,INVALIDÉE,-1.0,2024-12-13 10:00:00,0.8232,0.83
2024-12-12 17:35:44,USD/CHF,1.5882352941176028,3.5882352941175704,OBJECTIF ATTEINT,3.7735308030071444,2024-12-13 09:00:00,0.8887,0.8853
2024-12-12 18:35:18,NASDAQ100 INDEX,1.5741249552025065,4.196631226854652,OBJECTIF ATTEINT,4.560686447258449,2024-12-13 14:30:00,21710.02,21626.31
2024-12-12 19:38:26,USD/JPY,1.84375000000005,4.250000000000133,OBJECTIF ATTEINT,4.218734359741295,2024-12-13 08:00:00,152.5,152.18
2024-12-13 17:36:32,AUD/USD,1.636363636363572,5.454545454545509,INVALIDÉE,-1.0,2024-12-13 21:00:00,0.6354,0.6365
2024-12-16 23:40:49,USD/CHF,2.869565217391365,5.347826086956585,INVALIDÉE,-1.0,2024-12-17 17:00:00,0.8943,0.892
2024-12-16 23:40:51,EUR/CHF,1.3999999999999408,5.933333333333121,INVALIDÉE,-1.0,2024-12-17 15:00:00,0.9402,0.9387
2024-12-17 00:29:01,AUD/JPY,2.095238095238147,6.333333333333514,INVALIDÉE,-1.0,2024-12-17 02:00:00,98.27,98.06
2024-12-23 07:31:11,EUR/JPY,1.8787878787879837,8.30303030303073,INVALIDÉE,-1.0,2024-12-23 08:00:00,163.51,163.18
2024-12-23 21:28:34,EUR/JPY,1.968750000000028,8.593750000000183,INVALIDÉE,-1.0,2024-12-24 03:00:00,163.5,163.18
2024-12-31 16:07:06,GOLD - AUD,1.6526850969176785,3.895138226882712,OBJECTIF ATTEINT,4.241581103041521,2025-01-09 13:00:00,4239.84,4176.9
2025-01-01 18:27:12,GBP/CHF,1.4285714285715871,7.000000000000793,INVALIDÉE,-1.0,2025-01-01 19:00:00,1.136,1.1346
2025-01-02 11:33:01,EUR/USD,3.0000000000000964,8.347826086956681,OBJECTIF ATTEINT,3.0000000000000964,2025-01-02 16:00:00,1.0321,1.0344
2025-01-06 08:31:31,AUD/JPY,2.066666666666509,7.66666666666632,OBJECTIF ATTEINT,8.176672363281032,2025-01-06 11:00:00,98.43,98.28
2025-01-06 17:09:08,GBP/JPY,1.6544117647059002,3.904411764705927,INVALIDÉE,-1.0,2025-01-08 11:00:00,197.19,195.83
2025-01-07 05:28:06,AUD/USD,2.9285714285715136,3.9285714285715927,INVALIDÉE,-1.0,2025-01-07 15:00:00,0.6261,0.6247
2025-01-08 08:31:48,EUR/CHF,1.5999999999999337,2.900000000000011,INVALIDÉE,-1.0,2025-01-08 09:00:00,0.9412,0.9402
2025-01-09 07:28:21,SILVER - EUR,2.2999999999999714,3.999999999999929,OBJECTIF ATTEINT,7.390077397914824,2025-01-09 08:00:00,29.25,29.15
2025-01-10 03:28:55,SILVER - USD,1.9090909090909267,10.090909090909138,OBJECTIF ATTEINT,14.17272865989,2025-01-10 04:00:00,30.27,30.16
2025-01-10 12:58:58,GOLD - CHF,1.7947817360762808,5.179126944305123,OBJECTIF ATTEINT,5.0797536344819,2025-01-10 13:00:00,2448.14,2428.21
2025-01-13 04:29:13,EUR/CHF,2.166666666666744,3.583333333333372,INVALIDÉE,-1.0,2025-01-13 16:00:00,0.9373,0.9385
2025-01-13 07:49:16,GOLD - EUR,1.3657733897508324,4.295721673718852,OBJECTIF ATTEINT,4.7447964297393765,2025-01-16 09:00:00,2628.12,2606.85
2025-01-16 12:57:50,DAX40 PERF INDEX,1.4900999434282636,3.525080143315129,OBJECTIF ATTEINT,3.993552293513131,2025-01-20 13:00:00,20638.39,20426.27
2025-01-21 18:39:14,GBP/JPY,1.848484848484979,3.7878787878789706,OBJECTIF ATTEINT,3.695471931226544,2025-01-22 05:00:00,191.79,191.46
2025-01-21 20:35:47,NASDAQ100 - MINI NASDAQ100 FULL0926,1.4178403755868545,4.262910798122066,OBJECTIF ATTEINT,4.4394341744913834,2025-02-13 15:30:00,21727.0,21567.25
2025-01-22 05:30:07,CHF/JPY,1.5116279069768332,3.1627906976746094,OBJECTIF ATTEINT,3.0127906976745793,2025-01-22 16:00:00,171.89,171.46
2025-01-30 05:30:24,GOLD - AUD,1.3933753943217768,3.383911671924324,OBJECTIF ATTEINT,3.3097019966355368,2025-01-30 08:00:00,4435.69,4403.99
2025-01-30 07:28:38,USD/CAD,2.0,5.263157894736811,INVALIDÉE,-1.0,2025-01-30 08:00:00,1.4434,1.4415
2025-01-31 08:33:22,USD/CHF,2.700000000000033,10.900000000000013,INVALIDÉE,-1.0,2025-01-31 13:00:00,0.9105,0.9095
2025-01-31 11:33:44,USD/CAD,1.6956521739130728,4.3913043478261455,INVALIDÉE,-1.0,2025-01-31 12:00:00,1.4495,1.4472
2025-01-31 13:34:05,DAX40 FULL0926,1.513174775486027,5.3949472022104885,INVALIDÉE,-1.0,2025-01-31 14:00:00,21885.0,21783.67
2025-01-31 17:37:51,GOLD - USD,2.8537190082644632,7.752892561983525,INVALIDÉE,-1.0,2025-02-03 01:00:00,2810.71,2798.61
2025-02-06 03:49:47,AUD/JPY,1.8909090909090864,7.10909090909094,INVALIDÉE,-1.0,2025-02-11 15:00:00,95.33,95.88
2025-02-06 11:34:28,GBP/CHF,2.117647058823514,6.058823529411627,INVALIDÉE,-1.0,2025-02-06 17:00:00,1.1245,1.1262
2025-02-10 04:44:37,AUD/JPY,1.4090909090909052,5.757575757575783,INVALIDÉE,-1.0,2025-02-11 15:00:00,95.22,95.88
2025-02-10 06:26:58,GOLD - EUR,1.5281522601110518,3.3223632038065456,OBJECTIF ATTEINT,3.23528028920593,2025-02-10 08:00:00,2796.22,2771.0
2025-02-10 07:49:00,SILVER - EUR,1.3896103896103862,2.038961038961036,INVALIDÉE,-1.0,2025-02-25 15:00:00,31.16,30.39
2025-02-10 18:34:38,NASDAQ100 INDEX,2.934714167356927,5.453189726594642,INVALIDÉE,-1.0,2025-02-11 14:30:00,21767.56,21707.21
2025-02-11 00:00:02,GBP/JPY,1.614457831325318,3.28915662650606,INVALIDÉE,-1.0,2025-02-11 23:00:00,187.61,190.1
2025-02-13 00:29:19,EUR/USD,1.3749999999999654,6.875000000000104,OBJECTIF ATTEINT,9.385961469014658,2025-02-13 04:00:00,1.0397,1.0373
2025-02-13 03:31:46,GBP/CHF,2.400000000000053,3.960000000000092,INVALIDÉE,-1.0,2025-02-13 08:00:00,1.1378,1.1353
2025-02-13 06:29:50,NASDAQ100 - MINI NASDAQ100 FULL0926,1.9922931739539915,7.793331236237597,INVALIDÉE,-1.0,2025-02-13 14:30:00,21912.5,21848.92
2025-02-17 22:29:46,GBP/USD,2.333333333333388,7.444444444444654,INVALIDÉE,-1.0,2025-02-18 04:00:00,1.2623,1.2596
2025-02-19 13:34:27,SILVER - EUR,2.777777777777782,12.666666666666654,INVALIDÉE,-1.0,2025-02-21 15:00:00,31.59,31.5
2025-02-19 13:34:52,SILVER - USD,1.6785714285714175,2.6428571428571392,INVALIDÉE,-1.0,2025-02-24 15:00:00,32.93,32.65
2025-02-21 19:35:21,DAX40 FULL0926,2.036489361702131,4.287234042553192,INVALIDÉE,-1.0,2025-02-24 08:00:00,22235.0,22329.0
2025-02-24 19:36:44,GOLD - USD,2.256111757857896,5.946449359720496,INVALIDÉE,-1.0,2025-02-25 12:00:00,2948.59,2940.0
2025-02-26 05:31:04,CHF/JPY,1.743589743589822,4.230769230769393,INVALIDÉE,-1.0,2025-02-26 09:00:00,167.22,166.83
2025-03-04 21:29:02,CHF/JPY,2.439024390243923,3.634146341463467,INVALIDÉE,-1.0,2025-03-05 11:00:00,168.41,168.0
2025-03-06 03:27:51,GOLD - CHF,1.4578729281768026,2.3100828729281613,INVALIDÉE,-1.0,2025-03-06 07:00:00,2609.15,2594.67
2025-03-06 20:59:43,DAX40 FULL0926,2.912826855123681,6.617208480565365,INVALIDÉE,-1.0,2025-03-07 13:00:00,23225.0,22942.0
2025-03-12 18:33:15,GBP/CHF,2.769230769230467,4.538461538461275,INVALIDÉE,-1.0,2025-03-12 20:00:00,1.1444,1.1431
2025-03-13 07:54:00,S&P500 - MINI S&P500 FULL0926,1.9253731343283584,2.601279317697228,INVALIDÉE,-1.0,2025-03-17 17:30:00,5574.25,5691.5
2025-03-13 13:31:57,GOLD - EUR,1.651933701657472,3.27679558011051,OBJECTIF ATTEINT,3.660429832144612,2025-03-13 15:00:00,2718.75,2700.65
2025-03-14 06:52:35,GOLD - USD,1.6491422246817964,4.126729385722203,OBJECTIF ATTEINT,4.1620351735438685,2025-03-18 13:00:00,2986.17,2950.03
2025-03-14 20:27:53,AUD/USD,2.058823529411692,7.823529411764533,OBJECTIF ATTEINT,8.261126753862984,2025-03-17 14:00:00,0.6329,0.6312
2025-03-17 04:27:42,GBP/JPY,1.7857142857142785,4.964285714285645,OBJECTIF ATTEINT,4.878590611048931,2025-03-17 12:00:00,192.61,192.33
2025-03-17 09:32:01,AUD/JPY,1.687500000000011,7.062500000000123,INVALIDÉE,-1.0,2025-03-17 10:00:00,94.45,94.29
2025-03-17 09:32:09,NZD/USD,2.909090909090918,9.181818181818263,OBJECTIF ATTEINT,10.270721227472588,2025-03-17 15:00:00,0.5775,0.5764
2025-03-17 16:38:13,CHF/JPY,2.188679245283008,5.056603773584908,OBJECTIF ATTEINT,4.906608380011807,2025-03-18 03:00:00,168.76,168.23
2025-03-18 19:35:09,EUR/USD,2.129032258064426,5.38709677419335,INVALIDÉE,-1.0,2025-03-19 07:00:00,1.0944,1.0913
2025-03-20 22:53:55,GOLD - CHF,2.224063116370821,4.553451676528609,INVALIDÉE,-1.0,2025-03-21 13:00:00,2684.71,2659.36
2025-03-24 15:39:54,GOLD - USD,1.5696489241223377,7.209513023782602,INVALIDÉE,-1.0,2025-03-25 05:00:00,3013.69,3022.52
2025-03-26 13:31:58,USD/CHF,2.1111111111113576,10.6666666666679,INVALIDÉE,-1.0,2025-03-26 14:00:00,0.8845,0.8836
2025-03-27 11:35:33,GOLD - CHF,2.474299065420557,5.948598130841114,OBJECTIF ATTEINT,6.644730753815325,2025-03-28 01:00:00,2697.57,2689.01
2025-03-27 17:34:39,USD/JPY,1.499999999999921,3.0277777777775934,INVALIDÉE,-1.0,2025-03-28 01:00:00,151.11,150.75
2025-03-28 08:33:34,S&P500 - MINI S&P500 FULL0926,2.1408955223880404,4.029850746268656,OBJECTIF ATTEINT,5.925209888059713,2025-03-28 13:30:00,5718.5,5735.25
2025-03-31 02:50:50,GOLD - EUR,1.9748882008943769,4.10904712762295,INVALIDÉE,-1.0,2025-04-03 10:00:00,2861.69,2832.62
2025-04-02 08:30:57,CHF/JPY,1.9166666666666272,5.499999999999763,INVALIDÉE,-1.0,2025-04-02 13:00:00,169.12,169.36
2025-04-03 05:51:36,AUD/JPY,1.7500000000000022,3.5975609756097584,OBJECTIF ATTEINT,3.499389685654064,2025-04-04 10:00:00,92.65,94.29
2025-04-03 07:31:01,AUD/USD,2.2857142857142403,4.142857142856961,OBJECTIF ATTEINT,5.776785877772454,2025-04-03 08:00:00,0.6302,0.6295
2025-04-03 07:31:59,NZD/USD,1.8000000000000222,5.4500000000000055,OBJECTIF ATTEINT,5.981396675109879,2025-04-03 09:00:00,0.5767,0.5747
2025-04-03 11:30:23,NZD/USD,2.321428571428665,4.464285714285876,INVALIDÉE,-1.0,2025-04-04 01:00:00,0.5811,0.5783
2025-04-04 08:30:33,EUR/JPY,3.0000000000001723,8.81818181818232,OBJECTIF ATTEINT,3.0000000000001723,2025-04-04 10:00:00,161.05,161.38
2025-04-07 02:26:54,CHF/JPY,1.714285714285671,8.999999999999899,OBJECTIF ATTEINT,9.64998125348765,2025-04-07 07:00:00,170.96,170.68
2025-04-07 05:48:27,EUR/USD,2.264150943396288,4.094339622641627,OBJECTIF ATTEINT,4.305187347700154,2025-04-10 12:00:00,1.0991,1.0938
2025-04-08 17:33:49,GBP/CHF,2.305555555555518,3.555555555555487,OBJECTIF ATTEINT,3.7416684786478256,2025-04-09 04:00:00,1.0866,1.0902
2025-04-09 08:30:39,EUR/GBP,1.454545454545459,6.409090909090969,INVALIDÉE,-1.0,2025-04-09 17:00:00,0.8608,0.8586
2025-04-10 21:53:19,EUR/GBP,2.395833333333389,6.7500000000001386,INVALIDÉE,-1.0,2025-04-15 06:00:00,0.8634,0.8586
2025-04-11 18:36:15,CHF/JPY,1.8653846153845768,2.3846153846153006,INVALIDÉE,-1.0,2025-04-13 23:00:00,176.15,175.63
2025-04-11 20:28:42,SILVER - USD,3.000000000000031,5.304347826087024,INVALIDÉE,-1.0,2025-04-13 22:00:00,32.25,32.02
2025-04-11 20:55:08,GOLD - AUD,1.664923045971235,4.637662207021431,INVALIDÉE,-1.0,2025-05-01 04:00:00,5148.21,5048.8
2025-04-14 11:31:26,EUR/JPY,1.4999999999999392,2.314285714285624,INVALIDÉE,-1.0,2025-04-14 15:00:00,163.08,162.38
2025-04-15 02:54:44,GOLD - USD,1.406098173898479,4.392863126151781,OBJECTIF ATTEINT,4.62089045354121,2025-04-16 05:00:00,3222.41,3162.72
2025-04-15 09:29:51,AUD/USD,2.5294117647058134,3.705882352941084,INVALIDÉE,-1.0,2025-04-15 21:00:00,0.6359,0.6342
2025-04-15 23:51:05,EUR/USD,1.7555555555555795,4.233333333333384,OBJECTIF ATTEINT,4.225599246554942,2025-04-20 23:00:00,1.1298,1.1208
2025-04-15 23:51:08,GBP/USD,1.8207547169811509,4.518867924528331,OBJECTIF ATTEINT,4.451413043040184,2025-04-28 19:00:00,1.3234,1.3128
2025-04-16 02:27:50,GOLD - CHF,1.9166170339487727,5.783799880881497,OBJECTIF ATTEINT,5.843937925907534,2025-04-16 08:00:00,2676.15,2659.36
2025-04-16 02:28:06,SILVER - USD,1.5833333333333366,6.888888888888891,OBJECTIF ATTEINT,6.927777353922526,2025-04-16 08:00:00,32.38,32.02
2025-04-16 21:28:03,USD/CHF,2.952380952380957,6.25396825396828,INVALIDÉE,-1.0,2025-04-17 07:00:00,0.8127,0.819
2025-04-16 22:57:55,NZD/USD,1.4333333333333222,2.7833333333333203,OBJECTIF ATTEINT,2.840996662775668,2025-04-22 03:00:00,0.5936,0.5876
2025-04-16 23:28:51,AUD/USD,2.5555555555557063,6.666666666666996,INVALIDÉE,-1.0,2025-04-17 01:00:00,0.6376,0.6358
2025-04-17 18:35:28,NZD/USD,1.516129032258045,3.096774193548377,INVALIDÉE,-1.0,2025-04-18 02:00:00,0.5975,0.5944
2025-04-18 17:50:08,GOLD - EUR,1.6798088410991971,4.983273596176892,INVALIDÉE,-1.0,2025-04-23 13:00:00,2925.49,2900.38
2025-04-20 20:25:28,EUR/USD,1.5675675675676537,3.3513513513515103,OBJECTIF ATTEINT,3.346685595125871,2025-04-20 23:00:00,1.1398,1.1361
2025-04-21 03:26:47,NASDAQ100 - MINI NASDAQ100 FULL0926,2.342887076255327,4.479233705006337,OBJECTIF ATTEINT,4.334382600276851,2025-04-21 13:30:00,18225.75,18359.38
2025-04-21 08:26:22,GOLD - USD,1.4898048673536672,3.6502959877220222,OBJECTIF ATTEINT,3.836636702477555,2025-04-22 01:00:00,3388.45,3342.84
2025-04-21 08:48:32,USD/CAD,2.371794871794858,4.730769230769204,INVALIDÉE,-1.0,2025-04-23 15:00:00,1.3795,1.3873
2025-04-21 15:32:54,GOLD - AUD,1.969728601252632,4.932985386221331,OBJECTIF ATTEINT,4.994575700875183,2025-04-22 03:00:00,5327.16,5279.26
2025-04-24 16:40:03,USD/CAD,1.7142857142857444,4.0,INVALIDÉE,-1.0,2025-04-24 17:00:00,1.3894,1.3873
2025-04-24 20:29:52,SILVER - USD,1.4393939393939512,1.893939393939404,INVALIDÉE,-1.0,2025-04-25 13:00:00,33.61,32.95
2025-04-30 10:38:02,S&P500 - MINI S&P500 FULL0926,1.4477611940298507,7.517611940298511,INVALIDÉE,-1.0,2025-04-30 13:30:00,5573.0,5556.25
2025-05-01 10:27:45,CHF/JPY,1.3793103448276436,5.275862068965666,OBJECTIF ATTEINT,5.267259479391346,2025-05-01 17:00:00,174.6,174.31
2025-05-05 12:29:44,AUD/USD,2.1904761904761703,5.333333333333351,INVALIDÉE,-1.0,2025-05-05 15:00:00,0.6491,0.647
2025-05-05 17:33:41,EUR/CHF,1.789473684210551,3.6315789473684057,INVALIDÉE,-1.0,2025-05-06 07:00:00,0.9311,0.933
2025-05-06 04:28:50,NZD/USD,1.4285714285713609,3.2857142857140818,OBJECTIF ATTEINT,3.5301607949390985,2025-05-06 07:00:00,0.5977,0.597
2025-05-08 14:40:33,NASDAQ100 INDEX,1.7284210526315815,3.933541963015645,OBJECTIF ATTEINT,4.553228129445231,2025-05-12 13:30:00,19984.06,19808.31
2025-05-09 09:30:11,DAX40 FULL0926,1.3593867361816634,3.916095966067224,OBJECTIF ATTEINT,3.8946247597534325,2025-05-12 07:00:00,23564.0,23337.67
2025-05-09 12:33:32,DAX40 PERF INDEX,1.779042200094797,8.503556187766662,OBJECTIF ATTEINT,8.466993020981464,2025-05-12 07:00:00,23503.84,23419.48
2025-05-09 15:35:49,GBP/CHF,1.8947368421052757,5.421052631578898,OBJECTIF ATTEINT,5.407864038567755,2025-05-11 23:00:00,1.1036,1.1017
2025-05-11 20:25:25,AUD/JPY,2.1739130434782235,6.391304347825972,OBJECTIF ATTEINT,7.484772259255982,2025-05-12 07:00:00,93.79,93.56
2025-05-12 00:27:41,S&P500 - MINI S&P500 FULL0926,1.926688632619438,4.55793520043931,OBJECTIF ATTEINT,4.4444557420373405,2025-05-12 13:30:00,5746.5,5710.08
2025-05-12 00:27:43,EUR/JPY,1.6666666666665089,4.444444444444181,OBJECTIF ATTEINT,4.594476318359205,2025-05-12 01:00:00,163.83,163.65
2025-05-12 05:28:29,USD/JPY,1.6093749999999647,3.765624999999908,OBJECTIF ATTEINT,3.82031784057606,2025-05-12 07:00:00,146.05,145.41
2025-05-12 05:28:34,USD/CHF,3.0,6.799999999999911,OBJECTIF ATTEINT,11.209987831115699,2025-05-12 07:00:00,0.8344,0.8334
2025-05-12 06:31:11,EUR/JPY,2.0625000000000333,4.562500000000123,OBJECTIF ATTEINT,4.468743896484468,2025-05-12 09:00:00,163.97,163.65
2025-05-12 18:35:17,SILVER - EUR,2.4666666666666965,9.266666666666758,OBJECTIF ATTEINT,14.654349202373895,2025-05-13 03:00:00,29.31,29.16
2025-05-13 13:32:46,GOLD - AUD,1.5992303463441884,8.500824628917181,OBJECTIF ATTEINT,9.012499720064802,2025-05-14 00:00:00,5043.93,5062.12
2025-05-13 20:29:58,GBP/JPY,2.6744186046513105,7.348837209302687,INVALIDÉE,-1.0,2025-05-14 01:00:00,196.26,195.83
2025-05-14 03:28:25,GOLD - EUR,1.7468123861566307,3.627504553734049,OBJECTIF ATTEINT,3.8389025311265015,2025-05-14 12:00:00,2886.04,2897.02
2025-05-16 02:29:00,USD/CHF,1.7142857142857444,2.904761904761968,INVALIDÉE,-1.0,2025-05-16 08:00:00,0.8332,0.8353
2025-05-16 03:27:48,GBP/USD,2.933333333333777,5.866666666667407,INVALIDÉE,-1.0,2025-05-16 09:00:00,1.3315,1.33
2025-05-20 05:26:50,CHF/JPY,2.909090909091073,8.636363636364036,INVALIDÉE,-1.0,2025-05-20 09:00:00,173.37,173.7
2025-05-20 10:35:43,GOLD - AUD,2.1711125569289624,11.165907612231033,OBJECTIF ATTEINT,11.287659024447642,2025-05-20 13:00:00,5042.52,5027.15
2025-05-20 10:36:11,GOLD - USD,2.706298919120383,3.05702571748044,OBJECTIF ATTEINT,2.9726816559122287,2025-05-20 22:00:00,3234.36,3207.53
2025-05-20 13:30:15,DAX40 FULL0926,1.831932773109244,4.663865546218488,INVALIDÉE,-1.0,2025-05-20 14:00:00,24136.0,24017.0
2025-05-20 20:28:36,USD/CAD,1.9523809523809572,4.761904761904787,OBJECTIF ATTEINT,4.707163837977793,2025-05-21 10:00:00,1.3914,1.3935
2025-05-21 16:33:50,AUD/USD,2.2000000000000592,6.800000000000237,INVALIDÉE,-1.0,2025-05-21 17:00:00,0.6463,0.6448
2025-05-26 02:30:07,USD/JPY,1.660000000000025,2.920000000000016,INVALIDÉE,-1.0,2025-05-26 07:00:00,142.31,142.81
2025-05-28 08:33:10,DAX40 PERF INDEX,1.9863102998696,4.961103867883484,INVALIDÉE,-1.0,2025-05-28 09:00:00,24288.72,24150.66
2025-05-28 09:06:25,EUR/USD,1.472000000000003,4.392000000000012,OBJECTIF ATTEINT,4.243029724121105,2025-06-12 00:00:00,1.1333,1.1208
2025-05-28 17:34:14,AUD/JPY,1.5833333333334074,3.000000000000059,OBJECTIF ATTEINT,2.8624867757162202,2025-05-28 23:00:00,93.13,92.89
2025-05-28 17:34:18,GBP/JPY,1.6666666666667982,6.055555555555823,OBJECTIF ATTEINT,6.866657511393613,2025-05-28 23:00:00,195.23,194.87
2025-05-29 11:29:52,SILVER - EUR,2.9166666666666248,8.999999999999911,INVALIDÉE,-1.0,2025-05-29 13:00:00,29.62,29.5
2025-06-02 08:03:52,USD/CHF,2.256410256410227,9.07692307692304,INVALIDÉE,-1.0,2025-06-03 12:00:00,0.818,0.8219
2025-06-05 13:14:02,NASDAQ100 - MINI NASDAQ100 FULL0926,2.9741915986702905,6.579026896343278,INVALIDÉE,-1.0,2025-06-05 16:30:00,21809.0,21643.55
2025-06-06 03:32:37,CHF/JPY,2.3376623376622843,5.766233766233687,OBJECTIF ATTEINT,6.253899750152097,2025-06-12 20:00:00,175.3,174.53
2025-06-06 17:19:04,CHF/JPY,2.3414634146341853,5.512195121951312,INVALIDÉE,-1.0,2025-06-09 08:00:00,176.14,175.73
2025-06-09 20:19:22,USD/JPY,2.631578947368059,5.999999999999102,OBJECTIF ATTEINT,6.04475675883952,2025-06-10 02:00:00,144.58,144.39
2025-06-09 23:37:41,SILVER - USD,1.9529411764705809,4.470588235294107,INVALIDÉE,-1.0,2025-06-12 07:00:00,36.81,35.96
2025-06-10 20:18:29,USD/CHF,1.6666666666666976,8.166666666666837,INVALIDÉE,-1.0,2025-06-10 21:00:00,0.8229,0.8217
2025-06-12 10:42:23,EUR/JPY,2.4318181818182003,6.606060606060639,OBJECTIF ATTEINT,6.790908258611532,2025-06-23 05:00:00,166.34,165.02
2025-06-12 14:20:46,EUR/JPY,2.131313131313097,3.2121212121211893,INVALIDÉE,-1.0,2025-06-13 00:00:00,166.37,165.38
2025-06-17 11:13:12,AUD/USD,1.5714285714284808,12.285714285713606,INVALIDÉE,-1.0,2025-06-17 12:00:00,0.6541,0.6534
2025-06-19 08:16:08,AUD/USD,1.625000000000052,11.624999999999774,INVALIDÉE,-1.0,2025-06-19 09:00:00,0.6469,0.6477
2025-06-19 08:16:30,DAX40 PERF INDEX,1.8306333640353336,4.437340846291387,INVALIDÉE,-1.0,2025-06-20 09:00:00,23130.5,23315.07
2025-06-23 03:14:02,USD/CAD,2.5882352941175704,6.58823529411744,INVALIDÉE,-1.0,2025-06-23 05:00:00,1.3764,1.3747
2025-06-23 09:16:05,USD/JPY,2.2531645569620493,3.0126582278481258,INVALIDÉE,-1.0,2025-06-23 14:00:00,147.79,147.0
2025-06-25 21:11:16,NZD/USD,2.8749999999998788,8.624999999999636,OBJECTIF ATTEINT,10.032474970817209,2025-06-26 00:00:00,0.6034,0.6026
2025-06-26 03:12:18,AUD/USD,1.357142857142908,6.571428571428764,OBJECTIF ATTEINT,6.570074040549319,2025-06-26 08:00:00,0.6533,0.6519
2025-06-27 00:11:07,GBP/JPY,2.6969696969695534,5.666666666666465,INVALIDÉE,-1.0,2025-06-27 02:00:00,198.53,198.2
2025-06-27 18:48:29,NASDAQ100 INDEX,1.5168826493880507,6.0074154067674765,OBJECTIF ATTEINT,5.966154551385909,2025-07-03 13:30:00,22437.61,22159.81
2025-06-30 19:20:02,CHF/JPY,2.130434782608443,6.999999999999382,INVALIDÉE,-1.0,2025-06-30 20:00:00,181.68,181.45
2025-07-01 11:18:30,GBP/JPY,2.8611111111112315,5.61111111111137,INVALIDÉE,-1.0,2025-07-01 16:00:00,196.86,197.22
2025-07-01 23:11:19,AUD/USD,1.5294117647058132,5.588235294117505,INVALIDÉE,-1.0,2025-07-02 08:00:00,0.658,0.6563
2025-07-02 14:24:18,GBP/USD,2.478260869565268,5.478260869565268,INVALIDÉE,-1.0,2025-07-02 15:00:00,1.3568,1.3591
2025-07-02 15:25:19,EUR/JPY,1.428571428571443,11.0,OBJECTIF ATTEINT,10.967830548967587,2025-07-03 08:00:00,169.47,169.19
2025-07-02 18:22:13,GOLD - USD,1.5648648648648358,3.858108108108055,INVALIDÉE,-1.0,2025-07-03 13:30:00,3351.79,3336.99
2025-07-03 16:19:38,NASDAQ100 INDEX,2.5815247982988527,6.902745637625895,INVALIDÉE,-1.0,2025-07-07 13:30:00,22881.39,22721.5
2025-07-03 16:19:59,CHF/JPY,2.000000000000063,6.088888888889063,INVALIDÉE,-1.0,2025-07-04 00:00:00,182.39,181.94
2025-07-04 17:11:50,SILVER - EUR,3.0000000000000417,8.058823529411837,INVALIDÉE,-1.0,2025-07-07 04:00:00,31.36,31.19
2025-07-07 08:18:28,USD/JPY,2.999999999999804,10.03448275861997,OBJECTIF ATTEINT,11.632750622978692,2025-07-07 16:00:00,145.24,144.95
2025-07-07 14:22:35,DAX40 FULL0926,2.01607589932799,4.345763605218102,OBJECTIF ATTEINT,4.413193849650845,2025-07-09 07:00:00,24134.0,24058.11
2025-07-08 08:50:47,GBP/JPY,1.98214285714284,5.130952380952363,INVALIDÉE,-1.0,2025-07-31 02:00:00,199.09,197.41
2025-07-09 05:13:44,AUD/JPY,2.9999999999999383,9.0434782608694,INVALIDÉE,-1.0,2025-07-09 06:00:00,96.2,95.97
2025-07-10 14:23:29,USD/CAD,1.8500000000000167,8.950000000000006,INVALIDÉE,-1.0,2025-07-10 15:00:00,1.3697,1.3677
2025-07-10 19:20:13,AUD/JPY,1.4999999999999585,5.794117647058762,OBJECTIF ATTEINT,5.661773861155679,2025-07-11 13:00:00,96.31,95.97
2025-07-11 05:14:19,SILVER - EUR,1.9374999999999905,5.124999999999975,OBJECTIF ATTEINT,5.52616404385688,2025-07-11 06:00:00,31.91,31.75
2025-07-11 13:17:45,EUR/GBP,1.3636363636361892,2.72727272727248,OBJECTIF ATTEINT,3.1227042111480463,2025-07-14 07:00:00,0.8655,0.8644
2025-07-11 15:57:05,SILVER - USD,1.683168316831689,4.1782178217821855,INVALIDÉE,-1.0,2025-07-30 18:00:00,38.14,37.13
2025-07-14 23:13:30,USD/JPY,2.121212121212275,7.030303030303349,OBJECTIF ATTEINT,7.150008138021211,2025-07-15 13:00:00,147.85,147.52
2025-07-15 13:16:17,EUR/CHF,1.8333333333331792,4.749999999999584,INVALIDÉE,-1.0,2025-07-15 14:00:00,0.9299,0.9311
2025-07-16 03:13:10,DAX40 FULL0926,2.209530201342289,6.174496644295302,INVALIDÉE,-1.0,2025-07-17 07:00:00,24113.0,24262.0
2025-07-16 14:24:16,GOLD - USD,1.7334732423924892,3.1678908709339835,INVALIDÉE,-1.0,2025-07-16 15:00:00,3326.71,3336.24
2025-07-17 04:13:03,USD/CHF,2.0625000000001346,3.750000000000156,OBJECTIF ATTEINT,4.662489211559508,2025-07-17 12:00:00,0.8029,0.8013
2025-07-22 00:19:23,EUR/CHF,2.0,9.88888888888878,INVALIDÉE,-1.0,2025-07-22 01:00:00,0.9338,0.9329
2025-07-22 18:23:05,AUD/USD,2.9999999999998765,4.44444444444439,OBJECTIF ATTEINT,4.333477380540541,2025-07-23 07:00:00,0.6549,0.654
2025-07-22 20:23:41,USD/CHF,1.8888888888887791,9.888888888888657,INVALIDÉE,-1.0,2025-07-22 23:00:00,0.7928,0.7937
2025-07-23 23:15:42,EUR/USD,2.14285714285712,7.142857142856803,INVALIDÉE,-1.0,2025-07-24 07:00:00,1.1775,1.1761
2025-07-31 04:15:07,GOLD - EUR,1.4452296819787889,2.4204946996466163,OBJECTIF ATTEINT,3.88719343518141,2025-07-31 05:00:00,2883.42,2872.1
2025-08-01 10:18:58,GOLD - AUD,1.9429086538461644,2.885216346153854,OBJECTIF ATTEINT,3.840512129255505,2025-08-01 11:00:00,5128.38,5095.1
2025-08-01 11:19:48,S&P500 - MINI S&P500 FULL0926,2.680416666666664,6.65625,OBJECTIF ATTEINT,2.680416666666664,2025-08-01 13:30:00,6304.25,6328.25
2025-08-04 09:19:37,GOLD - CHF,1.3855005753739802,10.639815880322146,OBJECTIF ATTEINT,10.624987906747029,2025-08-04 10:00:00,2716.38,2707.69
2025-08-07 03:45:16,EUR/GBP,2.7173913043478777,4.9347826086957305,INVALIDÉE,-1.0,2025-08-07 11:00:00,0.8731,0.8685
2025-08-07 06:17:21,NZD/USD,1.416666666666628,3.583333333333372,INVALIDÉE,-1.0,2025-08-07 14:00:00,0.5955,0.5943
2025-08-07 15:23:45,GBP/USD,1.392857142857191,5.7500000000001785,OBJECTIF ATTEINT,5.684410394941228,2025-08-08 15:00:00,1.3414,1.3386
2025-08-11 08:19:27,GBP/USD,1.6578947368420869,3.052631578947304,INVALIDÉE,-1.0,2025-08-11 12:00:00,1.3459,1.3421
2025-08-11 22:17:10,USD/JPY,2.566666666666509,4.533333333333112,INVALIDÉE,-1.0,2025-08-12 12:00:00,148.18,147.88
2025-08-14 18:17:27,USD/CAD,2.521739130434829,3.304347826087024,INVALIDÉE,-1.0,2025-08-15 06:00:00,1.3818,1.3795
2025-08-19 13:18:40,USD/CAD,2.4999999999999307,5.187499999999835,OBJECTIF ATTEINT,5.393751358985772,2025-08-20 01:00:00,1.3836,1.382
2025-08-20 04:16:11,GOLD - AUD,1.4990933816862697,2.932910244786884,OBJECTIF ATTEINT,3.462912585830423,2025-08-20 05:00:00,5155.97,5133.91
2025-08-20 19:19:07,EUR/GBP,1.818181818181653,8.54545454545373,INVALIDÉE,-1.0,2025-08-20 21:00:00,0.8665,0.8654
2025-08-22 03:14:08,USD/CAD,1.833333333333292,4.583333333333261,INVALIDÉE,-1.0,2025-08-22 14:00:00,1.3912,1.3876
2025-08-26 06:15:57,GOLD - AUD,1.563392857142902,12.07410714285738,INVALIDÉE,-1.0,2025-08-26 14:53:53,5212.95,5201.75
2025-08-28 00:16:12,AUD/USD,1.714285714285601,5.5714285714283225,OBJECTIF ATTEINT,6.6396451950069695,2025-08-28 09:00:00,0.6512,0.6505
2025-09-02 04:18:24,GBP/JPY,2.212121212121374,10.12121212121262,INVALIDÉE,-1.0,2025-09-02 07:00:00,199.88,199.55
2025-09-03 11:19:38,AUD/JPY,2.6250000000000666,7.312500000000167,INVALIDÉE,-1.0,2025-09-03 14:00:00,97.11,96.95
2025-09-03 20:20:24,SILVER - USD,2.972972972972997,9.21621621621629,INVALIDÉE,-1.0,2025-09-04 04:58:20,41.23,40.86
2025-09-05 18:57:36,AUD/JPY,1.4152542372881458,4.771186440677992,OBJECTIF ATTEINT,4.8042383743545125,2025-09-12 04:00:00,96.61,95.43
2025-09-08 23:47:43,GBP/JPY,2.59701492537312,5.947761194029835,INVALIDÉE,-1.0,2025-10-01 06:00:00,199.74,198.4
2025-09-10 08:15:06,DAX40 FULL0926,2.048291352478657,3.866516926038717,INVALIDÉE,-1.0,2025-09-10 09:00:00,23885.0,23822.67
2025-09-11 09:17:13,AUD/JPY,1.5128205128205194,2.2051282051282004,OBJECTIF ATTEINT,2.3756488506610363,2025-09-12 04:00:00,97.69,97.3
2025-09-11 16:06:23,AUD/USD,1.6666666666666472,3.98245614035084,INVALIDÉE,-1.0,2025-09-19 05:00:00,0.6659,0.6602
2025-09-11 20:18:01,NZD/USD,1.9473684210526376,3.526315789473681,INVALIDÉE,-1.0,2025-09-12 08:00:00,0.5979,0.596
2025-09-12 16:10:18,SILVER - USD,2.194690265486738,5.424778761061971,OBJECTIF ATTEINT,5.355752887557063,2025-09-23 11:00:00,42.16,41.03
2025-09-12 19:26:13,NASDAQ100 - MINI NASDAQ100 FULL0926,2.9184453647659216,8.353721992142008,OBJECTIF ATTEINT,8.35450398879703,2025-09-18 13:30:00,24139.0,24044.83
2025-09-14 22:51:20,AUD/JPY,1.4330708661417426,3.165354330708668,OBJECTIF ATTEINT,3.1854340801088936,2025-10-07 18:00:00,98.22,96.95
2025-09-15 18:20:04,AUD/JPY,2.1666666666666963,8.87500000000017,INVALIDÉE,-1.0,2025-09-16 04:00:00,98.28,98.04
2025-10-01 11:15:25,DAX40 FULL0926,2.23728813559322,6.11864406779661,OBJECTIF ATTEINT,5.989913268008468,2025-10-02 08:00:00,24126.0,24008.0
2025-10-02 07:15:27,EUR/CHF,1.749999999999896,8.124999999999705,INVALIDÉE,-1.0,2025-10-02 08:00:00,0.936,0.9352
2025-10-02 10:18:24,AUD/JPY,2.4444444444445206,5.740740740740815,INVALIDÉE,-1.0,2025-10-03 00:00:00,96.98,97.25
2025-10-02 10:18:26,GBP/JPY,2.8297872340425263,4.425531914893594,INVALIDÉE,-1.0,2025-10-03 01:00:00,197.91,198.38
2025-10-02 10:18:34,SILVER - USD,1.5000000000000138,3.2692307692308,INVALIDÉE,-1.0,2025-10-02 14:00:00,47.44,47.18
2025-10-02 10:18:38,USD/JPY,1.6315789473684523,9.684210526315924,INVALIDÉE,-1.0,2025-10-02 12:00:00,146.71,146.9
2025-10-06 23:12:39,NZD/USD,2.250000000000121,5.812500000000221,INVALIDÉE,-1.0,2025-10-07 06:00:00,0.5838,0.5822
2025-10-07 11:14:50,S&P500 - MINI S&P500 FULL0926,1.5714285714285714,4.2727272727272725,INVALIDÉE,-1.0,2025-10-07 13:30:00,6785.75,6766.5
2025-10-09 02:13:48,SILVER - EUR,1.578947368421094,4.263157894736905,OBJECTIF ATTEINT,5.636257253559381,2025-10-09 12:00:00,41.9,41.71
2025-10-13 08:18:30,GOLD - EUR,1.5421874999999965,7.518749999999912,OBJECTIF ATTEINT,7.898537833514462,2025-10-13 09:00:00,3512.27,3499.47
2025-10-13 12:16:58,SILVER - EUR,2.166666666666673,11.00000000000004,OBJECTIF ATTEINT,12.706669145435828,2025-10-14 03:00:00,44.48,44.3
2025-10-13 19:16:23,SILVER - EUR,1.7692307692307698,4.55128205128205,INVALIDÉE,-1.0,2025-10-13 20:00:00,45.08,44.3
2025-10-17 16:18:46,CHF/JPY,1.8709677419355104,3.064516129032199,OBJECTIF ATTEINT,3.2080735729586247,2025-10-20 01:00:00,189.94,189.63
2025-10-20 03:12:43,CHF/JPY,1.500000000000142,3.350000000000128,INVALIDÉE,-1.0,2025-10-20 04:00:00,190.22,190.02
2025-10-20 18:18:31,NZD/USD,1.8888888888889024,4.555555555555487,INVALIDÉE,-1.0,2025-10-21 02:00:00,0.5746,0.5737
2025-10-22 23:15:19,EUR/JPY,2.0799999999999272,3.039999999999964,OBJECTIF ATTEINT,3.23797607421875,2025-10-23 06:00:00,176.4,176.15
2025-10-23 09:16:51,AUD/JPY,1.600000000000057,12.30000000000074,OBJECTIF ATTEINT,13.730023193360166,2025-10-23 15:00:00,99.33,99.23
2025-10-23 09:16:55,GBP/JPY,2.136363636363642,6.22727272727278,INVALIDÉE,-1.0,2025-10-23 15:00:00,203.7,203.26
2025-10-23 16:16:53,USD/JPY,1.6249999999999778,8.312500000000078,INVALIDÉE,-1.0,2025-10-23 17:00:00,152.77,152.61
2025-10-24 18:18:01,EUR/CHF,1.3999999999999408,2.666666666666568,OBJECTIF ATTEINT,2.6233325958250457,2025-10-29 09:00:00,0.925,0.9235
2025-10-24 18:56:14,EUR/GBP,2.250000000000016,4.211538461538481,OBJECTIF ATTEINT,2.250000000000016,2025-11-14 04:00:00,0.8739,0.8687
2025-10-26 23:17:25,EUR/JPY,1.9629629629630996,5.296296296296679,INVALIDÉE,-1.0,2025-10-27 01:00:00,178.1,177.83
2025-10-27 06:11:48,AUD/USD,1.357142857142908,4.071428571428724,OBJECTIF ATTEINT,4.560579395294305,2025-10-27 22:00:00,0.6543,0.6529
2025-10-27 18:16:39,CHF/JPY,2.80645161290322,6.0322580645161,INVALIDÉE,-1.0,2025-10-28 00:00:00,192.26,191.95
2025-10-28 00:14:05,EUR/GBP,1.5000000000000555,2.700000000000033,OBJECTIF ATTEINT,3.150010490417518,2025-10-28 08:00:00,0.8732,0.8722
2025-10-28 17:17:47,USD/CHF,1.6000000000001036,3.866666666666824,INVALIDÉE,-1.0,2025-10-29 05:00:00,0.7931,0.7946
2025-10-28 19:20:55,EUR/USD,1.999999999999852,4.333333333333136,INVALIDÉE,-1.0,2025-10-29 02:00:00,1.1664,1.1649
2025-10-29 09:58:05,GBP/USD,2.708860759493676,5.392405063291124,OBJECTIF ATTEINT,2.708860759493676,2025-10-29 17:44:00,1.3224,1.3303
2025-10-30 15:03:50,AUD/JPY,2.111111111111143,7.2962962962964255,INVALIDÉE,-1.0,2025-11-03 15:00:00,101.1,100.56
2025-10-31 16:20:52,USD/CAD,1.5294117647061436,2.647058823529804,OBJECTIF ATTEINT,2.6617771148687077,2025-11-03 11:00:00,1.4021,1.4004
2025-11-03 00:11:23,USD/CHF,1.499999999999936,6.57692307692296,OBJECTIF ATTEINT,1.499999999999936,2025-11-03 14:00:00,0.805,0.8024
2025-11-03 01:47:30,S&P500 - MINI S&P500 FULL0926,1.5365775401069526,3.2949732620320846,INVALIDÉE,-1.0,2025-11-04 14:30:00,6894.75,6801.25
2025-11-04 09:16:45,AUD/USD,1.5000000000000555,2.900000000000011,OBJECTIF ATTEINT,3.3588761329651464,2025-11-04 14:00:00,0.6508,0.6518
2025-11-05 12:55:28,USD/CAD,1.9294117647058897,3.047058823529433,INVALIDÉE,-1.0,2025-11-07 17:00:00,1.4132,1.4047
2025-11-05 15:22:07,USD/CHF,1.7647058823529067,6.764705882352842,INVALIDÉE,-1.0,2025-11-05 22:00:00,0.8106,0.8089
2025-11-07 10:17:23,SILVER - CAD,1.5238095238096043,17.28571428571478,INVALIDÉE,-1.0,2025-11-07 11:00:00,68.83,68.62
2025-11-10 08:13:19,GOLD - EUR,1.8656660412758008,8.207879924953076,OBJECTIF ATTEINT,8.410530763060303,2025-11-11 00:00:00,3526.12,3499.47
2025-11-10 08:13:20,GOLD - GBP,1.5066781559672642,6.562688496337782,OBJECTIF ATTEINT,7.246661964060126,2025-11-11 00:00:00,3100.83,3077.62
2025-11-10 08:13:26,GOLD - CAD,1.8911495422176765,8.458799593082308,OBJECTIF ATTEINT,8.5754722307388,2025-11-11 01:00:00,5716.59,5667.44
2025-11-10 10:15:50,EUR/USD,2.0,3.4736842105262604,INVALIDÉE,-1.0,2025-11-10 15:00:00,1.1571,1.1552
2025-11-11 12:53:23,SILVER - USD,1.6644736842105314,2.08552631578948,OBJECTIF ATTEINT,2.067763760215364,2025-11-13 03:00:00,51.12,49.6
2025-11-12 00:45:53,SILVER - AUD,1.5568627450980406,2.007843137254906,OBJECTIF ATTEINT,3.848312245140458,2025-11-13 03:00:00,78.64,76.09
2025-11-12 15:22:21,SILVER - AUD,1.4550898203592757,2.143712574850296,OBJECTIF ATTEINT,5.006704326412057,2025-11-13 03:00:00,80.18,78.51
2025-11-13 01:14:51,USD/JPY,2.099999999999966,3.539999999999964,INVALIDÉE,-1.0,2025-11-13 09:00:00,154.99,154.49
2025-11-13 04:13:07,GOLD - EUR,2.011025587684621,2.234241730809231,INVALIDÉE,-1.0,2025-11-13 18:00:00,3637.46,3589.39
2025-11-13 06:13:42,AUD/USD,2.099999999999989,4.899999999999956,INVALIDÉE,-1.0,2025-11-13 18:00:00,0.6558,0.6538
2025-11-13 13:18:50,GBP/JPY,1.914893617021233,7.404255319148932,INVALIDÉE,-1.0,2025-11-13 23:00:00,203.74,203.27
2025-11-16 23:54:02,SILVER - USD,2.214285714285717,2.7222222222222263,OBJECTIF ATTEINT,3.923809766012533,2025-11-26 18:00:00,50.86,49.6
2025-11-17 04:45:30,SILVER - AUD,2.41361256544503,3.0157068062827306,OBJECTIF ATTEINT,5.506385458171817,2025-11-28 18:00:00,78.0,76.09
2025-11-17 21:17:24,AUD/USD,1.769230769230789,5.384615384615523,OBJECTIF ATTEINT,1.769230769230789,2025-11-18 04:00:00,0.6491,0.6504
2025-11-18 03:14:41,GOLD - CAD,1.8695652173912285,7.906832298136479,INVALIDÉE,-1.0,2025-11-18 05:00:00,5638.49,5654.59
2025-11-18 07:14:10,S&P500 - MINI S&P500 FULL0926,1.632,8.136,INVALIDÉE,-1.0,2025-11-19 14:30:00,6639.25,6670.5
2025-11-18 07:14:11,NASDAQ100 - MINI NASDAQ100 FULL0926,2.630813953488372,7.487441860465096,INVALIDÉE,-1.0,2025-11-18 14:30:00,24623.25,24709.25
2025-11-19 05:58:12,SILVER - CAD,1.426160337552738,1.83966244725738,OBJECTIF ATTEINT,3.323988687207425,2025-11-26 18:00:00,71.9,69.53
2025-11-19 19:19:13,AUD/JPY,1.7307692307693023,3.307692307692421,OBJECTIF ATTEINT,3.98846646822431,2025-11-19 21:00:00,101.38,101.12
2025-11-20 00:16:44,AUD/JPY,1.4687500000000278,7.218750000000161,OBJECTIF ATTEINT,7.637503242492845,2025-11-20 13:00:00,101.77,101.45
2025-11-20 10:17:57,GBP/JPY,2.5897435897437298,5.0000000000002185,OBJECTIF ATTEINT,4.885894931891196,2025-11-20 14:00:00,205.76,205.37
2025-11-24 19:18:38,GOLD - CHF,1.6306042884990648,4.675438596491361,OBJECTIF ATTEINT,5.117680369717707,2025-11-24 21:00:00,3327.35,3317.09
2025-11-25 03:13:51,GOLD - CHF,2.0512315270935937,10.202955665024534,INVALIDÉE,-1.0,2025-11-25 07:00:00,3354.23,3344.08
2025-11-27 22:00:01,SILVER - CHF,2.8923076923077025,5.415384615384632,OBJECTIF ATTEINT,5.666659609654737,2025-11-28 18:00:00,42.98,42.33
2025-11-28 14:18:11,GOLD - GBP,2.490356516656915,4.868497954412598,OBJECTIF ATTEINT,5.831971021965794,2025-11-28 18:00:00,3169.85,3152.74
2025-11-28 14:18:14,SILVER - NZD,1.3617021276595789,7.148936170212782,OBJECTIF ATTEINT,9.26619372787466,2025-11-28 18:00:00,95.28,94.81
2025-12-02 04:13:22,AUD/USD,1.5454545454544903,4.545454545454591,OBJECTIF ATTEINT,4.415852338617541,2025-12-02 14:00:00,0.655,0.6539
2025-12-02 19:14:25,EUR/GBP,1.352941176470542,1.9999999999999347,INVALIDÉE,-1.0,2025-12-03 08:00:00,0.8797,0.878
2025-12-02 22:14:39,GBP/CHF,1.8666666666665384,3.533333333333254,INVALIDÉE,-1.0,2025-12-03 07:00:00,1.0606,1.0621
2025-12-02 23:14:37,AUD/USD,3.000000000000101,6.454545454545509,OBJECTIF ATTEINT,6.937276892228695,2025-12-03 15:00:00,0.6567,0.6556
2025-12-03 14:02:25,SILVER - NZD,1.3950617283950522,7.925925925925888,INVALIDÉE,-1.0,2025-12-03 16:00:00,102.54,101.73
2025-12-04 01:13:56,AUD/JPY,1.7142857142857215,4.2142857142857215,INVALIDÉE,-1.0,2025-12-04 11:00:00,102.52,102.24
2025-12-04 12:20:24,EUR/USD,1.583333333333372,3.0833333333334183,INVALIDÉE,-1.0,2025-12-04 20:00:00,1.1677,1.1653
2025-12-08 20:18:55,GBP/JPY,1.7407407407407622,4.222222222222286,OBJECTIF ATTEINT,4.7370510525173986,2025-12-09 08:00:00,207.75,207.21
2025-12-09 08:15:05,AUD/JPY,1.5405405405406007,3.513513513513636,OBJECTIF ATTEINT,3.6256784799937876,2025-12-09 16:00:00,103.74,103.37
2025-12-09 13:18:35,USD/CHF,2.1818181818181634,6.454545454545509,INVALIDÉE,-1.0,2025-12-09 22:00:00,0.8064,0.8053
2025-12-09 16:21:18,NZD/USD,2.9285714285712814,6.714285714285363,INVALIDÉE,-1.0,2025-12-09 18:00:00,0.5793,0.5779
2025-12-09 18:01:53,SILVER - EUR,1.550724637681157,5.3478260869565135,OBJECTIF ATTEINT,5.318751474433087,2025-12-11 01:00:00,51.82,50.44
2025-12-09 18:01:54,SILVER - GBP,2.021276595744692,6.776595744680872,OBJECTIF ATTEINT,6.700780663893672,2025-12-11 01:00:00,45.3,44.36
2025-12-09 18:01:58,SILVER - CAD,1.8552631578947367,2.743421052631587,OBJECTIF ATTEINT,3.0400962894579324,2025-12-11 00:00:00,83.45,81.93
2025-12-09 18:01:59,SILVER - NZD,2.3009708737864027,7.344660194174747,OBJECTIF ATTEINT,7.56854087834376,2025-12-11 15:00:00,104.22,102.16
2025-12-10 06:46:02,SILVER - AUD,1.7719298245614106,7.198830409356753,OBJECTIF ATTEINT,7.255741842427078,2025-12-11 15:00:00,92.57,90.86
2025-12-11 16:22:47,EUR/GBP,2.1111111111113576,3.3333333333337034,OBJECTIF ATTEINT,3.8611352072826506,2025-12-12 07:00:00,0.8754,0.8745
2025-12-12 10:18:00,EUR/GBP,1.7777777777776818,2.9999999999998765,OBJECTIF ATTEINT,2.92778591579855,2025-12-12 15:00:00,0.8768,0.8759
2025-12-15 09:17:28,GOLD - CHF,1.3679685580938346,2.8368951117661427,INVALIDÉE,-1.0,2025-12-16 05:00:00,3463.38,3422.67
2025-12-17 01:15:15,EUR/JPY,1.4347826086954696,3.0869565217389208,INVALIDÉE,-1.0,2025-12-17 02:00:00,181.63,181.86
2025-12-17 01:57:47,SILVER - GBP,1.3878787878787886,1.7090909090909108,OBJECTIF ATTEINT,1.62286898427881,2025-12-22 01:00:00,48.85,47.2
2025-12-19 04:14:25,CHF/JPY,1.810344827586276,4.051724137931136,OBJECTIF ATTEINT,3.956891500538934,2025-12-19 08:00:00,196.04,195.46
2025-12-21 23:16:27,SILVER - EUR,1.7710843373493848,3.903614457831294,OBJECTIF ATTEINT,3.893951197458433,2025-12-22 02:00:00,57.56,56.73
2025-12-21 23:16:29,SILVER - GBP,2.886363636363642,6.36363636363639,OBJECTIF ATTEINT,6.265364286669482,2025-12-22 02:00:00,50.39,49.95
2025-12-21 23:16:32,SILVER - CHF,1.984848484848477,4.409090909090879,OBJECTIF ATTEINT,4.40924194670284,2025-12-22 02:00:00,53.64,52.98
2025-12-21 23:16:34,SILVER - NZD,1.5102040816326534,2.1360544217687094,OBJECTIF ATTEINT,2.1504472941131314,2025-12-22 02:00:00,117.13,115.66
2025-12-22 01:14:14,SILVER - AUD,1.5970149253731307,4.0074626865671465,OBJECTIF ATTEINT,4.249545829678043,2025-12-22 03:00:00,102.54,101.2
2025-12-22 05:13:43,SILVER - CHF,1.642857142857114,10.428571428571342,INVALIDÉE,-1.0,2025-12-22 06:00:00,55.09,54.95
2025-12-22 07:54:07,GOLD - GBP,1.7579258463192005,5.232401934443876,INVALIDÉE,-1.0,2025-12-29 14:00:00,3290.37,3253.15
2025-12-25 06:14:08,NZD/USD,2.4999999999999307,6.812499999999818,INVALIDÉE,-1.0,2025-12-26 06:00:00,0.5847,0.5831
2025-12-25 06:14:16,GBP/USD,2.5862068965515577,4.551724137930797,INVALIDÉE,-1.0,2025-12-26 05:00:00,1.3521,1.3492
2025-12-28 23:14:53,AUD/USD,2.090909090909082,4.000000000000051,INVALIDÉE,-1.0,2025-12-29 12:00:00,0.6713,0.6691
2026-01-02 16:21:02,GBP/JPY,2.999999999999865,5.809523809523584,INVALIDÉE,-1.0,2026-01-02 17:00:00,211.31,211.1
2026-01-05 00:13:26,USD/CAD,3.0,6.473684210526261,OBJECTIF ATTEINT,6.334206249839274,2026-01-05 13:00:00,1.3747,1.3728
2026-01-05 03:14:05,AUD/JPY,1.444444444444532,7.277777777778089,INVALIDÉE,-1.0,2026-01-05 04:00:00,105.02,104.84
2026-01-05 14:16:24,SILVER - CHF,2.1315789473684235,4.539473684210542,OBJECTIF ATTEINT,4.516621736610983,2026-01-06 04:00:00,60.89,60.13
2026-01-05 14:16:25,SILVER - CAD,1.9632352941176487,4.330882352941178,OBJECTIF ATTEINT,4.350559009572884,2026-01-06 03:00:00,105.58,104.22
2026-01-07 04:45:34,AUD/JPY,1.8588235294117752,3.776470588235312,OBJECTIF ATTEINT,3.7841190113740915,2026-01-22 00:00:00,105.89,105.04
2026-01-09 10:54:28,GOLD - EUR,1.6431839948919889,3.0029796743641706,OBJECTIF ATTEINT,3.001102289686798,2026-01-14 19:00:00,3838.83,3744.86
2026-01-12 06:49:33,GOLD - GBP,1.5444143956729912,3.774703557312282,OBJECTIF ATTEINT,4.00910437617637,2026-01-19 04:00:00,3404.85,3356.78
2026-01-12 06:49:36,GOLD - AUD,1.908376685423089,4.353859220724089,OBJECTIF ATTEINT,4.270877097768008,2026-01-20 08:00:00,6829.61,6735.42
2026-01-15 20:19:39,USD/CHF,2.066666666666583,7.133333333333018,INVALIDÉE,-1.0,2026-01-16 09:00:00,0.8033,0.8018
2026-01-16 17:20:04,USD/CAD,2.636363636363673,5.772727272727397,INVALIDÉE,-1.0,2026-01-19 00:00:00,1.392,1.3898
2026-01-19 17:14:35,SILVER - GBP,1.633802816901418,7.408450704225425,INVALIDÉE,-1.0,2026-01-20 06:00:00,70.3,69.59
2026-01-19 17:14:36,SILVER - CHF,2.6000000000000285,10.033333333333422,INVALIDÉE,-1.0,2026-01-20 06:00:00,75.28,74.68
2026-01-19 17:14:39,SILVER - AUD,1.5888888888888706,3.23888888888886,INVALIDÉE,-1.0,2026-01-20 06:00:00,140.58,138.78
2026-01-19 17:14:40,SILVER - CAD,1.396341463414641,6.134146341463467,INVALIDÉE,-1.0,2026-01-20 06:00:00,130.88,129.24
2026-01-20 08:14:48,AUD/USD,2.909090909090918,8.45454545454551,INVALIDÉE,-1.0,2026-01-20 09:00:00,0.6746,0.6735
2026-01-20 08:15:06,GOLD - CHF,1.7433707865168524,4.470112359550564,OBJECTIF ATTEINT,4.9437515359188815,2026-01-21 00:00:00,3744.5,3722.25
2026-01-20 11:17:51,SILVER - CHF,3.0,11.919999999999987,INVALIDÉE,-1.0,2026-01-20 13:00:00,75.34,74.84
2026-01-22 07:13:26,GBP/JPY,1.6666666666668422,3.740740740741064,OBJECTIF ATTEINT,3.7648152669273345,2026-01-22 18:00:00,213.29,213.02
2026-01-22 08:14:48,NZD/USD,2.5714285714284806,7.714285714285284,OBJECTIF ATTEINT,9.955275017874087,2026-01-22 11:00:00,0.5858,0.5851
2026-01-22 10:19:59,EUR/JPY,2.9032258064515184,5.645161290322539,OBJECTIF ATTEINT,6.1048375283516165,2026-01-23 03:00:00,185.52,185.21
2026-01-23 04:14:24,SILVER - EUR,1.765027322404375,5.530054644808751,OBJECTIF ATTEINT,5.552862400546712,2026-01-23 21:00:00,84.07,82.24
2026-01-23 04:14:25,SILVER - GBP,1.4874999999999892,5.16874999999997,OBJECTIF ATTEINT,5.36794864149085,2026-01-23 21:00:00,73.18,71.58
2026-01-23 04:14:26,SILVER - CHF,2.6859504132231544,7.975206611570294,OBJECTIF ATTEINT,8.796839924537863,2026-01-26 00:00:00,78.05,76.84
2026-01-23 04:14:28,SILVER - CAD,1.580000000000003,5.236666666666669,OBJECTIF ATTEINT,5.150508530856324,2026-01-23 20:00:00,136.2,133.2
2026-01-23 17:07:48,EUR/USD,1.5322580645161434,4.564516129032269,OBJECTIF ATTEINT,4.827299690246583,2026-01-26 01:00:00,1.1776,1.1714
2026-01-23 19:18:46,NASDAQ100 - MINI NASDAQ100 FULL0926,1.9549058473736087,2.963330029732365,INVALIDÉE,-1.0,2026-01-23 19:30:00,25755.5,25654.6
2026-01-25 23:58:58,SILVER - AUD,1.602189781021901,2.7864963503649705,OBJECTIF ATTEINT,3.0059031465143,2026-01-26 15:00:00,151.89,146.41
2026-01-25 23:58:59,SILVER - NZD,1.5043227665705992,2.530259365994223,OBJECTIF ATTEINT,2.685883994994973,2026-01-26 15:00:00,176.11,169.17
2026-01-26 06:12:50,GOLD - CHF,1.553352219074615,5.831444759206833,INVALIDÉE,-1.0,2026-01-26 14:00:00,3946.21,3925.03
2026-01-26 06:12:51,GOLD - AUD,1.5331385154880406,4.021507890122769,INVALIDÉE,-1.0,2026-01-26 19:00:00,7341.86,7256.31
2026-01-27 11:17:55,SILVER - AUD,2.212871287128701,3.5049504950494934,INVALIDÉE,-1.0,2026-01-27 12:00:00,162.69,160.67
2026-01-27 11:18:18,EUR/CHF,1.4999999999999445,2.799999999999911,OBJECTIF ATTEINT,2.9700043678283468,2026-01-27 12:00:00,0.9217,0.9227
2026-01-27 20:18:58,GOLD - CAD,2.1670761670761487,6.639475839475807,OBJECTIF ATTEINT,10.422977182587363,2026-01-28 03:00:00,6990.27,6929.22
2026-01-27 22:15:54,USD/JPY,1.776315789473698,7.500000000000075,INVALIDÉE,-1.0,2026-01-28 01:00:00,152.22,152.98
2026-01-27 23:14:26,GOLD - GBP,2.027400703871308,5.512066365007576,OBJECTIF ATTEINT,8.196914707712535,2026-01-28 07:00:00,3738.35,3698.57
2026-01-28 00:52:24,NZD/USD,1.9210526315789276,4.421052631578927,INVALIDÉE,-1.0,2026-02-04 17:00:00,0.6028,0.599
2026-01-28 04:14:39,GOLD - CHF,1.3628179158226272,4.439342786405548,OBJECTIF ATTEINT,6.990377752693524,2026-01-28 08:00:00,4009.17,3964.74
2026-01-28 18:19:20,SILVER - AUD,1.5037593984962585,5.902255639097832,OBJECTIF ATTEINT,6.008933863186795,2026-01-28 20:00:00,161.92,160.59
2026-01-28 18:19:21,SILVER - CAD,1.3983739837398157,5.959349593495834,OBJECTIF ATTEINT,6.504979437376458,2026-01-28 19:00:00,153.99,152.76
2026-01-29 03:15:48,AUD/USD,1.9302325581394923,3.232558139534828,INVALIDÉE,-1.0,2026-01-29 15:00:00,0.7064,0.7021
2026-02-03 20:20:23,EUR/JPY,2.1666666666666035,6.466666666666414,OBJECTIF ATTEINT,6.3499816894530134,2026-02-04 01:00:00,184.06,183.76
2026-02-03 22:15:19,CHF/JPY,1.6666666666666516,4.1428571428571495,OBJECTIF ATTEINT,3.9960232204861157,2026-02-04 11:00:00,200.87,200.24
2026-02-04 03:13:41,AUD/JPY,1.8666666666666036,11.133333333332924,INVALIDÉE,-1.0,2026-02-04 16:00:00,109.7,109.55
2026-02-04 05:50:26,AUD/JPY,2.2307692307692397,5.5897435897435805,INVALIDÉE,-1.0,2026-02-05 03:00:00,109.88,109.1
2026-02-11 06:16:50,AUD/USD,3.0000000000000924,10.000000000000185,OBJECTIF ATTEINT,10.301162974039968,2026-02-12 01:00:00,0.7111,0.7099
2026-02-17 08:14:29,GBP/USD,2.736842105263072,5.947368421052521,INVALIDÉE,-1.0,2026-02-17 09:00:00,1.3571,1.359
2026-02-18 17:22:39,CHF/JPY,2.896551724138022,5.586206896551893,OBJECTIF ATTEINT,5.650004630253438,2026-02-19 03:00:00,200.01,199.72
2026-02-18 21:18:59,AUD/USD,1.6521739130435118,4.65217391304356,INVALIDÉE,-1.0,2026-02-19 01:00:00,0.7042,0.7065
2026-02-20 11:19:21,GOLD - CAD,1.851375332741776,16.448535936113604,OBJECTIF ATTEINT,22.033482588215467,2026-02-20 13:00:00,6887.59,6865.05
2026-02-20 13:19:25,GOLD - EUR,1.5305623471882923,8.094743276283799,OBJECTIF ATTEINT,8.936827596048806,2026-02-20 14:00:00,4273.54,4257.18
2026-02-23 10:18:52,EUR/JPY,1.3513513513513349,2.8378378378378337,INVALIDÉE,-1.0,2026-02-23 15:00:00,182.66,182.29
2026-02-23 14:18:43,EUR/CHF,1.7272727272727548,8.363636363636427,INVALIDÉE,-1.0,2026-02-23 15:00:00,0.9142,0.9131
2026-02-24 04:14:14,EUR/CHF,1.875000000000017,3.2499999999999654,INVALIDÉE,-1.0,2026-02-24 08:00:00,0.9135,0.9127
2026-02-25 06:15:36,SILVER - CAD,2.8750000000000027,11.929687499999998,INVALIDÉE,-1.0,2026-02-25 20:00:00,123.85,122.57
2026-02-25 06:15:37,SILVER - NZD,2.0170454545454715,2.562500000000008,INVALIDÉE,-1.0,2026-02-25 20:00:00,151.31,149.55
2026-02-25 13:29:19,SILVER - AUD,1.781420765027319,3.6721311475409855,INVALIDÉE,-1.0,2026-02-25 20:00:00,127.97,126.14
2026-03-03 10:19:58,AUD/USD,2.6249999999999134,11.999999999999725,OBJECTIF ATTEINT,15.141361331939256,2026-03-03 11:00:00,0.7036,0.7044
2026-03-04 10:21:40,CHF/JPY,3.000000000000248,5.652173913043779,INVALIDÉE,-1.0,2026-03-04 11:00:00,201.11,201.34
2026-03-05 03:14:15,GBP/JPY,2.717948717948819,3.743589743589895,INVALIDÉE,-1.0,2026-03-05 10:00:00,209.61,210.0
2026-03-05 19:29:54,GOLD - USD,2.4694021931375456,7.307392996108834,INVALIDÉE,-1.0,2026-03-05 20:00:00,5065.78,5094.05
2026-03-06 11:23:50,EUR/USD,2.4999999999999445,4.7499999999999165,INVALIDÉE,-1.0,2026-03-06 16:00:00,1.158,1.16
2026-03-09 03:21:29,DAX40 FULL0926,1.5525525525525523,4.75975975975976,INVALIDÉE,-1.0,2026-03-09 09:00:00,22802.0,23135.0
2026-03-10 12:19:27,AUD/JPY,2.9999999999999165,6.764705882352823,OBJECTIF ATTEINT,7.344097541360143,2026-03-10 17:00:00,112.26,112.09
2026-03-12 17:19:58,USD/CAD,2.1363636363636225,4.0454545454545405,OBJECTIF ATTEINT,4.850010317022211,2026-03-13 10:00:00,1.3627,1.3605
2026-03-13 08:12:56,SILVER - GBP,1.3894736842105329,3.2526315789473865,INVALIDÉE,-1.0,2026-03-13 10:00:00,61.85,62.8
2026-03-13 08:12:58,SILVER - AUD,2.3627450980391886,5.539215686274446,INVALIDÉE,-1.0,2026-03-13 09:00:00,116.88,117.9
2026-03-15 23:15:57,NZD/USD,2.333333333333292,4.94444444444439,INVALIDÉE,-1.0,2026-03-16 00:00:00,0.5774,0.5792
2026-03-18 05:15:22,EUR/CHF,2.266666666666795,4.933333333333486,OBJECTIF ATTEINT,4.78333409627295,2026-03-18 17:00:00,0.9064,0.9049
2026-03-18 07:13:54,DAX40 FULL0926,1.396103896103874,5.086580086580007,INVALIDÉE,-1.0,2026-03-18 08:00:00,23918.0,23825.6
2026-03-18 07:14:07,GBP/CHF,2.076923076922893,9.23076923076868,OBJECTIF ATTEINT,9.234589855486986,2026-03-18 17:00:00,1.0501,1.0488
2026-03-18 14:21:16,SILVER - GBP,2.472527472527482,7.307692307692333,OBJECTIF ATTEINT,8.333733982180338,2026-03-19 06:00:00,57.78,58.69
2026-03-19 07:15:55,EUR/GBP,1.416666666666497,2.5833333333331328,INVALIDÉE,-1.0,2026-03-19 08:00:00,0.8646,0.8634
2026-03-19 13:18:17,DAX40 PERF INDEX,1.6945010924981572,3.815695557174031,OBJECTIF ATTEINT,1.6945010924981572,2026-03-23 08:00:00,22810.37,23084.97
2026-03-20 14:21:53,NASDAQ100 - MINI NASDAQ100 FULL0926,2.9697885196374623,8.672205438066465,OBJECTIF ATTEINT,8.698576756042291,2026-03-20 19:30:00,24306.25,24471.75
2026-03-23 20:17:25,GBP/JPY,1.9629629629628929,4.962962962962788,INVALIDÉE,-1.0,2026-03-23 21:00:00,212.78,212.51
2026-03-24 07:16:06,EUR/CHF,1.722222222222301,5.3888888888891735,OBJECTIF ATTEINT,6.688895903693657,2026-03-24 15:00:00,0.9137,0.9119
2026-03-27 15:22:37,USD/JPY,1.4583333333332544,7.041666666666391,INVALIDÉE,-1.0,2026-03-30 04:00:00,159.9,159.66
2026-03-31 00:15:18,S&P500 - MINI S&P500 FULL0926,1.862675159235668,3.829469214437368,INVALIDÉE,-1.0,2026-03-31 16:30:00,6376.75,6494.5
2026-03-31 14:23:29,SILVER - NZD,2.2761904761904965,3.1428571428571623,OBJECTIF ATTEINT,3.075808057793863,2026-03-31 16:00:00,128.66,127.61
2026-03-31 17:19:30,GOLD - EUR,2.842145302396362,8.316850513503265,OBJECTIF ATTEINT,2.842145302396362,2026-04-01 00:00:00,4020.41,3994.12
2026-03-31 17:19:31,SILVER - EUR,1.481481481481498,4.037037037037109,INVALIDÉE,-1.0,2026-04-01 02:00:00,64.69,64.15
2026-04-01 15:21:07,GOLD - EUR,2.5279474994342848,6.24983027834358,INVALIDÉE,-1.0,2026-04-02 01:00:00,4105.99,4061.8
2026-04-01 15:21:08,GOLD - AUD,1.577005393373862,2.3523670918585897,INVALIDÉE,-1.0,2026-04-02 05:00:00,6874.23,6757.42
2026-04-05 21:10:32,USD/JPY,2.0,3.937500000000056,INVALIDÉE,-1.0,2026-04-06 07:00:00,159.65,159.49
2026-04-07 23:15:34,AUD/USD,1.421052631578898,4.368421052631536,INVALIDÉE,-1.0,2026-04-08 03:00:00,0.7064,0.7045
2026-04-08 08:20:40,SILVER - GBP,1.9199999999999875,14.319999999999991,INVALIDÉE,-1.0,2026-04-08 12:00:00,57.39,57.14
2026-04-08 12:22:16,DAX40 PERF INDEX,2.034406509817758,3.769060675747324,INVALIDÉE,-1.0,2026-04-08 13:00:00,24136.79,24023.73
2026-04-10 12:19:36,GBP/USD,1.4166666666667207,5.541666666666802,INVALIDÉE,-1.0,2026-04-12 23:00:00,1.345,1.3426
2026-04-14 10:18:24,DAX40 PERF INDEX,1.394169012051664,4.273652305693861,OBJECTIF ATTEINT,4.824448270729611,2026-04-16 10:00:00,23970.72,23832.15
2026-04-14 14:22:45,SILVER - AUD,1.4057971014492785,10.43478260869567,OBJECTIF ATTEINT,13.024524290946408,2026-04-14 16:00:00,110.37,109.68
2026-04-15 02:13:24,SILVER - NZD,2.039999999999992,8.099999999999994,INVALIDÉE,-1.0,2026-04-15 03:00:00,137.06,136.06
2026-04-16 03:12:47,SILVER - EUR,2.151898734177202,3.607594936708825,INVALIDÉE,-1.0,2026-04-16 12:00:00,68.11,67.32
2026-04-16 03:12:49,SILVER - CHF,2.056338028169044,6.352112676056401,INVALIDÉE,-1.0,2026-04-16 12:00:00,62.8,62.09
2026-04-16 04:18:24,USD/JPY,1.913043478260945,3.4782608695654216,INVALIDÉE,-1.0,2026-04-16 06:00:00,158.69,158.92
2026-04-16 13:18:50,DAX40 PERF INDEX,2.105537669027685,4.954282034771443,OBJECTIF ATTEINT,5.181488449774664,2026-04-17 12:00:00,24235.93,24080.63
2026-04-20 07:17:01,DAX40 PERF INDEX,2.175495262704514,4.203129486075108,INVALIDÉE,-1.0,2026-04-20 09:00:00,24702.24,24562.92
2026-04-21 07:15:06,GOLD - AUD,2.6962699822380785,15.439609236234777,OBJECTIF ATTEINT,15.751663827558142,2026-04-21 14:00:00,6680.13,6702.65
2026-04-21 16:07:52,CHF/JPY,2.5783132530119928,5.530120481927631,INVALIDÉE,-1.0,2026-04-22 12:00:00,204.34,203.51
2026-04-22 18:19:17,NASDAQ100 INDEX,2.3040763863385747,5.9102093279470616,OBJECTIF ATTEINT,6.76366800174434,2026-04-24 15:30:00,26885.15,26721.77
2026-04-24 03:15:23,USD/CAD,2.0,3.399999999999941,INVALIDÉE,-1.0,2026-04-24 07:00:00,1.371,1.3695
2026-04-24 06:18:40,NASDAQ100 - MINI NASDAQ100 FULL0926,2.2319995777027275,5.820682010135166,OBJECTIF ATTEINT,6.7273939802840355,2026-05-01 13:30:00,27082.5,26893.06
2026-04-29 15:22:02,SILVER - EUR,2.547619047619038,6.119047619047595,INVALIDÉE,-1.0,2026-04-29 16:00:00,61.21,61.63
2026-04-29 15:22:04,SILVER - NZD,1.999999999999991,4.098039215686269,INVALIDÉE,-1.0,2026-04-30 00:00:00,122.57,124.1
2026-04-29 15:22:15,GBP/JPY,2.3142857142857585,5.485714285714339,INVALIDÉE,-1.0,2026-04-30 07:00:00,216.09,215.74
2026-05-03 21:40:33,AUD/USD,1.805555555555561,6.555555555555573,INVALIDÉE,-1.0,2026-05-05 05:00:00,0.7219,0.7147
2026-05-04 02:56:34,EUR/GBP,2.442307692307688,7.423076923076942,INVALIDÉE,-1.0,2026-05-12 07:00:00,0.8632,0.8684
2026-05-07 22:22:00,USD/CAD,1.6315789473683473,2.631578947368347,OBJECTIF ATTEINT,2.5500032726084765,2026-05-08 12:00:00,1.3661,1.3642
2026-05-08 18:04:58,NASDAQ100 INDEX,2.609615851847877,9.731960154415232,OBJECTIF ATTEINT,2.609615851847877,2026-05-28 14:30:00,29159.67,28789.24
2026-05-11 03:21:36,AUD/JPY,1.3636363636364224,3.136363636363642,OBJECTIF ATTEINT,3.1363492098721903,2026-05-11 13:00:00,113.63,113.41
2026-05-11 15:24:39,SILVER - CAD,1.817204301075267,5.612903225806452,INVALIDÉE,-1.0,2026-05-12 11:00:00,117.01,115.15
2026-05-12 11:20:22,USD/CAD,1.812500000000026,10.624999999999636,INVALIDÉE,-1.0,2026-05-12 13:00:00,1.3711,1.3695
2026-05-13 21:13:50,AUD/USD,1.4166666666667207,7.333333333333488,INVALIDÉE,-1.0,2026-05-14 02:00:00,0.7261,0.7249
2026-05-15 09:17:18,GOLD - EUR,1.9333333333332423,8.611594202898214,INVALIDÉE,-1.0,2026-05-15 10:00:00,3908.45,3918.8
2026-05-19 20:17:04,GOLD - EUR,1.6508166969147176,9.269328493648016,INVALIDÉE,-1.0,2026-05-20 14:00:00,3864.8,3892.35
2026-05-22 05:16:23,GBP/JPY,1.4411764705882475,7.23529411764701,OBJECTIF ATTEINT,7.294104362936557,2026-05-24 23:00:00,213.63,213.29
2026-05-25 08:19:01,SILVER - AUD,1.4555555555555488,4.422222222222199,INVALIDÉE,-1.0,2026-05-26 04:00:00,108.7,107.8
2026-05-25 11:19:31,GOLD - EUR,2.987303199593679,5.032503809040092,INVALIDÉE,-1.0,2026-05-26 04:00:00,3928.78,3909.09
2026-05-26 11:17:56,EUR/USD,1.4615384615386324,3.1538461538466662,INVALIDÉE,-1.0,2026-05-26 13:00:00,1.1643,1.163
2026-05-26 15:23:02,AUD/JPY,1.687500000000011,3.2500000000000444,INVALIDÉE,-1.0,2026-05-27 01:00:00,114.14,113.98
2026-05-27 15:24:30,EUR/CHF,1.909090909090725,7.090909090908366,OBJECTIF ATTEINT,6.95000133514339,2026-06-03 10:00:00,0.9149,0.9138
2026-05-27 23:16:49,USD/CHF,2.1818181818181634,3.1818181818181634,INVALIDÉE,-1.0,2026-05-28 14:00:00,0.7871,0.786
2026-05-28 15:22:41,NZD/USD,2.666666666666568,4.599999999999837,OBJECTIF ATTEINT,2.666666666666568,2026-05-29 09:00:00,0.5927,0.5912
2026-06-01 05:15:46,AUD/JPY,1.3749999999999407,3.416666666666509,INVALIDÉE,-1.0,2026-06-01 12:00:00,114.59,114.35
2026-06-03 04:14:21,USD/CHF,1.875000000000017,5.874999999999878,OBJECTIF ATTEINT,5.774992680549458,2026-06-03 12:00:00,0.7884,0.7876
2026-06-03 17:18:03,NZD/USD,2.6666666666666976,6.000000000000092,INVALIDÉE,-1.0,2026-06-04 01:00:00,0.5864,0.5876
2026-06-03 20:17:14,SILVER - GBP,2.300000000000038,3.6000000000000285,INVALIDÉE,-1.0,2026-06-03 22:00:00,54.35,54.65
2026-06-03 20:17:16,SILVER - CAD,1.9673913043478093,3.358695652173895,INVALIDÉE,-1.0,2026-06-03 23:00:00,101.32,102.24
2026-06-03 20:17:18,GBP/CHF,1.6956521739130728,5.304347826087024,INVALIDÉE,-1.0,2026-06-03 21:00:00,1.0631,1.0608
2026-06-05 04:49:40,GOLD - GBP,1.4304503786369085,4.27514281918427,OBJECTIF ATTEINT,4.250010185847145,2026-06-09 16:00:00,3307.65,3382.92
2026-06-05 21:18:12,USD/JPY,1.9444444444446465,7.222222222223152,INVALIDÉE,-1.0,2026-06-08 08:00:00,160.29,160.11
2026-06-05 21:55:02,GOLD - EUR,2.4641029872916294,5.898663145733607,OBJECTIF ATTEINT,2.4641029872916294,2026-06-10 12:00:00,3758.73,3819.32
2026-06-08 05:53:40,USD/CAD,1.5294117647058458,2.4999999999999347,OBJECTIF ATTEINT,2.497057449116358,2026-06-17 18:00:00,1.3943,1.3875
2026-06-10 23:14:52,AUD/USD,1.5483870967742062,3.290322580645166,INVALIDÉE,-1.0,2026-06-11 17:00:00,0.6988,0.7019
2026-06-11 05:07:36,GOLD - EUR,1.617280845176714,6.742422336813001,INVALIDÉE,-1.0,2026-06-11 17:00:00,3529.92,3609.43
2026-06-15 00:14:54,GBP/JPY,1.7272727272728448,3.9090909090909913,INVALIDÉE,-1.0,2026-06-15 07:00:00,215.23,215.01
2026-06-16 17:19:11,EUR/GBP,1.9999999999997224,8.999999999998336,OBJECTIF ATTEINT,1.9999999999997224,2026-06-17 15:00:00,0.8648,0.8644
2026-06-16 23:16:16,EUR/USD,2.14285714285712,5.785714285714002,INVALIDÉE,-1.0,2026-06-17 10:00:00,1.1614,1.16
2026-06-17 14:18:20,USD/CAD,2.187499999999974,6.312499999999818,OBJECTIF ATTEINT,6.787494158744606,2026-06-17 18:00:00,1.4012,1.3996
2026-06-17 22:53:17,USD/CHF,2.431818181818214,12.500000000000126,OBJECTIF ATTEINT,2.431818181818214,2026-06-23 17:00:00,0.7997,0.7953
2026-06-18 10:22:01,DAX40 FULL0926,1.8656716417910597,5.5981876332623095,OBJECTIF ATTEINT,7.3960587686567765,2026-06-19 07:00:00,24948.0,24854.2
2026-06-18 14:22:20,EUR/GBP,1.7999999999999112,6.0,OBJECTIF ATTEINT,1.7999999999999112,2026-06-18 22:08:15,0.8666,0.8656
2026-06-21 22:18:47,EUR/GBP,1.678571428571427,2.8571428571428346,INVALIDÉE,-1.0,2026-06-22 10:00:00,0.8679,0.8651
2026-06-22 20:18:27,DAX40 FULL0926,1.61364020270271,2.8885135135135225,INVALIDÉE,-1.0,2026-06-23 07:00:00,25270.0,25033.2
2026-06-23 23:21:25,GOLD - USD,2.1824134705331906,3.538821328344222,OBJECTIF ATTEINT,4.402804077262596,2026-06-24 12:00:00,4099.57,4120.95
2026-06-24 12:17:00,GOLD - EUR,2.2449331608451844,7.469598965071125,OBJECTIF ATTEINT,2.2449331608451844,2026-06-24 18:00:00,3560.72,3583.91
2026-06-24 12:17:01,GOLD - CHF,1.447483958122254,4.178655859506906,OBJECTIF ATTEINT,1.447483958122254,2026-06-24 13:00:00,3280.44,3310.05
2026-06-26 03:16:35,GOLD - GBP,2.616071428571417,11.02232142857138,INVALIDÉE,-1.0,2026-06-26 06:00:00,3031.24,3062.6
2026-06-26 03:16:36,GOLD - CAD,2.621832358674373,10.851851851851634,INVALIDÉE,-1.0,2026-06-26 04:00:00,5678.2,5693.59
2026-06-26 05:16:46,SILVER - EUR,2.0263157894737165,8.842105263158018,INVALIDÉE,-1.0,2026-06-26 06:00:00,49.77,50.15
2026-06-26 05:16:47,SILVER - CHF,1.3809523809523714,2.9047619047618904,INVALIDÉE,-1.0,2026-06-26 06:00:00,45.79,46.21
2026-06-26 05:16:48,SILVER - CAD,1.815384615384588,6.292307692307621,INVALIDÉE,-1.0,2026-06-26 06:00:00,80.35,81.0
2026-06-30 10:18:41,NZD/USD,1.5,3.045454545454591,OBJECTIF ATTEINT,3.1391368432479063,2026-06-30 14:00:00,0.5656,0.5634
2026-06-30 18:19:02,CHF/JPY,2.9428571428569548,7.228571428570962,INVALIDÉE,-1.0,2026-07-01 01:00:00,201.27,200.92
2026-06-30 22:19:39,GBP/CHF,1.636363636363306,3.3636363636358864,OBJECTIF ATTEINT,4.040929066050694,2026-07-01 09:00:00,1.0716,1.0705
2026-07-01 17:18:34,SILVER - EUR,1.3500000000000028,8.150000000000023,INVALIDÉE,-1.0,2026-07-02 00:00:00,52.65,52.25
2026-07-01 17:18:35,SILVER - CHF,2.2857142857142785,7.464285714285696,INVALIDÉE,-1.0,2026-07-01 20:00:00,48.47,48.19
2026-07-01 17:18:36,SILVER - CAD,2.409090909090853,5.33333333333324,INVALIDÉE,-1.0,2026-07-02 00:00:00,85.15,84.49
2026-07-01 21:14:57,GBP/USD,2.631578947368347,7.526315789473623,OBJECTIF ATTEINT,7.6030493485298924,2026-07-02 07:00:00,1.3282,1.3263
2026-07-02 02:16:45,SILVER - EUR,2.3783783783784016,6.02702702702708,OBJECTIF ATTEINT,6.313844628612242,2026-07-02 12:00:00,52.62,52.25
2026-07-02 02:16:47,SILVER - AUD,2.3225806451612696,10.322580645161224,OBJECTIF ATTEINT,2.3225806451612696,2026-07-02 12:00:00,86.86,86.24
2026-07-02 02:16:48,SILVER - CAD,2.409090909090853,8.49999999999986,OBJECTIF ATTEINT,2.409090909090853,2026-07-02 12:00:00,85.15,84.49
2026-07-02 04:13:46,SILVER - GBP,2.137931034482756,6.551724137931049,INVALIDÉE,-1.0,2026-07-02 05:00:00,45.35,45.06
2026-07-02 05:16:39,NZD/USD,1.374999999999948,3.874999999999879,OBJECTIF ATTEINT,4.794112539291269,2026-07-02 08:00:00,0.5678,0.567
2026-07-03 02:19:44,SILVER - EUR,1.9545454545454632,13.500000000000064,OBJECTIF ATTEINT,1.9545454545454632,2026-07-03 03:00:00,54.42,54.2
2026-07-03 02:19:47,SILVER - NZD,3.0000000000000373,13.842105263158071,OBJECTIF ATTEINT,3.0000000000000373,2026-07-05 23:00:00,109.05,108.67
2026-07-09 12:19:15,NZD/USD,2.8666666666665384,6.733333333333077,OBJECTIF ATTEINT,7.690258789062159,2026-07-10 01:00:00,0.5742,0.5727
2026-07-10 16:16:50,AUD/USD,1.7647058823529067,5.470588235293991,INVALIDÉE,-1.0,2026-07-12 23:00:00,0.6964,0.6947
2026-07-14 05:14:40,NZD/USD,2.222222222222195,9.222222222222072,OBJECTIF ATTEINT,2.222222222222195,2026-07-14 12:00:00,0.5793,0.5784
2026-07-17 08:57:17,GOLD - GBP,1.9057886557886488,4.779720279720277,INVALIDÉE,-1.0,2026-07-21 05:00:00,2973.41,3024.89
2026-07-20 20:16:09,USD/CHF,1.5999999999999113,3.33333333333321,OBJECTIF ATTEINT,3.489999898274566,2026-07-21 14:00:00,0.8102,0.8087
2026-07-21 16:19:40,GOLD - AUD,1.8549618320610688,3.3230534351145296,OBJECTIF ATTEINT,3.6981815831111,2026-07-22 01:00:00,5819.48,5786.73
2026-07-21 22:18:40,GOLD - GBP,1.3831919814957607,5.046260601387811,OBJECTIF ATTEINT,1.3831919814957607,2026-07-22 02:00:00,3050.83,3024.89
2026-07-22 00:13:46,GOLD - CAD,1.9513303049967743,3.2446463335496736,OBJECTIF ATTEINT,1.9513303049967743,2026-07-22 13:00:00,5771.48,5725.25
2026-07-22 03:18:01,GOLD - NZD,2.0665521683125885,13.301846285959668,INVALIDÉE,-1.0,2026-07-22 06:00:00,7102.75,7079.46
2026-07-23 12:21:19,GBP/CHF,1.8571428571431745,2.7142857142860315,INVALIDÉE,-1.0,2026-07-23 13:00:00,1.0896,1.0882
2026-07-24 18:20:26,EUR/USD,2.5833333333333237,4.111111111111036,INVALIDÉE,-1.0,2026-07-27 00:00:00,1.137,1.1406
2026-07-24 21:15:51,GBP/CHF,1.352941176470542,2.0588235294116264,INVALIDÉE,-1.0,2026-07-27 00:00:00,1.0899,1.0882
2026-07-27 05:15:55,DAX40 FULL0926,1.5925850340136094,3.6462585034013606,OBJECTIF ATTEINT,1.5925850340136094,2026-07-27 13:01:50,25418.0,25271.0
2026-07-29 15:20:16,SILVER - CHF,1.9838709677419384,2.90322580645162,INVALIDÉE,-1.0,2026-07-29 23:58:12,46.68,47.3
2026-07-29 15:20:17,SILVER - CAD,1.4137931034482567,2.7471264367815955,INVALIDÉE,-1.0,2026-07-29 23:58:13,80.21,81.08
2026-07-30 03:16:26,EUR/CHF,2.571428571428617,4.857142857142872,INVALIDÉE,-1.0,2026-07-30 11:02:21,0.9337,0.9316
2026-08-05 08:20:04,GOLD - NZD,2.251051486584488,7.396664249456147,OBJECTIF ATTEINT,2.251051486584488,2026-08-05 16:58:00,7101.98,7033.03
2026-08-05 12:21:08,GOLD - EUR,2.395250659630624,9.523482849604326,OBJECTIF ATTEINT,2.395250659630624,2026-08-05 20:59:04,3638.85,3619.9
2026-08-10 20:16:14,SILVER - GBP,2.447368421052679,8.921052631579055,INVALIDÉE,-1.0,2026-08-11 04:54:10,48.66,48.28
2026-08-10 20:16:14,SILVER - EUR,1.4062499999999964,5.859374999999995,INVALIDÉE,-1.0,2026-08-11 04:54:10,56.95,56.31
2026-08-10 20:16:17,SILVER - AUD,1.368421052631572,3.7157894736841857,INVALIDÉE,-1.0,2026-08-11 04:54:13,93.18,92.23
2026-08-10 20:16:18,SILVER - NZD,1.3629032258064395,5.854838709677369,INVALIDÉE,-1.0,2026-08-11 04:54:14,111.76,110.52
2026-08-10 21:14:52,SILVER - CAD,2.7166666666666206,10.916666666666506,INVALIDÉE,-1.0,2026-08-11 05:52:48,91.68,91.08
2026-08-11 02:21:15,GOLD - USD,2.339754816112133,4.13660245183895,INVALIDÉE,-1.0,2026-08-14 00:00:00,4432.07,4392.1
2026-08-12 04:15:55,SILVER - EUR,1.4025974025974168,5.441558441558476,OBJECTIF ATTEINT,1.4025974025974168,2026-08-12 12:53:51,56.51,55.74
2026-08-12 04:15:58,SILVER - AUD,1.487603305785141,3.578512396694232,OBJECTIF ATTEINT,1.487603305785141,2026-08-12 12:53:54,92.38,91.17
2026-08-12 07:19:40,SILVER - GBP,1.500000000000011,10.374999999999991,INVALIDÉE,-1.0,2026-08-12 15:57:36,48.73,48.41
