date_creation,ticker,rr_tp1,rr_tp2,statut_final,r_trailing,resolution_time_est,prix_entree,stop_loss_init
2021-04-22 05:34:38.000,GOLD - NZD,1.093749999999944,12.198369565217146,INVALIDÉE,-1.0,2021-04-22 14:12:34.000,2495.42,2488.06
2021-04-23 12:43:32.000,GOLD - AUD,1.7417910447761775,14.794029850746654,INVALIDÉE,-1.0,2021-04-23 21:21:28.000,2317.85,2311.15
2021-04-23 12:43:34.000,GOLD - NZD,4.013265306122367,8.912244897958987,INVALIDÉE,-1.0,2021-04-23 21:21:30.000,2497.86,2488.06
2021-04-28 06:31:52.000,GOLD - USD,1.0517598343685308,4.180124223602559,OBJECTIF ATTEINT,1.0517598343685308,2021-04-28 15:09:48.000,1768.74,1773.57
2021-04-28 07:33:46.000,GOLD - GBP,1.807471264367796,3.764367816091908,INVALIDÉE,-1.0,2021-04-28 16:11:42.000,1274.07,1277.55
2021-05-10 10:32:34.000,SILVER - CHF,1.8387096774193308,6.709677419354784,INVALIDÉE,-1.0,2021-05-10 19:10:30.000,25.01,24.7
2021-05-10 10:32:36.000,SILVER - CAD,2.791666666666733,9.666666666666874,INVALIDÉE,-1.0,2021-05-10 19:10:32.000,33.66,33.42
2021-05-10 10:32:36.000,SILVER - NZD,1.0,17.49999999999975,OBJECTIF ATTEINT,1.0,2021-05-10 19:10:32.000,38.07,37.97
2021-05-10 10:32:53.000,SILVER - USD,2.294117647058783,4.529411764705834,INVALIDÉE,-1.0,2021-05-10 19:10:49.000,27.76,27.59
2021-05-10 23:30:49.000,GOLD - NZD,1.225581395348846,11.260465116279208,INVALIDÉE,-1.0,2021-05-11 08:08:45.000,2526.31,2517.71
2021-05-11 21:31:02.000,GOLD - AUD,1.0255144032921764,6.102880658436138,OBJECTIF ATTEINT,1.0255144032921764,2021-05-12 06:08:58.000,2342.82,2330.67
2021-05-14 19:42:30.000,GOLD - GBP,3.4560000000000097,6.6,OBJECTIF ATTEINT,3.4560000000000097,2021-05-15 04:20:26.000,1307.2,1303.45
2021-05-17 02:53:31.000,SILVER - CHF,3.150000000000006,10.70000000000004,OBJECTIF ATTEINT,3.150000000000006,2021-05-17 11:31:27.000,24.95,24.75
2021-05-17 14:42:33.000,SILVER - NZD,1.1521739130434785,2.4999999999999925,OBJECTIF ATTEINT,1.1521739130434785,2021-05-17 23:20:29.000,38.67,38.21
2021-05-18 23:30:29.000,GOLD - NZD,1.2809463455851318,3.135614702154608,OBJECTIF ATTEINT,1.2809463455851318,2021-05-19 08:08:25.000,2579.75,2556.08
2021-05-19 06:36:43.000,GOLD - CAD,1.692041522491305,5.019377162629645,INVALIDÉE,-1.0,2021-05-19 15:14:39.000,2257.61,2243.16
2021-05-20 04:31:59.000,GOLD - EUR,1.7145187601958272,7.72430668841779,INVALIDÉE,-1.0,2021-05-20 13:09:55.000,1540.37,1534.24
2021-05-20 04:32:01.000,GOLD - CHF,1.2296450939457504,3.766179540709833,INVALIDÉE,-1.0,2021-05-20 13:09:57.000,1695.57,1690.78
2021-05-21 08:39:05.000,GOLD - NZD,1.55095862764878,4.152371342078542,OBJECTIF ATTEINT,1.55095862764878,2021-05-21 17:17:01.000,2612.82,2602.91
2021-05-26 07:35:33.000,GOLD - GBP,4.177130044843253,19.1681614349784,INVALIDÉE,-1.0,2021-05-26 16:13:29.000,1348.12,1343.66
2021-05-26 07:35:35.000,GOLD - CAD,1.8970588235294663,21.942810457516725,OBJECTIF ATTEINT,1.8970588235294663,2021-05-26 16:13:31.000,2299.29,2293.17
2021-05-26 12:32:49.000,SILVER - CHF,1.3749999999999611,3.499999999999889,INVALIDÉE,-1.0,2021-05-26 21:10:45.000,25.3,25.22
2021-05-26 13:38:48.000,GOLD - AUD,3.486567164179218,10.47910447761223,INVALIDÉE,-1.0,2021-05-26 22:16:44.000,2458.98,2452.28
2021-05-31 19:32:56.000,SILVER - USD,1.5714285714285825,12.35714285714281,OBJECTIF ATTEINT,1.5714285714285825,2021-06-01 04:10:52.000,28.04,27.9
2021-06-01 02:30:10.000,GOLD - EUR,3.847020933977449,13.38808373590976,INVALIDÉE,-1.0,2021-06-01 11:08:06.000,1563.83,1557.62
2021-06-01 12:32:56.000,SILVER - USD,4.941176470588288,8.588235294117746,INVALIDÉE,-1.0,2021-06-01 21:10:52.000,28.31,28.14
2021-06-07 13:32:22.000,GOLD - NZD,1.563249001331561,7.899467376830907,INVALIDÉE,-1.0,2021-06-07 22:10:18.000,2608.8,2623.82
2021-06-08 12:33:00.000,GOLD - GBP,1.646892655367228,11.389830508474676,INVALIDÉE,-1.0,2021-06-08 21:10:56.000,1343.71,1340.17
2021-06-10 14:38:22.000,SILVER - NZD,1.466666666666673,2.6666666666666825,OBJECTIF ATTEINT,1.466666666666673,2021-06-10 23:16:18.000,38.68,38.53
2021-06-10 18:38:46.000,SILVER - AUD,2.9999999999998064,5.818181818181413,OBJECTIF ATTEINT,2.9999999999998064,2021-06-11 03:16:42.000,36.02,35.91
2021-06-11 02:33:29.000,SILVER - GBP,1.0,1.9000000000000017,OBJECTIF ATTEINT,1.0,2021-06-11 11:11:25.000,19.77,19.57
2021-06-11 04:36:23.000,SILVER - CHF,3.0,5.333333333333307,OBJECTIF ATTEINT,3.0,2021-06-11 13:14:19.000,25.1,25.01
2021-06-11 04:36:25.000,SILVER - CAD,1.857142857142886,2.7857142857142785,OBJECTIF ATTEINT,1.857142857142886,2021-06-11 13:14:21.000,33.94,33.8
2021-06-11 06:31:59.000,SILVER - EUR,1.0,2.090909090909105,OBJECTIF ATTEINT,1.0,2021-06-11 15:09:55.000,23.14,23.03
2021-06-11 06:31:59.000,GOLD - GBP,1.519083969465719,16.12977099236708,INVALIDÉE,-1.0,2021-06-11 15:09:55.000,1341.77,1339.15
2021-06-14 03:30:56.000,GOLD - EUR,1.7130124777184133,8.9001782531196,OBJECTIF ATTEINT,1.7130124777184133,2021-06-14 12:08:52.000,1540.72,1546.33
2021-06-16 20:36:44.000,GOLD - GBP,1.5147313691507862,5.781629116117852,OBJECTIF ATTEINT,1.5147313691507862,2021-06-17 05:14:40.000,1301.84,1307.61
2021-06-17 06:31:26.000,SILVER - GBP,1.2105263157894677,1.8947368421052475,OBJECTIF ATTEINT,1.2105263157894677,2021-06-17 15:09:22.000,19.27,19.46
2021-06-17 06:31:27.000,GOLD - AUD,2.6276758409786343,7.343272171253877,OBJECTIF ATTEINT,2.6276758409786343,2021-06-17 15:09:23.000,2377.86,2390.94
2021-06-17 06:31:28.000,SILVER - AUD,2.3750000000000666,7.437500000000189,OBJECTIF ATTEINT,2.3750000000000666,2021-06-17 15:09:24.000,35.38,35.54
2021-06-17 09:06:13.000,SILVER - CHF,1.2500000000000044,4.750000000000013,OBJECTIF ATTEINT,1.2500000000000044,2021-06-17 17:44:09.000,24.45,24.65
2021-06-18 20:30:29.000,SILVER - EUR,1.9000000000000528,7.600000000000177,OBJECTIF ATTEINT,1.9000000000000528,2021-06-19 05:08:25.000,21.76,21.86
2021-06-18 20:30:30.000,SILVER - CHF,2.428571428571443,17.142857142857064,INVALIDÉE,-1.0,2021-06-19 05:08:26.000,23.82,23.89
2021-06-22 18:37:16.000,SILVER - NZD,2.620689655172439,5.344827586206927,INVALIDÉE,-1.0,2021-06-23 03:15:12.000,36.77,37.06
2021-06-22 19:36:25.000,GOLD - CAD,2.2412213740457143,9.459541984732567,INVALIDÉE,-1.0,2021-06-23 04:14:21.000,2189.37,2195.92
2021-06-28 05:37:13.000,SILVER - GBP,1.7999999999999716,4.399999999999915,INVALIDÉE,-1.0,2021-06-28 14:15:09.000,18.84,18.79
2021-06-28 07:32:53.000,SILVER - USD,1.2857142857142785,3.214285714285696,INVALIDÉE,-1.0,2021-06-28 16:10:49.000,26.17,26.03
2021-07-02 08:33:37.000,GOLD - EUR,1.549751243781106,9.166666666666686,OBJECTIF ATTEINT,1.549751243781106,2021-07-02 17:11:33.000,1506.67,1502.65
2021-07-02 08:33:40.000,SILVER - AUD,1.3999999999999857,2.4999999999999645,OBJECTIF ATTEINT,1.3999999999999857,2021-07-02 17:11:36.000,35.03,34.93
2021-07-02 08:33:41.000,GOLD - NZD,2.8251953125000444,7.790039062500164,INVALIDÉE,-1.0,2021-07-02 17:11:37.000,2560.31,2550.07
2021-07-02 09:32:40.000,SILVER - GBP,1.571428571428557,6.714285714285671,OBJECTIF ATTEINT,1.571428571428557,2021-07-02 18:10:36.000,19.0,18.93
2021-07-02 09:32:43.000,SILVER - CAD,1.133333333333308,4.733333333333384,OBJECTIF ATTEINT,1.133333333333308,2021-07-02 18:10:39.000,32.49,32.34
2021-07-05 07:32:36.000,SILVER - CHF,1.7142857142856962,7.428571428571392,INVALIDÉE,-1.0,2021-07-05 16:10:32.000,24.53,24.39
2021-07-06 03:33:41.000,GOLD - GBP,1.7782805429864248,4.065610859728446,OBJECTIF ATTEINT,1.7782805429864248,2021-07-06 12:11:37.000,1294.53,1290.11
2021-07-06 04:38:15.000,SILVER - USD,2.142857142857184,4.857142857142917,INVALIDÉE,-1.0,2021-07-06 13:16:11.000,26.56,26.35
2021-07-06 05:32:46.000,SILVER - GBP,2.5999999999999432,5.7999999999999,INVALIDÉE,-1.0,2021-07-06 14:10:42.000,19.21,19.11
2021-07-06 05:32:47.000,SILVER - CHF,1.3333333333333413,6.66666666666673,INVALIDÉE,-1.0,2021-07-06 14:10:43.000,24.57,24.42
2021-07-08 04:30:53.000,SILVER - GBP,1.428571428571443,2.857142857142886,INVALIDÉE,-1.0,2021-07-08 13:08:49.000,18.78,18.85
2021-07-08 12:33:19.000,GOLD - EUR,1.0498891352549942,5.74833702882486,INVALIDÉE,-1.0,2021-07-08 21:11:15.000,1534.05,1525.03
2021-07-13 18:37:24.000,GOLD - NZD,1.0394173093401915,3.149100257069389,INVALIDÉE,-1.0,2021-07-14 03:15:20.000,2603.92,2592.25
2021-07-14 08:33:37.000,GOLD - USD,1.912917271407786,8.014513788098581,OBJECTIF ATTEINT,1.912917271407786,2021-07-14 17:11:33.000,1814.68,1807.79
2021-07-14 09:32:36.000,SILVER - EUR,1.0000000000000355,2.700000000000053,OBJECTIF ATTEINT,1.0000000000000355,2021-07-14 18:10:32.000,22.11,22.01
2021-07-15 03:31:39.000,SILVER - EUR,2.166666666666568,3.4999999999998224,OBJECTIF ATTEINT,2.166666666666568,2021-07-15 12:09:35.000,22.19,22.13
2021-07-15 13:36:18.000,SILVER - EUR,1.714285714285671,4.714285714285671,OBJECTIF ATTEINT,1.714285714285671,2021-07-15 22:14:14.000,22.28,22.21
2021-07-15 17:39:48.000,SILVER - GBP,1.1111111111110892,3.0,OBJECTIF ATTEINT,1.1111111111110892,2021-07-16 02:17:44.000,19.03,18.94
2021-07-15 22:30:58.000,GOLD - EUR,2.7406679764244144,7.326129666011943,INVALIDÉE,-1.0,2021-07-16 07:08:54.000,1548.61,1543.52
2021-07-15 23:37:59.000,GOLD - CHF,1.8832116788321405,6.060218978102176,INVALIDÉE,-1.0,2021-07-16 08:15:55.000,1680.33,1674.85
2021-07-21 07:32:24.000,GOLD - AUD,1.394965277777794,4.429687500000024,INVALIDÉE,-1.0,2021-07-21 16:10:20.000,2480.64,2469.12
2021-07-21 07:32:25.000,GOLD - NZD,2.220916568742728,3.148061104582927,INVALIDÉE,-1.0,2021-07-21 16:10:21.000,2621.77,2613.26
2021-07-27 15:42:07.000,SILVER - CHF,2.312500000000004,5.437500000000002,INVALIDÉE,-1.0,2021-07-28 00:20:03.000,22.46,22.62
2021-08-03 21:30:57.000,GOLD - NZD,1.1471502590673637,6.718134715025836,OBJECTIF ATTEINT,1.1471502590673637,2021-08-04 06:08:53.000,2577.65,2587.3
2021-08-13 06:33:18.000,GOLD - GBP,2.1975683890575595,7.562310030394662,OBJECTIF ATTEINT,2.1975683890575595,2021-08-13 15:11:14.000,1274.13,1270.84
2021-08-16 14:40:29.000,SILVER - NZD,1.3611111111111187,2.5833333333333366,OBJECTIF ATTEINT,1.3611111111111187,2021-08-16 23:18:25.000,33.85,33.49
2021-08-18 00:55:47.000,GOLD - AUD,2.4056406685236986,5.691852367688071,INVALIDÉE,-1.0,2021-08-18 09:33:43.000,2462.58,2433.86
2021-08-18 03:34:31.000,SILVER - EUR,1.0526315789473772,2.368421052631604,INVALIDÉE,-1.0,2021-08-18 12:12:27.000,20.29,20.1
2021-08-18 03:34:31.000,SILVER - EUR,1.0526315789473772,2.368421052631604,INVALIDÉE,-1.0,2021-08-18 12:12:27.000,20.29,20.1
2021-08-18 03:34:33.000,SILVER - CAD,1.434782608695642,2.782608695652171,INVALIDÉE,-1.0,2021-08-18 12:12:29.000,29.98,29.75
2021-08-18 03:34:33.000,SILVER - CAD,1.434782608695642,2.782608695652171,INVALIDÉE,-1.0,2021-08-18 12:12:29.000,29.98,29.75
2021-08-23 00:30:24.000,SILVER - AUD,1.176470588235348,3.82352941176484,INVALIDÉE,-1.0,2021-08-23 09:08:20.000,32.2,32.37
2021-08-23 14:03:10.000,GOLD - CAD,1.7084854014598607,4.221715328467138,INVALIDÉE,-1.0,2021-08-23 22:41:06.000,2294.64,2272.72
2021-08-24 12:32:58.000,SILVER - CAD,1.6666666666665877,2.999999999999881,OBJECTIF ATTEINT,1.6666666666665877,2021-08-24 21:10:54.000,29.92,29.83
2021-08-25 04:30:58.000,GOLD - NZD,1.081830790568611,4.732316227461819,OBJECTIF ATTEINT,1.081830790568611,2021-08-25 13:08:54.000,2583.83,2591.04
2021-08-26 20:06:08.000,GOLD - CAD,1.1897246474143586,3.824042981866988,INVALIDÉE,-1.0,2021-08-27 04:44:04.000,2273.3,2243.52
2021-08-30 11:33:28.000,SILVER - USD,2.153846153846179,4.769230769230814,INVALIDÉE,-1.0,2021-08-30 20:11:24.000,24.15,24.02
2021-08-31 03:32:13.000,GOLD - AUD,1.4263473053892195,3.501796407185641,INVALIDÉE,-1.0,2021-08-31 12:10:09.000,2486.67,2478.32
2021-08-31 04:33:00.000,GOLD - USD,1.6269230769231409,2.77884615384626,INVALIDÉE,-1.0,2021-08-31 13:10:56.000,1814.84,1809.64
2021-08-31 09:32:49.000,SILVER - CAD,1.3749999999999611,20.74999999999948,INVALIDÉE,-1.0,2021-08-31 18:10:45.000,30.39,30.31
2021-09-14 04:33:21.000,GOLD - AUD,1.0385487528344493,1.9040060468631912,OBJECTIF ATTEINT,1.0385487528344493,2021-09-14 13:11:17.000,2437.63,2424.4
2021-09-14 10:36:20.000,GOLD - GBP,2.631239935587866,6.515297906602461,INVALIDÉE,-1.0,2021-09-14 19:14:16.000,1288.66,1294.87
2021-09-14 12:32:32.000,SILVER - GBP,1.0909090909091057,2.0,INVALIDÉE,-1.0,2021-09-14 21:10:28.000,17.02,17.13
2021-09-14 12:32:33.000,SILVER - CHF,2.499999999999881,10.166666666666272,INVALIDÉE,-1.0,2021-09-14 21:10:29.000,21.74,21.8
2021-09-14 12:32:50.000,SILVER - USD,1.0434782608695718,4.217391304347829,INVALIDÉE,-1.0,2021-09-14 21:10:46.000,23.62,23.85
2021-09-17 05:51:54.000,SILVER - CHF,2.8787878787879024,6.242424242424281,OBJECTIF ATTEINT,2.8787878787879024,2021-09-17 14:29:50.000,21.26,21.59
2021-09-17 05:51:55.000,SILVER - AUD,1.5394736842105254,4.749999999999989,OBJECTIF ATTEINT,1.5394736842105254,2021-09-17 14:29:51.000,31.41,32.17
2021-10-01 02:30:28.000,GOLD - CAD,1.7593360995850302,4.901798063623722,INVALIDÉE,-1.0,2021-10-01 11:08:24.000,2230.8,2223.57
2021-10-04 16:36:31.000,SILVER - EUR,1.4166666666666692,8.083333333333258,INVALIDÉE,-1.0,2021-10-05 01:14:27.000,19.52,19.4
2021-10-04 19:36:52.000,SILVER - USD,1.666666666666643,3.5999999999999432,INVALIDÉE,-1.0,2021-10-05 04:14:48.000,22.6,22.45
2021-10-04 20:30:45.000,SILVER - CAD,1.2500000000000444,6.750000000000133,INVALIDÉE,-1.0,2021-10-05 05:08:41.000,28.5,28.42
2021-10-04 20:30:46.000,SILVER - NZD,1.2307692307692413,3.7692307692308136,INVALIDÉE,-1.0,2021-10-05 05:08:42.000,32.51,32.25
2021-10-05 23:30:31.000,SILVER - EUR,1.8999999999999857,9.899999999999844,INVALIDÉE,-1.0,2021-10-06 08:08:27.000,19.5,19.4
2021-10-07 10:32:58.000,SILVER - USD,1.1666666666666272,21.833333333332483,OBJECTIF ATTEINT,1.1666666666666272,2021-10-07 19:10:54.000,22.71,22.65
2021-10-08 18:37:02.000,GOLD - CAD,1.443298969072062,11.053264604810671,OBJECTIF ATTEINT,1.443298969072062,2021-10-09 03:14:58.000,2191.74,2197.56
2021-10-11 02:31:17.000,SILVER - EUR,2.923076923076858,10.230769230769017,INVALIDÉE,-1.0,2021-10-11 11:09:13.000,19.67,19.54
2021-10-11 04:49:57.000,GOLD - CAD,1.6907103825136685,3.2030054644808827,INVALIDÉE,-1.0,2021-10-11 13:27:53.000,2189.29,2225.89
2021-10-13 08:32:46.000,GOLD - EUR,2.324489795918298,6.714285714285562,OBJECTIF ATTEINT,2.324489795918298,2021-10-13 17:10:42.000,1529.66,1524.76
2021-10-14 07:32:21.000,SILVER - EUR,1.6666666666666534,11.777777777777782,OBJECTIF ATTEINT,1.6666666666666534,2021-10-14 16:10:17.000,19.94,19.85
2021-10-14 07:32:22.000,SILVER - GBP,1.4000000000000354,5.7000000000001245,OBJECTIF ATTEINT,1.4000000000000354,2021-10-14 16:10:18.000,16.9,16.8
2021-10-14 10:32:07.000,SILVER - NZD,1.1379310344827809,4.068965517241415,OBJECTIF ATTEINT,1.1379310344827809,2021-10-14 19:10:03.000,33.16,32.87
2021-10-20 05:30:25.000,SILVER - GBP,1.749999999999963,10.166666666666574,OBJECTIF ATTEINT,1.749999999999963,2021-10-20 14:08:21.000,17.26,17.14
2021-10-20 06:30:57.000,SILVER - EUR,1.4666666666666968,3.4000000000000425,OBJECTIF ATTEINT,1.4666666666666968,2021-10-20 15:08:53.000,20.49,20.34
2021-10-20 06:30:58.000,SILVER - AUD,1.566666666666659,4.433333333333318,OBJECTIF ATTEINT,1.566666666666659,2021-10-20 15:08:54.000,31.86,31.56
2021-10-20 09:32:53.000,SILVER - USD,1.62499999999995,10.624999999999728,OBJECTIF ATTEINT,1.62499999999995,2021-10-20 18:10:49.000,23.89,23.81
2021-10-21 03:50:28.000,GOLD - NZD,1.780751554474202,3.1335496080021894,INVALIDÉE,-1.0,2021-10-21 12:28:24.000,2476.8,2513.79
2021-10-21 19:36:13.000,GOLD - GBP,1.6494845360825052,2.870103092783574,OBJECTIF ATTEINT,1.6494845360825052,2021-10-22 04:14:09.000,1293.61,1288.76
2021-10-21 22:30:42.000,GOLD - EUR,1.3587174348697315,3.585170340681376,OBJECTIF ATTEINT,1.3587174348697315,2021-10-22 07:08:38.000,1534.27,1529.28
2021-10-21 23:30:39.000,GOLD - USD,1.6214177978883595,6.648567119155234,OBJECTIF ATTEINT,1.6214177978883595,2021-10-22 08:08:35.000,1785.48,1778.85
2021-10-22 02:30:26.000,SILVER - AUD,2.4999999999999645,8.099999999999836,OBJECTIF ATTEINT,2.4999999999999645,2021-10-22 11:08:22.000,32.38,32.28
2021-10-22 12:32:24.000,GOLD - AUD,1.0757341576507344,3.06027820710986,OBJECTIF ATTEINT,1.0757341576507344,2021-10-22 21:10:20.000,2399.97,2393.5
2021-11-10 03:31:47.000,SILVER - AUD,2.9999999999999702,4.833333333333279,OBJECTIF ATTEINT,2.9999999999999702,2021-11-10 12:09:43.000,33.03,32.79
2021-11-10 16:38:36.000,SILVER - CHF,1.4687499999999951,2.374999999999992,INVALIDÉE,-1.0,2021-11-11 01:16:32.000,22.92,22.6
2021-11-11 04:30:28.000,SILVER - AUD,2.6153846153845355,6.538461538461421,OBJECTIF ATTEINT,2.6153846153845355,2021-11-11 13:08:24.000,33.85,33.72
2021-11-11 05:31:14.000,SILVER - CHF,1.1666666666666534,5.0,OBJECTIF ATTEINT,1.1666666666666534,2021-11-11 14:09:10.000,22.78,22.6
2021-11-11 05:31:24.000,SILVER - USD,1.4166666666666754,4.166666666666694,OBJECTIF ATTEINT,1.4166666666666754,2021-11-11 14:09:20.000,24.79,24.55
2021-11-11 06:30:39.000,SILVER - EUR,1.0999999999999788,6.099999999999907,OBJECTIF ATTEINT,1.0999999999999788,2021-11-11 15:08:35.000,21.68,21.58
2021-11-12 15:38:30.000,SILVER - CHF,1.2999999999999987,3.13333333333333,INVALIDÉE,-1.0,2021-11-13 00:16:26.000,23.29,22.99
2021-11-12 19:37:17.000,SILVER - USD,2.4736842105262933,5.421052631578917,INVALIDÉE,-1.0,2021-11-13 04:15:13.000,25.32,25.13
2021-11-14 23:31:11.000,GOLD - NZD,1.1358173076923803,10.673076923077318,INVALIDÉE,-1.0,2021-11-15 08:09:07.000,2648.99,2640.67
2021-11-16 05:30:38.000,GOLD - GBP,2.8181818181818485,6.5307917888563605,INVALIDÉE,-1.0,2021-11-16 14:08:34.000,1390.26,1383.44
2021-11-19 08:32:54.000,SILVER - GBP,2.1428571428571392,3.6428571428571392,INVALIDÉE,-1.0,2021-11-19 17:10:50.000,18.34,18.48
2021-11-19 08:33:13.000,SILVER - USD,1.1176470588235048,4.23529411764701,OBJECTIF ATTEINT,1.1176470588235048,2021-11-19 17:11:09.000,24.74,24.91
2021-11-22 06:30:28.000,GOLD - NZD,2.26594301221174,4.16960651289016,OBJECTIF ATTEINT,2.26594301221174,2021-11-22 15:08:24.000,2633.3,2640.67
2021-11-30 13:32:38.000,GOLD - EUR,2.796477495107556,7.170254403130912,INVALIDÉE,-1.0,2021-11-30 22:10:34.000,1576.85,1581.96
2021-12-01 15:38:26.000,SILVER - EUR,1.0999999999999917,3.366666666666652,OBJECTIF ATTEINT,1.0999999999999917,2021-12-02 00:16:22.000,20.02,20.32
2021-12-02 09:33:03.000,GOLD - USD,1.0906768837803376,5.501915708812303,OBJECTIF ATTEINT,1.0906768837803376,2021-12-02 18:10:59.000,1770.99,1778.82
2021-12-03 11:32:42.000,SILVER - EUR,1.6666666666665089,24.333333333332305,OBJECTIF ATTEINT,1.6666666666665089,2021-12-03 20:10:38.000,19.74,19.77
2021-12-08 15:38:20.000,SILVER - GBP,1.1250000000000222,3.750000000000089,INVALIDÉE,-1.0,2021-12-09 00:16:16.000,16.99,16.91
2021-12-09 05:31:00.000,GOLD - GBP,1.1975736568457718,7.166377816291208,INVALIDÉE,-1.0,2021-12-09 14:08:56.000,1352.1,1346.33
2021-12-13 07:30:31.000,GOLD - CAD,1.0786749482401894,1.8933747412008528,OBJECTIF ATTEINT,1.0786749482401894,2021-12-13 16:08:27.000,2275.29,2265.63
2021-12-17 07:30:39.000,SILVER - CAD,1.2941176470588518,8.705882352941273,OBJECTIF ATTEINT,1.2941176470588518,2021-12-17 16:08:35.000,28.83,28.66
2021-12-17 08:33:14.000,SILVER - CHF,1.000000000000027,6.000000000000055,INVALIDÉE,-1.0,2021-12-17 17:11:10.000,20.81,20.68
2021-12-22 09:32:34.000,SILVER - EUR,2.0,3.444444444444436,OBJECTIF ATTEINT,2.0,2021-12-22 18:10:30.000,20.0,19.91
2021-12-22 15:38:54.000,SILVER - USD,2.0000000000000444,17.375000000000377,OBJECTIF ATTEINT,2.0000000000000444,2021-12-23 00:16:50.000,22.63,22.55
2021-12-27 20:36:17.000,SILVER - EUR,2.0,4.124999999999997,OBJECTIF ATTEINT,2.0,2021-12-28 05:14:13.000,20.34,20.18
2021-12-27 20:36:19.000,SILVER - NZD,1.6451612903226227,6.967741935483992,OBJECTIF ATTEINT,1.6451612903226227,2021-12-28 05:14:15.000,33.8,33.49
2021-12-28 07:30:30.000,SILVER - AUD,1.8333333333333268,7.0,OBJECTIF ATTEINT,1.8333333333333268,2021-12-28 16:08:26.000,31.93,31.75
2021-12-29 06:30:31.000,SILVER - EUR,1.6428571428571392,3.9285714285714177,INVALIDÉE,-1.0,2021-12-29 15:08:27.000,20.45,20.31
2021-12-29 06:30:33.000,SILVER - AUD,1.039999999999992,4.759999999999991,INVALIDÉE,-1.0,2021-12-29 15:08:29.000,32.0,31.75
2021-12-29 06:30:34.000,SILVER - CAD,1.777777777777782,3.722222222222218,INVALIDÉE,-1.0,2021-12-29 15:08:30.000,29.64,29.46
2021-12-29 06:30:35.000,SILVER - NZD,1.0357142857142785,6.928571428571392,INVALIDÉE,-1.0,2021-12-29 15:08:31.000,34.02,33.74
2021-12-29 08:32:37.000,SILVER - GBP,2.2499999999999445,3.2499999999999,INVALIDÉE,-1.0,2021-12-29 17:10:33.000,17.23,17.15
2021-12-29 08:32:38.000,SILVER - CHF,1.3157894736842262,1.94736842105266,INVALIDÉE,-1.0,2021-12-29 17:10:34.000,21.22,21.03
2021-12-29 08:32:57.000,SILVER - USD,1.0,2.843749999999998,INVALIDÉE,-1.0,2021-12-29 17:10:53.000,23.11,22.79
2021-12-30 05:30:27.000,GOLD - AUD,1.1454545454545373,4.841818181818201,INVALIDÉE,-1.0,2021-12-30 14:08:23.000,2480.23,2491.23
2022-01-03 10:32:33.000,SILVER - EUR,1.1250000000000222,2.3750000000000666,INVALIDÉE,-1.0,2022-01-03 19:10:29.000,20.49,20.41
2022-01-03 10:32:34.000,SILVER - GBP,1.1428571428571646,2.714285714285721,INVALIDÉE,-1.0,2022-01-03 19:10:30.000,17.22,17.15
2022-01-07 16:38:21.000,GOLD - EUR,1.860355029585792,4.590532544378669,INVALIDÉE,-1.0,2022-01-08 01:16:17.000,1579.34,1587.79
2022-01-13 01:30:27.000,SILVER - CHF,1.571428571428557,5.714285714285671,INVALIDÉE,-1.0,2022-01-13 10:08:23.000,21.19,21.12
2022-01-14 07:30:41.000,SILVER - USD,1.0000000000000295,3.250000000000074,OBJECTIF ATTEINT,1.0000000000000295,2022-01-14 16:08:37.000,23.15,23.03
2022-01-18 01:40:25.000,SILVER - GBP,2.333333333333196,4.166666666666509,INVALIDÉE,-1.0,2022-01-18 10:18:21.000,16.92,16.86
2022-01-19 09:32:41.000,GOLD - GBP,1.5203761755485348,3.416927899686419,OBJECTIF ATTEINT,1.5203761755485348,2022-01-19 18:10:37.000,1335.43,1332.24
2022-01-21 21:33:00.000,GOLD - CAD,1.2819343065693138,4.504562043795596,OBJECTIF ATTEINT,1.2819343065693138,2022-01-22 06:10:56.000,2304.51,2293.55
2022-01-27 11:42:27.000,GBP/CHF,1.1333333333333135,2.933333333333195,OBJECTIF ATTEINT,1.1333333333333135,2022-01-27 20:11:28.000,1.2441,1.2426
2022-01-27 14:42:31.000,GBP/JPY,1.34375000000005,2.500000000000089,INVALIDÉE,-1.0,2022-01-27 23:11:32.000,154.6,154.28
2022-01-27 16:48:25.000,GOLD - AUD,2.414035087719232,3.226900584795217,INVALIDÉE,-1.0,2022-01-28 01:26:21.000,2545.87,2554.42
2022-01-28 07:39:47.000,GBP/CHF,1.2380952380952128,5.428571428571489,OBJECTIF ATTEINT,1.2380952380952128,2022-01-28 16:08:48.000,1.2479,1.2458
2022-01-31 03:40:33.000,SILVER - NZD,1.047619047619038,2.4761904761904474,INVALIDÉE,-1.0,2022-01-31 12:18:29.000,34.01,34.22
2022-01-31 03:40:47.000,USD/JPY,1.3333333333332544,5.333333333333136,INVALIDÉE,-1.0,2022-01-31 12:09:48.000,115.53,115.41
2022-02-01 00:39:56.000,SILVER - EUR,1.777777777777782,3.777777777777782,INVALIDÉE,-1.0,2022-02-01 09:17:52.000,20.0,20.09
2022-02-03 00:40:14.000,SILVER - GBP,2.076923076923117,4.692307692307751,OBJECTIF ATTEINT,2.076923076923117,2022-02-03 09:18:10.000,16.67,16.8
2022-02-06 22:04:11.000,GBP/JPY,1.3333333333333055,2.019607843137237,INVALIDÉE,-1.0,2022-02-07 06:33:12.000,156.05,155.03
2022-02-07 00:51:45.000,GOLD - CAD,1.2363128491620423,2.3703910614525783,OBJECTIF ATTEINT,1.2363128491620423,2022-02-07 09:29:41.000,2311.45,2293.55
2022-02-09 03:39:53.000,SILVER - EUR,1.2857142857142785,8.857142857142835,INVALIDÉE,-1.0,2022-02-09 12:17:49.000,20.38,20.31
2022-02-09 16:47:52.000,CHF/JPY,1.275862068965568,5.862068965517412,OBJECTIF ATTEINT,1.275862068965568,2022-02-10 01:16:53.000,125.1,124.81
2022-02-09 20:45:40.000,SILVER - EUR,1.2857142857142785,8.857142857142835,OBJECTIF ATTEINT,1.2857142857142785,2022-02-10 05:23:36.000,20.38,20.31
2022-02-10 03:40:46.000,USD/JPY,1.0714285714286076,4.571428571428557,OBJECTIF ATTEINT,1.0714285714286076,2022-02-10 12:09:47.000,115.53,115.39
2022-02-10 18:45:57.000,GOLD - USD,2.1347962382444603,4.796238244514011,INVALIDÉE,-1.0,2022-02-11 03:23:53.000,1835.93,1829.55
2022-02-11 01:06:12.000,GOLD - CHF,1.1113689095127657,1.99211136890952,OBJECTIF ATTEINT,1.1113689095127657,2022-02-11 09:44:08.000,1690.33,1668.78
2022-02-11 08:42:24.000,USD/CHF,1.266666666666721,5.000000000000222,INVALIDÉE,-1.0,2022-02-11 17:11:25.000,0.9278,0.9263
2022-02-11 09:32:54.000,GOLD - CHF,1.2827988338192873,2.7973760932945093,OBJECTIF ATTEINT,1.2827988338192873,2022-02-11 18:10:50.000,1695.09,1688.23
2022-02-11 20:45:48.000,USD/CAD,1.1904761904761705,2.1904761904761703,OBJECTIF ATTEINT,1.1904761904761705,2022-02-12 05:14:49.000,1.2742,1.2721
2022-02-16 07:06:10.000,GOLD - GBP,1.047805302042596,2.540199913081272,OBJECTIF ATTEINT,1.047805302042596,2022-02-16 15:44:06.000,1369.34,1346.33
2022-02-16 07:06:22.000,GOLD - USD,2.0292442081275928,2.231674895556386,OBJECTIF ATTEINT,2.0292442081275928,2022-02-16 15:44:18.000,1855.88,1829.55
2022-02-16 14:20:56.000,GOLD - EUR,1.18526315789474,1.855263157894737,OBJECTIF ATTEINT,1.18526315789474,2022-02-16 22:58:52.000,1636.84,1579.84
2022-02-18 12:42:03.000,AUD/USD,1.0285714285713932,1.9999999999999365,INVALIDÉE,-1.0,2022-02-18 21:11:04.000,0.7213,0.7178
2022-02-21 00:39:54.000,SILVER - CHF,1.0000000000000395,5.666666666666693,INVALIDÉE,-1.0,2022-02-21 09:17:50.000,22.08,21.99
2022-02-21 04:15:43.000,DAX40 FULL0926,2.943980929678185,3.9019666269368254,OBJECTIF ATTEINT,2.943980929678185,2022-02-22 00:56:31.500,15088.0,15423.6
2022-02-21 16:22:01.000,DAX40 PERF INDEX,2.723272984727423,4.989177708101551,OBJECTIF ATTEINT,2.723272984727423,2022-02-22 13:02:49.500,14775.56,14973.3
2022-02-21 18:39:53.000,SILVER - CAD,2.555555555555564,7.1111111111111285,OBJECTIF ATTEINT,2.555555555555564,2022-02-22 03:17:49.000,30.49,30.31
2022-02-22 01:39:35.000,GOLD - EUR,2.067615658362989,4.843416370106742,INVALIDÉE,-1.0,2022-02-22 10:17:31.000,1688.15,1676.91
2022-02-22 16:48:01.000,SILVER - CAD,2.450000000000019,4.35000000000002,INVALIDÉE,-1.0,2022-02-23 01:25:57.000,30.9,30.7
2022-02-22 17:46:03.000,SILVER - AUD,2.5217391304348094,8.04347826086968,INVALIDÉE,-1.0,2022-02-23 02:23:59.000,33.61,33.38
2022-02-22 21:39:40.000,USD/CAD,1.124999999999983,5.562499999999922,INVALIDÉE,-1.0,2022-02-23 06:08:41.000,1.2766,1.275
2022-02-23 16:48:20.000,GOLD - CHF,1.650028360748709,7.486103233125296,OBJECTIF ATTEINT,1.650028360748709,2022-02-24 01:26:16.000,1750.89,1733.26
2022-02-24 00:39:15.000,GOLD - EUR,1.5692982456140314,4.306140350877151,OBJECTIF ATTEINT,1.5692982456140314,2022-02-24 09:17:11.000,1693.5,1682.1
2022-02-28 00:51:52.000,GOLD - NZD,2.333557046979886,7.751677852349064,INVALIDÉE,-1.0,2022-02-28 09:29:48.000,2865.39,2835.59
2022-02-28 12:42:18.000,NASDAQ100 - MINI NASDAQ100 FULL0926,1.0440597954366817,3.879622344610576,OBJECTIF ATTEINT,1.0440597954366817,2022-03-01 09:23:06.500,14048.75,13985.2
2022-03-01 14:19:56.000,GOLD - USD,1.3903938520653254,2.897790585975025,OBJECTIF ATTEINT,1.3903938520653254,2022-03-01 22:57:52.000,1918.58,1866.53
2022-03-02 23:40:29.000,SILVER - AUD,2.849999999999961,3.94999999999994,INVALIDÉE,-1.0,2022-03-03 08:18:25.000,34.67,34.47
2022-03-03 00:40:18.000,SILVER - NZD,2.791666666666621,3.874999999999967,INVALIDÉE,-1.0,2022-03-03 09:18:14.000,37.27,37.03
2022-03-04 01:39:40.000,EUR/GBP,1.0344827586206855,2.9655172413793145,OBJECTIF ATTEINT,1.0344827586206855,2022-03-04 10:08:41.000,0.8265,0.8294
2022-03-04 01:39:51.000,SILVER - EUR,1.769230769230786,6.230769230769296,OBJECTIF ATTEINT,1.769230769230786,2022-03-04 10:17:47.000,22.83,22.7
2022-03-07 09:42:08.000,SILVER - CHF,1.0571428571428556,3.0857142857142685,INVALIDÉE,-1.0,2022-03-07 18:20:04.000,24.0,23.65
2022-03-07 17:46:23.000,S&P500 - MINI S&P500 FULL0926,1.3727048022598791,2.2838983050847266,OBJECTIF ATTEINT,1.3727048022598791,2022-03-08 14:27:11.500,4231.25,4287.89
2022-03-08 12:42:12.000,GOLD - AUD,2.717151454362989,9.872617853560412,OBJECTIF ATTEINT,2.717151454362989,2022-03-08 21:20:08.000,2763.3,2753.33
2022-03-08 13:32:56.000,SILVER - GBP,1.0666666666666778,2.6000000000000285,OBJECTIF ATTEINT,1.0666666666666778,2022-03-08 22:10:52.000,20.08,19.78
2022-03-08 13:32:58.000,GOLD - CAD,2.117927170868335,4.76022408963582,OBJECTIF ATTEINT,2.117927170868335,2022-03-08 22:10:54.000,2586.19,2550.49
2022-03-08 13:32:59.000,SILVER - NZD,1.1428571428571392,2.357142857142848,OBJECTIF ATTEINT,1.1428571428571392,2022-03-08 22:10:55.000,38.5,37.94
2022-03-09 00:40:42.000,USD/CHF,1.0000000000000793,3.8571428571430273,INVALIDÉE,-1.0,2022-03-09 09:09:43.000,0.9299,0.9285
2022-03-11 11:33:32.000,USD/CHF,1.0,1.6749999999999805,OBJECTIF ATTEINT,1.0,2022-03-11 20:02:33.000,0.9313,0.9273
2022-03-14 09:33:26.000,GOLD - USD,2.0074626865671235,6.162686567164132,OBJECTIF ATTEINT,2.0074626865671235,2022-03-14 18:11:22.000,1964.11,1970.81
2022-03-15 04:40:23.000,GOLD - CAD,1.0422353850115855,1.5439093484419246,OBJECTIF ATTEINT,1.0422353850115855,2022-03-15 13:18:19.000,2488.25,2527.08
2022-03-15 06:40:30.000,GOLD - NZD,1.994327850255304,3.594441293250232,OBJECTIF ATTEINT,1.994327850255304,2022-03-15 15:18:26.000,2864.84,2882.47
2022-03-15 09:33:15.000,NASDAQ100 - MINI NASDAQ100 FULL0926,2.119089673913035,3.7194293478260687,INVALIDÉE,-1.0,2022-03-16 06:14:03.500,12959.0,13106.2
2022-03-15 15:48:06.000,DAX40 FULL0926,1.0707070707070707,2.8417508417508417,OBJECTIF ATTEINT,1.0707070707070707,2022-03-16 12:28:54.500,13927.0,13778.5
2022-03-18 19:45:51.000,GOLD - EUR,2.193675889328069,17.549407114624685,INVALIDÉE,-1.0,2022-03-19 04:23:47.000,1737.53,1742.59
2022-03-21 23:41:35.000,EUR/JPY,1.1355932203390036,2.5932203389830377,OBJECTIF ATTEINT,1.1355932203390036,2022-03-22 08:10:36.000,131.76,131.17
2022-03-24 00:30:31.000,GOLD - EUR,1.711281070745701,10.04780114722749,OBJECTIF ATTEINT,1.711281070745701,2022-03-24 09:08:27.000,1770.2,1764.97
2022-03-24 12:33:24.000,USD/JPY,1.346153846153798,14.961538461538115,OBJECTIF ATTEINT,1.346153846153798,2022-03-24 21:02:25.000,121.68,121.42
2022-03-24 13:33:28.000,GOLD - CHF,2.0482456140350944,4.890350877193031,INVALIDÉE,-1.0,2022-03-24 22:11:24.000,1820.51,1815.95
2022-03-27 22:32:17.000,USD/JPY,1.0882352941176507,2.303921568627468,OBJECTIF ATTEINT,1.0882352941176507,2022-03-28 07:01:18.000,122.21,121.19
2022-03-30 09:41:54.000,GOLD - CHF,1.4963041182682189,4.623020063357957,INVALIDÉE,-1.0,2022-03-30 18:19:50.000,1777.04,1786.51
2022-03-31 04:40:23.000,SILVER - CHF,2.857142857142933,8.785714285714477,INVALIDÉE,-1.0,2022-03-31 13:18:19.000,22.76,22.9
2022-03-31 07:41:33.000,AUD/JPY,1.1785714285714175,6.535714285714253,INVALIDÉE,-1.0,2022-03-31 16:10:34.000,90.86,91.14
2022-04-04 19:45:07.000,NASDAQ100 INDEX,1.3482773851590222,1.9818168433451235,INVALIDÉE,-1.0,2022-04-05 16:25:55.500,15137.38,14865.7
2022-04-07 09:42:27.000,EUR/USD,1.0,5.833333333332809,INVALIDÉE,-1.0,2022-04-07 18:11:28.000,1.0887,1.0899
2022-04-08 17:36:35.000,SILVER - GBP,1.6250000000000666,5.250000000000133,OBJECTIF ATTEINT,1.6250000000000666,2022-04-09 02:14:31.000,18.97,18.89
2022-04-08 17:36:36.000,SILVER - AUD,2.142857142857165,7.428571428571392,OBJECTIF ATTEINT,2.142857142857165,2022-04-09 02:14:32.000,33.15,33.01
2022-04-08 17:36:49.000,SILVER - USD,1.071428571428557,1.7142857142856962,OBJECTIF ATTEINT,1.071428571428557,2022-04-09 02:14:45.000,24.71,24.57
2022-04-11 07:41:50.000,SILVER - GBP,1.777777777777782,6.333333333333346,OBJECTIF ATTEINT,1.777777777777782,2022-04-11 16:19:46.000,19.07,18.89
2022-04-11 07:42:09.000,SILVER - USD,1.2000000000000357,2.600000000000071,OBJECTIF ATTEINT,1.2000000000000357,2022-04-11 16:20:05.000,24.83,24.73
2022-04-12 02:40:03.000,SILVER - CHF,2.1818181818181084,3.0909090909090056,INVALIDÉE,-1.0,2022-04-12 11:17:59.000,23.44,23.33
2022-04-12 02:40:15.000,SILVER - USD,3.0,5.999999999999949,INVALIDÉE,-1.0,2022-04-12 11:18:11.000,25.16,25.09
2022-04-12 03:40:15.000,GOLD - USD,1.3282352941176427,10.05647058823527,OBJECTIF ATTEINT,1.3282352941176427,2022-04-12 12:18:11.000,1958.39,1949.89
2022-04-12 05:40:07.000,GOLD - GBP,1.7478991596638556,4.168067226890747,OBJECTIF ATTEINT,1.7478991596638556,2022-04-12 14:18:03.000,1503.51,1498.75
2022-04-12 20:24:17.000,SILVER - CHF,1.3055555555555416,2.555555555555529,OBJECTIF ATTEINT,1.3055555555555416,2022-04-13 05:02:13.000,23.69,23.33
2022-04-12 22:39:54.000,USD/CAD,1.0,6.0,INVALIDÉE,-1.0,2022-04-13 07:08:55.000,1.264,1.2619
2022-04-13 02:40:02.000,SILVER - CAD,1.181818181818179,4.181818181818211,OBJECTIF ATTEINT,1.181818181818179,2022-04-13 11:17:58.000,32.22,32.0
2022-04-13 02:40:03.000,SILVER - NZD,1.4782608695652524,7.478260869565314,OBJECTIF ATTEINT,1.4782608695652524,2022-04-13 11:17:59.000,37.19,36.96
2022-04-13 18:45:04.000,EUR/JPY,1.0666666666666036,1.311111111111069,INVALIDÉE,-1.0,2022-04-14 03:14:05.000,136.65,136.2
2022-04-14 22:40:09.000,SILVER - AUD,2.555555555555424,9.88888888888852,OBJECTIF ATTEINT,2.555555555555424,2022-04-15 07:18:05.000,34.57,34.48
2022-04-15 10:40:08.000,AUD/JPY,1.277777777777802,4.777777777777821,INVALIDÉE,-1.0,2022-04-15 19:09:09.000,93.71,93.35
2022-04-15 20:40:08.000,SILVER - CHF,1.166666666666652,3.8055555555555167,OBJECTIF ATTEINT,1.166666666666652,2022-04-16 05:18:04.000,24.19,23.83
2022-04-19 12:41:42.000,SILVER - NZD,1.1842105263157705,3.578947368421027,INVALIDÉE,-1.0,2022-04-19 21:19:38.000,38.46,38.08
2022-04-20 04:03:29.000,SILVER - CHF,1.461538461538449,3.288461538461513,INVALIDÉE,-1.0,2022-04-20 12:41:25.000,23.85,23.33
2022-04-21 07:42:09.000,SILVER - USD,2.571428571428557,5.428571428571392,OBJECTIF ATTEINT,2.571428571428557,2022-04-21 16:20:05.000,25.06,25.13
2022-04-21 08:41:43.000,GOLD - GBP,1.4696969696969462,2.25454545454539,INVALIDÉE,-1.0,2022-04-21 17:19:39.000,1490.55,1497.15
2022-04-22 09:41:44.000,SILVER - NZD,1.032258064516146,4.225806451612977,INVALIDÉE,-1.0,2022-04-22 18:19:40.000,36.27,36.58
2022-04-22 10:41:34.000,SILVER - GBP,2.050000000000008,4.30000000000003,INVALIDÉE,-1.0,2022-04-22 19:19:30.000,18.69,18.89
2022-04-26 10:41:36.000,USD/CAD,1.318181818181786,4.318181818181786,OBJECTIF ATTEINT,1.318181818181786,2022-04-26 19:10:37.000,1.2737,1.2715
2022-04-26 18:44:57.000,USD/CAD,0.9999999999999328,2.787878787878682,OBJECTIF ATTEINT,0.9999999999999328,2022-04-27 03:13:58.000,1.2799,1.2766
2022-04-27 15:39:37.000,NZD/USD,1.3199999999999574,6.27999999999983,OBJECTIF ATTEINT,1.3199999999999574,2022-04-28 00:08:38.000,0.6536,0.6561
2022-04-27 23:13:58.000,NASDAQ100 - MINI NASDAQ100 FULL0926,1.8106388215026523,3.1213303800583567,OBJECTIF ATTEINT,1.8106388215026523,2022-04-28 19:54:46.500,13163.5,13447.93
2022-05-02 13:42:13.000,EUR/CHF,1.2857142857142556,3.476190476190532,OBJECTIF ATTEINT,1.2857142857142556,2022-05-02 22:11:14.000,1.0265,1.0244
2022-05-03 21:39:50.000,USD/CHF,1.0384615384614908,3.923076923076848,OBJECTIF ATTEINT,1.0384615384614908,2022-05-04 06:08:51.000,0.9785,0.9759
2022-05-05 10:41:01.000,EUR/GBP,1.333333333333284,3.466666666666524,OBJECTIF ATTEINT,1.333333333333284,2022-05-05 19:10:02.000,0.8446,0.8431
2022-05-06 11:41:34.000,GOLD - GBP,1.0393162393162023,3.080341880341805,OBJECTIF ATTEINT,1.0393162393162023,2022-05-06 20:19:30.000,1524.19,1518.34
2022-05-06 20:39:37.000,GOLD - CAD,1.8685208596713616,6.596713021491941,INVALIDÉE,-1.0,2022-05-07 05:17:33.000,2430.49,2422.58
2022-05-09 08:56:59.000,S&P500 - MINI S&P500 FULL0926,2.6027979274611406,5.819481865284973,OBJECTIF ATTEINT,2.6027979274611406,2022-05-10 05:37:47.500,4059.5,4156.0
2022-05-10 23:39:38.000,GOLD - GBP,1.8810872027180368,5.1166477916195285,INVALIDÉE,-1.0,2022-05-11 08:17:34.000,1492.23,1501.06
2022-05-10 23:39:39.000,GOLD - CAD,1.4275782155271788,4.614136732328992,INVALIDÉE,-1.0,2022-05-11 08:17:35.000,2393.7,2402.33
2022-05-11 11:41:36.000,GBP/JPY,1.0566037735849076,3.811320754716992,OBJECTIF ATTEINT,1.0566037735849076,2022-05-11 20:10:37.000,160.21,160.74
2022-05-13 08:41:21.000,DAX40 FULL0926,1.612011439466167,3.069590085796007,OBJECTIF ATTEINT,1.612011439466167,2022-05-14 05:22:09.500,13914.0,13809.1
2022-05-20 17:44:20.000,GOLD - NZD,1.067827130852348,2.398559423769531,INVALIDÉE,-1.0,2022-05-21 02:22:16.000,2887.27,2870.61
2022-05-23 02:39:02.000,GOLD - EUR,1.5039001560062366,2.6926677067082325,INVALIDÉE,-1.0,2022-05-23 11:16:58.000,1749.0,1742.59
2022-05-23 05:39:33.000,SILVER - CAD,2.2000000000000712,9.70000000000023,INVALIDÉE,-1.0,2022-05-23 14:17:29.000,28.04,27.94
2022-05-24 04:39:10.000,GOLD - CAD,1.9823899371069336,3.3484276729560376,OBJECTIF ATTEINT,1.9823899371069336,2022-05-24 13:17:06.000,2376.73,2368.78
2022-05-25 15:39:41.000,S&P500 - MINI S&P500 FULL0926,1.4440154440154502,6.177606177606265,INVALIDÉE,-1.0,2022-05-26 12:20:29.500,3962.75,3949.8
2022-05-26 00:39:32.000,S&P500 - MINI S&P500 FULL0926,1.737849779086902,3.2768777614138616,OBJECTIF ATTEINT,1.737849779086902,2022-05-26 21:20:20.500,3983.75,3949.8
2022-05-26 17:44:53.000,EUR/JPY,1.1666666666666667,2.555555555555503,INVALIDÉE,-1.0,2022-05-27 02:13:54.000,136.34,136.16
2022-05-27 11:41:12.000,NZD/USD,1.083333333333418,11.583333333333558,OBJECTIF ATTEINT,1.083333333333418,2022-05-27 20:10:13.000,0.6526,0.6514
2022-05-30 05:39:26.000,SILVER - EUR,1.142857142857114,2.9999999999999494,INVALIDÉE,-1.0,2022-05-30 14:17:22.000,20.67,20.6
2022-05-30 05:39:40.000,SILVER - USD,1.4666666666666968,8.800000000000086,INVALIDÉE,-1.0,2022-05-30 14:17:36.000,22.22,22.07
2022-05-31 21:39:27.000,SILVER - NZD,2.37931034482761,6.482758620689683,INVALIDÉE,-1.0,2022-06-01 06:17:23.000,33.06,33.35
2022-05-31 21:39:36.000,SILVER - USD,1.4444444444444358,4.666666666666673,INVALIDÉE,-1.0,2022-06-01 06:17:32.000,21.54,21.72
2022-05-31 22:38:55.000,SILVER - EUR,1.9999999999999831,2.523809523809519,INVALIDÉE,-1.0,2022-06-01 07:16:51.000,20.09,20.3
2022-06-03 12:08:10.000,EUR/GBP,1.1190476190476328,2.3095238095238297,OBJECTIF ATTEINT,1.1190476190476328,2022-06-03 20:37:11.000,0.8543,0.8501
2022-06-09 08:40:57.000,SILVER - EUR,2.6249999999999503,3.7499999999999214,OBJECTIF ATTEINT,2.6249999999999503,2022-06-09 17:18:53.000,20.54,20.62
2022-06-09 19:44:25.000,GOLD - CHF,1.547468354430391,5.534810126582337,OBJECTIF ATTEINT,1.547468354430391,2022-06-10 04:22:21.000,1811.23,1804.91
2022-06-13 09:08:10.000,S&P500 - MINI S&P500 FULL0926,2.3954855643044626,5.238845144356955,INVALIDÉE,-1.0,2022-06-14 05:48:58.500,3804.25,3899.5
2022-06-13 09:08:11.000,NASDAQ100 - MINI NASDAQ100 FULL0926,2.310404127257094,3.479896818572659,INVALIDÉE,-1.0,2022-06-14 05:48:59.500,11509.25,11800.0
2022-06-13 15:18:04.000,NASDAQ100 INDEX,1.1681252025744382,1.9413575959624103,INVALIDÉE,-1.0,2022-06-14 11:58:52.500,11337.86,11769.8
2022-06-13 20:38:55.000,SILVER - USD,2.2222222222222374,5.944444444444455,INVALIDÉE,-1.0,2022-06-14 05:16:51.000,21.1,21.28
2022-06-14 15:38:58.000,SILVER - CAD,1.0000000000000322,7.909090909090959,INVALIDÉE,-1.0,2022-06-15 00:16:54.000,27.1,27.21
2022-06-17 08:31:27.000,SILVER - CAD,2.6315789473684035,10.26315789473677,INVALIDÉE,-1.0,2022-06-17 17:09:23.000,28.41,28.22
2022-06-17 08:31:45.000,SILVER - USD,1.833333333333363,6.333333333333452,INVALIDÉE,-1.0,2022-06-17 17:09:41.000,21.91,21.85
2022-06-22 05:38:32.000,AUD/USD,0.9999999999999516,2.173913043478139,OBJECTIF ATTEINT,0.9999999999999516,2022-06-22 14:07:33.000,0.692,0.6943
2022-06-22 06:11:50.000,DAX40 FULL0926,1.5017301038062283,5.490311418685124,OBJECTIF ATTEINT,1.5017301038062283,2022-06-23 02:52:38.500,13067.0,13356.0
2022-06-22 15:45:44.000,USD/CHF,1.1071428571428883,2.4285714285715136,INVALIDÉE,-1.0,2022-06-23 00:14:45.000,0.9604,0.9632
2022-06-23 05:30:03.000,SILVER - CAD,2.4545454545454954,3.545454545454569,INVALIDÉE,-1.0,2022-06-23 14:07:59.000,27.6,27.71
2022-06-24 10:31:19.000,SILVER - EUR,2.5000000000000444,10.1250000000002,INVALIDÉE,-1.0,2022-06-24 19:09:15.000,19.82,19.9
2022-06-24 10:31:20.000,SILVER - CHF,2.090909090909105,8.818181818181854,INVALIDÉE,-1.0,2022-06-24 19:09:16.000,20.0,20.11
2022-06-24 10:31:21.000,SILVER - AUD,1.6153846153845628,7.615384615384453,INVALIDÉE,-1.0,2022-06-24 19:09:17.000,30.24,30.37
2022-06-24 11:54:03.000,SILVER - NZD,1.54901960784312,3.8823529411764257,OBJECTIF ATTEINT,1.54901960784312,2022-06-24 20:31:59.000,33.16,33.67
2022-06-28 04:00:09.000,SILVER - CAD,1.1052631578947412,2.192982456140357,OBJECTIF ATTEINT,1.1052631578947412,2022-06-28 12:38:05.000,27.26,28.4
2022-06-28 10:41:00.000,S&P500 - MINI S&P500 FULL0926,1.1649154865235336,7.68615806304253,INVALIDÉE,-1.0,2022-06-29 07:21:48.500,3922.5,3900.61
2022-06-29 04:00:10.000,SILVER - AUD,1.8499999999999948,4.866666666666658,OBJECTIF ATTEINT,1.8499999999999948,2022-06-29 12:38:06.000,30.16,30.76
2022-06-30 04:00:11.000,SILVER - GBP,1.8974358974358907,2.307692307692301,OBJECTIF ATTEINT,1.8974358974358907,2022-06-30 12:38:07.000,17.08,17.47
2022-06-30 10:40:21.000,SILVER - AUD,1.0,11.444444444444477,OBJECTIF ATTEINT,1.0,2022-06-30 19:18:17.000,29.94,30.03
2022-06-30 13:06:16.000,DAX40 FULL0926,1.9383613445378147,5.070168067226894,INVALIDÉE,-1.0,2022-07-01 09:47:04.500,12687.0,12925.0
2022-06-30 23:12:03.000,SILVER - NZD,2.1525423728813746,5.322033898305125,OBJECTIF ATTEINT,2.1525423728813746,2022-07-01 07:49:59.000,32.45,33.04
2022-07-05 12:06:58.000,GOLD - NZD,2.003263530051682,4.507206962197446,INVALIDÉE,-1.0,2022-07-05 20:44:54.000,2930.66,2893.89
2022-07-07 03:38:56.000,S&P500 - MINI S&P500 FULL0926,1.098256361922716,1.614043355325163,OBJECTIF ATTEINT,1.098256361922716,2022-07-08 00:19:44.500,3854.0,3811.56
2022-07-07 18:43:50.000,USD/JPY,1.2222222222221168,1.9259259259257853,INVALIDÉE,-1.0,2022-07-08 03:12:51.000,136.05,135.78
2022-07-08 20:38:52.000,S&P500 - MINI S&P500 FULL0926,1.451803278688531,4.680327868852459,INVALIDÉE,-1.0,2022-07-09 17:19:40.500,3905.5,3875.0
2022-07-14 11:40:57.000,NASDAQ100 - MINI NASDAQ100 FULL0926,1.0447080291970767,2.302919708029186,INVALIDÉE,-1.0,2022-07-15 08:21:45.500,11644.0,11753.6
2022-07-19 16:35:50.000,EUR/JPY,1.1020408163266158,4.734693877551251,OBJECTIF ATTEINT,1.1020408163266158,2022-07-20 01:04:51.000,141.29,140.8
2022-07-19 18:35:29.000,EUR/GBP,1.1052631578948475,2.94736842105281,INVALIDÉE,-1.0,2022-07-20 03:04:30.000,0.8533,0.8514
2022-07-19 20:30:52.000,SILVER - GBP,2.8749999999999805,8.49999999999999,INVALIDÉE,-1.0,2022-07-20 05:08:48.000,15.62,15.7
2022-07-20 00:50:08.000,EUR/JPY,1.230000000000004,3.8100000000000014,INVALIDÉE,-1.0,2022-07-20 09:19:09.000,141.64,139.64
2022-07-20 10:56:04.000,GBP/JPY,1.00983606557378,3.0852459016393605,INVALIDÉE,-1.0,2022-07-20 19:25:05.000,165.48,162.43
2022-07-26 02:29:45.000,USD/JPY,1.045454545454569,1.7727272727272845,INVALIDÉE,-1.0,2022-07-26 10:58:46.000,136.35,136.79
2022-07-28 10:55:24.000,EUR/CHF,1.3333333333333366,4.482456140350894,OBJECTIF ATTEINT,1.3333333333333366,2022-07-28 19:24:25.000,0.9738,0.9852
2022-07-29 20:30:17.000,EUR/USD,1.3478260869565848,2.260869565217462,OBJECTIF ATTEINT,1.3478260869565848,2022-07-30 04:59:18.000,1.0226,1.0203
2022-08-01 19:36:50.000,GOLD - CHF,1.0103591160221057,6.835635359116015,OBJECTIF ATTEINT,1.0103591160221057,2022-08-02 04:14:46.000,1683.26,1668.78
2022-08-02 10:31:29.000,SILVER - EUR,1.9999999999999705,9.833333333333249,INVALIDÉE,-1.0,2022-08-02 19:09:25.000,19.82,19.7
2022-08-02 15:37:12.000,GOLD - USD,2.5501263689974945,7.497893850042192,INVALIDÉE,-1.0,2022-08-03 00:15:08.000,1781.58,1769.71
2022-08-03 19:35:46.000,GOLD - GBP,1.0571428571428685,3.384331797235054,OBJECTIF ATTEINT,1.0571428571428685,2022-08-04 04:13:42.000,1453.26,1442.41
2022-08-04 00:29:44.000,GOLD - EUR,1.2588495575220908,3.4004424778760955,OBJECTIF ATTEINT,1.2588495575220908,2022-08-04 09:07:40.000,1736.9,1732.38
2022-08-08 00:29:49.000,AUD/JPY,1.199999999999957,6.599999999999872,OBJECTIF ATTEINT,1.199999999999957,2022-08-08 08:58:50.000,93.53,93.33
2022-08-10 04:29:50.000,NZD/USD,1.2222222222221948,4.111111111111097,OBJECTIF ATTEINT,1.2222222222221948,2022-08-10 12:58:51.000,0.6292,0.6283
2022-08-12 09:31:53.000,S&P500 - MINI S&P500 FULL0926,1.0263157894736843,1.817543859649129,OBJECTIF ATTEINT,1.0263157894736843,2022-08-13 06:12:41.500,4231.25,4202.75
2022-08-12 09:55:37.000,AUD/JPY,1.1610738255033624,3.2751677852349075,OBJECTIF ATTEINT,1.1610738255033624,2022-08-12 18:24:38.000,94.94,93.45
2022-08-12 15:36:52.000,NASDAQ100 INDEX,1.2470531467567396,3.803887778313925,OBJECTIF ATTEINT,1.2470531467567396,2022-08-13 12:17:40.500,13451.27,13306.2
2022-08-12 20:30:09.000,AUD/USD,1.1538461538460425,3.153846153845957,INVALIDÉE,-1.0,2022-08-13 04:59:10.000,0.7122,0.7109
2022-08-16 15:37:23.000,DAX40 PERF INDEX,1.4254375154054957,3.01815791635858,INVALIDÉE,-1.0,2022-08-17 12:18:11.500,13910.71,13789.0
2022-08-17 15:42:58.000,SILVER - EUR,2.142857142857114,4.714285714285671,INVALIDÉE,-1.0,2022-08-18 00:20:54.000,19.4,19.47
2022-08-17 21:34:47.000,GOLD - GBP,1.6553106212424802,8.997995991983924,INVALIDÉE,-1.0,2022-08-18 06:12:43.000,1461.54,1466.53
2022-08-22 06:34:43.000,DAX40 FULL0926,2.8905472636815577,12.4701492537311,OBJECTIF ATTEINT,2.8905472636815577,2022-08-23 03:15:31.500,13465.0,13505.2
2022-08-22 12:31:44.000,SILVER - GBP,2.6363636363636584,6.545454545454585,INVALIDÉE,-1.0,2022-08-22 21:09:40.000,15.98,16.09
2022-08-26 04:31:23.000,SILVER - EUR,1.199999999999957,5.7999999999999,INVALIDÉE,-1.0,2022-08-26 13:09:19.000,19.34,19.29
2022-08-26 04:31:24.000,SILVER - GBP,1.600000000000128,5.000000000000284,INVALIDÉE,-1.0,2022-08-26 13:09:20.000,16.31,16.26
2022-08-26 04:31:37.000,SILVER - USD,2.277777777777782,3.666666666666673,INVALIDÉE,-1.0,2022-08-26 13:09:33.000,19.28,19.1
2022-08-26 06:29:51.000,SILVER - CHF,1.3750000000000666,5.000000000000133,INVALIDÉE,-1.0,2022-08-26 15:07:47.000,18.56,18.48
2022-08-26 06:29:52.000,GOLD - CAD,1.92480211081798,3.204485488126675,INVALIDÉE,-1.0,2022-08-26 15:07:48.000,2275.96,2268.38
2022-08-26 11:31:51.000,GBP/USD,1.2368421052631302,2.421052631578898,INVALIDÉE,-1.0,2022-08-26 20:00:52.000,1.1831,1.1793
2022-08-26 13:31:24.000,USD/CAD,1.099999999999989,2.900000000000011,INVALIDÉE,-1.0,2022-08-26 22:00:25.000,1.2917,1.2937
2022-08-31 09:07:42.000,SILVER - CHF,1.3799999999999957,2.639999999999993,INVALIDÉE,-1.0,2022-08-31 17:45:38.000,17.74,18.24
2022-08-31 19:35:28.000,EUR/USD,1.2631578947368114,2.3157894736841738,INVALIDÉE,-1.0,2022-09-01 04:04:29.000,1.0046,1.0027
2022-08-31 20:31:45.000,NASDAQ100 - MINI NASDAQ100 FULL0926,2.436619718309859,8.422535211267606,OBJECTIF ATTEINT,2.436619718309859,2022-09-01 17:12:33.500,12305.5,12376.5
2022-08-31 21:29:39.000,GOLD - CHF,1.1685214626391385,2.470588235294126,OBJECTIF ATTEINT,1.1685214626391385,2022-09-01 06:07:35.000,1671.2,1677.49
2022-09-01 06:50:05.000,CHF/JPY,1.1412429378531248,2.5423728813559583,OBJECTIF ATTEINT,1.1412429378531248,2022-09-01 15:19:06.000,142.73,140.96
2022-09-05 05:29:51.000,USD/CHF,0.9999999999999571,2.038461538461491,INVALIDÉE,-1.0,2022-09-05 13:58:52.000,0.9834,0.9808
2022-09-06 04:30:01.000,GOLD - EUR,1.2057926829268515,2.4512195121951312,INVALIDÉE,-1.0,2022-09-06 13:07:57.000,1726.51,1719.95
2022-09-06 04:30:02.000,SILVER - GBP,1.7857142857142785,2.714285714285696,INVALIDÉE,-1.0,2022-09-06 13:07:58.000,15.84,15.7
2022-09-06 05:29:27.000,SILVER - AUD,1.6666666666666496,2.6666666666666496,OBJECTIF ATTEINT,1.6666666666666496,2022-09-06 14:07:23.000,26.89,26.68
2022-09-06 06:29:37.000,GOLD - CHF,1.6703499079189374,3.5027624309391823,INVALIDÉE,-1.0,2022-09-06 15:07:33.000,1681.79,1676.36
2022-09-06 09:31:32.000,AUD/JPY,1.095238095238005,3.2857142857141506,OBJECTIF ATTEINT,1.095238095238005,2022-09-06 18:00:33.000,95.98,95.77
2022-09-07 13:31:49.000,GBP/USD,1.166666666666636,8.99999999999926,INVALIDÉE,-1.0,2022-09-07 22:00:50.000,1.1432,1.1444
2022-09-07 16:35:44.000,SILVER - AUD,1.222222222222218,3.444444444444476,OBJECTIF ATTEINT,1.222222222222218,2022-09-08 01:13:40.000,27.13,27.04
2022-09-07 17:36:05.000,SILVER - GBP,1.4444444444444071,2.8888888888888142,OBJECTIF ATTEINT,1.4444444444444071,2022-09-08 02:14:01.000,15.96,15.87
2022-09-08 22:29:39.000,EUR/USD,1.1428571428571277,2.476190476190532,OBJECTIF ATTEINT,1.1428571428571277,2022-09-09 06:58:40.000,1.0003,0.9982
2022-09-09 02:29:36.000,SILVER - AUD,1.2307692307692413,11.69230769230778,INVALIDÉE,-1.0,2022-09-09 11:07:32.000,27.57,27.44
2022-09-09 02:49:28.000,GOLD - CHF,1.206547619047628,2.138392857142867,OBJECTIF ATTEINT,1.206547619047628,2022-09-09 11:27:24.000,1659.13,1692.73
2022-09-09 08:32:27.000,NASDAQ100 - MINI NASDAQ100 FULL0926,1.5187032418952553,4.375846099038105,OBJECTIF ATTEINT,1.5187032418952553,2022-09-10 05:13:15.500,12519.75,12379.4
2022-09-09 17:34:32.000,SILVER - CAD,1.666666666666643,10.06666666666651,OBJECTIF ATTEINT,1.666666666666643,2022-09-10 02:12:28.000,24.55,24.4
2022-09-09 19:34:42.000,SILVER - NZD,1.666666666666647,9.083333333333258,OBJECTIF ATTEINT,1.666666666666647,2022-09-10 04:12:38.000,30.78,30.54
2022-09-09 19:34:46.000,AUD/JPY,1.2666666666666035,13.333333333332828,OBJECTIF ATTEINT,1.2666666666666035,2022-09-10 04:03:47.000,97.65,97.5
2022-09-09 20:29:35.000,SILVER - EUR,1.4347826086956577,5.826086956521728,OBJECTIF ATTEINT,1.4347826086956577,2022-09-10 05:07:31.000,18.72,18.49
2022-09-14 19:35:26.000,GOLD - GBP,2.9066147859923004,10.223735408560556,OBJECTIF ATTEINT,2.9066147859923004,2022-09-15 04:13:22.000,1469.19,1474.33
2022-09-14 21:29:54.000,SILVER - CHF,1.2857142857142785,17.428571428571342,INVALIDÉE,-1.0,2022-09-15 06:07:50.000,18.89,18.82
2022-09-15 02:49:29.000,USD/CAD,1.0337078651685356,3.3033707865168447,OBJECTIF ATTEINT,1.0337078651685356,2022-09-15 11:18:30.000,1.3164,1.2986
2022-09-15 02:49:52.000,GOLD - USD,1.1942415126772603,3.074774387623535,OBJECTIF ATTEINT,1.1942415126772603,2022-09-15 11:27:48.000,1694.37,1740.91
2022-09-19 09:30:51.000,DAX40 FULL0926,1.2222222222222223,8.077777777777778,INVALIDÉE,-1.0,2022-09-20 06:11:39.500,12683.0,12728.0
2022-09-21 06:29:34.000,GBP/CHF,1.1714285714285495,4.114285714285637,OBJECTIF ATTEINT,1.1714285714285495,2022-09-21 14:58:35.000,1.0955,1.099
2022-09-21 18:34:50.000,SILVER - CHF,1.999999999999929,23.39999999999963,INVALIDÉE,-1.0,2022-09-22 03:12:46.000,18.94,18.89
2022-09-22 08:31:53.000,SILVER - USD,1.8333333333332544,6.166666666666449,INVALIDÉE,-1.0,2022-09-22 17:09:49.000,19.64,19.58
2022-09-22 19:35:17.000,GOLD - GBP,1.068062827225189,9.568062827225338,OBJECTIF ATTEINT,1.068062827225189,2022-09-23 04:13:13.000,1485.85,1482.03
2022-09-22 19:35:30.000,SILVER - USD,1.1249999999999722,4.3749999999999165,INVALIDÉE,-1.0,2022-09-23 04:13:26.000,19.66,19.58
2022-09-22 22:30:47.000,SILVER - EUR,1.8000000000000995,20.600000000001195,INVALIDÉE,-1.0,2022-09-23 07:08:43.000,19.97,19.92
2022-09-23 09:53:49.000,DAX40 FULL0926,1.327529069767442,2.525290697674421,INVALIDÉE,-1.0,2022-09-24 06:34:37.500,12384.0,12728.0
2022-09-25 23:29:31.000,GOLD - NZD,1.3801652892561544,4.767217630853868,OBJECTIF ATTEINT,1.3801652892561544,2022-09-26 08:07:27.000,2861.9,2854.64
2022-09-26 14:36:04.000,GOLD - AUD,1.4695787831513707,6.77379095163823,INVALIDÉE,-1.0,2022-09-26 23:14:00.000,2528.68,2522.27
2022-09-26 20:30:34.000,SILVER - AUD,2.5999999999999432,11.599999999999836,INVALIDÉE,-1.0,2022-09-27 05:08:30.000,28.4,28.5
2022-09-26 22:30:05.000,SILVER - CHF,1.1333333333333555,7.000000000000071,INVALIDÉE,-1.0,2022-09-27 07:08:01.000,18.28,18.43
2022-09-26 22:30:07.000,SILVER - CAD,1.7058823529411544,2.647058823529381,INVALIDÉE,-1.0,2022-09-27 07:08:03.000,25.25,25.42
2022-09-27 21:29:17.000,SILVER - GBP,1.142857142857114,3.4285714285713924,OBJECTIF ATTEINT,1.142857142857114,2022-09-28 06:07:13.000,17.13,17.2
2022-09-28 07:33:33.000,SILVER - AUD,2.124999999999928,13.374999999999694,INVALIDÉE,-1.0,2022-09-28 16:11:29.000,28.31,28.39
2022-09-29 21:29:09.000,SILVER - AUD,1.4117647058823295,3.411764705882309,OBJECTIF ATTEINT,1.4117647058823295,2022-09-30 06:07:05.000,28.96,28.79
2022-09-30 06:29:08.000,GOLD - NZD,2.0875286041190586,5.167620137299922,OBJECTIF ATTEINT,2.0875286041190586,2022-09-30 15:07:04.000,2913.99,2896.51
2022-10-03 03:29:26.000,SILVER - EUR,1.428571428571443,6.999999999999949,OBJECTIF ATTEINT,1.428571428571443,2022-10-03 12:07:22.000,19.57,19.5
2022-10-03 11:31:08.000,EUR/GBP,1.0285714285714576,3.914285714285786,OBJECTIF ATTEINT,1.0285714285714576,2022-10-03 20:00:09.000,0.8726,0.8761
2022-10-03 17:35:15.000,GOLD - NZD,1.8441627047015643,6.707871104067676,OBJECTIF ATTEINT,1.8441627047015643,2022-10-04 02:13:11.000,2969.41,2950.48
2022-10-06 04:29:22.000,GOLD - EUR,2.517467248908331,14.537117903930346,OBJECTIF ATTEINT,2.517467248908331,2022-10-06 13:07:18.000,1738.25,1733.67
2022-10-07 02:29:17.000,SILVER - CAD,1.0,4.604651162790701,INVALIDÉE,-1.0,2022-10-07 11:07:13.000,28.36,27.93
2022-10-10 07:31:16.000,GOLD - AUD,1.5845771144278784,5.985903814262055,INVALIDÉE,-1.0,2022-10-10 16:09:12.000,2668.0,2655.94
2022-10-11 07:31:34.000,SILVER - CHF,1.9166666666666248,3.833333333333279,OBJECTIF ATTEINT,1.9166666666666248,2022-10-11 16:09:30.000,19.4,19.52
2022-10-11 19:35:17.000,SILVER - CHF,1.874999999999939,7.499999999999845,OBJECTIF ATTEINT,1.874999999999939,2022-10-12 04:13:13.000,19.09,19.17
2022-10-11 21:30:43.000,SILVER - EUR,1.6428571428571392,4.142857142857139,OBJECTIF ATTEINT,1.6428571428571392,2022-10-12 06:08:39.000,19.73,19.87
2022-10-11 23:30:47.000,GBP/CHF,1.0806451612903498,2.064516129032287,INVALIDÉE,-1.0,2022-10-12 07:59:48.000,1.0941,1.1003
2022-10-13 18:35:04.000,SILVER - NZD,2.5499999999999536,11.499999999999822,OBJECTIF ATTEINT,2.5499999999999536,2022-10-14 03:13:00.000,33.48,33.68
2022-10-13 21:30:12.000,NZD/USD,1.1578947368420869,2.526315789473681,INVALIDÉE,-1.0,2022-10-14 05:59:13.000,0.5636,0.5617
2022-10-14 09:31:32.000,SILVER - USD,1.41176470588238,5.058823529411837,OBJECTIF ATTEINT,1.41176470588238,2022-10-14 18:09:28.000,18.69,18.86
2022-10-14 12:31:14.000,SILVER - CAD,1.0175438596491255,3.4210526315789505,OBJECTIF ATTEINT,1.0175438596491255,2022-10-14 21:09:10.000,25.78,26.35
2022-10-17 05:29:28.000,GBP/CHF,1.1551724137930857,2.362068965517238,OBJECTIF ATTEINT,1.1551724137930857,2022-10-17 13:58:29.000,1.1291,1.1233
2022-10-17 08:31:31.000,DAX40 FULL0926,1.1246612466124772,2.303523035230375,OBJECTIF ATTEINT,1.1246612466124772,2022-10-18 05:12:19.500,12504.0,12430.2
2022-10-17 15:36:32.000,GOLD - GBP,1.2011764705882129,4.584705882352917,INVALIDÉE,-1.0,2022-10-18 00:14:28.000,1455.61,1464.11
2022-10-19 12:55:03.000,USD/CHF,1.2857142857142874,2.517241379310343,INVALIDÉE,-1.0,2022-10-19 21:24:04.000,1.0038,0.9835
2022-10-24 04:51:02.000,EUR/JPY,1.1120331950207265,3.1369294605808693,INVALIDÉE,-1.0,2022-10-24 13:20:03.000,146.58,144.17
2022-10-24 19:35:06.000,SILVER - GBP,2.2857142857143944,6.714285714286063,INVALIDÉE,-1.0,2022-10-25 04:13:02.000,17.08,17.01
2022-10-26 07:31:55.000,USD/JPY,1.043478260869575,1.64347826086957,OBJECTIF ATTEINT,1.043478260869575,2022-10-26 16:00:56.000,147.4,148.55
2022-10-28 08:31:44.000,GBP/CHF,1.137931034482661,3.75862068965498,OBJECTIF ATTEINT,1.137931034482661,2022-10-28 17:00:45.000,1.1463,1.1434
2022-10-31 19:35:41.000,GOLD - USD,1.056092843326878,2.046421663442897,INVALIDÉE,-1.0,2022-11-01 04:13:37.000,1633.04,1638.21
2022-11-03 07:29:35.000,AUD/USD,1.1999999999999704,3.33333333333321,OBJECTIF ATTEINT,1.1999999999999704,2022-11-03 15:58:36.000,0.6322,0.6337
2022-11-04 03:29:39.000,SILVER - EUR,2.70833333333336,3.8333333333333655,OBJECTIF ATTEINT,2.70833333333336,2022-11-04 12:07:35.000,20.08,19.84
2022-11-04 03:29:41.000,SILVER - CHF,1.0,4.500000000000089,OBJECTIF ATTEINT,1.0,2022-11-04 12:07:37.000,19.84,19.78
2022-11-07 20:35:37.000,EUR/CHF,1.1428571428570409,2.6428571428569616,INVALIDÉE,-1.0,2022-11-08 05:04:38.000,0.9907,0.9893
2022-11-08 13:32:50.000,SILVER - USD,2.0999999999999788,7.499999999999893,OBJECTIF ATTEINT,2.0999999999999788,2022-11-08 22:10:46.000,20.8,20.7
2022-11-08 21:29:45.000,EUR/CHF,1.0714285714285658,1.9285714285715136,INVALIDÉE,-1.0,2022-11-09 05:58:46.000,0.9929,0.9915
2022-11-08 21:48:55.000,GOLD - AUD,1.2456978967495151,2.5979923518164303,INVALIDÉE,-1.0,2022-11-09 06:26:51.000,2632.76,2611.84
2022-11-10 11:31:27.000,SILVER - AUD,1.4848484848484451,6.545454545454428,OBJECTIF ATTEINT,1.4848484848484451,2022-11-10 20:09:23.000,32.99,32.66
2022-11-11 05:29:32.000,SILVER - USD,2.7894736842105137,3.4210526315789167,INVALIDÉE,-1.0,2022-11-11 14:07:28.000,21.73,21.54
2022-11-14 16:06:51.000,SILVER - AUD,2.024390243902452,6.097560975609807,INVALIDÉE,-1.0,2022-11-15 00:44:47.000,32.65,32.24
2022-11-16 11:55:26.000,SILVER - CAD,1.525641025641032,3.3205128205128305,INVALIDÉE,-1.0,2022-11-16 20:33:22.000,29.15,28.37
2022-11-16 19:34:58.000,SILVER - GBP,1.6363636363636744,4.636363636363675,OBJECTIF ATTEINT,1.6363636363636744,2022-11-17 04:12:54.000,18.01,18.12
2022-11-17 16:05:48.000,GOLD - AUD,1.1467811158798171,2.6655221745350253,INVALIDÉE,-1.0,2022-11-18 00:43:44.000,2647.03,2612.08
2022-11-18 00:29:35.000,GOLD - NZD,2.101694915254197,5.161016949152419,OBJECTIF ATTEINT,2.101694915254197,2022-11-18 09:07:31.000,2871.79,2880.05
2022-11-18 10:31:15.000,GOLD - GBP,1.524464831804294,4.172782874617755,OBJECTIF ATTEINT,1.524464831804294,2022-11-18 19:09:11.000,1479.68,1486.22
2022-11-21 11:31:18.000,SILVER - CAD,1.9599999999999933,4.11999999999999,INVALIDÉE,-1.0,2022-11-21 20:09:14.000,27.7,27.95
2022-11-23 11:56:12.000,GBP/JPY,1.0432900432900407,4.718614718614717,INVALIDÉE,-1.0,2022-11-23 20:25:13.000,168.98,166.67
2022-11-23 16:36:42.000,SILVER - EUR,1.0000000000000395,4.666666666666693,OBJECTIF ATTEINT,1.0000000000000395,2022-11-24 01:14:38.000,20.58,20.49
2022-11-24 01:29:15.000,SILVER - EUR,2.300000000000053,3.700000000000089,INVALIDÉE,-1.0,2022-11-24 10:07:11.000,20.77,20.67
2022-11-25 15:37:18.000,GOLD - CAD,1.4667590027701438,3.8282548476455176,OBJECTIF ATTEINT,1.4667590027701438,2022-11-26 00:15:14.000,2341.85,2334.63
2022-11-28 16:38:12.000,SILVER - EUR,1.3333333333333466,7.888888888888911,INVALIDÉE,-1.0,2022-11-29 01:16:08.000,20.18,20.27
2022-11-29 07:29:44.000,GOLD - CAD,1.7759336099584346,3.340248962655469,OBJECTIF ATTEINT,1.7759336099584346,2022-11-29 16:07:40.000,2353.57,2348.75
2022-11-30 15:36:46.000,GOLD - NZD,1.7735148514851555,3.64232673267328,INVALIDÉE,-1.0,2022-12-01 00:14:42.000,2825.0,2816.92
2022-11-30 18:35:37.000,SILVER - CAD,2.0000000000000235,6.333333333333389,OBJECTIF ATTEINT,2.0000000000000235,2022-12-01 03:13:33.000,29.38,29.23
2022-12-01 00:48:51.000,SILVER - NZD,1.60465116279068,2.569767441860438,OBJECTIF ATTEINT,1.60465116279068,2022-12-01 09:26:47.000,35.27,34.41
2022-12-02 21:29:43.000,EUR/USD,1.0476190476190426,2.7619047619047343,OBJECTIF ATTEINT,1.0476190476190426,2022-12-03 05:58:44.000,1.0539,1.0497
2022-12-04 23:29:45.000,SILVER - AUD,2.39534883720929,2.6279069767441774,INVALIDÉE,-1.0,2022-12-05 08:07:41.000,34.02,33.59
2022-12-04 23:29:46.000,SILVER - NZD,1.7241379310344878,4.586206896551731,INVALIDÉE,-1.0,2022-12-05 08:07:42.000,36.15,35.86
2022-12-05 05:29:29.000,GOLD - CAD,2.895459345301019,6.432946145723481,INVALIDÉE,-1.0,2022-12-05 14:07:25.000,2423.5,2414.03
2022-12-06 00:49:04.000,SILVER - AUD,1.0980392156862686,1.9117647058823428,OBJECTIF ATTEINT,1.0980392156862686,2022-12-06 09:27:00.000,33.2,32.18
2022-12-07 14:59:41.000,SILVER - EUR,1.1320754716981067,3.2264150943396106,OBJECTIF ATTEINT,1.1320754716981067,2022-12-07 23:37:37.000,21.53,21.0
2022-12-08 05:29:26.000,GBP/JPY,1.2727272727271866,5.424242424242195,INVALIDÉE,-1.0,2022-12-08 13:58:27.000,167.0,166.67
2022-12-08 22:29:30.000,CHF/JPY,1.0000000000000813,2.885714285714388,OBJECTIF ATTEINT,1.0000000000000813,2022-12-09 06:58:31.000,145.92,145.57
2022-12-11 21:29:19.000,CHF/JPY,0.9999999999999576,3.492537313432758,OBJECTIF ATTEINT,0.9999999999999576,2022-12-12 05:58:20.000,146.24,145.57
2022-12-12 07:29:23.000,SILVER - GBP,1.428571428571443,3.428571428571443,INVALIDÉE,-1.0,2022-12-12 16:07:19.000,19.15,19.08
2022-12-12 23:29:30.000,AUD/JPY,1.1176470588235048,2.647058823529402,OBJECTIF ATTEINT,1.1176470588235048,2022-12-13 07:58:31.000,92.88,92.71
2022-12-13 01:29:19.000,SILVER - CHF,1.6363636363636422,6.272727272727284,OBJECTIF ATTEINT,1.6363636363636422,2022-12-13 10:07:15.000,21.89,21.78
2022-12-13 03:29:40.000,SILVER - EUR,2.999999999999911,12.874999999999671,OBJECTIF ATTEINT,2.999999999999911,2022-12-13 12:07:36.000,22.21,22.13
2022-12-13 03:29:41.000,SILVER - GBP,2.0000000000000444,3.750000000000089,OBJECTIF ATTEINT,2.0000000000000444,2022-12-13 12:07:37.000,19.09,19.01
2022-12-13 18:34:47.000,SILVER - EUR,2.6000000000000285,5.533333333333374,INVALIDÉE,-1.0,2022-12-14 03:12:43.000,22.41,22.26
2022-12-13 18:35:02.000,SILVER - USD,1.6153846153846343,8.769230769230841,INVALIDÉE,-1.0,2022-12-14 03:12:58.000,23.81,23.68
2022-12-14 23:29:21.000,SILVER - EUR,1.857142857142908,6.000000000000127,INVALIDÉE,-1.0,2022-12-15 08:07:17.000,22.4,22.26
2022-12-14 23:29:23.000,SILVER - CHF,1.7272727272727475,4.272727272727284,INVALIDÉE,-1.0,2022-12-15 08:07:19.000,22.11,22.0
2022-12-16 07:29:41.000,EUR/CHF,1.249999999999977,2.583333333333372,OBJECTIF ATTEINT,1.249999999999977,2022-12-16 15:58:42.000,0.9886,0.9874
2022-12-16 09:31:16.000,SILVER - AUD,2.066666666666701,6.733333333333384,INVALIDÉE,-1.0,2022-12-16 18:09:12.000,33.86,34.01
2022-12-20 08:56:01.000,SILVER - GBP,1.6938775510204174,4.57142857142859,OBJECTIF ATTEINT,1.6938775510204174,2022-12-20 17:33:57.000,19.38,18.89
2022-12-20 08:56:03.000,SILVER - AUD,1.671641791044768,4.044776119402976,INVALIDÉE,-1.0,2022-12-20 17:33:59.000,35.29,34.62
2022-12-20 11:54:51.000,SILVER - CHF,1.3589743589743508,3.282051282051272,OBJECTIF ATTEINT,1.3589743589743508,2022-12-20 20:32:47.000,22.05,21.66
2022-12-20 14:59:57.000,SILVER - EUR,1.7749999999999837,3.6499999999999737,INVALIDÉE,-1.0,2022-12-20 23:37:53.000,22.53,22.13
2022-12-27 18:59:37.000,EUR/CHF,1.0000000000000264,4.8571428571428985,OBJECTIF ATTEINT,1.0000000000000264,2022-12-28 03:28:38.000,0.9894,0.9852
2022-12-29 20:34:23.000,CHF/JPY,1.1250000000000666,4.593750000000094,INVALIDÉE,-1.0,2022-12-30 05:03:24.000,144.1,143.78
2023-01-03 03:28:59.000,EUR/GBP,1.2941176470587852,2.235294117647028,INVALIDÉE,-1.0,2023-01-03 11:58:00.000,0.8839,0.8822
2023-01-03 05:48:59.000,SILVER - GBP,1.4047619047619049,2.904761904761907,INVALIDÉE,-1.0,2023-01-03 14:26:55.000,20.22,19.38
2023-01-04 08:32:00.000,SILVER - EUR,1.181818181818195,4.818181818181837,INVALIDÉE,-1.0,2023-01-04 17:09:56.000,22.93,22.71
2023-01-04 10:58:26.000,DAX40 PERF INDEX,1.1725722578304445,3.7611561252871857,OBJECTIF ATTEINT,1.1725722578304445,2023-01-05 07:39:14.500,14351.28,14185.9
2023-01-04 13:33:01.000,GOLD - USD,1.0826612903225985,5.000000000000092,INVALIDÉE,-1.0,2023-01-04 22:10:57.000,1859.84,1849.92
2023-01-05 12:31:49.000,AUD/USD,1.0294117647059122,1.5294117647058958,INVALIDÉE,-1.0,2023-01-05 21:00:50.000,0.6835,0.6801
2023-01-06 08:32:13.000,AUD/JPY,1.1000000000000048,2.200000000000009,OBJECTIF ATTEINT,1.1000000000000048,2023-01-06 17:01:14.000,90.73,90.43
2023-01-06 09:33:15.000,S&P500 - MINI S&P500 FULL0926,1.7942583732057469,3.0701754385965003,INVALIDÉE,-1.0,2023-01-07 06:14:03.500,3827.0,3839.54
2023-01-12 11:33:01.000,GOLD - GBP,1.1419213973799347,4.299126637554665,OBJECTIF ATTEINT,1.1419213973799347,2023-01-12 20:10:57.000,1550.49,1545.91
2023-01-13 09:59:50.000,GOLD - EUR,1.6025641025640809,3.433048433048373,INVALIDÉE,-1.0,2023-01-13 18:37:46.000,1756.63,1742.59
2023-01-15 23:30:30.000,SILVER - EUR,2.000000000000059,4.666666666666785,INVALIDÉE,-1.0,2023-01-16 08:08:26.000,22.45,22.39
2023-01-15 23:30:32.000,SILVER - CAD,1.0,2.3200000000000216,INVALIDÉE,-1.0,2023-01-16 08:08:28.000,32.55,32.3
2023-01-16 01:30:26.000,SILVER - GBP,2.4166666666666394,7.8333333333332495,INVALIDÉE,-1.0,2023-01-16 10:08:22.000,19.92,19.8
2023-01-16 01:30:28.000,SILVER - AUD,1.07692307692306,4.923076923076831,INVALIDÉE,-1.0,2023-01-16 10:08:24.000,34.93,34.8
2023-01-16 03:52:22.000,GBP/JPY,1.22222222222223,9.691358024691324,INVALIDÉE,-1.0,2023-01-16 12:21:23.000,156.22,157.03
2023-01-16 19:30:19.000,SILVER - EUR,2.000000000000059,4.666666666666785,INVALIDÉE,-1.0,2023-01-17 04:08:15.000,22.45,22.39
2023-01-16 19:30:21.000,SILVER - GBP,2.727272727272748,8.636363636363674,INVALIDÉE,-1.0,2023-01-17 04:08:17.000,19.91,19.8
2023-01-16 19:30:23.000,SILVER - AUD,1.2499999999999407,5.416666666666449,INVALIDÉE,-1.0,2023-01-17 04:08:19.000,34.92,34.8
2023-01-17 00:29:47.000,SILVER - CHF,2.8333333333334223,13.8333333333336,INVALIDÉE,-1.0,2023-01-17 09:07:43.000,22.5,22.44
2023-01-18 21:30:12.000,SILVER - CAD,2.1250000000000666,6.000000000000133,INVALIDÉE,-1.0,2023-01-19 06:08:08.000,31.66,31.74
2023-01-23 06:30:38.000,USD/JPY,1.1764705882353597,2.7450980392157462,OBJECTIF ATTEINT,1.1764705882353597,2023-01-23 14:59:39.000,130.01,129.5
2023-01-24 20:36:31.000,AUD/USD,1.0,3.900000000000011,OBJECTIF ATTEINT,1.0,2023-01-25 05:05:32.000,0.7044,0.7024
2023-01-26 19:37:18.000,SILVER - EUR,1.333333333333363,3.6666666666667553,INVALIDÉE,-1.0,2023-01-27 04:15:14.000,21.97,21.85
2023-01-26 21:30:23.000,DAX40 FULL0926,2.142011834319503,8.606114398421965,INVALIDÉE,-1.0,2023-01-27 18:11:11.500,15223.0,15172.3
2023-01-30 22:30:56.000,GOLD - USD,1.5192532088681538,2.477246207701304,OBJECTIF ATTEINT,1.5192532088681538,2023-01-31 07:08:52.000,1922.46,1931.03
2023-01-31 12:33:15.000,USD/JPY,1.2857142857141988,4.928571428570892,INVALIDÉE,-1.0,2023-01-31 21:02:16.000,130.43,130.29
2023-02-02 08:33:49.000,GOLD - GBP,2.43809523809516,5.876190476190374,INVALIDÉE,-1.0,2023-02-02 17:11:45.000,1581.38,1577.18
2023-02-02 08:33:50.000,SILVER - GBP,1.838709677419364,2.032258064516146,INVALIDÉE,-1.0,2023-02-02 17:11:46.000,19.58,19.27
2023-02-02 08:33:53.000,SILVER - NZD,1.0999999999999788,8.999999999999858,INVALIDÉE,-1.0,2023-02-02 17:11:49.000,37.11,36.91
2023-02-02 11:32:51.000,GOLD - EUR,1.813504823151216,31.225080385853136,INVALIDÉE,-1.0,2023-02-02 20:10:47.000,1778.32,1775.21
2023-02-02 11:58:49.000,SILVER - GBP,1.9090909090909267,7.545454545454585,INVALIDÉE,-1.0,2023-02-02 20:36:45.000,19.79,19.57
2023-02-06 17:36:56.000,USD/CAD,1.1999999999999778,5.099999999999989,INVALIDÉE,-1.0,2023-02-07 02:05:57.000,1.3448,1.3428
2023-02-07 15:40:29.000,NZD/USD,1.045454545454488,4.63636363636344,INVALIDÉE,-1.0,2023-02-08 00:09:30.000,0.6284,0.6306
2023-02-07 18:05:37.000,S&P500 - MINI S&P500 FULL0926,1.1556603773584906,3.580188679245283,INVALIDÉE,-1.0,2023-02-08 14:46:25.500,4166.75,4113.75
2023-02-07 22:31:16.000,SILVER - CHF,1.4545454545454632,5.590909090909122,INVALIDÉE,-1.0,2023-02-08 07:09:12.000,20.43,20.65
2023-02-08 14:33:37.000,DAX40 PERF INDEX,1.308373947718229,6.3265396544086006,INVALIDÉE,-1.0,2023-02-09 11:14:25.500,15432.41,15364.7
2023-02-08 15:40:22.000,NASDAQ100 INDEX,2.940161660031377,8.075883701290923,INVALIDÉE,-1.0,2023-02-09 12:21:10.500,12641.59,12558.7
2023-02-14 11:33:55.000,SILVER - NZD,1.064516129032245,4.193548387096734,INVALIDÉE,-1.0,2023-02-14 20:11:51.000,34.22,34.53
2023-02-16 23:31:45.000,GBP/USD,1.07142857142856,9.785714285713844,INVALIDÉE,-1.0,2023-02-17 08:00:46.000,1.1976,1.199
2023-02-17 04:31:20.000,CHF/JPY,1.0526315789471636,2.736842105262685,INVALIDÉE,-1.0,2023-02-17 13:00:21.000,145.08,144.89
2023-02-17 04:31:27.000,GOLD - USD,1.4504672897196182,4.478504672897184,INVALIDÉE,-1.0,2023-02-17 13:09:23.000,1826.77,1837.47
2023-02-17 11:33:51.000,SILVER - EUR,2.1538461538461515,11.230769230769324,INVALIDÉE,-1.0,2023-02-17 20:11:47.000,19.95,20.08
2023-02-20 08:33:48.000,SILVER - AUD,1.0,4.454545454545463,INVALIDÉE,-1.0,2023-02-20 17:11:44.000,31.66,31.55
2023-02-20 13:34:17.000,SILVER - GBP,1.6250000000000666,4.250000000000089,INVALIDÉE,-1.0,2023-02-20 22:12:13.000,18.13,18.05
2023-02-21 00:30:13.000,SILVER - AUD,1.0,3.111111111111109,OBJECTIF ATTEINT,1.0,2023-02-21 09:08:09.000,31.59,31.41
2023-02-21 06:31:34.000,NASDAQ100 - MINI NASDAQ100 FULL0926,1.2064516129032206,4.899641577060932,OBJECTIF ATTEINT,1.2064516129032206,2023-02-22 03:12:22.500,12350.25,12420.0
2023-02-21 13:33:55.000,SILVER - CAD,2.0,3.874999999999981,OBJECTIF ATTEINT,2.0,2023-02-21 22:11:51.000,29.35,29.19
2023-02-22 00:31:47.000,SILVER - CAD,1.6363636363636422,2.863636363636374,INVALIDÉE,-1.0,2023-02-22 09:09:43.000,29.61,29.39
2023-02-22 22:30:23.000,GOLD - USD,1.2450980392156907,9.10000000000018,OBJECTIF ATTEINT,1.2450980392156907,2023-02-23 07:08:19.000,1825.26,1830.36
2023-02-28 22:31:12.000,GOLD - NZD,1.846863468634618,12.83763837638358,INVALIDÉE,-1.0,2023-03-01 07:09:08.000,2954.03,2948.61
2023-03-01 07:31:01.000,EUR/JPY,1.1874999999999407,1.9374999999999407,OBJECTIF ATTEINT,1.1874999999999407,2023-03-01 16:00:02.000,144.65,144.17
2023-03-01 19:36:19.000,USD/CHF,1.272727272727181,5.636363636363389,OBJECTIF ATTEINT,1.272727272727181,2023-03-02 04:05:20.000,0.9412,0.939
2023-03-02 20:36:37.000,AUD/JPY,1.2777777777777517,2.7222222222220904,INVALIDÉE,-1.0,2023-03-03 05:05:38.000,92.06,91.88
2023-03-02 23:31:00.000,GOLD - USD,1.1892265193370013,4.651933701657462,OBJECTIF ATTEINT,1.1892265193370013,2023-03-03 08:08:56.000,1837.48,1830.24
2023-03-07 05:31:25.000,SILVER - AUD,1.0909090909091057,2.636363636363642,INVALIDÉE,-1.0,2023-03-07 14:09:21.000,31.43,31.32
2023-03-09 03:31:45.000,GOLD - EUR,1.5296610169491496,3.675847457627078,INVALIDÉE,-1.0,2023-03-09 12:09:41.000,1719.25,1723.97
2023-03-09 19:36:38.000,S&P500 - MINI S&P500 FULL0926,1.284584980237145,4.633201581027627,OBJECTIF ATTEINT,1.284584980237145,2023-03-10 16:17:26.500,3957.5,3982.8
2023-03-09 20:36:07.000,SILVER - CHF,1.3333333333333333,8.500000000000208,INVALIDÉE,-1.0,2023-03-10 05:14:03.000,18.75,18.81
2023-03-09 21:31:29.000,NASDAQ100 - MINI NASDAQ100 FULL0926,2.4909090909091027,5.492561983471062,INVALIDÉE,-1.0,2023-03-10 18:12:17.500,11999.25,12029.5
2023-03-13 12:33:24.000,USD/JPY,1.1066666666666454,1.719999999999989,INVALIDÉE,-1.0,2023-03-13 21:02:25.000,132.7,133.45
2023-03-13 14:38:51.000,AUD/USD,1.090909090909045,1.7878787878787492,OBJECTIF ATTEINT,1.090909090909045,2023-03-13 23:07:52.000,0.667,0.6637
2023-03-14 21:31:05.000,AUD/USD,1.044444444444439,1.4666666666666337,INVALIDÉE,-1.0,2023-03-15 06:00:06.000,0.6682,0.6637
2023-03-14 21:31:29.000,EUR/USD,1.3333333333335184,10.333333333334627,INVALIDÉE,-1.0,2023-03-15 06:00:30.000,1.0733,1.0721
2023-03-15 15:39:24.000,SILVER - GBP,1.0526315789473577,3.263157894736825,INVALIDÉE,-1.0,2023-03-16 00:17:20.000,18.27,18.08
2023-03-15 15:39:28.000,SILVER - NZD,2.0000000000000275,4.192307692307738,INVALIDÉE,-1.0,2023-03-16 00:17:24.000,35.55,35.29
2023-03-16 10:33:57.000,DAX40 FULL0926,2.288948069240996,3.3777629826897315,INVALIDÉE,-1.0,2023-03-17 07:14:45.500,14816.0,14891.1
2023-03-16 13:33:12.000,SILVER - NZD,1.925925925925889,3.999999999999947,INVALIDÉE,-1.0,2023-03-16 22:11:08.000,35.56,35.29
2023-03-17 03:30:22.000,SILVER - CHF,1.2608695652173854,3.0869565217391286,OBJECTIF ATTEINT,1.2608695652173854,2023-03-17 12:08:18.000,20.34,20.11
2023-03-19 23:30:06.000,AUD/USD,1.1999999999999704,6.333333333333062,INVALIDÉE,-1.0,2023-03-20 07:59:07.000,0.6711,0.6696
2023-03-19 23:30:33.000,EUR/CHF,0.9999999999999306,2.6249999999999134,OBJECTIF ATTEINT,0.9999999999999306,2023-03-20 07:59:34.000,0.9897,0.9881
2023-03-20 00:32:20.000,GBP/CHF,1.1818181818181634,5.545454545454591,INVALIDÉE,-1.0,2023-03-20 09:01:21.000,1.1307,1.1285
2023-03-20 08:33:44.000,SILVER - GBP,2.23076923076918,6.307692307692186,INVALIDÉE,-1.0,2023-03-20 17:11:40.000,18.6,18.47
2023-03-20 08:33:51.000,DAX40 PERF INDEX,2.161022532612983,4.7662406114112335,INVALIDÉE,-1.0,2023-03-21 05:14:39.500,14512.42,14664.2
2023-03-21 04:30:21.000,USD/CHF,1.2857142857143424,3.357142857142988,INVALIDÉE,-1.0,2023-03-21 12:59:22.000,0.9295,0.9281
2023-03-21 20:31:10.000,GBP/JPY,1.0869565217391788,4.869565217391541,OBJECTIF ATTEINT,1.0869565217391788,2023-03-22 05:00:11.000,161.94,161.71
2023-03-22 04:30:15.000,GBP/JPY,1.039999999999992,1.5900000000000034,OBJECTIF ATTEINT,1.039999999999992,2023-03-22 12:59:16.000,162.02,161.02
2023-03-23 05:53:10.000,NASDAQ100 - MINI NASDAQ100 FULL0926,1.4269896193771676,6.074740484429061,OBJECTIF ATTEINT,1.4269896193771676,2023-03-24 02:33:58.500,12776.0,12631.5
2023-03-23 16:39:23.000,SILVER - NZD,1.0,9.318181818181854,OBJECTIF ATTEINT,1.0,2023-03-24 01:17:19.000,36.86,36.64
2023-03-23 19:35:46.000,SILVER - CAD,1.181818181818179,5.318181818181853,OBJECTIF ATTEINT,1.181818181818179,2023-03-24 04:13:42.000,31.64,31.42
2023-03-24 04:30:21.000,SILVER - NZD,1.9512195121951488,4.536585365853695,OBJECTIF ATTEINT,1.9512195121951488,2023-03-24 13:08:17.000,37.05,36.64
2023-03-24 08:32:51.000,USD/CAD,1.0666666666668148,2.4666666666669625,OBJECTIF ATTEINT,1.0666666666668148,2023-03-24 17:01:52.000,1.3736,1.3721
2023-03-24 12:33:49.000,S&P500 - MINI S&P500 FULL0926,1.0210069444444452,1.3411458333333357,INVALIDÉE,-1.0,2023-03-25 09:14:37.500,3942.25,3999.85
2023-03-29 10:34:04.000,SILVER - USD,1.2499999999999445,3.124999999999928,OBJECTIF ATTEINT,1.2499999999999445,2023-03-29 19:12:00.000,23.28,23.2
2023-03-29 13:34:01.000,S&P500 - MINI S&P500 FULL0926,1.684491978609642,2.51443850267382,OBJECTIF ATTEINT,1.684491978609642,2023-03-30 10:14:49.500,4042.25,4023.55
2023-03-29 14:39:49.000,SILVER - NZD,1.0,4.076923076923006,OBJECTIF ATTEINT,1.0,2023-03-29 23:17:45.000,37.43,37.3
2023-03-29 16:36:19.000,SILVER - USD,1.3571428571428608,6.999999999999974,OBJECTIF ATTEINT,1.3571428571428608,2023-03-30 01:14:15.000,23.34,23.2
2023-03-31 13:33:01.000,GOLD - EUR,1.5909694555112963,4.122177954847287,INVALIDÉE,-1.0,2023-03-31 22:10:57.000,1821.19,1813.66
2023-03-31 20:30:06.000,USD/CAD,1.1944444444444204,3.63888888888881,OBJECTIF ATTEINT,1.1944444444444204,2023-04-01 04:59:07.000,1.3514,1.355
2023-04-03 08:00:12.000,EUR/JPY,1.0,4.655172413792983,INVALIDÉE,-1.0,2023-04-03 16:29:13.000,144.75,144.17
2023-04-03 08:34:30.000,USD/JPY,1.157894736842113,3.3684210526315974,INVALIDÉE,-1.0,2023-04-03 17:03:31.000,133.56,132.99
2023-04-03 12:33:18.000,SILVER - USD,1.6923076923076503,7.153846153846011,INVALIDÉE,-1.0,2023-04-03 21:11:14.000,24.1,23.97
2023-04-03 16:36:35.000,AUD/JPY,1.199999999999957,4.649999999999897,INVALIDÉE,-1.0,2023-04-04 01:05:36.000,89.89,89.69
2023-04-04 05:30:52.000,GBP/JPY,1.2075471698112925,3.4716981132074927,INVALIDÉE,-1.0,2023-04-04 13:59:53.000,164.83,164.3
2023-04-05 00:30:28.000,EUR/USD,1.099999999999989,3.624999999999986,INVALIDÉE,-1.0,2023-04-05 08:59:29.000,1.0967,1.0927
2023-04-06 09:32:57.000,SILVER - CHF,2.428571428571443,14.714285714285673,INVALIDÉE,-1.0,2023-04-06 18:10:53.000,22.59,22.52
2023-04-06 18:36:30.000,NASDAQ100 INDEX,1.856476442232954,4.625874669569321,INVALIDÉE,-1.0,2023-04-07 15:17:18.500,13072.22,12943.6
2023-04-11 18:36:39.000,AUD/JPY,1.0263157894736596,1.9473684210525688,OBJECTIF ATTEINT,1.0263157894736596,2023-04-12 03:05:40.000,88.95,88.57
2023-04-12 19:36:38.000,NASDAQ100 - MINI NASDAQ100 FULL0926,1.8728431372549084,3.196078431372549,INVALIDÉE,-1.0,2023-04-13 16:17:26.500,12957.5,13059.5
2023-04-13 02:31:16.000,SILVER - CHF,1.1428571428571392,4.142857142857139,OBJECTIF ATTEINT,1.1428571428571392,2023-04-13 11:09:12.000,22.88,22.74
2023-04-18 03:30:53.000,DAX40 FULL0926,1.3592233009708898,8.640776699029228,OBJECTIF ATTEINT,1.3592233009708898,2023-04-19 00:11:41.500,15961.0,15899.2
2023-04-18 07:33:21.000,S&P500 - MINI S&P500 FULL0926,1.2727272727272727,6.0,INVALIDÉE,-1.0,2023-04-19 04:14:09.500,4178.5,4170.25
2023-04-19 07:33:41.000,SILVER - NZD,1.2448979591836673,1.8571428571428423,INVALIDÉE,-1.0,2023-04-19 16:11:37.000,40.26,40.75
2023-04-20 08:34:07.000,NASDAQ100 - MINI NASDAQ100 FULL0926,1.1926910299003322,1.823920265780731,INVALIDÉE,-1.0,2023-04-21 05:14:55.500,13062.75,13138.0
2023-04-24 06:30:33.000,S&P500 - MINI S&P500 FULL0926,1.722408026755874,9.180602006689076,INVALIDÉE,-1.0,2023-04-25 03:11:21.500,4136.0,4150.95
2023-04-25 00:30:05.000,SILVER - CAD,1.0000000000000295,1.7083333333333852,INVALIDÉE,-1.0,2023-04-25 09:08:01.000,34.12,33.88
2023-04-25 12:33:47.000,SILVER - EUR,2.8095238095237973,6.476190476190447,INVALIDÉE,-1.0,2023-04-25 21:11:43.000,22.36,22.57
2023-04-27 05:30:41.000,GOLD - CAD,1.5835654596099484,4.334261838439921,INVALIDÉE,-1.0,2023-04-27 14:08:37.000,2725.01,2717.83
2023-04-27 05:30:43.000,SILVER - CAD,1.4374999999999474,9.999999999999734,INVALIDÉE,-1.0,2023-04-27 14:08:39.000,34.13,33.97
2023-04-27 06:30:50.000,EUR/GBP,1.1818181818181634,8.727272727272856,INVALIDÉE,-1.0,2023-04-27 14:59:51.000,0.8863,0.8852
2023-04-27 08:33:21.000,SILVER - AUD,2.636363636363642,15.27272727272735,INVALIDÉE,-1.0,2023-04-27 17:11:17.000,37.85,37.74
2023-04-28 07:33:48.000,USD/CHF,1.0357142857142814,1.9642857142856789,INVALIDÉE,-1.0,2023-04-28 16:02:49.000,0.8948,0.892
2023-05-01 04:31:16.000,SILVER - CHF,1.142857142857114,2.9999999999999494,OBJECTIF ATTEINT,1.142857142857114,2023-05-01 13:09:12.000,22.44,22.37
2023-05-01 05:30:44.000,GOLD - NZD,1.8442164179104803,10.066231343283798,INVALIDÉE,-1.0,2023-05-01 14:08:40.000,3204.3,3215.02
2023-05-01 10:29:57.000,SILVER - EUR,1.3333333333333235,2.9999999999999702,OBJECTIF ATTEINT,1.3333333333333235,2023-05-01 19:07:53.000,22.86,22.74
2023-05-02 06:30:52.000,USD/CHF,1.0666666666666569,7.466666666666375,INVALIDÉE,-1.0,2023-05-02 14:59:53.000,0.8961,0.8946
2023-05-02 17:35:47.000,EUR/CHF,1.062500000000065,2.375000000000113,OBJECTIF ATTEINT,1.062500000000065,2023-05-03 02:04:48.000,0.9824,0.984
2023-05-04 11:59:24.000,GOLD - CHF,1.483279890059561,4.245075584058652,INVALIDÉE,-1.0,2023-05-04 20:37:20.000,1807.28,1785.45
2023-05-04 18:34:53.000,SILVER - NZD,1.749999999999975,4.1071428571428354,INVALIDÉE,-1.0,2023-05-05 03:12:49.000,41.34,41.06
2023-05-04 22:30:54.000,SILVER - GBP,1.1666666666666965,8.083333333333526,INVALIDÉE,-1.0,2023-05-05 07:08:50.000,20.72,20.6
2023-05-05 10:33:45.000,GBP/USD,1.333333333333284,7.133333333333018,INVALIDÉE,-1.0,2023-05-05 19:02:46.000,1.2614,1.2599
2023-05-09 23:30:22.000,NZD/USD,1.0952380952380851,3.523809523809521,OBJECTIF ATTEINT,1.0952380952380851,2023-05-10 07:59:23.000,0.6337,0.6316
2023-05-10 21:30:27.000,SILVER - EUR,1.0000000000000162,1.7272727272727475,OBJECTIF ATTEINT,1.0000000000000162,2023-05-11 06:08:23.000,23.12,23.34
2023-05-10 21:30:29.000,SILVER - CAD,2.5714285714286778,5.428571428571593,OBJECTIF ATTEINT,2.5714285714286778,2023-05-11 06:08:25.000,33.95,34.16
2023-05-10 23:30:08.000,AUD/USD,1.3124999999999567,5.43749999999987,INVALIDÉE,-1.0,2023-05-11 07:59:09.000,0.6783,0.6767
2023-05-10 23:30:08.000,AUD/USD,1.3124999999999567,5.43749999999987,INVALIDÉE,-1.0,2023-05-11 07:59:09.000,0.6783,0.6767
2023-05-11 03:30:14.000,S&P500 - MINI S&P500 FULL0926,1.5723076923077035,2.769230769230769,INVALIDÉE,-1.0,2023-05-12 00:11:02.500,4161.25,4145.0
2023-05-11 13:33:19.000,USD/JPY,1.2500000000000444,2.875000000000111,INVALIDÉE,-1.0,2023-05-11 22:02:20.000,133.9,134.22
2023-05-15 18:35:23.000,NASDAQ100 INDEX,1.7348873449775997,1.8291020063632133,OBJECTIF ATTEINT,1.7348873449775997,2023-05-16 15:16:11.500,13400.01,13246.0
2023-05-18 15:38:03.000,AUD/JPY,1.041666666666689,5.37500000000014,OBJECTIF ATTEINT,1.041666666666689,2023-05-19 00:07:04.000,91.63,91.39
2023-05-18 19:35:27.000,GBP/CHF,1.1999999999999704,1.999999999999852,INVALIDÉE,-1.0,2023-05-19 04:04:28.000,1.123,1.1215
2023-05-19 12:33:16.000,GOLD - CHF,2.468646864686366,8.818481848184538,INVALIDÉE,-1.0,2023-05-19 21:11:12.000,1767.1,1773.16
2023-05-22 10:32:47.000,SILVER - EUR,1.2727272727272845,6.090909090909106,INVALIDÉE,-1.0,2023-05-22 19:10:43.000,22.07,21.96
2023-05-22 11:32:19.000,USD/CAD,1.0,2.7333333333332246,INVALIDÉE,-1.0,2023-05-22 20:01:20.000,1.351,1.3495
2023-05-22 23:31:20.000,GBP/JPY,1.086956521739134,3.23188405797101,INVALIDÉE,-1.0,2023-05-23 08:00:21.000,172.46,171.77
2023-05-24 04:30:40.000,GOLD - GBP,1.0791100123609223,1.9530284301606515,INVALIDÉE,-1.0,2023-05-24 13:08:36.000,1591.9,1583.81
2023-05-24 15:38:23.000,SILVER - USD,1.4444444444444358,8.444444444444475,OBJECTIF ATTEINT,1.4444444444444358,2023-05-25 00:16:19.000,23.23,23.32
2023-05-26 15:09:22.000,S&P500 - MINI S&P500 FULL0926,1.3243894048847535,3.1604747162022524,OBJECTIF ATTEINT,1.3243894048847535,2023-05-27 11:50:10.500,4209.25,4151.11
2023-05-31 11:32:20.000,SILVER - CHF,2.3333333333333464,3.3333333333333464,OBJECTIF ATTEINT,2.3333333333333464,2023-05-31 20:10:16.000,21.23,21.14
2023-05-31 14:37:38.000,SILVER - AUD,1.2083333333333195,5.333333333333294,OBJECTIF ATTEINT,1.2083333333333195,2023-05-31 23:15:34.000,36.06,35.82
2023-06-01 17:34:56.000,SILVER - AUD,1.3846153846153553,7.923076923076776,INVALIDÉE,-1.0,2023-06-02 02:12:52.000,36.31,36.18
2023-06-01 21:29:49.000,EUR/CHF,1.120000000000034,4.120000000000078,INVALIDÉE,-1.0,2023-06-02 05:58:50.000,0.9758,0.9733
2023-06-02 03:29:34.000,SILVER - CHF,1.6470588235294363,4.82352941176476,INVALIDÉE,-1.0,2023-06-02 12:07:30.000,21.7,21.53
2023-06-07 07:32:36.000,SILVER - CAD,2.6111111111111285,11.277777777777802,INVALIDÉE,-1.0,2023-06-07 16:10:32.000,31.42,31.6
2023-06-07 18:35:16.000,GOLD - USD,1.018298261665146,3.10338517840804,INVALIDÉE,-1.0,2023-06-08 03:13:12.000,1943.23,1954.16
2023-06-07 23:29:26.000,SILVER - GBP,1.0,5.999999999999929,INVALIDÉE,-1.0,2023-06-08 08:07:22.000,18.84,18.89
2023-06-12 14:38:17.000,DAX40 PERF INDEX,2.59098687963486,3.448088990302283,OBJECTIF ATTEINT,2.59098687963486,2023-06-13 11:19:05.500,16090.12,16020.0
2023-06-15 07:32:11.000,AUD/USD,1.1666666666666976,2.5833333333334183,OBJECTIF ATTEINT,1.1666666666666976,2023-06-15 16:01:12.000,0.6808,0.6784
2023-06-21 13:32:21.000,EUR/GBP,1.3499999999999612,4.7499999999999725,OBJECTIF ATTEINT,1.3499999999999612,2023-06-21 22:01:22.000,0.8586,0.8566
2023-06-23 02:30:18.000,GBP/USD,1.0000000000000926,3.708333333333453,OBJECTIF ATTEINT,1.0000000000000926,2023-06-23 10:59:19.000,1.2715,1.2739
2023-06-26 22:30:02.000,NASDAQ100 - MINI NASDAQ100 FULL0926,2.5848171701113034,5.462639109697971,INVALIDÉE,-1.0,2023-06-27 19:10:50.500,14874.0,14999.8
2023-06-28 04:29:29.000,AUD/USD,1.3142857142857478,1.8857142857143283,OBJECTIF ATTEINT,1.3142857142857478,2023-06-28 12:58:30.000,0.6643,0.6678
2023-06-29 15:38:38.000,USD/CHF,1.187499999999974,1.93749999999994,OBJECTIF ATTEINT,1.187499999999974,2023-06-30 00:07:39.000,0.8982,0.8966
2023-06-30 00:29:51.000,GOLD - NZD,2.2561797752808674,4.888764044943744,INVALIDÉE,-1.0,2023-06-30 09:07:47.000,3146.94,3138.04
2023-07-05 18:35:45.000,SILVER - USD,2.0666666666666287,7.999999999999882,INVALIDÉE,-1.0,2023-07-06 03:13:41.000,23.12,22.97
2023-07-05 19:35:18.000,SILVER - EUR,2.294117647058852,4.82352941176476,INVALIDÉE,-1.0,2023-07-06 04:13:14.000,21.34,21.17
2023-07-05 19:35:19.000,SILVER - GBP,2.1000000000000534,6.50000000000016,INVALIDÉE,-1.0,2023-07-06 04:13:15.000,18.24,18.14
2023-07-05 19:35:21.000,SILVER - CHF,2.083333333333316,9.666666666666588,INVALIDÉE,-1.0,2023-07-06 04:13:17.000,20.8,20.68
2023-07-05 19:35:23.000,SILVER - CAD,2.8571428571428523,9.80952380952378,INVALIDÉE,-1.0,2023-07-06 04:13:19.000,30.75,30.54
2023-07-06 04:30:04.000,GOLD - AUD,1.9760348583876728,16.775599128539774,INVALIDÉE,-1.0,2023-07-06 13:08:00.000,2888.36,2883.77
2023-07-07 17:35:42.000,NASDAQ100 INDEX,1.0581171950048056,16.758405379443072,INVALIDÉE,-1.0,2023-07-08 14:16:30.500,15195.24,15153.6
2023-07-10 06:29:55.000,GOLD - AUD,1.032000000000023,8.317714285714308,INVALIDÉE,-1.0,2023-07-10 15:07:51.000,2892.58,2883.83
2023-07-10 23:29:57.000,SILVER - CAD,1.1111111111111287,3.5000000000000195,OBJECTIF ATTEINT,1.1111111111111287,2023-07-11 08:07:53.000,30.72,30.54
2023-07-11 04:29:46.000,AUD/USD,0.9999999999999348,5.588235294117505,INVALIDÉE,-1.0,2023-07-11 12:58:47.000,0.6689,0.6672
2023-07-11 04:29:59.000,SILVER - AUD,1.1111111111111287,9.055555555555584,OBJECTIF ATTEINT,1.1111111111111287,2023-07-11 13:07:55.000,34.72,34.54
2023-07-11 20:29:50.000,AUD/USD,1.266666666666721,6.466666666666928,OBJECTIF ATTEINT,1.266666666666721,2023-07-12 04:58:51.000,0.6687,0.6672
2023-07-14 15:38:11.000,EUR/JPY,1.1489361702128122,2.8297872340425867,INVALIDÉE,-1.0,2023-07-15 00:07:12.000,155.82,155.35
2023-07-20 02:50:35.000,AUD/USD,1.0975609756097726,3.9512195121951272,INVALIDÉE,-1.0,2023-07-20 11:19:36.000,0.6825,0.6784
2023-07-21 14:37:58.000,GOLD - NZD,1.0766806722689095,8.872899159663909,INVALIDÉE,-1.0,2023-07-21 23:15:54.000,3180.2,3170.68
2023-07-27 10:31:54.000,GOLD - CHF,1.3351063829786949,2.4787234042552786,INVALIDÉE,-1.0,2023-07-27 19:09:50.000,1690.08,1695.72
2023-07-28 15:38:07.000,GOLD - NZD,2.842662632375129,6.109682299546023,INVALIDÉE,-1.0,2023-07-29 00:16:03.000,3183.9,3170.68
2023-07-30 22:29:55.000,NASDAQ100 - MINI NASDAQ100 FULL0926,2.198547215496389,4.329297820823303,INVALIDÉE,-1.0,2023-07-31 19:10:43.500,15884.0,15842.7
2023-08-01 16:35:45.000,EUR/CHF,1.0,4.699999999999922,OBJECTIF ATTEINT,1.0,2023-08-02 01:04:46.000,0.9613,0.9603
2023-08-03 03:30:09.000,GOLD - NZD,1.0483271375464516,9.226765799256324,INVALIDÉE,-1.0,2023-08-03 12:08:05.000,3190.21,3182.14
2023-08-07 10:32:26.000,SILVER - GBP,1.3999999999999857,10.79999999999983,OBJECTIF ATTEINT,1.3999999999999857,2023-08-07 19:10:22.000,18.39,18.44
2023-08-08 15:37:30.000,NASDAQ100 INDEX,1.700553741303465,3.4682663637655224,INVALIDÉE,-1.0,2023-08-09 12:18:18.500,15168.87,15239.3
2023-08-09 15:37:32.000,GOLD - NZD,1.121573301549463,2.456495828367156,OBJECTIF ATTEINT,1.121573301549463,2023-08-10 00:15:28.000,3167.85,3176.24
2023-08-10 00:29:52.000,AUD/JPY,1.06249999999985,3.937499999999706,OBJECTIF ATTEINT,1.06249999999985,2023-08-10 08:58:53.000,93.93,93.77
2023-08-11 08:32:59.000,GBP/JPY,1.0816326530612068,3.30612244897954,OBJECTIF ATTEINT,1.0816326530612068,2023-08-11 17:02:00.000,183.72,183.23
2023-08-16 08:32:31.000,SILVER - AUD,2.4999999999999805,4.0,INVALIDÉE,-1.0,2023-08-16 17:10:27.000,35.1,34.92
2023-08-16 17:35:33.000,AUD/USD,1.2608695652174144,4.913043478260926,OBJECTIF ATTEINT,1.2608695652174144,2023-08-17 02:04:34.000,0.6431,0.6454
2023-08-17 03:29:45.000,AUD/JPY,1.3333333333334385,3.055555555555665,INVALIDÉE,-1.0,2023-08-17 11:58:46.000,93.45,93.63
2023-08-17 14:37:57.000,DAX40 PERF INDEX,1.820129546586936,5.081714000996501,OBJECTIF ATTEINT,1.820129546586936,2023-08-18 11:18:45.500,15710.35,15810.7
2023-08-18 00:29:57.000,SILVER - CHF,1.3333333333333466,2.0000000000000395,OBJECTIF ATTEINT,1.3333333333333466,2023-08-18 09:07:53.000,19.99,19.9
2023-08-18 02:30:02.000,GBP/USD,1.1818181818181634,2.636363636363673,INVALIDÉE,-1.0,2023-08-18 10:59:03.000,1.2761,1.2739
2023-08-21 00:29:38.000,SILVER - EUR,2.000000000000059,16.500000000000384,INVALIDÉE,-1.0,2023-08-21 09:07:34.000,20.97,20.91
2023-08-21 00:29:40.000,SILVER - AUD,1.142857142857114,5.642857142857114,OBJECTIF ATTEINT,1.142857142857114,2023-08-21 09:07:36.000,35.56,35.42
2023-08-21 07:32:24.000,SILVER - NZD,1.1333333333333315,5.166666666666706,OBJECTIF ATTEINT,1.1333333333333315,2023-08-21 16:10:20.000,38.57,38.27
2023-08-21 09:31:58.000,SILVER - EUR,1.571428571428557,13.999999999999948,OBJECTIF ATTEINT,1.571428571428557,2023-08-21 18:09:54.000,20.98,20.91
2023-08-21 09:32:00.000,SILVER - CAD,1.0000000000000209,4.941176470588288,OBJECTIF ATTEINT,1.0000000000000209,2023-08-21 18:09:56.000,30.9,30.73
2023-08-22 23:24:35.000,SILVER - GBP,1.0833333333333777,7.333333333333511,OBJECTIF ATTEINT,1.0833333333333777,2023-08-23 08:02:31.000,18.4,18.28
2023-08-23 12:27:45.000,GOLD - USD,1.2705202312138606,8.495953757225346,OBJECTIF ATTEINT,1.2705202312138606,2023-08-23 21:05:41.000,1905.22,1896.57
2023-08-29 07:26:49.000,SILVER - EUR,1.1599999999999966,4.799999999999997,OBJECTIF ATTEINT,1.1599999999999966,2023-08-29 16:04:45.000,22.44,22.19
2023-08-29 09:26:32.000,SILVER - GBP,1.1333333333333555,6.400000000000066,OBJECTIF ATTEINT,1.1333333333333555,2023-08-29 18:04:28.000,19.25,19.1
2023-08-29 10:26:47.000,USD/CAD,1.0,2.757575757575656,INVALIDÉE,-1.0,2023-08-29 18:55:48.000,1.3607,1.3574
2023-08-30 05:24:53.000,GOLD - NZD,1.1950286806883323,5.088910133843196,OBJECTIF ATTEINT,1.1950286806883323,2023-08-30 14:02:49.000,3252.17,3241.71
2023-09-04 06:25:24.000,GOLD - CHF,2.948830409356771,7.058479532163856,INVALIDÉE,-1.0,2023-09-04 15:03:20.000,1721.12,1714.28
2023-09-04 13:26:58.000,SILVER - EUR,1.6315789473684523,3.2631578947368864,OBJECTIF ATTEINT,1.6315789473684523,2023-09-04 22:04:54.000,22.21,22.4
2023-09-06 08:27:21.000,SILVER - EUR,2.083333333333316,6.583333333333272,OBJECTIF ATTEINT,2.083333333333316,2023-09-06 17:05:17.000,21.79,21.91
2023-09-06 20:25:34.000,GOLD - EUR,1.4457831325301689,3.034638554216939,INVALIDÉE,-1.0,2023-09-07 05:03:30.000,1787.14,1793.78
2023-09-07 08:27:46.000,NASDAQ100 - MINI NASDAQ100 FULL0926,2.589393939393934,4.480303030303041,INVALIDÉE,-1.0,2023-09-08 05:08:34.500,15295.5,15361.5
2023-09-08 13:26:58.000,SILVER - CHF,1.1428571428571646,5.285714285714279,INVALIDÉE,-1.0,2023-09-08 22:04:54.000,20.48,20.55
2023-09-11 16:31:15.000,GOLD - CAD,2.0958466453673217,16.488817891373266,OBJECTIF ATTEINT,2.0958466453673217,2023-09-12 01:09:11.000,2612.42,2615.55
2023-09-12 20:25:28.000,USD/CAD,1.1999999999998965,2.2666666666665534,OBJECTIF ATTEINT,1.1999999999998965,2023-09-13 04:54:29.000,1.3557,1.3587
2023-09-18 19:30:17.000,SILVER - EUR,1.2999999999999716,2.699999999999957,OBJECTIF ATTEINT,1.2999999999999716,2023-09-19 04:08:13.000,21.71,21.61
2023-09-18 22:25:28.000,GOLD - CAD,1.3174858984690214,2.157937147461766,INVALIDÉE,-1.0,2023-09-19 07:03:24.000,2607.93,2595.52
2023-09-18 23:24:46.000,SILVER - NZD,1.4000000000000852,3.700000000000256,INVALIDÉE,-1.0,2023-09-19 08:02:42.000,39.3,39.2
2023-09-19 10:27:02.000,SILVER - NZD,1.1818181818181466,7.363636363636358,INVALIDÉE,-1.0,2023-09-19 19:04:58.000,39.31,39.2
2023-09-19 11:26:43.000,SILVER - EUR,2.187500000000007,5.812499999999993,INVALIDÉE,-1.0,2023-09-19 20:04:39.000,21.81,21.65
2023-09-20 19:30:29.000,S&P500 - MINI S&P500 FULL0926,1.136098731573543,4.878985258827541,OBJECTIF ATTEINT,1.136098731573543,2023-09-21 16:11:17.500,4465.5,4494.67
2023-09-21 05:24:53.000,SILVER - AUD,1.0000000000000373,4.947368421052716,INVALIDÉE,-1.0,2023-09-21 14:02:49.000,36.16,35.97
2023-09-21 07:26:46.000,SILVER - EUR,2.2857142857143944,4.71428571428596,INVALIDÉE,-1.0,2023-09-21 16:04:42.000,21.83,21.76
2023-09-21 07:26:48.000,SILVER - GBP,1.1666666666666616,4.583333333333301,OBJECTIF ATTEINT,1.1666666666666616,2023-09-21 16:04:44.000,18.87,18.75
2023-09-21 22:25:57.000,SILVER - EUR,2.222222222222218,8.666666666666654,OBJECTIF ATTEINT,2.222222222222218,2023-09-22 07:03:53.000,21.96,21.87
2023-09-21 22:25:59.000,SILVER - CAD,1.8000000000000356,8.800000000000178,OBJECTIF ATTEINT,1.8000000000000356,2023-09-22 07:03:55.000,31.56,31.46
2023-09-21 23:24:50.000,SILVER - USD,1.4999999999999851,7.41666666666661,OBJECTIF ATTEINT,1.4999999999999851,2023-09-22 08:02:46.000,23.41,23.29
2023-09-25 20:41:16.000,EUR/USD,1.0930232558139956,5.046511627907024,OBJECTIF ATTEINT,1.0930232558139956,2023-09-26 05:10:17.000,1.0595,1.0638
2023-09-26 23:24:39.000,EUR/GBP,1.0909090909091157,2.636363636363673,INVALIDÉE,-1.0,2023-09-27 07:53:40.000,0.8702,0.8669
2023-10-02 00:40:58.000,USD/CAD,1.1147540983606796,4.901639344262306,OBJECTIF ATTEINT,1.1147540983606796,2023-10-02 09:09:59.000,1.3572,1.3511
2023-10-02 03:24:36.000,CHF/JPY,1.2592592592593568,3.5925925925928306,INVALIDÉE,-1.0,2023-10-02 11:53:37.000,163.57,163.3
2023-10-02 04:40:32.000,SILVER - GBP,1.2857142857142785,3.0285714285714125,INVALIDÉE,-1.0,2023-10-02 13:18:28.000,17.9,18.25
2023-10-02 07:26:42.000,NASDAQ100 - MINI NASDAQ100 FULL0926,2.1124068055821272,3.7382909577518864,INVALIDÉE,-1.0,2023-10-03 04:07:30.500,15001.5,14949.19
2023-10-02 22:26:09.000,NASDAQ100 - MINI NASDAQ100 FULL0926,2.4232548359966617,4.211522287636699,INVALIDÉE,-1.0,2023-10-03 19:06:57.500,14996.75,14949.19
2023-10-04 03:39:07.000,SILVER - EUR,1.2452830188679305,2.132075471698128,INVALIDÉE,-1.0,2023-10-04 12:17:03.000,20.1,20.63
2023-10-04 15:56:59.000,SILVER - GBP,2.388888888888891,7.0,INVALIDÉE,-1.0,2023-10-05 00:34:55.000,17.27,17.45
2023-10-05 13:26:30.000,SILVER - GBP,1.2857142857142785,3.3571428571428354,OBJECTIF ATTEINT,1.2857142857142785,2023-10-05 22:04:26.000,17.31,17.45
2023-10-06 17:30:05.000,GBP/CHF,1.1200000000000785,2.240000000000068,INVALIDÉE,-1.0,2023-10-07 01:59:06.000,1.1136,1.1111
2023-10-10 18:31:55.000,NZD/USD,1.1666666666665433,5.583333333332855,INVALIDÉE,-1.0,2023-10-11 03:00:56.000,0.6035,0.6023
2023-10-11 20:25:51.000,EUR/USD,1.0,9.15789473684197,INVALIDÉE,-1.0,2023-10-12 04:54:52.000,1.0619,1.06
2023-10-12 03:24:26.000,SILVER - EUR,2.571428571428557,18.428571428571345,INVALIDÉE,-1.0,2023-10-12 12:02:22.000,20.82,20.75
2023-10-12 03:24:27.000,SILVER - CHF,1.3999999999999146,3.7999999999999,INVALIDÉE,-1.0,2023-10-12 12:02:23.000,19.92,19.87
2023-10-12 09:27:17.000,DAX40 FULL0926,1.8110749185667752,4.592833876221499,INVALIDÉE,-1.0,2023-10-13 06:08:05.500,15673.0,15596.25
2023-10-12 14:57:14.000,USD/CAD,1.349999999999998,3.4999999999999813,OBJECTIF ATTEINT,1.349999999999998,2023-10-12 23:26:15.000,1.3661,1.3601
2023-10-13 03:24:56.000,SILVER - GBP,2.000000000000059,4.500000000000089,OBJECTIF ATTEINT,2.000000000000059,2023-10-13 12:02:52.000,17.98,17.92
2023-10-17 22:40:45.000,GOLD - GBP,1.2442138866719834,3.274541101356749,OBJECTIF ATTEINT,1.2442138866719834,2023-10-18 07:18:41.000,1580.27,1567.74
2023-10-18 08:27:01.000,GOLD - AUD,1.7757821552722624,2.903823870220119,OBJECTIF ATTEINT,1.7757821552722624,2023-10-18 17:04:57.000,3039.76,3022.5
2023-10-18 19:30:34.000,DAX40 FULL0926,1.4912280701754386,10.32157894736842,OBJECTIF ATTEINT,1.4912280701754386,2023-10-19 16:11:22.500,15152.0,15209.0
2023-10-18 22:25:56.000,EUR/GBP,1.2999999999999667,5.499999999999945,OBJECTIF ATTEINT,1.2999999999999667,2023-10-19 06:54:57.000,0.8678,0.8668
2023-10-19 09:44:55.000,DAX40 PERF INDEX,1.6660641118341677,7.574957821161679,INVALIDÉE,-1.0,2023-10-20 06:25:43.500,15046.14,15212.1
2023-10-19 12:46:08.000,DAX40 FULL0926,1.0040206777713958,2.984882251579552,INVALIDÉE,-1.0,2023-10-20 09:26:56.500,15161.0,15596.25
2023-10-20 07:26:36.000,SILVER - AUD,1.2727272727272845,5.545454545454569,OBJECTIF ATTEINT,1.2727272727272845,2023-10-20 16:04:32.000,36.49,36.38
2023-10-23 09:26:20.000,GOLD - CAD,1.2531034482758672,2.684137931034488,INVALIDÉE,-1.0,2023-10-23 18:04:16.000,2717.21,2702.71
2023-10-23 16:50:34.000,DAX40 FULL0926,2.173374613003096,3.170804953560372,INVALIDÉE,-1.0,2023-10-24 13:31:22.500,14886.0,15209.0
2023-10-25 04:25:38.000,NZD/USD,1.0624999999999218,1.874999999999948,INVALIDÉE,-1.0,2023-10-25 12:54:39.000,0.5853,0.5837
2023-10-26 00:40:54.000,NZD/USD,1.3249999999999915,1.5,INVALIDÉE,-1.0,2023-10-26 09:09:55.000,0.579,0.587
2023-10-26 16:50:18.000,NASDAQ100 INDEX,1.172411001052601,3.463928099106635,INVALIDÉE,-1.0,2023-10-27 13:31:06.500,14101.59,14472.1
2023-10-27 18:31:40.000,EUR/JPY,1.241935483870975,3.83870967741932,INVALIDÉE,-1.0,2023-10-28 03:00:41.000,157.9,158.52
2023-10-30 11:45:24.000,EUR/GBP,1.1052631578947243,2.2631578947368114,INVALIDÉE,-1.0,2023-10-30 20:14:25.000,0.8726,0.8669
2023-11-01 19:51:42.000,USD/CHF,1.06716417910447,2.6492537313432662,INVALIDÉE,-1.0,2023-11-02 04:20:43.000,0.908,0.8946
2023-11-09 22:24:29.000,EUR/GBP,1.1818181818181634,2.772727272727296,OBJECTIF ATTEINT,1.1818181818181634,2023-11-10 06:53:30.000,0.8728,0.8706
2023-11-13 19:31:36.000,NASDAQ100 INDEX,1.2370808238530766,2.415049446055474,OBJECTIF ATTEINT,1.2370808238530766,2023-11-14 16:12:24.500,15508.6,15239.62
2023-11-14 08:26:54.000,DAX40 PERF INDEX,1.973022615084372,6.822408449087307,OBJECTIF ATTEINT,1.973022615084372,2023-11-15 05:07:42.500,15357.16,15270.05
2023-11-14 11:46:36.000,EUR/GBP,1.0862068965517142,2.224137931034457,INVALIDÉE,-1.0,2023-11-14 20:15:37.000,0.8726,0.8668
2023-11-27 09:27:55.000,NZD/USD,1.1875000000000564,5.000000000000208,OBJECTIF ATTEINT,1.1875000000000564,2023-11-27 17:56:56.000,0.6083,0.6067
2023-12-01 15:33:52.000,NZD/USD,1.0,4.0,OBJECTIF ATTEINT,1.0,2023-12-02 00:02:53.000,0.6172,0.6163
2023-12-06 08:28:06.000,DAX40 PERF INDEX,2.08534937983545,6.038683531867835,OBJECTIF ATTEINT,2.08534937983545,2023-12-07 05:08:54.500,16551.18,16469.75
2023-12-20 14:47:59.000,NASDAQ100 INDEX,2.3290937996820027,7.679153418123911,INVALIDÉE,-1.0,2023-12-21 11:28:47.500,16774.58,16573.3
2023-12-20 15:33:22.000,EUR/GBP,1.3333333333332922,10.333333333333169,OBJECTIF ATTEINT,1.3333333333332922,2023-12-21 00:02:23.000,0.8656,0.8647
2023-12-20 17:32:36.000,NASDAQ100 - MINI NASDAQ100 FULL0926,1.465107692307703,2.9052307692307604,INVALIDÉE,-1.0,2023-12-21 14:13:24.500,17047.5,16885.0
2023-12-29 14:27:00.000,EUR/GBP,1.2307692307692966,3.846153846153945,INVALIDÉE,-1.0,2023-12-29 22:56:01.000,0.8699,0.8686
2024-01-02 03:25:20.000,DAX40 FULL0926,1.0833333333333333,2.7291666666666665,OBJECTIF ATTEINT,1.0833333333333333,2024-01-03 00:06:08.500,16947.0,16899.0
2024-01-02 11:27:27.000,EUR/USD,1.0000000000000766,1.9310344827587025,OBJECTIF ATTEINT,1.0000000000000766,2024-01-02 19:56:28.000,1.0984,1.1013
2024-01-09 03:25:55.000,EUR/USD,1.1999999999999746,2.6285714285713486,INVALIDÉE,-1.0,2024-01-09 11:54:56.000,1.0963,1.0928
2024-01-10 15:34:14.000,SILVER - CHF,2.428571428571443,4.571428571428557,INVALIDÉE,-1.0,2024-01-11 00:12:10.000,19.48,19.55
2024-01-12 07:26:10.000,GOLD - CAD,1.403539823008798,3.0823008849556963,OBJECTIF ATTEINT,1.403539823008798,2024-01-12 16:04:06.000,2723.59,2712.29
2024-01-12 10:27:25.000,USD/CHF,1.1538461538460425,3.2307692307690203,INVALIDÉE,-1.0,2024-01-12 18:56:26.000,0.8535,0.8522
2024-01-14 23:25:35.000,USD/CAD,1.124999999999983,4.7187499999999005,OBJECTIF ATTEINT,1.124999999999983,2024-01-15 07:54:36.000,1.3408,1.3376
2024-01-15 12:27:39.000,USD/CHF,1.2000000000000333,1.7500000000000278,OBJECTIF ATTEINT,1.2000000000000333,2024-01-15 20:56:40.000,0.8542,0.8522
2024-01-16 14:27:20.000,SILVER - CHF,1.4999999999999407,3.666666666666509,INVALIDÉE,-1.0,2024-01-16 23:05:16.000,19.89,19.83
2024-01-17 04:25:13.000,EUR/GBP,1.0,2.2999999999999665,INVALIDÉE,-1.0,2024-01-17 12:54:14.000,0.8611,0.8601
2024-01-18 16:33:56.000,USD/JPY,1.1333333333332702,4.777777777777546,OBJECTIF ATTEINT,1.1333333333332702,2024-01-19 01:02:57.000,148.02,147.57
2024-01-22 03:25:47.000,SILVER - NZD,1.62499999999995,3.999999999999911,OBJECTIF ATTEINT,1.62499999999995,2024-01-22 12:03:43.000,36.83,36.99
2024-01-23 04:25:31.000,GBP/USD,1.078947368421043,1.6052631578947243,INVALIDÉE,-1.0,2024-01-23 12:54:32.000,1.2725,1.2687
2024-01-25 19:30:48.000,SILVER - EUR,1.3333333333333235,9.166666666666574,INVALIDÉE,-1.0,2024-01-26 04:08:44.000,21.12,21.0
2024-01-25 23:26:43.000,SILVER - CHF,2.999999999999911,5.999999999999867,INVALIDÉE,-1.0,2024-01-26 08:04:39.000,19.87,19.79
2024-01-25 23:26:45.000,SILVER - AUD,1.3124999999999751,9.562499999999789,INVALIDÉE,-1.0,2024-01-26 08:04:41.000,34.82,34.66
2024-01-29 12:30:07.000,AUD/JPY,1.1176470588235048,3.764705882352907,INVALIDÉE,-1.0,2024-01-29 20:59:08.000,97.64,97.47
2024-01-29 19:31:47.000,AUD/USD,1.1666666666667438,2.0833333333334183,OBJECTIF ATTEINT,1.1666666666667438,2024-01-30 04:00:48.000,0.6596,0.6584
2024-01-30 00:25:39.000,GOLD - USD,1.187610619469014,2.178761061946858,OBJECTIF ATTEINT,1.187610619469014,2024-01-30 09:03:35.000,2032.74,2027.09
2024-01-30 12:26:49.000,GOLD - GBP,1.906873614190671,5.9733924611973634,OBJECTIF ATTEINT,1.906873614190671,2024-01-30 21:04:45.000,1606.46,1601.95
2024-01-31 00:25:51.000,SILVER - GBP,1.4166666666666692,5.166666666666632,INVALIDÉE,-1.0,2024-01-31 09:03:47.000,18.27,18.15
2024-01-31 00:25:52.000,SILVER - CHF,2.400000000000156,20.000000000001137,INVALIDÉE,-1.0,2024-01-31 09:03:48.000,19.99,19.94
2024-01-31 12:27:28.000,GOLD - USD,2.270386266094414,8.766094420600734,OBJECTIF ATTEINT,2.270386266094414,2024-01-31 21:05:24.000,2038.7,2034.04
2024-02-01 04:25:36.000,GOLD - USD,1.3803921568627215,4.453594771241798,INVALIDÉE,-1.0,2024-02-01 13:03:32.000,2045.48,2037.83
2024-02-01 09:28:09.000,GBP/CHF,1.0,4.900000000000011,OBJECTIF ATTEINT,1.0,2024-02-01 17:57:10.000,1.092,1.094
2024-02-02 17:54:27.000,NASDAQ100 - MINI NASDAQ100 FULL0926,1.3572298669072853,4.088292352808447,OBJECTIF ATTEINT,1.3572298669072853,2024-02-03 14:35:15.500,17741.25,17519.6
2024-02-06 09:27:52.000,NASDAQ100 - MINI NASDAQ100 FULL0926,1.621845044411219,3.37111951455461,INVALIDÉE,-1.0,2024-02-07 06:08:40.500,17747.25,17633.54
2024-02-06 13:46:53.000,DAX40 PERF INDEX,1.1829704829528802,2.650724722727537,OBJECTIF ATTEINT,1.1829704829528802,2024-02-07 10:27:41.500,16952.3,16781.89
2024-02-07 00:25:04.000,SILVER - NZD,2.1500000000000443,7.950000000000187,OBJECTIF ATTEINT,2.1500000000000443,2024-02-07 09:03:00.000,36.77,36.97
2024-02-07 07:25:27.000,SILVER - GBP,1.199999999999957,9.199999999999886,OBJECTIF ATTEINT,1.199999999999957,2024-02-07 16:03:23.000,17.68,17.73
2024-02-07 08:26:55.000,DAX40 PERF INDEX,1.829796543426048,3.868300153139424,INVALIDÉE,-1.0,2024-02-08 05:07:43.500,17014.1,16968.39
2024-02-07 20:30:38.000,SILVER - CAD,2.8095238095238617,6.428571428571518,INVALIDÉE,-1.0,2024-02-08 05:08:34.000,29.92,30.13
2024-02-09 07:25:50.000,GOLD - NZD,1.3911060433295146,9.927023945267972,OBJECTIF ATTEINT,1.3911060433295146,2024-02-09 16:03:46.000,3317.58,3326.35
2024-02-09 20:30:42.000,EUR/USD,1.0,3.4285714285714888,OBJECTIF ATTEINT,1.0,2024-02-10 04:59:43.000,1.0785,1.0764
2024-02-11 23:25:43.000,SILVER - CAD,1.3000000000000178,2.800000000000071,OBJECTIF ATTEINT,1.3000000000000178,2024-02-12 08:03:39.000,30.45,30.35
2024-02-12 00:24:53.000,SILVER - EUR,1.3333333333333923,3.0000000000001186,OBJECTIF ATTEINT,1.3333333333333923,2024-02-12 09:02:49.000,20.99,20.93
2024-02-12 00:24:55.000,SILVER - AUD,1.055555555555584,2.666666666666693,OBJECTIF ATTEINT,1.055555555555584,2024-02-12 09:02:51.000,34.73,34.55
2024-02-12 00:25:07.000,SILVER - USD,2.1249999999999973,3.312499999999982,OBJECTIF ATTEINT,2.1249999999999973,2024-02-12 09:03:03.000,22.67,22.51
2024-02-12 03:25:46.000,SILVER - NZD,2.8421052631579617,4.421052631579018,OBJECTIF ATTEINT,2.8421052631579617,2024-02-12 12:03:42.000,36.98,36.79
2024-02-12 04:25:26.000,SILVER - GBP,1.2142857142856962,1.9285714285714173,OBJECTIF ATTEINT,1.2142857142856962,2024-02-12 13:03:22.000,17.98,17.84
2024-02-12 04:25:27.000,SILVER - CHF,1.4999999999999334,2.999999999999911,OBJECTIF ATTEINT,1.4999999999999334,2024-02-12 13:03:23.000,19.87,19.79
2024-02-12 17:32:33.000,EUR/CHF,1.1999999999999778,4.9500000000000055,OBJECTIF ATTEINT,1.1999999999999778,2024-02-13 02:01:34.000,0.9436,0.9416
2024-02-12 18:30:42.000,GBP/USD,0.9999999999999348,1.9999999999999347,OBJECTIF ATTEINT,0.9999999999999348,2024-02-13 02:59:43.000,1.2633,1.2599
2024-02-13 03:25:39.000,SILVER - NZD,1.7272727272727155,4.181818181818211,INVALIDÉE,-1.0,2024-02-13 12:03:35.000,37.17,37.06
2024-02-18 23:26:02.000,EUR/USD,1.3333333333332718,6.249999999999399,INVALIDÉE,-1.0,2024-02-19 07:55:03.000,1.0781,1.0769
2024-02-19 21:25:38.000,EUR/USD,1.3333333333332718,6.249999999999399,INVALIDÉE,-1.0,2024-02-20 05:54:39.000,1.0781,1.0769
2024-02-22 07:24:54.000,EUR/GBP,1.0,6.0,INVALIDÉE,-1.0,2024-02-22 15:53:55.000,0.8568,0.8557
2024-02-22 17:31:40.000,SILVER - CHF,2.199999999999957,3.799999999999936,OBJECTIF ATTEINT,2.199999999999957,2024-02-23 02:09:36.000,20.11,20.21
2024-02-23 07:25:42.000,GOLD - GBP,1.776041666666688,2.950520833333377,INVALIDÉE,-1.0,2024-02-23 16:03:38.000,1595.27,1599.11
2024-02-23 07:25:43.000,GOLD - CHF,1.6766169154228765,3.174129353233824,INVALIDÉE,-1.0,2024-02-23 16:03:39.000,1779.31,1785.34
2024-02-23 09:28:00.000,SILVER - USD,1.0769230769230895,2.384615384615421,INVALIDÉE,-1.0,2024-02-23 18:05:56.000,22.6,22.73
2024-02-28 23:26:44.000,GOLD - GBP,1.7692307692308251,5.5683760683763,OBJECTIF ATTEINT,1.7692307692308251,2024-02-29 08:04:40.000,1607.34,1602.66
2024-02-29 12:27:13.000,SILVER - CHF,1.4545454545454632,4.545454545454569,INVALIDÉE,-1.0,2024-02-29 21:05:09.000,19.66,19.77
2024-03-01 03:25:22.000,EUR/GBP,1.2499999999999654,8.624999999999636,OBJECTIF ATTEINT,1.2499999999999654,2024-03-01 11:54:23.000,0.8565,0.8557
2024-03-01 06:24:59.000,SILVER - AUD,1.6000000000000285,2.333333333333365,INVALIDÉE,-1.0,2024-03-01 15:02:55.000,34.97,34.82
2024-03-01 06:25:01.000,SILVER - CAD,1.0714285714286096,3.0714285714286347,INVALIDÉE,-1.0,2024-03-01 15:02:57.000,30.9,30.76
2024-03-01 14:27:09.000,SILVER - CHF,1.1428571428571646,3.571428571428557,OBJECTIF ATTEINT,1.1428571428571646,2024-03-01 23:05:05.000,20.18,20.11
2024-03-01 14:27:12.000,SILVER - AUD,1.6000000000000285,2.333333333333365,OBJECTIF ATTEINT,1.6000000000000285,2024-03-01 23:05:08.000,34.97,34.82
2024-03-04 07:26:36.000,EUR/GBP,1.0,7.5555555555553635,INVALIDÉE,-1.0,2024-03-04 15:55:37.000,0.8566,0.8557
2024-03-11 19:31:52.000,SILVER - CHF,1.437500000000001,4.249999999999995,INVALIDÉE,-1.0,2024-03-12 04:09:48.000,21.5,21.34
2024-03-11 20:25:17.000,SILVER - NZD,2.999999999999911,10.499999999999757,INVALIDÉE,-1.0,2024-03-12 05:03:13.000,39.67,39.51
2024-03-11 23:26:35.000,SILVER - USD,1.1578947368420915,3.263157894736825,INVALIDÉE,-1.0,2024-03-12 08:04:31.000,24.5,24.31
2024-03-12 05:25:47.000,SILVER - EUR,1.0999999999999917,4.099999999999992,INVALIDÉE,-1.0,2024-03-12 14:03:43.000,22.41,22.11
2024-03-12 05:25:49.000,SILVER - GBP,2.142857142857165,6.428571428571392,INVALIDÉE,-1.0,2024-03-12 14:03:45.000,19.11,19.04
2024-03-14 03:26:41.000,USD/JPY,1.2777777777778525,4.19444444444467,OBJECTIF ATTEINT,1.2777777777778525,2024-03-14 11:55:42.000,147.82,147.46
2024-03-15 19:32:14.000,GOLD - USD,1.0457796852646206,4.881258941344598,OBJECTIF ATTEINT,1.0457796852646206,2024-03-16 04:10:10.000,2157.97,2164.96
2024-03-18 12:27:37.000,SILVER - EUR,1.0526315789473577,2.4736842105262933,INVALIDÉE,-1.0,2024-03-18 21:05:33.000,23.17,22.98
2024-03-18 14:33:04.000,SILVER - CHF,2.222222222222218,8.88888888888891,INVALIDÉE,-1.0,2024-03-18 23:11:00.000,22.27,22.18
2024-03-18 14:33:05.000,SILVER - CAD,1.666666666666693,6.444444444444475,INVALIDÉE,-1.0,2024-03-18 23:11:01.000,34.08,33.9
2024-03-21 12:27:47.000,GBP/CHF,1.156862745098069,3.156862745098113,INVALIDÉE,-1.0,2024-03-21 20:56:48.000,1.1399,1.1348
2024-03-25 21:26:56.000,DAX40 FULL0926,1.5689655172413792,3.9827586206896552,OBJECTIF ATTEINT,1.5689655172413792,2024-03-26 18:07:44.500,18542.0,18484.0
2024-03-26 21:25:48.000,SILVER - CHF,3.0,4.222222222222218,INVALIDÉE,-1.0,2024-03-27 06:03:44.000,22.09,22.18
2024-03-27 13:28:13.000,AUD/USD,1.1999999999998965,6.533333333333032,INVALIDÉE,-1.0,2024-03-27 21:57:14.000,0.6516,0.6531
2024-03-27 20:25:52.000,GOLD - USD,1.0841121495326875,1.9988317757009624,OBJECTIF ATTEINT,1.0841121495326875,2024-03-28 05:03:48.000,2194.71,2186.15
2024-03-28 08:27:48.000,GOLD - GBP,1.6234335839599243,3.4310776942356296,OBJECTIF ATTEINT,1.6234335839599243,2024-03-28 17:05:44.000,1740.84,1724.88
2024-03-28 16:33:21.000,GOLD - CAD,1.7820136852394903,3.930107526881729,OBJECTIF ATTEINT,1.7820136852394903,2024-03-29 01:11:17.000,3004.68,2984.22
2024-04-09 17:30:56.000,DAX40 FULL0926,1.971830985915493,8.915492957746478,INVALIDÉE,-1.0,2024-04-10 14:11:44.500,18338.0,18409.0
2024-04-11 03:25:08.000,GOLD - NZD,1.957243669572429,5.700705687007019,INVALIDÉE,-1.0,2024-04-11 12:03:04.000,3919.15,3895.06
2024-04-11 10:28:29.000,SILVER - GBP,2.9090909090909265,20.090909090909204,OBJECTIF ATTEINT,2.9090909090909265,2024-04-11 19:06:25.000,22.34,22.23
2024-04-16 00:26:36.000,SILVER - CHF,1.75,2.027777777777782,INVALIDÉE,-1.0,2024-04-16 09:04:32.000,26.36,26.0
2024-04-18 10:28:24.000,GBP/CHF,1.2380952380952128,4.952380952380957,OBJECTIF ATTEINT,1.2380952380952128,2024-04-18 18:57:25.000,1.1334,1.1355
2024-04-22 08:27:46.000,SILVER - CHF,2.0000000000000138,2.653846153846179,OBJECTIF ATTEINT,2.0000000000000138,2024-04-22 17:05:42.000,25.3,25.56
2024-04-24 00:26:37.000,NZD/USD,1.0,2.4166666666667207,INVALIDÉE,-1.0,2024-04-24 08:55:38.000,0.594,0.5928
2024-04-24 11:27:33.000,SILVER - AUD,2.291666666666636,5.666666666666617,INVALIDÉE,-1.0,2024-04-24 20:05:29.000,41.72,41.96
2024-04-25 00:26:10.000,NZD/USD,1.2999999999999667,5.600000000000044,INVALIDÉE,-1.0,2024-04-25 08:55:11.000,0.5939,0.5929
2024-04-26 21:25:30.000,EUR/GBP,1.0952380952380851,1.8095238095238293,OBJECTIF ATTEINT,1.0952380952380851,2024-04-27 05:54:31.000,0.8559,0.858
2024-04-29 11:27:47.000,AUD/USD,1.176470588235271,3.6470588235293273,INVALIDÉE,-1.0,2024-04-29 19:56:48.000,0.6569,0.6552
2024-05-03 13:27:37.000,SILVER - NZD,1.6779661016949292,4.288135593220368,INVALIDÉE,-1.0,2024-05-03 22:05:33.000,43.96,44.55
2024-05-06 17:52:57.000,AUD/JPY,1.0212765957446714,2.1489361702127505,OBJECTIF ATTEINT,1.0212765957446714,2024-05-07 02:21:58.000,102.01,100.6
2024-05-09 07:27:30.000,GOLD - GBP,1.414043583535122,6.445520581113878,OBJECTIF ATTEINT,1.414043583535122,2024-05-09 16:05:26.000,1852.34,1839.95
2024-05-09 07:27:32.000,GOLD - AUD,1.6019512195122023,4.618536585365868,OBJECTIF ATTEINT,1.6019512195122023,2024-05-09 16:05:28.000,3518.19,3507.94
2024-05-09 10:28:42.000,SILVER - EUR,2.3000000000000123,7.200000000000032,OBJECTIF ATTEINT,2.3000000000000123,2024-05-09 19:06:38.000,25.75,25.55
2024-05-09 10:28:43.000,SILVER - CHF,2.210526315789449,6.315789473684164,OBJECTIF ATTEINT,2.210526315789449,2024-05-09 19:06:39.000,25.14,24.95
2024-05-09 10:29:06.000,SILVER - USD,1.5862068965517315,3.06896551724139,OBJECTIF ATTEINT,1.5862068965517315,2024-05-09 19:07:02.000,27.64,27.35
2024-05-09 17:33:02.000,GOLD - AUD,1.744995233555772,2.563870352716869,OBJECTIF ATTEINT,1.744995233555772,2024-05-10 02:10:58.000,3528.92,3507.94
2024-05-10 03:41:53.000,SILVER - USD,1.8311688311688323,4.753246753246761,OBJECTIF ATTEINT,1.8311688311688323,2024-05-10 12:19:49.000,28.36,27.59
2024-05-10 09:47:26.000,SILVER - GBP,1.6190476190476115,14.14285714285708,INVALIDÉE,-1.0,2024-05-10 18:25:22.000,22.87,22.66
2024-05-14 04:43:01.000,SILVER - CHF,1.5999999999999976,4.099999999999992,OBJECTIF ATTEINT,1.5999999999999976,2024-05-14 13:20:57.000,25.86,25.56
2024-05-14 11:47:03.000,SILVER - NZD,1.184713375796178,4.420382165605093,OBJECTIF ATTEINT,1.184713375796178,2024-05-14 20:24:59.000,47.09,45.52
2024-05-14 21:25:06.000,AUD/USD,1.2000000000000333,2.450000000000005,OBJECTIF ATTEINT,1.2000000000000333,2024-05-15 05:54:07.000,0.6626,0.6606
2024-05-15 14:34:50.000,SILVER - USD,2.5454545454545365,8.181818181818212,OBJECTIF ATTEINT,2.5454545454545365,2024-05-15 23:12:46.000,28.87,28.76
2024-05-16 18:32:42.000,GOLD - NZD,1.0030959752321602,1.8421052631578632,INVALIDÉE,-1.0,2024-05-17 03:10:38.000,3888.22,3901.14
2024-05-17 11:27:21.000,SILVER - GBP,2.0000000000000253,5.92857142857148,OBJECTIF ATTEINT,2.0000000000000253,2024-05-17 20:05:17.000,23.49,23.21
2024-05-17 11:27:23.000,SILVER - CAD,1.1818181818181854,4.50909090909094,OBJECTIF ATTEINT,1.1818181818181854,2024-05-17 20:05:19.000,40.54,39.99
2024-05-17 11:27:44.000,SILVER - USD,1.0512820512820502,4.53846153846153,OBJECTIF ATTEINT,1.0512820512820502,2024-05-17 20:05:40.000,29.72,29.33
2024-05-22 05:25:31.000,GBP/CHF,1.0666666666665827,3.566666666666509,OBJECTIF ATTEINT,1.0666666666665827,2024-05-22 13:54:32.000,1.1586,1.1556
2024-05-22 11:26:53.000,USD/CAD,1.2500000000001388,2.1875000000002776,OBJECTIF ATTEINT,1.2500000000001388,2024-05-22 19:55:54.000,1.3656,1.364
2024-05-23 21:42:06.000,USD/CAD,1.0340909090909056,1.6818181818181888,INVALIDÉE,-1.0,2024-05-24 06:11:07.000,1.3728,1.364
2024-05-27 13:47:01.000,SILVER - GBP,1.1743119266055058,2.0366972477064245,INVALIDÉE,-1.0,2024-05-27 22:24:57.000,24.56,23.47
2024-05-27 13:47:02.000,SILVER - CHF,1.7631578947368418,7.526315789473703,INVALIDÉE,-1.0,2024-05-27 22:24:58.000,28.66,28.28
2024-05-27 13:47:05.000,SILVER - NZD,1.5024630541871986,3.433497536945826,INVALIDÉE,-1.0,2024-05-27 22:25:01.000,50.98,48.95
2024-05-27 13:47:29.000,SILVER - USD,1.624999999999997,7.149999999999952,INVALIDÉE,-1.0,2024-05-27 22:25:25.000,31.37,30.97
2024-05-31 16:32:03.000,SILVER - GBP,1.047619047619038,5.8571428571428354,OBJECTIF ATTEINT,1.047619047619038,2024-06-01 01:09:59.000,23.89,24.1
2024-05-31 16:32:19.000,SILVER - USD,1.7619047619047594,3.047619047619038,OBJECTIF ATTEINT,1.7619047619047594,2024-06-01 01:10:15.000,30.41,30.62
2024-05-31 18:32:03.000,SILVER - CHF,3.000000000000071,18.30000000000041,OBJECTIF ATTEINT,3.000000000000071,2024-06-01 03:09:59.000,27.39,27.49
2024-06-04 09:27:03.000,DAX40 PERF INDEX,2.286354470087312,3.2949809545148314,INVALIDÉE,-1.0,2024-06-05 06:07:51.500,18403.23,18492.49
2024-06-06 12:27:51.000,USD/CAD,1.1333333333331657,2.333333333333136,INVALIDÉE,-1.0,2024-06-06 20:56:52.000,1.37,1.3685
2024-06-10 20:26:20.000,GBP/CHF,1.117647058823514,2.647058823529328,OBJECTIF ATTEINT,1.117647058823514,2024-06-11 04:55:21.000,1.1413,1.1396
2024-06-17 02:26:04.000,NASDAQ100 - MINI NASDAQ100 FULL0926,1.1253760789149112,2.340715166461168,OBJECTIF ATTEINT,1.1253760789149112,2024-06-17 23:06:52.500,19964.5,19761.75
2024-06-17 08:29:26.000,S&P500 - MINI S&P500 FULL0926,2.090270270270274,4.558378378378374,OBJECTIF ATTEINT,2.090270270270274,2024-06-18 05:10:14.500,5509.0,5490.5
2024-06-17 23:25:51.000,SILVER - EUR,1.647058823529381,2.8823529411764324,INVALIDÉE,-1.0,2024-06-18 08:03:47.000,27.46,27.29
2024-06-19 14:29:20.000,GBP/JPY,1.0303030303030902,1.9393939393940776,OBJECTIF ATTEINT,1.0303030303030902,2024-06-19 22:58:21.000,200.98,200.65
2024-06-19 23:26:05.000,EUR/USD,1.07142857142856,3.9999999999998415,INVALIDÉE,-1.0,2024-06-20 07:55:06.000,1.0747,1.0733
2024-06-20 00:25:48.000,SILVER - GBP,1.523809523809502,4.142857142857114,OBJECTIF ATTEINT,1.523809523809502,2024-06-20 09:03:44.000,23.42,23.21
2024-06-20 00:25:51.000,SILVER - CAD,1.0909090909091057,2.590909090909105,OBJECTIF ATTEINT,1.0909090909091057,2024-06-20 09:03:47.000,40.85,40.63
2024-06-20 11:28:05.000,GOLD - EUR,2.328235294117643,7.341176470588246,OBJECTIF ATTEINT,2.328235294117643,2024-06-20 20:06:01.000,2181.0,2172.5
2024-06-20 19:31:25.000,EUR/GBP,1.099999999999989,3.900000000000011,OBJECTIF ATTEINT,1.099999999999989,2024-06-21 04:00:26.000,0.8454,0.8444
2024-06-26 08:28:35.000,AUD/USD,1.1428571428572107,6.785714285714461,INVALIDÉE,-1.0,2024-06-26 16:57:36.000,0.6684,0.667
2024-06-27 20:26:40.000,GBP/CHF,1.0526315789473624,4.999999999999883,OBJECTIF ATTEINT,1.0526315789473624,2024-06-28 04:55:41.000,1.1363,1.1344
2024-06-28 04:25:30.000,NZD/USD,1.14285714285712,9.428571428570883,INVALIDÉE,-1.0,2024-06-28 12:54:31.000,0.6061,0.6068
2024-06-28 20:26:59.000,USD/JPY,1.1111111111111462,3.952380952380995,OBJECTIF ATTEINT,1.1111111111111462,2024-06-29 04:56:00.000,160.92,160.29
2024-06-28 21:26:07.000,GBP/JPY,1.0144927536232164,3.9275362318840825,OBJECTIF ATTEINT,1.0144927536232164,2024-06-29 05:55:08.000,203.39,202.7
2024-07-01 07:27:52.000,DAX40 PERF INDEX,1.4599463395937116,4.55193560751244,INVALIDÉE,-1.0,2024-07-02 04:08:40.500,18414.18,18362.0
2024-07-01 12:29:04.000,DAX40 PERF INDEX,1.410691003911301,2.813037809647903,INVALIDÉE,-1.0,2024-07-02 09:09:52.500,18328.06,18213.01
2024-07-01 22:25:25.000,GOLD - NZD,1.1932093775262649,2.1794664510913724,INVALIDÉE,-1.0,2024-07-02 07:03:21.000,3840.15,3827.78
2024-07-02 03:41:46.000,USD/CAD,1.0,1.8769230769230896,INVALIDÉE,-1.0,2024-07-02 12:10:47.000,1.3754,1.3689
2024-07-02 19:32:57.000,SILVER - USD,1.150000000000006,2.4000000000000106,OBJECTIF ATTEINT,1.150000000000006,2024-07-03 04:10:53.000,29.54,29.34
2024-07-02 20:25:45.000,EUR/JPY,1.275862068965568,6.172413793103688,OBJECTIF ATTEINT,1.275862068965568,2024-07-03 04:54:46.000,173.51,173.22
2024-07-02 23:25:34.000,SILVER - EUR,1.777777777777782,4.1111111111111285,OBJECTIF ATTEINT,1.777777777777782,2024-07-03 08:03:30.000,27.52,27.43
2024-07-02 23:25:36.000,SILVER - GBP,1.2000000000000357,3.700000000000089,OBJECTIF ATTEINT,1.2000000000000357,2024-07-03 08:03:32.000,23.31,23.21
2024-07-02 23:25:41.000,SILVER - AUD,1.5384615384614757,5.615384615384481,OBJECTIF ATTEINT,1.5384615384614757,2024-07-03 08:03:37.000,44.35,44.22
2024-07-03 13:27:51.000,DAX40 PERF INDEX,1.2806512622317314,2.60735136913083,OBJECTIF ATTEINT,1.2806512622317314,2024-07-04 10:08:39.500,18334.62,18213.01
2024-07-03 15:35:05.000,GOLD - AUD,2.179358717434866,4.156312625250496,INVALIDÉE,-1.0,2024-07-04 00:13:01.000,3518.58,3508.6
2024-07-05 04:27:28.000,GOLD - GBP,1.1787624140565234,6.283422459892979,OBJECTIF ATTEINT,1.1787624140565234,2024-07-05 13:05:24.000,1849.95,1836.86
2024-07-05 10:29:15.000,GOLD - USD,2.0332850940666063,4.474674384949454,OBJECTIF ATTEINT,2.0332850940666063,2024-07-05 19:07:11.000,2364.37,2350.55
2024-07-05 12:29:34.000,EUR/CHF,1.1428571428571803,4.714285714285745,INVALIDÉE,-1.0,2024-07-05 20:58:35.000,0.9732,0.9711
2024-07-05 21:26:04.000,GOLD - AUD,2.588036117381434,5.259029345372388,INVALIDÉE,-1.0,2024-07-06 06:04:00.000,3543.82,3526.1
2024-07-08 06:27:00.000,CHF/JPY,1.2222222222221168,2.7037037037035634,INVALIDÉE,-1.0,2024-07-08 14:56:01.000,179.56,179.29
2024-07-08 10:28:39.000,DAX40 FULL0926,1.3703703703703705,5.641975308641976,INVALIDÉE,-1.0,2024-07-09 07:09:27.500,18712.0,18631.0
2024-07-11 03:25:31.000,SILVER - CHF,1.3448275862069026,4.793103448275878,OBJECTIF ATTEINT,1.3448275862069026,2024-07-11 12:03:27.000,27.86,27.57
2024-07-11 03:41:48.000,SILVER - GBP,1.1956521739130477,2.880434782608704,INVALIDÉE,-1.0,2024-07-11 12:19:44.000,24.13,23.21
2024-07-12 18:32:22.000,GOLD - AUD,1.4548685145700553,5.546552949538168,OBJECTIF ATTEINT,1.4548685145700553,2024-07-13 03:10:18.000,3558.97,3544.9
2024-07-15 04:43:54.000,SILVER - CAD,1.1176470588235343,2.5163398692810564,INVALIDÉE,-1.0,2024-07-15 13:21:50.000,42.23,40.7
2024-07-16 02:43:51.000,SILVER - NZD,2.819672131147553,6.311475409836074,INVALIDÉE,-1.0,2024-07-16 11:21:47.000,50.87,50.26
2024-07-16 15:03:52.000,SILVER - USD,2.0952380952381104,6.5238095238095575,INVALIDÉE,-1.0,2024-07-16 23:41:48.000,31.18,30.76
2024-07-17 05:25:24.000,NASDAQ100 - MINI NASDAQ100 FULL0926,1.2452214452214383,5.414918414918415,OBJECTIF ATTEINT,1.2452214452214383,2024-07-18 02:06:12.500,20508.0,20615.25
2024-07-23 06:26:45.000,SILVER - CHF,2.0384615384615308,6.038461538461504,INVALIDÉE,-1.0,2024-07-23 15:04:41.000,25.61,25.87
2024-07-23 06:26:49.000,SILVER - CAD,1.4807692307692482,3.9230769230769513,INVALIDÉE,-1.0,2024-07-23 15:04:45.000,39.64,40.16
2024-07-26 14:34:38.000,USD/CAD,1.0,2.7999999999998817,INVALIDÉE,-1.0,2024-07-26 23:03:39.000,1.3834,1.3819
2024-07-31 03:26:05.000,GOLD - USD,1.0185676392572978,4.7453580901857055,OBJECTIF ATTEINT,1.0185676392572978,2024-07-31 12:04:01.000,2414.69,2403.38
2024-07-31 03:42:06.000,GOLD - GBP,1.2106842737094825,3.0276110444177555,OBJECTIF ATTEINT,1.2106842737094825,2024-07-31 12:20:02.000,1881.76,1865.1
2024-07-31 18:32:49.000,DAX40 FULL0926,1.6174534511943357,2.6894865525673253,INVALIDÉE,-1.0,2024-08-01 07:00:00.000,18631.0,18577.83
2024-08-02 02:41:16.000,GOLD - USD,2.4725536992840342,5.1662688941925525,INVALIDÉE,-1.0,2024-08-02 11:19:12.000,2451.35,2426.21
2024-08-02 19:32:06.000,NZD/USD,1.1999999999999704,1.8666666666666123,INVALIDÉE,-1.0,2024-08-04 23:00:00.000,0.5965,0.595
2024-08-05 05:24:56.000,GOLD - CAD,1.149700598802395,1.9069553201289733,INVALIDÉE,-1.0,2024-08-05 14:02:52.000,3396.15,3374.44
2024-08-05 07:27:20.000,DAX40 PERF INDEX,1.8925167202063995,4.601032176523169,INVALIDÉE,-1.0,2024-08-05 14:00:00.000,17145.44,17335.33
2024-08-06 14:34:19.000,GOLD - NZD,1.052950687146319,7.516976556184237,OBJECTIF ATTEINT,1.052950687146319,2024-08-06 23:12:15.000,4016.77,4041.51
2024-08-06 16:32:54.000,GOLD - AUD,1.0502136752137528,3.23717948717962,INVALIDÉE,-1.0,2024-08-07 01:10:50.000,3656.51,3665.87
2024-08-07 18:32:51.000,GBP/USD,1.1874999999998352,4.249999999999827,OBJECTIF ATTEINT,4.523563051223598,2024-08-08 09:00:00.000,1.2691,1.2707
2024-08-08 00:44:07.000,EUR/USD,1.1515151515151698,2.7272727272727546,OBJECTIF ATTEINT,2.8054587104104227,2024-08-14 07:00:00.000,1.0928,1.0862
2024-08-09 14:35:03.000,GOLD - GBP,2.1674876847291005,3.9704433497537583,INVALIDÉE,-1.0,2024-08-09 23:12:59.000,1908.02,1901.93
2024-08-12 05:25:00.000,SILVER - EUR,1.2631578947368254,2.4210526315789167,OBJECTIF ATTEINT,1.2631578947368254,2024-08-12 14:02:56.000,25.19,25.0
2024-08-12 15:02:14.000,GOLD - USD,2.1527627302275194,4.598410978692657,OBJECTIF ATTEINT,2.1527627302275194,2024-08-12 23:40:10.000,2453.9,2426.21
2024-08-12 16:32:36.000,SILVER - AUD,1.8846153846154068,3.1923076923077103,INVALIDÉE,-1.0,2024-08-13 01:10:32.000,42.39,42.13
2024-08-12 16:32:40.000,SILVER - CAD,2.8799999999999955,5.079999999999984,INVALIDÉE,-1.0,2024-08-13 01:10:36.000,38.38,38.13
2024-08-12 16:32:57.000,SILVER - USD,2.2999999999999714,6.499999999999893,INVALIDÉE,-1.0,2024-08-13 01:10:53.000,27.94,27.84
2024-08-12 19:31:55.000,SILVER - EUR,2.4000000000000106,4.850000000000029,INVALIDÉE,-1.0,2024-08-13 04:09:51.000,25.63,25.43
2024-08-12 19:32:01.000,SILVER - NZD,1.7317073170731871,4.24390243902443,INVALIDÉE,-1.0,2024-08-13 04:09:57.000,46.55,46.14
2024-08-12 20:43:55.000,GOLD - EUR,2.511484593837544,5.114845938375386,INVALIDÉE,-1.0,2024-08-13 05:21:51.000,2261.25,2243.4
2024-08-13 09:28:31.000,NZD/USD,1.0799999999999894,1.4799999999999804,OBJECTIF ATTEINT,1.7186087417602238,2024-08-13 16:00:00.000,0.6038,0.6013
2024-08-16 08:49:38.000,GOLD - CAD,1.0531233315536517,2.131073144687663,OBJECTIF ATTEINT,1.0531233315536517,2024-08-16 17:27:34.000,3379.01,3304.09
2024-08-16 14:35:01.000,SILVER - GBP,1.2222222222222376,3.9444444444444553,OBJECTIF ATTEINT,1.2222222222222376,2024-08-16 23:12:57.000,21.95,21.77
2024-08-20 05:24:49.000,AUD/JPY,1.118644067796598,2.949152542372856,INVALIDÉE,-1.0,2024-08-20 14:00:00.000,98.87,98.28
2024-08-20 15:34:48.000,USD/JPY,1.160000000000025,2.0600000000000023,OBJECTIF ATTEINT,2.5400061035156227,2024-08-20 21:00:00.000,145.77,146.27
2024-08-21 04:43:53.000,GOLD - EUR,2.410228509249155,4.938520130576683,OBJECTIF ATTEINT,5.091328122143591,2024-08-29 15:00:00.000,2261.78,2243.4
2024-08-29 14:36:21.000,AUD/JPY,1.285714285714329,9.571428571428555,INVALIDÉE,-1.0,2024-08-29 15:00:00.000,98.75,98.61
2024-08-30 15:34:19.000,SILVER - AUD,2.136363636363642,6.909090909090927,OBJECTIF ATTEINT,2.136363636363642,2024-09-03 13:00:00.000,42.69,42.91
2024-09-03 02:24:59.000,GOLD - USD,1.6831364124597383,2.5123523093448403,OBJECTIF ATTEINT,1.6831364124597383,2024-09-03 11:02:55.000,2494.28,2503.59
2024-09-06 13:27:40.000,SILVER - CHF,2.1666666666666323,6.749999999999933,INVALIDÉE,-1.0,2024-09-06 14:00:00.000,24.35,24.23
2024-09-08 23:41:13.000,EUR/JPY,1.1992187499999962,3.3671874999999987,INVALIDÉE,-1.0,2024-09-20 08:00:00.000,157.88,160.44
2024-09-09 03:39:58.000,AUD/JPY,1.222222222222208,2.6555555555555395,INVALIDÉE,-1.0,2024-09-18 11:00:00.000,95.39,96.29
2024-09-09 05:25:16.000,GOLD - NZD,1.5114754098360923,7.311475409836159,OBJECTIF ATTEINT,7.904584945200767,2024-09-09 06:00:00.000,4050.62,4038.42
2024-09-10 10:50:15.000,GOLD - AUD,1.43449843705598,4.547030406365444,OBJECTIF ATTEINT,4.8083474558214165,2024-09-10 12:00:00.000,3759.87,3724.68
2024-09-10 20:25:58.000,GOLD - CHF,1.0118733509233817,1.9076517150394865,OBJECTIF ATTEINT,3.395228737828432,2024-09-10 22:00:00.000,2130.07,2122.49
2024-09-11 11:47:40.000,AUD/JPY,1.0612244897959209,5.047619047619053,INVALIDÉE,-1.0,2024-09-17 19:00:00.000,94.56,96.03
2024-09-11 16:32:58.000,SILVER - GBP,1.5833333333333777,4.000000000000089,OBJECTIF ATTEINT,5.031579518600467,2024-09-11 17:00:00.000,21.97,21.85
2024-09-11 16:33:01.000,SILVER - CHF,1.388888888888891,4.222222222222237,OBJECTIF ATTEINT,4.663809919357306,2024-09-11 17:00:00.000,24.36,24.18
2024-09-12 06:26:21.000,SILVER - AUD,2.500000000000127,11.21428571428624,OBJECTIF ATTEINT,11.83699116187284,2024-09-12 07:00:00.000,42.98,42.84
2024-09-13 10:49:44.000,GOLD - GBP,1.7063887630267418,3.870865428183068,OBJECTIF ATTEINT,3.771081197015389,2024-09-23 02:00:00.000,1954.27,1932.2
2024-09-13 10:49:47.000,GOLD - CAD,1.034655172413797,2.669655172413796,OBJECTIF ATTEINT,2.734601428067765,2024-09-13 13:00:00.000,3485.16,3427.16
2024-09-16 13:50:32.000,GOLD - NZD,1.7561601642710474,3.887577002053385,OBJECTIF ATTEINT,3.9923511557765496,2024-09-20 15:00:00.000,4178.78,4139.82
2024-09-16 20:26:04.000,DAX40 FULL0926,1.872340425531915,5.840425531914893,OBJECTIF ATTEINT,5.923395944148921,2024-09-19 07:00:00.000,18724.0,18677.0
2024-09-17 08:47:55.000,GOLD - AUD,1.1500165216433569,2.123361603700851,OBJECTIF ATTEINT,2.435219101215337,2024-09-25 16:00:00.000,3815.47,3724.68
2024-09-17 09:28:11.000,NZD/USD,1.0714285714286451,3.571428571428685,INVALIDÉE,-1.0,2024-09-17 12:00:00.000,0.6211,0.6197
2024-09-17 10:28:03.000,GBP/CHF,1.2142857142855217,5.142857142856803,INVALIDÉE,-1.0,2024-09-17 15:00:00.000,1.1162,1.1148
2024-09-18 00:25:07.000,AUD/USD,1.0,3.2258064516129146,OBJECTIF ATTEINT,3.228671332328548,2024-09-18 18:00:00.000,0.6764,0.6733
2024-09-18 11:27:24.000,AUD/JPY,1.039999999999992,1.5999999999999943,OBJECTIF ATTEINT,1.9139971923828227,2024-09-19 00:00:00.000,96.19,95.69
2024-09-18 18:57:54.000,EUR/USD,1.2499999999999702,5.196428571428508,INVALIDÉE,-1.0,2024-09-18 19:00:00.000,1.1165,1.1109
2024-09-19 00:25:50.000,GOLD - NZD,1.239808153477196,2.325339728217379,INVALIDÉE,-1.0,2024-09-19 01:00:00.000,4117.5,4142.52
2024-09-19 02:25:29.000,GBP/JPY,1.0,3.256097560975621,OBJECTIF ATTEINT,3.33171282512392,2024-09-19 10:00:00.000,189.15,188.33
2024-09-20 07:27:25.000,GOLD - CHF,1.0279027902790228,3.846084608460804,OBJECTIF ATTEINT,4.066761848678075,2024-09-20 08:00:00.000,2209.52,2198.41
2024-09-20 12:49:24.000,GOLD - CHF,1.1753337318191015,3.2235505080693705,OBJECTIF ATTEINT,3.1359137916600783,2024-09-25 13:00:00.000,2220.72,2170.53
2024-09-20 14:36:05.000,EUR/CHF,1.083333333333418,8.000000000000185,INVALIDÉE,-1.0,2024-09-23 07:00:00.000,0.9478,0.9466
2024-09-24 15:35:06.000,SILVER - EUR,1.7096774193548494,4.225806451612916,OBJECTIF ATTEINT,4.395683123852439,2024-09-24 16:00:00.000,28.34,28.03
2024-09-24 15:35:08.000,GOLD - CHF,1.3566229985443634,3.1535662299853846,OBJECTIF ATTEINT,3.253298927845696,2024-09-24 16:00:00.000,2236.21,2222.47
2024-09-25 15:35:20.000,GOLD - EUR,1.1144578313253364,6.719879518072402,OBJECTIF ATTEINT,6.670091904103378,2024-09-25 16:00:00.000,2381.5,2374.86
2024-09-25 19:32:31.000,CHF/JPY,1.148148148148113,4.407407407407232,OBJECTIF ATTEINT,4.355530237268368,2024-09-26 07:00:00.000,170.24,169.97
2024-10-02 22:28:27.000,SILVER - GBP,1.5909090909091057,5.500000000000032,OBJECTIF ATTEINT,5.869992790645218,2024-10-03 13:00:00.000,24.02,23.8
2024-10-03 00:26:28.000,USD/CHF,1.0909090909090815,3.909090909090918,OBJECTIF ATTEINT,8.627285731922486,2024-10-03 06:00:00.000,0.8504,0.8493
2024-10-03 00:44:20.000,GOLD - NZD,2.0449244060475147,4.084665226781873,OBJECTIF ATTEINT,4.023926079675725,2024-10-14 10:00:00.000,4257.09,4187.64
2024-10-03 09:28:54.000,S&P500 - MINI S&P500 FULL0926,1.1206896551724137,5.333103448275857,INVALIDÉE,-1.0,2024-10-08 19:30:00.000,5740.25,5754.75
2024-10-03 14:37:12.000,SILVER - CAD,2.800000000000071,4.800000000000106,OBJECTIF ATTEINT,5.040399558047427,2024-10-03 15:00:00.000,42.98,42.78
2024-10-03 22:38:04.000,SILVER - CAD,1.0454545454545527,5.909090909090943,OBJECTIF ATTEINT,7.267391939437239,2024-10-04 02:00:00.000,43.48,43.04
2024-10-04 04:27:33.000,SILVER - AUD,2.823529411764701,8.176470588235215,INVALIDÉE,-1.0,2024-10-04 12:00:00.000,47.04,46.87
2024-10-04 04:27:35.000,SILVER - NZD,1.921052631578945,7.578947368421009,OBJECTIF ATTEINT,9.97371767280922,2024-10-04 14:00:00.000,51.86,51.48
2024-10-04 05:26:26.000,SILVER - USD,2.4210526315789807,8.789473684210641,INVALIDÉE,-1.0,2024-10-04 12:00:00.000,32.25,32.06
2024-10-04 15:06:23.000,GOLD - GBP,1.1954947707159955,3.074014481094108,OBJECTIF ATTEINT,3.117275335032441,2024-10-17 05:00:00.000,2032.91,1995.62
2024-10-06 22:31:19.000,AUD/JPY,1.3125000000000042,3.312500000000004,INVALIDÉE,-1.0,2024-10-07 07:00:00.000,101.36,100.72
2024-10-06 23:25:38.000,SILVER - GBP,1.0909090909090895,2.9090909090909265,INVALIDÉE,-1.0,2024-10-07 12:00:00.000,24.59,24.37
2024-10-08 03:25:56.000,GOLD - AUD,1.5898190997055108,3.743374000841401,INVALIDÉE,-1.0,2024-10-08 12:03:52.000,3920.19,3896.42
2024-10-11 17:59:05.000,GOLD - AUD,2.213897131552909,5.289812067260122,OBJECTIF ATTEINT,5.40432427836243,2024-10-16 08:00:00.000,3936.86,3896.42
2024-10-14 08:28:55.000,SILVER - AUD,2.027027027027041,4.405405405405443,INVALIDÉE,-1.0,2024-10-15 05:00:00.000,46.8,46.43
2024-10-14 08:28:57.000,SILVER - NZD,2.0454545454544704,4.045454545454438,INVALIDÉE,-1.0,2024-10-14 15:00:00.000,51.7,51.48
2024-10-14 19:32:58.000,EUR/GBP,0.9999999999999146,2.153846153845957,OBJECTIF ATTEINT,2.3769435295690338,2024-10-15 07:00:00.000,0.8351,0.8364
2024-10-15 02:25:40.000,DAX40 FULL0926,1.0813824884792789,3.9140092165898457,INVALIDÉE,-1.0,2024-10-15 07:00:00.000,19721.0,19612.5
2024-10-15 20:27:57.000,GOLD - NZD,1.8298969072164908,4.76663542642922,OBJECTIF ATTEINT,5.657728133177653,2024-10-15 23:00:00.000,4377.2,4355.86
2024-10-16 05:26:19.000,SILVER - CHF,2.684210526315761,4.52631578947365,OBJECTIF ATTEINT,4.769694126494533,2024-10-16 13:00:00.000,27.28,27.09
2024-10-16 06:26:00.000,SILVER - GBP,1.2352941176470305,5.05882352941171,OBJECTIF ATTEINT,6.911436562962246,2024-10-16 07:00:00.000,24.37,24.2
2024-10-16 06:26:04.000,SILVER - NZD,1.153846153846179,4.576923076923103,OBJECTIF ATTEINT,4.668594205410533,2024-10-16 07:00:00.000,52.29,52.03
2024-10-16 07:29:39.000,GOLD - EUR,1.1258134490237923,5.173535791756887,OBJECTIF ATTEINT,5.663720697974317,2024-10-16 08:00:00.000,2458.36,2449.14
2024-10-16 07:55:45.000,GOLD - EUR,1.2243573745944534,3.726478662340892,OBJECTIF ATTEINT,3.635729850713801,2024-10-18 01:00:00.000,2458.71,2418.64
2024-10-16 07:55:46.000,GOLD - CHF,2.4705681040382945,6.009924709103291,OBJECTIF ATTEINT,6.281596605973336,2024-10-21 09:00:00.000,2307.51,2278.29
2024-10-16 07:55:49.000,GOLD - CAD,1.0102440147329634,2.843232044198891,OBJECTIF ATTEINT,2.838081693199234,2024-10-18 14:00:00.000,3688.5,3601.62
2024-10-17 13:28:30.000,SILVER - CAD,1.7333333333333365,4.266666666666711,OBJECTIF ATTEINT,4.892018429549882,2024-10-17 14:00:00.000,43.68,43.53
2024-10-18 04:26:07.000,SILVER - NZD,1.1500000000000443,16.850000000000346,OBJECTIF ATTEINT,17.981377547072903,2024-10-18 05:00:00.000,52.79,52.59
2024-10-18 04:26:21.000,SILVER - USD,1.5277777777777724,4.333333333333346,OBJECTIF ATTEINT,4.955554707845056,2024-10-18 13:00:00.000,32.0,31.64
2024-10-18 12:29:24.000,SILVER - GBP,2.7222222222222374,9.722222222222236,OBJECTIF ATTEINT,9.751935841888814,2024-10-18 16:00:00.000,24.74,24.56
2024-10-18 17:33:25.000,DAX40 FULL0926,1.124117647058858,7.150392156862711,INVALIDÉE,-1.0,2024-10-21 07:00:00.000,19781.0,19730.0
2024-10-21 04:45:19.000,SILVER - USD,1.677966101694909,7.525423728813512,INVALIDÉE,-1.0,2024-10-25 08:00:00.000,34.0,33.41
2024-10-21 04:45:20.000,GOLD - USD,1.4132173913043515,3.601913043478263,INVALIDÉE,-1.0,2024-11-06 13:00:00.000,2730.18,2672.68
2024-10-22 00:27:19.000,GBP/JPY,1.2916666666666272,9.9583333333329,OBJECTIF ATTEINT,10.73331807454394,2024-10-22 03:00:00.000,195.74,195.5
2024-10-22 17:32:37.000,NASDAQ100 INDEX,2.6219291014014283,5.6295136026379575,INVALIDÉE,-1.0,2024-10-23 13:30:00.000,20333.95,20273.3
2024-10-23 06:26:40.000,GOLD - AUD,1.677666922486577,8.530314658480568,INVALIDÉE,-1.0,2024-10-23 15:00:00.000,4128.42,4115.39
2024-10-28 00:26:04.000,GBP/JPY,1.1521739130434607,4.478260869565145,OBJECTIF ATTEINT,4.586961298403401,2024-10-28 01:00:00.000,198.59,198.13
2024-10-29 13:30:58.000,GOLD - EUR,1.3655462184873977,3.73739495798324,OBJECTIF ATTEINT,4.238637516270285,2024-10-29 14:00:00.000,2555.93,2546.41
2024-10-30 01:28:33.000,GBP/USD,1.117647058823514,3.0588235294116264,INVALIDÉE,-1.0,2024-10-30 03:00:00.000,1.3019,1.3002
2024-10-31 08:29:56.000,DAX40 PERF INDEX,2.234825870646752,5.031442786069614,INVALIDÉE,-1.0,2024-10-31 10:00:00.000,19122.19,19172.44
2024-11-04 17:35:07.000,SILVER - EUR,1.2727272727272845,12.090909090909138,INVALIDÉE,-1.0,2024-11-04 18:00:00.000,29.79,29.9
2024-11-05 04:26:48.000,GOLD - AUD,1.1148129164531404,2.609943618657195,OBJECTIF ATTEINT,3.898661729077928,2024-11-06 12:00:00.000,4147.89,4167.4
2024-11-05 07:29:13.000,AUD/USD,1.2499999999999654,3.062499999999922,INVALIDÉE,-1.0,2024-11-06 00:00:00.000,0.6612,0.6596
2024-11-05 18:33:50.000,GOLD - AUD,2.278735632183849,15.515086206896456,INVALIDÉE,-1.0,2024-11-05 19:00:00.000,4128.69,4142.61
2024-11-13 01:28:09.000,USD/JPY,1.277777777778032,7.777777777778743,OBJECTIF ATTEINT,8.394479709202468,2024-11-13 06:00:00.000,154.89,154.71
2024-11-13 20:34:32.000,EUR/USD,1.2187499999999696,4.1562499999999085,OBJECTIF ATTEINT,6.795908355712671,2024-11-14 09:00:00.000,1.0563,1.0595
2024-11-17 23:27:48.000,USD/CAD,1.058823529411757,8.999999999999739,INVALIDÉE,-1.0,2024-11-18 01:00:00.000,1.4088,1.4071
2024-11-19 04:26:36.000,GOLD - EUR,1.0198105081826023,2.4866494401377754,OBJECTIF ATTEINT,4.007240776081426,2024-11-19 09:00:00.000,2475.44,2463.83
2024-11-19 20:33:46.000,EUR/USD,1.0,1.4098360655737985,INVALIDÉE,-1.0,2024-11-20 14:00:00.000,1.0593,1.0532
2024-11-20 21:26:24.000,GOLD - CHF,1.100000000000014,2.898461538461561,OBJECTIF ATTEINT,2.8118656065179004,2024-11-21 00:00:00.000,2343.68,2337.18
2024-11-20 21:26:38.000,GOLD - USD,2.0913327120224574,6.625349487418736,OBJECTIF ATTEINT,6.699622662803194,2024-11-21 09:00:00.000,2650.24,2639.51
2024-11-22 03:27:13.000,GOLD - USD,1.946698970320984,5.829194427619534,OBJECTIF ATTEINT,5.8182254599484455,2024-11-24 23:00:00.000,2689.19,2672.68
2024-11-28 14:30:33.000,DAX40 PERF INDEX,1.292430488553673,2.111656872204222,OBJECTIF ATTEINT,2.728691699193118,2024-11-29 16:00:00.000,19416.62,19302.61
2024-11-29 00:27:09.000,GOLD - AUD,1.222172949002205,2.705986696230576,INVALIDÉE,-1.0,2024-11-29 18:00:00.000,4053.52,4076.07
2024-12-03 06:28:19.000,GOLD - AUD,1.80840163934425,4.33504098360658,INVALIDÉE,-1.0,2024-12-03 08:00:00.000,4095.56,4076.04
2024-12-03 07:29:57.000,GOLD - EUR,1.0460122699386782,4.794478527607409,INVALIDÉE,-1.0,2024-12-03 13:00:00.000,2520.14,2513.62
2024-12-04 06:28:27.000,GOLD - AUD,1.0989782886334736,4.248403575989864,OBJECTIF ATTEINT,4.422681116213088,2024-12-04 07:00:00.000,4113.65,4097.99
2024-12-04 23:36:40.000,SILVER - EUR,2.0000000000000195,7.1111111111111285,INVALIDÉE,-1.0,2024-12-05 15:00:00.000,29.83,29.65
2024-12-12 04:28:58.000,SILVER - EUR,1.117647058823549,3.6470588235294574,INVALIDÉE,-1.0,2024-12-12 15:00:00.000,30.49,30.32
2024-12-12 18:35:18.000,NASDAQ100 INDEX,1.5741249552025065,4.196631226854652,OBJECTIF ATTEINT,4.610686447258445,2024-12-13 14:30:00.000,21710.02,21626.31
2024-12-13 03:30:58.000,GOLD - CHF,1.0822784810126644,1.907876230661076,INVALIDÉE,-1.0,2024-12-13 09:00:00.000,2401.08,2386.86
2024-12-13 04:28:26.000,EUR/USD,1.318181818181887,6.909090909091019,INVALIDÉE,-1.0,2024-12-13 09:00:00.000,1.0459,1.0481
2024-12-24 03:53:30.000,GBP/USD,1.2091503267973758,3.1633986928104387,OBJECTIF ATTEINT,1.2091503267973758,2025-01-08 11:00:00.000,1.2528,1.2681
2024-12-31 03:51:12.000,GBP/CHF,1.295918367346928,3.642857142857138,INVALIDÉE,-1.0,2025-01-08 13:00:00.000,1.1331,1.1233
2024-12-31 10:30:02.000,USD/CHF,1.0,4.300000000000003,OBJECTIF ATTEINT,4.709992504119886,2024-12-31 17:00:00.000,0.9044,0.9014
2024-12-31 16:07:06.000,GOLD - AUD,1.6526850969176785,3.895138226882712,OBJECTIF ATTEINT,4.241581103041521,2025-01-09 13:00:00.000,4239.84,4176.9
2024-12-31 16:35:21.000,NASDAQ100 INDEX,1.1491972539056077,2.448240445429449,INVALIDÉE,-1.0,2025-01-03 18:30:00.000,21128.28,21313.27
2025-01-06 23:41:11.000,USD/JPY,1.1034482758621738,8.689655172414067,OBJECTIF ATTEINT,8.641372996363428,2025-01-07 00:00:00.000,157.76,157.47
2025-01-07 04:28:21.000,SILVER - EUR,1.149999999999968,3.649999999999933,OBJECTIF ATTEINT,4.359610772067457,2025-01-07 05:00:00.000,28.92,28.72
2025-01-07 05:28:37.000,SILVER - USD,1.0909090909091057,5.772727272727301,OBJECTIF ATTEINT,7.763637057217735,2025-01-07 06:00:00.000,30.11,29.89
2025-01-09 07:28:21.000,SILVER - EUR,2.2999999999999714,3.999999999999929,OBJECTIF ATTEINT,7.390077397914824,2025-01-09 08:00:00.000,29.25,29.15
2025-01-10 03:28:40.000,SILVER - EUR,1.0833333333333162,4.166666666666632,OBJECTIF ATTEINT,6.566134530911391,2025-01-10 04:00:00.000,29.39,29.15
2025-01-10 03:28:55.000,SILVER - USD,1.9090909090909267,10.090909090909138,OBJECTIF ATTEINT,14.17272865989,2025-01-10 04:00:00.000,30.27,30.16
2025-01-10 09:33:14.000,NZD/USD,1.1428571428573016,2.5714285714288887,OBJECTIF ATTEINT,4.624734851292764,2025-01-10 13:00:00.000,0.558,0.5587
2025-01-10 09:33:31.000,USD/CHF,1.0454545454545914,3.9090909090909687,OBJECTIF ATTEINT,1.0454545454545914,2025-01-10 13:00:00.000,0.9128,0.9106
2025-01-10 12:58:58.000,GOLD - CHF,1.7947817360762808,5.179126944305123,OBJECTIF ATTEINT,5.0797536344819,2025-01-10 13:00:00.000,2448.14,2428.21
2025-01-10 18:35:59.000,USD/CAD,0.9999999999998612,2.374999999999809,OBJECTIF ATTEINT,2.281212949752716,2025-01-13 03:00:00.000,1.4426,1.441
2025-01-13 07:49:16.000,GOLD - EUR,1.3657733897508324,4.295721673718852,OBJECTIF ATTEINT,4.7447964297393765,2025-01-16 09:00:00.000,2628.12,2606.85
2025-01-15 04:29:22.000,NZD/USD,1.3000000000000222,4.400000000000011,OBJECTIF ATTEINT,5.005538129806526,2025-01-15 13:00:00.000,0.5605,0.5585
2025-01-16 12:57:50.000,DAX40 PERF INDEX,1.4900999434282636,3.525080143315129,OBJECTIF ATTEINT,3.921873305793914,2025-01-20 13:00:00.000,20638.39,20426.27
2025-01-17 12:32:11.000,S&P500 - MINI S&P500 FULL0926,1.1382113821138324,2.6558265582656087,OBJECTIF ATTEINT,2.8100239244580085,2025-01-21 14:30:00.000,5996.5,5978.05
2025-01-17 15:39:00.000,EUR/GBP,1.3000000000000778,6.199999999999978,INVALIDÉE,-1.0,2025-01-17 16:00:00.000,0.845,0.844
2025-01-17 20:35:46.000,S&P500 - MINI S&P500 FULL0926,1.1145833333333333,5.322916666666667,OBJECTIF ATTEINT,5.6183430989583485,2025-01-22 14:30:00.000,6041.5,6017.5
2025-01-21 20:35:47.000,NASDAQ100 - MINI NASDAQ100 FULL0926,1.4178403755868545,4.262910798122066,OBJECTIF ATTEINT,4.489434174491402,2025-02-13 15:30:00.000,21727.0,21567.25
2025-01-22 15:43:59.000,AUD/JPY,1.0,6.71999999999997,OBJECTIF ATTEINT,6.791993408203098,2025-01-22 16:00:00.000,98.03,97.78
2025-01-23 19:37:58.000,GBP/JPY,1.172413793103492,6.448275862069158,OBJECTIF ATTEINT,6.393096713362265,2025-01-24 00:00:00.000,192.69,192.4
2025-01-24 14:33:12.000,GBP/USD,1.1764705882353224,3.450980392156954,OBJECTIF ATTEINT,3.4793135773902795,2025-01-24 16:00:00.000,1.2427,1.2376
2025-01-27 18:38:44.000,GOLD - AUD,1.2220464135021112,2.7262658227848315,INVALIDÉE,-1.0,2025-01-28 00:00:00.000,4359.14,4378.1
2025-01-29 16:21:45.000,SILVER - EUR,1.0684931506849324,2.054794520547944,OBJECTIF ATTEINT,2.369257907024105,2025-01-30 06:00:00.000,29.61,28.88
2025-01-30 05:30:24.000,GOLD - AUD,1.3933753943217768,3.383911671924324,OBJECTIF ATTEINT,3.3097019966355368,2025-01-30 08:00:00.000,4435.69,4403.99
2025-01-30 11:33:26.000,GOLD - CHF,1.3164062499999714,4.078124999999883,OBJECTIF ATTEINT,4.378859477676299,2025-01-30 12:00:00.000,2525.05,2514.81
2025-01-31 13:34:05.000,DAX40 FULL0926,1.513174775486027,5.3949472022104885,INVALIDÉE,-1.0,2025-01-31 14:00:00.000,21885.0,21783.67
2025-01-31 17:37:51.000,GOLD - USD,2.8537190082644632,7.752892561983525,INVALIDÉE,-1.0,2025-02-03 01:00:00.000,2810.71,2798.61
2025-02-07 16:39:32.000,USD/JPY,1.1578947368421506,4.315789473684264,INVALIDÉE,-1.0,2025-02-07 17:00:00.000,151.05,151.81
2025-02-10 06:26:58.000,GOLD - EUR,1.5281522601110518,3.3223632038065456,OBJECTIF ATTEINT,3.23528028920593,2025-02-10 08:00:00.000,2796.22,2771.0
2025-02-10 07:49:00.000,SILVER - EUR,1.3896103896103862,2.038961038961036,INVALIDÉE,-1.0,2025-02-25 15:00:00.000,31.16,30.39
2025-02-10 18:34:38.000,NASDAQ100 INDEX,2.934714167356927,5.453189726594642,INVALIDÉE,-1.0,2025-02-11 14:30:00.000,21767.56,21707.21
2025-02-12 12:05:50.000,USD/CHF,1.0937499999999891,3.2187499999999747,INVALIDÉE,-1.0,2025-02-14 09:00:00.000,0.9109,0.9013
2025-02-12 16:40:46.000,USD/CHF,1.2758620689654856,1.965517241379276,INVALIDÉE,-1.0,2025-02-13 05:00:00.000,0.914,0.9111
2025-02-13 00:29:22.000,GBP/USD,1.2647058823529067,2.79411764705872,OBJECTIF ATTEINT,3.187081718444741,2025-02-13 06:00:00.000,1.2455,1.2421
2025-02-13 03:32:12.000,EUR/CHF,1.0344827586207253,4.103448275862214,INVALIDÉE,-1.0,2025-02-13 07:00:00.000,0.95,0.9471
2025-02-13 06:29:50.000,NASDAQ100 - MINI NASDAQ100 FULL0926,1.9922931739539915,7.793331236237597,INVALIDÉE,-1.0,2025-02-13 14:30:00.000,21912.5,21848.92
2025-02-17 12:58:59.000,GBP/CHF,1.0249999999999972,2.724999999999993,OBJECTIF ATTEINT,1.0249999999999972,2025-03-05 17:00:00.000,1.1354,1.1234
2025-02-19 13:34:27.000,SILVER - EUR,2.777777777777782,12.666666666666654,INVALIDÉE,-1.0,2025-02-21 15:00:00.000,31.59,31.5
2025-02-19 13:34:52.000,SILVER - USD,1.6785714285714175,2.6428571428571392,INVALIDÉE,-1.0,2025-02-24 15:00:00.000,32.93,32.65
2025-02-21 19:35:21.000,DAX40 FULL0926,2.036489361702131,4.287234042553192,INVALIDÉE,-1.0,2025-02-24 08:00:00.000,22235.0,22329.0
2025-02-24 05:27:45.000,NZD/USD,1.124999999999983,8.499999999999792,INVALIDÉE,-1.0,2025-02-24 07:00:00.000,0.5758,0.575
2025-02-24 19:36:44.000,GOLD - USD,2.256111757857896,5.946449359720496,INVALIDÉE,-1.0,2025-02-25 12:00:00.000,2948.59,2940.0
2025-02-25 19:35:04.000,USD/CAD,1.1428571428571752,4.877551020408265,OBJECTIF ATTEINT,4.934691557592352,2025-02-26 13:00:00.000,1.4295,1.4246
2025-02-26 19:39:13.000,S&P500 - MINI S&P500 FULL0926,1.246843434343423,3.448547979797948,INVALIDÉE,-1.0,2025-06-05 14:30:00.000,5963.5,5995.18
2025-02-27 07:29:49.000,GOLD - USD,1.239638281838722,8.14016578749059,OBJECTIF ATTEINT,1.239638281838722,2025-02-28 03:00:00.000,2893.45,2906.72
2025-03-06 03:27:51.000,GOLD - CHF,1.4578729281768026,2.3100828729281613,INVALIDÉE,-1.0,2025-03-06 07:00:00.000,2609.15,2594.67
2025-03-06 20:59:43.000,DAX40 FULL0926,2.912826855123681,6.617208480565365,INVALIDÉE,-1.0,2025-03-07 13:00:00.000,23225.0,22942.0
2025-03-10 13:32:38.000,S&P500 - MINI S&P500 FULL0926,1.2871794871794873,2.9692307692307693,OBJECTIF ATTEINT,2.898357371794872,2025-03-10 16:30:00.000,5695.25,5744.0
2025-03-11 04:28:01.000,EUR/USD,1.1095890410959108,2.2328767123288373,OBJECTIF ATTEINT,2.1700413481830605,2025-03-11 18:00:00.000,1.0856,1.0783
2025-03-11 07:27:47.000,EUR/GBP,1.0,7.636363636363673,OBJECTIF ATTEINT,8.381814384460483,2025-03-11 08:00:00.000,0.8428,0.8417
2025-03-13 00:28:22.000,GOLD - CHF,1.1271056661562655,2.180704441041469,OBJECTIF ATTEINT,2.231429279599175,2025-03-13 01:00:00.000,2591.64,2585.11
2025-03-13 07:54:00.000,S&P500 - MINI S&P500 FULL0926,1.9253731343283584,2.601279317697228,INVALIDÉE,-1.0,2025-03-17 17:30:00.000,5574.25,5691.5
2025-03-13 13:31:57.000,GOLD - EUR,1.651933701657472,3.27679558011051,OBJECTIF ATTEINT,3.660429832144612,2025-03-13 15:00:00.000,2718.75,2700.65
2025-03-14 06:52:34.000,SILVER - USD,1.0430107526881711,1.774193548387096,INVALIDÉE,-1.0,2025-04-03 09:00:00.000,33.89,32.96
2025-03-14 06:52:35.000,GOLD - USD,1.6491422246817964,4.126729385722203,OBJECTIF ATTEINT,4.1620351735438685,2025-03-18 13:00:00.000,2986.17,2950.03
2025-03-14 20:08:47.000,GOLD - AUD,1.0871991072851794,2.5472660608958835,OBJECTIF ATTEINT,3.740486631649256,2025-03-18 16:00:00.000,4716.05,4653.32
2025-03-19 15:40:15.000,USD/JPY,1.0958904109588534,2.315068493150624,INVALIDÉE,-1.0,2025-03-19 18:00:00.000,149.96,149.23
2025-03-20 22:53:55.000,GOLD - CHF,2.224063116370821,4.553451676528609,INVALIDÉE,-1.0,2025-03-21 13:00:00.000,2684.71,2659.36
2025-03-24 15:39:54.000,GOLD - USD,1.5696489241223377,7.209513023782602,INVALIDÉE,-1.0,2025-03-25 05:00:00.000,3013.69,3022.52
2025-03-27 11:35:32.000,GOLD - EUR,1.0885391047712834,3.194294146581421,OBJECTIF ATTEINT,3.27570380921514,2025-03-28 01:00:00.000,2830.4,2810.07
2025-03-27 11:35:33.000,GOLD - CHF,2.474299065420557,5.948598130841114,OBJECTIF ATTEINT,6.644730753815325,2025-03-28 01:00:00.000,2697.57,2689.01
2025-03-27 12:31:10.000,CHF/JPY,1.0,2.5384615384616143,OBJECTIF ATTEINT,2.4384709284856174,2025-03-27 14:00:00.000,170.78,170.52
2025-03-27 14:38:12.000,GBP/JPY,1.285714285714385,4.408163265306348,OBJECTIF ATTEINT,5.116319804289173,2025-03-27 15:00:00.000,195.2,194.71
2025-03-28 08:33:34.000,S&P500 - MINI S&P500 FULL0926,2.1408955223880404,4.029850746268656,OBJECTIF ATTEINT,5.97520988805969,2025-03-28 13:30:00.000,5718.5,5735.25
2025-03-31 02:50:50.000,GOLD - EUR,1.9748882008943769,4.10904712762295,INVALIDÉE,-1.0,2025-04-03 10:00:00.000,2861.69,2832.62
2025-03-31 05:26:51.000,GOLD - AUD,1.2104775150671987,3.3989337042188,OBJECTIF ATTEINT,3.4463099617812887,2025-03-31 06:00:00.000,4952.43,4909.29
2025-03-31 05:26:56.000,SILVER - USD,1.0499999999999894,2.39999999999995,INVALIDÉE,-1.0,2025-03-31 13:00:00.000,34.38,34.18
2025-03-31 10:29:47.000,GOLD - EUR,1.2458649977648648,3.478766204738513,OBJECTIF ATTEINT,3.457291663215653,2025-03-31 12:00:00.000,2883.21,2860.84
2025-03-31 12:30:17.000,USD/CAD,1.0909090909090111,5.090909090908944,OBJECTIF ATTEINT,1.0909090909090111,2025-04-01 07:00:00.000,1.4366,1.4333
2025-04-01 02:28:31.000,EUR/USD,1.260869565217366,3.956521739130536,INVALIDÉE,-1.0,2025-04-01 06:00:00.000,1.0827,1.0804
2025-04-01 09:00:12.000,GOLD - AUD,1.0790769663711817,2.1786970592373684,OBJECTIF ATTEINT,2.359768183201033,2025-04-09 15:00:00.000,5004.04,4861.9
2025-04-02 05:53:47.000,GOLD - USD,1.1523602559459176,2.273089460340461,INVALIDÉE,-1.0,2025-04-04 14:00:00.000,3118.06,3035.23
2025-04-04 06:30:08.000,CHF/JPY,1.1800000000000068,5.800000000000011,OBJECTIF ATTEINT,7.636004638671864,2025-04-04 09:00:00.000,170.85,170.35
2025-04-07 02:51:22.000,AUD/JPY,1.020000000000001,2.786666666666671,INVALIDÉE,-1.0,2025-04-07 14:00:00.000,88.28,89.78
2025-04-10 21:53:35.000,GOLD - AUD,1.072900763358791,4.055725190839731,OBJECTIF ATTEINT,4.229172215285144,2025-04-10 23:00:00.000,5101.2,5048.8
2025-04-11 00:30:14.000,SILVER - USD,1.029850746268656,1.1791044776119413,OBJECTIF ATTEINT,1.1014923095703089,2025-04-11 14:00:00.000,31.23,30.56
2025-04-11 08:29:49.000,GOLD - AUD,1.174294670846438,12.040752351097328,INVALIDÉE,-1.0,2025-04-11 09:00:00.000,5184.28,5168.33
2025-04-11 20:28:42.000,SILVER - USD,3.000000000000031,5.304347826087024,INVALIDÉE,-1.0,2025-04-13 22:00:00.000,32.25,32.02
2025-04-11 20:55:08.000,GOLD - AUD,1.664923045971235,4.637662207021431,INVALIDÉE,-1.0,2025-05-01 04:00:00.000,5148.21,5048.8
2025-04-15 02:54:44.000,GOLD - USD,1.406098173898479,4.392863126151781,OBJECTIF ATTEINT,4.62089045354121,2025-04-16 05:00:00.000,3222.41,3162.72
2025-04-15 08:32:44.000,CHF/JPY,1.0458015267175589,2.236641221374047,INVALIDÉE,-1.0,2025-04-15 15:00:00.000,175.73,174.42
2025-04-16 02:27:50.000,GOLD - CHF,1.9166170339487727,5.783799880881497,OBJECTIF ATTEINT,5.843937925907534,2025-04-16 08:00:00.000,2676.15,2659.36
2025-04-16 02:28:06.000,SILVER - USD,1.5833333333333366,6.888888888888891,OBJECTIF ATTEINT,6.927777353922526,2025-04-16 08:00:00.000,32.38,32.02
2025-04-16 02:28:09.000,GOLD - USD,1.0588235294117714,2.686000657246157,OBJECTIF ATTEINT,2.642522220567717,2025-04-16 15:00:00.000,3271.99,3211.13
2025-04-16 09:29:17.000,SILVER - USD,1.0,3.099999999999992,INVALIDÉE,-1.0,2025-04-17 01:00:00.000,33.0,32.4
2025-04-18 17:50:08.000,GOLD - EUR,1.6798088410991971,4.983273596176892,INVALIDÉE,-1.0,2025-04-23 13:00:00.000,2925.49,2900.38
2025-04-21 03:26:47.000,NASDAQ100 - MINI NASDAQ100 FULL0926,2.342887076255327,4.479233705006337,OBJECTIF ATTEINT,4.384382600276842,2025-04-21 13:30:00.000,18225.75,18359.38
2025-04-21 08:26:22.000,GOLD - USD,1.4898048673536672,3.6502959877220222,OBJECTIF ATTEINT,3.836636702477555,2025-04-22 01:00:00.000,3388.45,3342.84
2025-04-21 08:49:01.000,EUR/USD,1.1238095238095318,3.095238095238128,INVALIDÉE,-1.0,2025-04-22 16:00:00.000,1.1561,1.1456
2025-04-21 15:32:54.000,GOLD - AUD,1.969728601252632,4.932985386221331,OBJECTIF ATTEINT,4.994575700875183,2025-04-22 03:00:00.000,5327.16,5279.26
2025-04-24 20:29:43.000,AUD/JPY,1.105263157894792,5.105263157894792,OBJECTIF ATTEINT,5.742087595086407,2025-04-25 00:00:00.000,91.41,91.22
2025-04-24 20:29:52.000,SILVER - USD,1.4393939393939512,1.893939393939404,INVALIDÉE,-1.0,2025-04-25 13:00:00.000,33.61,32.95
2025-04-25 08:32:22.000,USD/CAD,1.1333333333333135,2.7999999999998817,INVALIDÉE,-1.0,2025-04-25 11:00:00.000,1.3888,1.3873
2025-04-25 16:35:59.000,AUD/JPY,1.1714285714285808,3.914285714285791,INVALIDÉE,-1.0,2025-04-28 00:00:00.000,91.97,91.62
2025-04-30 10:38:02.000,S&P500 - MINI S&P500 FULL0926,1.4477611940298507,7.517611940298511,INVALIDÉE,-1.0,2025-04-30 13:30:00.000,5573.0,5556.25
2025-05-04 20:42:45.000,AUD/USD,1.2424242424242515,6.666666666666734,INVALIDÉE,-1.0,2025-05-08 06:00:00.000,0.6455,0.6422
2025-05-08 14:40:33.000,NASDAQ100 INDEX,1.7284210526315815,3.933541963015645,OBJECTIF ATTEINT,4.603228129445223,2025-05-12 13:30:00.000,19984.06,19808.31
2025-05-09 09:30:11.000,DAX40 FULL0926,1.3593867361816634,3.916095966067224,OBJECTIF ATTEINT,3.94462475975342,2025-05-12 07:00:00.000,23564.0,23337.67
2025-05-09 12:33:32.000,DAX40 PERF INDEX,1.779042200094797,8.503556187766662,OBJECTIF ATTEINT,8.51699302098143,2025-05-12 07:00:00.000,23503.84,23419.48
2025-05-11 22:51:45.000,EUR/JPY,1.176870748299333,1.836734693877564,INVALIDÉE,-1.0,2025-05-19 00:00:00.000,163.7,162.23
2025-05-12 00:27:41.000,S&P500 - MINI S&P500 FULL0926,1.926688632619438,4.55793520043931,OBJECTIF ATTEINT,4.494455742037338,2025-05-12 13:30:00.000,5746.5,5710.08
2025-05-12 07:34:43.000,EUR/CHF,1.1875000000000564,2.8750000000001474,OBJECTIF ATTEINT,3.043755972385583,2025-05-13 15:00:00.000,0.9377,0.9361
2025-05-12 17:34:14.000,USD/CHF,1.2075471698112947,1.547169811320728,INVALIDÉE,-1.0,2025-05-13 07:00:00.000,0.8465,0.8412
2025-05-12 18:35:17.000,SILVER - EUR,2.4666666666666965,9.266666666666758,OBJECTIF ATTEINT,14.654349202373895,2025-05-13 03:00:00.000,29.31,29.16
2025-05-13 13:32:46.000,GOLD - AUD,1.5992303463441884,8.500824628917181,OBJECTIF ATTEINT,9.012499720064802,2025-05-14 00:00:00.000,5043.93,5062.12
2025-05-13 20:30:07.000,EUR/JPY,1.0512820512820027,3.5384615384613927,INVALIDÉE,-1.0,2025-05-14 01:00:00.000,165.02,164.63
2025-05-14 03:28:25.000,GOLD - EUR,1.7468123861566307,3.627504553734049,OBJECTIF ATTEINT,3.8389025311265015,2025-05-14 12:00:00.000,2886.04,2897.02
2025-05-20 10:35:43.000,GOLD - AUD,2.1711125569289624,11.165907612231033,OBJECTIF ATTEINT,11.287659024447642,2025-05-20 13:00:00.000,5042.52,5027.15
2025-05-20 10:36:11.000,GOLD - USD,2.706298919120383,3.05702571748044,OBJECTIF ATTEINT,2.9726816559122287,2025-05-20 22:00:00.000,3234.36,3207.53
2025-05-20 13:30:15.000,DAX40 FULL0926,1.831932773109244,4.663865546218488,INVALIDÉE,-1.0,2025-05-20 14:00:00.000,24136.0,24017.0
2025-05-20 13:30:35.000,GOLD - EUR,1.1009130225852677,2.679000480538152,OBJECTIF ATTEINT,3.0740004309217404,2025-05-20 14:00:00.000,2882.53,2861.72
2025-05-21 21:27:46.000,EUR/GBP,1.1538461538460425,2.3846153846152336,INVALIDÉE,-1.0,2025-05-22 07:00:00.000,0.8443,0.843
2025-05-22 03:28:09.000,SILVER - EUR,1.0833333333333468,4.458333333333363,INVALIDÉE,-1.0,2025-05-22 10:00:00.000,29.63,29.39
2025-05-28 08:33:10.000,DAX40 PERF INDEX,1.9863102998696,4.961103867883484,INVALIDÉE,-1.0,2025-05-28 09:00:00.000,24288.72,24150.66
2025-05-29 03:27:41.000,DAX40 FULL0926,1.2902622598289009,3.235005376092752,INVALIDÉE,-1.0,2025-05-29 07:00:00.000,24355.0,24141.09
2025-05-29 11:29:52.000,SILVER - EUR,2.9166666666666248,8.999999999999911,INVALIDÉE,-1.0,2025-05-29 13:00:00.000,29.62,29.5
2025-05-29 19:03:36.000,EUR/JPY,1.081081081081111,2.3243243243243668,OBJECTIF ATTEINT,2.247743128871104,2025-06-06 13:00:00.000,163.82,162.71
2025-06-02 07:34:13.000,USD/CHF,1.107142857142928,3.535714285714402,OBJECTIF ATTEINT,4.003580236435097,2025-06-02 09:00:00.000,0.8191,0.8219
2025-06-02 08:03:46.000,SILVER - USD,1.0944881889763818,1.96062992125985,OBJECTIF ATTEINT,1.8999986783726053,2025-06-02 19:00:00.000,33.47,32.2
2025-06-05 11:13:31.000,USD/CAD,1.1874999999998352,10.749999999999618,INVALIDÉE,-1.0,2025-06-05 16:00:00.000,1.3659,1.3675
2025-06-05 12:40:41.000,NZD/USD,1.1463414634146183,5.0,INVALIDÉE,-1.0,2025-06-06 13:00:00.000,0.6056,0.6015
2025-06-05 13:14:02.000,NASDAQ100 - MINI NASDAQ100 FULL0926,2.9741915986702905,6.579026896343278,INVALIDÉE,-1.0,2025-06-05 16:30:00.000,21809.0,21643.55
2025-06-09 23:37:34.000,GBP/JPY,1.1967213114754174,2.844262295081969,OBJECTIF ATTEINT,2.7877108214331456,2025-06-23 05:00:00.000,195.95,194.73
2025-06-09 23:37:41.000,SILVER - USD,1.9529411764705809,4.470588235294107,INVALIDÉE,-1.0,2025-06-12 07:00:00.000,36.81,35.96
2025-06-10 23:11:05.000,AUD/USD,1.3333333333334156,7.555555555555487,INVALIDÉE,-1.0,2025-06-11 00:00:00.000,0.6526,0.6517
2025-06-12 09:14:04.000,SILVER - EUR,1.3448275862069026,2.241379310344829,INVALIDÉE,-1.0,2025-06-12 13:00:00.000,31.09,31.38
2025-06-12 13:14:25.000,EUR/CHF,1.0,6.083333333333511,INVALIDÉE,-1.0,2025-06-12 15:00:00.000,0.9418,0.9406
2025-06-13 02:11:38.000,GOLD - EUR,1.0570388349514888,3.555825242718563,INVALIDÉE,-1.0,2025-06-16 08:00:00.000,2969.77,2961.53
2025-06-13 04:12:18.000,GOLD - CHF,1.020689655172412,2.649042145593845,OBJECTIF ATTEINT,2.5822611734831944,2025-06-13 05:00:00.000,2774.27,2761.22
2025-06-13 11:14:41.000,AUD/USD,1.2307692307692966,7.000000000000256,INVALIDÉE,-1.0,2025-06-13 12:00:00.000,0.6467,0.648
2025-06-17 12:12:44.000,EUR/GBP,1.0,4.666666666666702,OBJECTIF ATTEINT,5.838088280814028,2025-06-17 18:00:00.000,0.8526,0.8505
2025-06-19 02:13:34.000,EUR/USD,1.0,2.684210526315709,INVALIDÉE,-1.0,2025-06-19 07:00:00.000,1.1456,1.1475
2025-06-19 03:13:04.000,USD/CHF,1.1999999999999778,5.900000000000011,INVALIDÉE,-1.0,2025-06-19 07:00:00.000,0.8205,0.8185
2025-06-19 08:16:30.000,DAX40 PERF INDEX,1.8306333640353336,4.437340846291387,INVALIDÉE,-1.0,2025-06-20 09:00:00.000,23130.5,23315.07
2025-06-26 10:42:06.000,GBP/USD,1.2266666666666637,1.6499999999999944,INVALIDÉE,-1.0,2025-07-14 15:00:00.000,1.3742,1.3442
2025-06-26 17:17:34.000,EUR/JPY,1.0,2.0625000000000333,OBJECTIF ATTEINT,2.168735885620123,2025-06-27 11:00:00.000,169.06,168.74
2025-06-26 20:18:00.000,AUD/JPY,1.076923076923119,2.3076923076923666,OBJECTIF ATTEINT,2.2307448167067903,2025-06-26 23:00:00.000,94.55,94.42
2025-06-27 18:48:29.000,NASDAQ100 INDEX,1.5168826493880507,6.0074154067674765,OBJECTIF ATTEINT,6.016154551385907,2025-07-03 13:30:00.000,22437.61,22159.81
2025-06-30 09:14:33.000,EUR/GBP,1.3076923076923668,2.307692307692367,OBJECTIF ATTEINT,2.2230601090652167,2025-06-30 15:00:00.000,0.8559,0.8546
2025-06-30 16:48:57.000,NZD/USD,1.2269503546099276,1.8439716312056755,INVALIDÉE,-1.0,2025-07-15 15:00:00.000,0.6088,0.5947
2025-06-30 21:13:06.000,EUR/USD,1.250000000000108,4.416666666666888,OBJECTIF ATTEINT,4.36455065409368,2025-07-01 09:00:00.000,1.1781,1.1745
2025-07-02 18:22:13.000,GOLD - USD,1.5648648648648358,3.858108108108055,INVALIDÉE,-1.0,2025-07-03 13:30:00.000,3351.79,3336.99
2025-07-03 08:19:54.000,CHF/JPY,0.9999999999999212,4.111111111110927,OBJECTIF ATTEINT,4.386119588215969,2025-07-03 13:00:00.000,181.81,181.45
2025-07-03 16:19:38.000,NASDAQ100 INDEX,2.5815247982988527,6.902745637625895,INVALIDÉE,-1.0,2025-07-07 13:30:00.000,22881.39,22721.5
2025-07-03 16:19:55.000,AUD/JPY,1.3111111111111104,3.444444444444416,INVALIDÉE,-1.0,2025-07-04 03:00:00.000,95.34,94.89
2025-07-04 17:11:50.000,SILVER - EUR,3.0000000000000417,8.058823529411837,INVALIDÉE,-1.0,2025-07-07 04:00:00.000,31.36,31.19
2025-07-04 17:12:03.000,EUR/JPY,1.2857142857143553,6.828571428571582,OBJECTIF ATTEINT,6.822835867745666,2025-07-07 04:00:00.000,170.16,169.81
2025-07-07 14:22:35.000,DAX40 FULL0926,2.01607589932799,4.345763605218102,OBJECTIF ATTEINT,4.463193849650845,2025-07-09 07:00:00.000,24134.0,24058.11
2025-07-07 14:22:59.000,DAX40 PERF INDEX,1.1752437368875313,3.683203751696799,OBJECTIF ATTEINT,3.9208497238675815,2025-07-08 07:00:00.000,24025.13,23944.1
2025-07-08 02:13:15.000,AUD/JPY,1.1999999999999054,5.999999999999716,OBJECTIF ATTEINT,6.5466573079424375,2025-07-08 04:00:00.000,95.2,95.05
2025-07-11 05:14:19.000,SILVER - EUR,1.9374999999999905,5.124999999999975,OBJECTIF ATTEINT,5.52616404385688,2025-07-11 06:00:00.000,31.91,31.75
2025-07-11 08:18:57.000,USD/JPY,1.3225806451612696,4.451612903225759,OBJECTIF ATTEINT,5.9870892924646215,2025-07-11 13:00:00.000,146.77,146.46
2025-07-11 10:17:56.000,SILVER - USD,1.1521739130434632,3.4565217391304204,OBJECTIF ATTEINT,3.367394289763065,2025-07-11 11:00:00.000,37.59,37.13
2025-07-11 12:19:16.000,GOLD - USD,1.0269698572184147,4.666314119513533,OBJECTIF ATTEINT,4.958170280275025,2025-07-11 13:00:00.000,3346.35,3327.44
2025-07-11 15:57:05.000,SILVER - USD,1.683168316831689,4.1782178217821855,INVALIDÉE,-1.0,2025-07-30 18:00:00.000,38.14,37.13
2025-07-14 07:13:17.000,GOLD - AUD,1.0992998090387962,13.622533418204949,INVALIDÉE,-1.0,2025-07-14 13:00:00.000,5134.17,5118.46
2025-07-15 16:18:42.000,NASDAQ100 INDEX,1.0213037144938104,2.602421704297143,INVALIDÉE,-1.0,2025-07-16 13:30:00.000,22976.81,22866.97
2025-07-16 03:13:10.000,DAX40 FULL0926,2.209530201342289,6.174496644295302,INVALIDÉE,-1.0,2025-07-17 07:00:00.000,24113.0,24262.0
2025-07-16 14:23:48.000,GOLD - CHF,1.092610837438477,10.38522167487725,OBJECTIF ATTEINT,10.352983396631044,2025-07-16 15:00:00.000,2679.93,2669.78
2025-07-16 14:24:16.000,GOLD - USD,1.7334732423924892,3.1678908709339835,INVALIDÉE,-1.0,2025-07-16 15:00:00.000,3326.71,3336.24
2025-07-17 19:22:36.000,EUR/GBP,1.1111111111110974,1.833333333333292,INVALIDÉE,-1.0,2025-07-18 08:00:00.000,0.8642,0.866
2025-07-18 19:23:06.000,USD/JPY,1.1891891891891684,3.837837837837757,INVALIDÉE,-1.0,2025-07-20 23:00:00.000,148.75,148.38
2025-07-21 08:26:07.000,GOLD - USD,1.0030959752322188,7.131062951496339,OBJECTIF ATTEINT,7.833952528379735,2025-07-21 10:00:00.000,3365.12,3355.43
2025-07-22 02:15:47.000,EUR/GBP,1.083333333333418,2.2500000000000693,OBJECTIF ATTEINT,2.4416555404663685,2025-07-22 15:00:00.000,0.8672,0.866
2025-07-23 04:18:04.000,NZD/USD,1.000000000000074,2.1333333333334714,OBJECTIF ATTEINT,2.260770734151326,2025-07-23 07:00:00.000,0.6012,0.5997
2025-07-24 02:15:06.000,CHF/JPY,1.0476190476190026,2.333333333333288,INVALIDÉE,-1.0,2025-07-24 07:00:00.000,184.37,184.58
2025-07-27 23:14:15.000,EUR/CHF,0.9999999999999146,5.846153846153445,INVALIDÉE,-1.0,2025-07-28 06:00:00.000,0.9351,0.9338
2025-07-30 08:24:58.000,EUR/CHF,1.2142857142857766,3.714285714285816,INVALIDÉE,-1.0,2025-07-30 13:00:00.000,0.9294,0.9308
2025-07-31 04:15:07.000,GOLD - EUR,1.4452296819787889,2.4204946996466163,OBJECTIF ATTEINT,3.88719343518141,2025-07-31 05:00:00.000,2883.42,2872.1
2025-07-31 08:27:44.000,DAX40 PERF INDEX,1.2639611926172003,2.7330809275912062,INVALIDÉE,-1.0,2025-07-31 09:00:00.000,24408.1,24323.58
2025-08-01 10:18:58.000,GOLD - AUD,1.9429086538461644,2.885216346153854,OBJECTIF ATTEINT,3.840512129255505,2025-08-01 11:00:00.000,5128.38,5095.1
2025-08-01 11:19:48.000,S&P500 - MINI S&P500 FULL0926,2.680416666666664,6.65625,OBJECTIF ATTEINT,2.680416666666664,2025-08-01 13:30:00.000,6304.25,6328.25
2025-08-04 09:19:37.000,GOLD - CHF,1.3855005753739802,10.639815880322146,OBJECTIF ATTEINT,10.624987906747029,2025-08-04 10:00:00.000,2716.38,2707.69
2025-08-11 22:16:59.000,GBP/JPY,1.0576923076923088,4.480769230769167,OBJECTIF ATTEINT,4.694223491962061,2025-08-12 07:00:00.000,199.0,198.48
2025-08-17 20:10:34.000,EUR/USD,1.0,5.687499999999905,INVALIDÉE,-1.0,2025-08-18 01:00:00.000,1.1714,1.1698
2025-08-20 04:16:11.000,GOLD - AUD,1.4990933816862697,2.932910244786884,OBJECTIF ATTEINT,3.462912585830423,2025-08-20 05:00:00.000,5155.97,5133.91
2025-08-25 04:15:07.000,EUR/JPY,1.263157894736905,3.0000000000001497,INVALIDÉE,-1.0,2025-08-25 09:00:00.000,172.45,172.26
2025-08-26 06:15:57.000,GOLD - AUD,1.563392857142902,12.07410714285738,INVALIDÉE,-1.0,2025-08-26 14:53:53.000,5212.95,5201.75
2025-08-26 06:16:04.000,SILVER - USD,1.0833333333333162,1.9999999999999705,INVALIDÉE,-1.0,2025-08-26 07:00:00.000,38.81,38.57
2025-08-27 22:19:50.000,USD/CHF,1.266666666666721,7.533333333333664,OBJECTIF ATTEINT,7.913337135315269,2025-08-28 10:00:00.000,0.802,0.8035
2025-08-28 13:20:09.000,NASDAQ100 - MINI NASDAQ100 FULL0926,1.1770491803278689,3.114754098360656,OBJECTIF ATTEINT,4.000025614754098,2025-09-05 13:30:00.000,23644.25,23568.0
2025-09-01 00:15:27.000,CHF/JPY,1.2499999999998934,9.399999999999176,OBJECTIF ATTEINT,9.495013427733497,2025-09-01 08:00:00.000,183.84,183.64
2025-09-02 06:16:29.000,GOLD - USD,1.2235487855084104,3.9600658707286094,OBJECTIF ATTEINT,4.149485384931988,2025-09-02 07:00:00.000,3490.78,3466.49
2025-09-03 20:20:24.000,SILVER - USD,2.972972972972997,9.21621621621629,INVALIDÉE,-1.0,2025-09-04 04:58:20.000,41.23,40.86
2025-09-04 08:20:33.000,USD/CAD,1.033333333333405,1.500000000000037,OBJECTIF ATTEINT,1.4033391952515355,2025-09-04 15:00:00.000,1.3813,1.3783
2025-09-08 23:13:28.000,GBP/USD,1.2727272727273462,8.000000000000101,INVALIDÉE,-1.0,2025-09-09 15:00:00.000,1.3553,1.3531
2025-09-10 08:15:06.000,DAX40 FULL0926,2.048291352478657,3.866516926038717,INVALIDÉE,-1.0,2025-09-10 09:00:00.000,23885.0,23822.67
2025-09-11 17:19:25.000,SILVER - EUR,1.0,3.960000000000008,OBJECTIF ATTEINT,4.57423527183397,2025-09-11 18:00:00.000,35.48,35.23
2025-09-12 16:10:18.000,SILVER - USD,2.194690265486738,5.424778761061971,OBJECTIF ATTEINT,5.355752887557063,2025-09-23 11:00:00.000,42.16,41.03
2025-09-12 19:26:13.000,NASDAQ100 - MINI NASDAQ100 FULL0926,2.9184453647659216,8.353721992142008,OBJECTIF ATTEINT,8.404503988796998,2025-09-18 13:30:00.000,24139.0,24044.83
2025-09-15 17:16:54.000,CHF/JPY,1.3181818181817888,3.6363636363635776,OBJECTIF ATTEINT,3.586351429332413,2025-09-16 09:00:00.000,185.43,185.21
2025-09-15 19:02:26.000,NASDAQ100 INDEX,1.061279756531603,2.8124468057669056,OBJECTIF ATTEINT,2.8739493332989445,2025-09-22 13:30:00.000,24236.77,23849.04
2025-09-16 10:19:09.000,NZD/USD,1.0,7.600000000000044,OBJECTIF ATTEINT,8.080323123931914,2025-09-16 11:00:00.000,0.597,0.596
2025-09-18 07:15:06.000,GOLD - CHF,1.0651558073654448,3.4036827195467323,INVALIDÉE,-1.0,2025-09-18 08:00:00.000,2878.6,2885.66
2025-09-23 13:18:28.000,SILVER - EUR,1.3333333333333333,5.272727272727306,INVALIDÉE,-1.0,2025-09-24 02:00:00.000,37.61,37.28
2025-09-24 02:12:00.000,USD/CAD,1.2941176470587852,7.764705882352711,OBJECTIF ATTEINT,7.670608901977323,2025-09-24 08:00:00.000,1.3842,1.3825
2025-09-26 19:17:24.000,EUR/JPY,1.0,2.999999999999934,INVALIDÉE,-1.0,2025-09-29 05:00:00.000,174.93,174.5
2025-09-30 13:16:22.000,DAX40 FULL0926,1.160570001469081,13.500807991773232,OBJECTIF ATTEINT,13.437678355002252,2025-10-01 10:00:00.000,23929.0,23860.93
2025-10-01 11:15:24.000,AUD/USD,1.0,5.357142857143066,OBJECTIF ATTEINT,6.022773783547711,2025-10-01 12:00:00.000,0.6614,0.66
2025-10-01 11:15:25.000,DAX40 FULL0926,2.23728813559322,6.11864406779661,OBJECTIF ATTEINT,6.039913268008481,2025-10-02 08:00:00.000,24126.0,24008.0
2025-10-01 23:49:31.000,GOLD - EUR,1.0862645093211434,2.1646148434752046,OBJECTIF ATTEINT,2.378773344060089,2025-10-07 09:00:00.000,3291.0,3177.28
2025-10-02 10:18:34.000,SILVER - USD,1.5000000000000138,3.2692307692308,INVALIDÉE,-1.0,2025-10-02 14:00:00.000,47.44,47.18
2025-10-06 05:11:22.000,NZD/USD,1.33333333333358,4.777777777778395,INVALIDÉE,-1.0,2025-10-06 08:00:00.000,0.5831,0.5822
2025-10-07 11:14:50.000,S&P500 - MINI S&P500 FULL0926,1.5714285714285714,4.2727272727272725,INVALIDÉE,-1.0,2025-10-07 13:30:00.000,6785.75,6766.5
2025-10-08 12:20:19.000,SILVER - EUR,1.3125000000000042,5.562499999999998,OBJECTIF ATTEINT,5.615498876201647,2025-10-09 12:00:00.000,42.14,41.82
2025-10-08 13:18:24.000,GBP/CHF,1.2499999999999538,3.1666666666664507,INVALIDÉE,-1.0,2025-10-08 16:00:00.000,1.0742,1.073
2025-10-09 02:13:48.000,SILVER - EUR,1.578947368421094,4.263157894736905,OBJECTIF ATTEINT,5.636257253559381,2025-10-09 12:00:00.000,41.9,41.71
2025-10-10 03:14:21.000,NASDAQ100 - MINI NASDAQ100 FULL0926,1.2169757079200982,3.425830099180683,INVALIDÉE,-1.0,2025-10-10 13:30:00.000,25334.5,25195.36
2025-10-13 08:18:30.000,GOLD - EUR,1.5421874999999965,7.518749999999912,OBJECTIF ATTEINT,7.898537833514462,2025-10-13 09:00:00.000,3512.27,3499.47
2025-10-13 12:16:58.000,SILVER - EUR,2.166666666666673,11.00000000000004,OBJECTIF ATTEINT,12.706669145435828,2025-10-14 03:00:00.000,44.48,44.3
2025-10-13 19:16:23.000,SILVER - EUR,1.7692307692307698,4.55128205128205,INVALIDÉE,-1.0,2025-10-13 20:00:00.000,45.08,44.3
2025-10-16 23:14:19.000,EUR/CHF,1.0526315789473624,3.1052631578947247,OBJECTIF ATTEINT,3.094748326351718,2025-10-17 06:00:00.000,0.9267,0.9286
2025-10-17 08:19:45.000,DAX40 PERF INDEX,1.296466620679101,3.018854909174544,INVALIDÉE,-1.0,2025-10-20 07:00:00.000,23762.97,24023.91
2025-10-20 02:15:32.000,USD/CAD,1.153846153846226,1.7307692307692537,INVALIDÉE,-1.0,2025-10-20 09:00:00.000,1.4008,1.4034
2025-10-21 13:16:19.000,EUR/GBP,1.099999999999989,6.400000000000067,INVALIDÉE,-1.0,2025-10-22 06:00:00.000,0.8677,0.8687
2025-10-23 00:14:08.000,USD/JPY,1.1463414634147102,2.170731707317127,OBJECTIF ATTEINT,2.085354837557223,2025-10-23 06:00:00.000,152.14,151.73
2025-10-23 02:48:12.000,USD/JPY,1.212121212121216,3.9437229437229457,OBJECTIF ATTEINT,3.886148718631632,2025-11-17 15:00:00.000,152.48,150.17
2025-10-24 03:47:21.000,AUD/JPY,1.0727272727272843,2.600000000000013,OBJECTIF ATTEINT,2.696364801580274,2025-10-29 05:00:00.000,99.38,98.28
2025-11-03 01:47:30.000,S&P500 - MINI S&P500 FULL0926,1.5365775401069526,3.2949732620320846,INVALIDÉE,-1.0,2025-11-04 14:30:00.000,6894.75,6801.25
2025-11-04 23:14:13.000,SILVER - AUD,1.2656250000000024,3.374999999999992,INVALIDÉE,-1.0,2025-11-05 04:00:00.000,72.55,73.19
2025-11-07 05:16:16.000,SILVER - CHF,1.2142857142857215,3.214285714285671,INVALIDÉE,-1.0,2025-11-07 06:00:00.000,39.17,39.03
2025-11-07 05:16:27.000,SILVER - USD,1.318181818181821,3.86363636363639,OBJECTIF ATTEINT,4.059087441184341,2025-11-10 01:00:00.000,48.51,48.29
2025-11-07 10:17:23.000,SILVER - CAD,1.5238095238096043,17.28571428571478,INVALIDÉE,-1.0,2025-11-07 11:00:00.000,68.83,68.62
2025-11-10 08:13:19.000,GOLD - EUR,1.8656660412758008,8.207879924953076,OBJECTIF ATTEINT,8.410530763060303,2025-11-11 00:00:00.000,3526.12,3499.47
2025-11-10 08:13:20.000,GOLD - GBP,1.5066781559672642,6.562688496337782,OBJECTIF ATTEINT,7.246661964060126,2025-11-11 00:00:00.000,3100.83,3077.62
2025-11-10 08:13:26.000,GOLD - CAD,1.8911495422176765,8.458799593082308,OBJECTIF ATTEINT,8.5754722307388,2025-11-11 01:00:00.000,5716.59,5667.44
2025-11-10 18:16:00.000,EUR/GBP,1.099999999999989,8.700000000000033,INVALIDÉE,-1.0,2025-11-11 05:00:00.000,0.877,0.878
2025-11-11 12:53:23.000,SILVER - USD,1.6644736842105314,2.08552631578948,OBJECTIF ATTEINT,2.067763760215364,2025-11-13 03:00:00.000,51.12,49.6
2025-11-11 16:20:15.000,AUD/USD,1.099999999999989,3.3999999999999555,OBJECTIF ATTEINT,3.4694643020629603,2025-11-12 07:00:00.000,0.6529,0.6519
2025-11-11 19:18:17.000,GBP/JPY,1.0952380952382883,3.3333333333337394,INVALIDÉE,-1.0,2025-11-11 21:00:00.000,203.01,202.8
2025-11-12 00:45:53.000,SILVER - AUD,1.5568627450980406,2.007843137254906,OBJECTIF ATTEINT,3.848312245140458,2025-11-13 03:00:00.000,78.64,76.09
2025-11-12 00:45:54.000,SILVER - CAD,1.0060240963855454,1.3012048192771133,OBJECTIF ATTEINT,2.711413266065545,2025-11-13 03:00:00.000,71.94,68.62
2025-11-12 15:22:21.000,SILVER - AUD,1.4550898203592757,2.143712574850296,OBJECTIF ATTEINT,5.006704326412057,2025-11-13 03:00:00.000,80.18,78.51
2025-11-12 15:22:22.000,SILVER - CAD,1.130434782608701,1.7391304347826164,OBJECTIF ATTEINT,3.9713373842742974,2025-11-13 03:00:00.000,73.46,71.85
2025-11-12 21:17:35.000,GOLD - NZD,1.1541813654285196,4.639551774227055,OBJECTIF ATTEINT,6.033973365499204,2025-11-13 04:00:00.000,7401.11,7352.92
2025-11-12 23:12:55.000,EUR/USD,1.1333333333333135,9.599999999999616,OBJECTIF ATTEINT,9.68968505859332,2025-11-13 07:00:00.000,1.1593,1.1578
2025-11-13 04:13:07.000,GOLD - EUR,2.011025587684621,2.234241730809231,INVALIDÉE,-1.0,2025-11-13 18:00:00.000,3637.46,3589.39
2025-11-14 05:13:27.000,GOLD - GBP,1.203206806282724,2.0759162303664978,INVALIDÉE,-1.0,2025-11-14 11:00:00.000,3189.71,3159.15
2025-11-14 07:57:25.000,EUR/GBP,1.261363636363632,1.7727272727272607,INVALIDÉE,-1.0,2025-11-26 13:00:00.000,0.8847,0.8759
2025-11-16 23:54:02.000,SILVER - USD,2.214285714285717,2.7222222222222263,OBJECTIF ATTEINT,3.923809766012533,2025-11-26 18:00:00.000,50.86,49.6
2025-11-17 04:45:30.000,SILVER - AUD,2.41361256544503,3.0157068062827306,OBJECTIF ATTEINT,5.506385458171817,2025-11-28 18:00:00.000,78.0,76.09
2025-11-17 10:17:16.000,USD/JPY,1.2000000000000457,8.559999999999945,OBJECTIF ATTEINT,9.059973144531227,2025-11-17 15:00:00.000,154.75,154.5
2025-11-18 03:14:41.000,GOLD - CAD,1.8695652173912285,7.906832298136479,INVALIDÉE,-1.0,2025-11-18 05:00:00.000,5638.49,5654.59
2025-11-18 07:14:10.000,S&P500 - MINI S&P500 FULL0926,1.632,8.136,INVALIDÉE,-1.0,2025-11-19 14:30:00.000,6639.25,6670.5
2025-11-18 07:14:11.000,NASDAQ100 - MINI NASDAQ100 FULL0926,2.630813953488372,7.487441860465096,INVALIDÉE,-1.0,2025-11-18 14:30:00.000,24623.25,24709.25
2025-11-19 05:58:12.000,SILVER - CAD,1.426160337552738,1.83966244725738,OBJECTIF ATTEINT,3.323988687207425,2025-11-26 18:00:00.000,71.9,69.53
2025-11-19 21:50:57.000,AUD/JPY,1.0000000000000195,4.369863013698708,INVALIDÉE,-1.0,2025-11-21 07:00:00.000,101.85,101.12
2025-11-20 17:17:21.000,AUD/USD,1.1999999999999778,2.099999999999989,OBJECTIF ATTEINT,1.1999999999999778,2025-11-21 01:46:22.000,0.6445,0.6465
2025-11-23 21:09:12.000,USD/CHF,1.2222222222221948,13.111111111110974,INVALIDÉE,-1.0,2025-11-24 08:00:00.000,0.8087,0.8078
2025-11-24 19:18:38.000,GOLD - CHF,1.6306042884990648,4.675438596491361,OBJECTIF ATTEINT,5.117680369717707,2025-11-24 21:00:00.000,3327.35,3317.09
2025-11-25 03:13:51.000,GOLD - CHF,2.0512315270935937,10.202955665024534,INVALIDÉE,-1.0,2025-11-25 07:00:00.000,3354.23,3344.08
2025-11-26 20:59:38.000,GBP/JPY,1.0452674897119396,2.810699588477364,OBJECTIF ATTEINT,2.8716050889756795,2025-12-19 08:00:00.000,207.07,204.64
2025-11-27 07:16:39.000,GBP/CHF,1.2666666666664792,3.1999999999998225,OBJECTIF ATTEINT,3.753346125284557,2025-12-03 16:00:00.000,1.0656,1.0641
2025-11-27 22:00:00.000,SILVER - GBP,1.04560260586319,2.035830618892508,OBJECTIF ATTEINT,1.9433192164602249,2025-12-01 00:00:00.000,40.34,37.27
2025-11-27 22:00:01.000,SILVER - CHF,2.8923076923077025,5.415384615384632,OBJECTIF ATTEINT,5.666659609654737,2025-11-28 18:00:00.000,42.98,42.33
2025-11-28 01:14:29.000,AUD/JPY,1.190476190476226,6.238095238095434,INVALIDÉE,-1.0,2025-11-28 02:00:00.000,102.24,102.03
2025-11-28 01:57:24.000,SILVER - CAD,1.0271565495207648,1.945686900958464,OBJECTIF ATTEINT,1.8860936677278,2025-12-01 16:00:00.000,75.79,69.53
2025-11-28 14:18:11.000,GOLD - GBP,2.490356516656915,4.868497954412598,OBJECTIF ATTEINT,5.831971021965794,2025-11-28 18:00:00.000,3169.85,3152.74
2025-11-28 14:18:14.000,SILVER - NZD,1.3617021276595789,7.148936170212782,OBJECTIF ATTEINT,9.26619372787466,2025-11-28 18:00:00.000,95.28,94.81
2025-12-03 14:02:25.000,SILVER - NZD,1.3950617283950522,7.925925925925888,INVALIDÉE,-1.0,2025-12-03 16:00:00.000,102.54,101.73
2025-12-04 18:18:04.000,AUD/USD,1.2352941176471088,4.352941176470827,OBJECTIF ATTEINT,4.7658137040982105,2025-12-05 12:00:00.000,0.6617,0.66
2025-12-09 12:18:07.000,USD/JPY,1.1071428571428608,7.071428571428506,OBJECTIF ATTEINT,7.103580583844831,2025-12-09 15:00:00.000,156.27,155.99
2025-12-09 18:01:53.000,SILVER - EUR,1.550724637681157,5.3478260869565135,OBJECTIF ATTEINT,5.318751474433087,2025-12-11 01:00:00.000,51.82,50.44
2025-12-09 18:01:54.000,SILVER - GBP,2.021276595744692,6.776595744680872,OBJECTIF ATTEINT,6.700780663893672,2025-12-11 01:00:00.000,45.3,44.36
2025-12-09 18:01:55.000,SILVER - CHF,1.2080536912751645,1.3489932885906009,OBJECTIF ATTEINT,1.465144722664563,2025-12-11 01:00:00.000,48.57,47.08
2025-12-09 18:01:58.000,SILVER - CAD,1.8552631578947367,2.743421052631587,OBJECTIF ATTEINT,3.0400962894579324,2025-12-11 00:00:00.000,83.45,81.93
2025-12-09 18:01:59.000,SILVER - NZD,2.3009708737864027,7.344660194174747,OBJECTIF ATTEINT,7.56854087834376,2025-12-11 15:00:00.000,104.22,102.16
2025-12-10 06:46:02.000,SILVER - AUD,1.7719298245614106,7.198830409356753,OBJECTIF ATTEINT,7.255741842427078,2025-12-11 15:00:00.000,92.57,90.86
2025-12-10 20:19:15.000,DAX40 FULL0926,1.05,7.2,INVALIDÉE,-1.0,2025-12-11 08:00:00.000,24200.0,24110.0
2025-12-11 17:17:40.000,GOLD - GBP,1.085494043447779,2.4730203223545906,OBJECTIF ATTEINT,5.323961966825337,2025-12-11 18:00:00.000,3186.55,3172.28
2025-12-11 17:17:42.000,GOLD - NZD,1.2518950437317866,2.425072886297372,OBJECTIF ATTEINT,5.099424758228788,2025-12-11 18:00:00.000,7349.24,7314.94
2025-12-11 22:14:28.000,GOLD - EUR,1.3241176470588096,5.814705882352936,OBJECTIF ATTEINT,6.189155578562215,2025-12-11 23:00:00.000,3646.01,3629.01
2025-12-14 23:14:51.000,EUR/USD,1.0,5.5000000000001386,OBJECTIF ATTEINT,5.452275419235342,2025-12-15 13:00:00.000,1.1739,1.1715
2025-12-15 09:17:28.000,GOLD - CHF,1.3679685580938346,2.8368951117661427,INVALIDÉE,-1.0,2025-12-16 05:00:00.000,3463.38,3422.67
2025-12-15 10:54:30.000,SILVER - CAD,1.3318872017353582,1.813449023861172,OBJECTIF ATTEINT,1.753290140373795,2025-12-22 01:00:00.000,87.85,83.24
2025-12-15 10:54:32.000,SILVER - NZD,1.1048632218844985,1.3829787234042548,OBJECTIF ATTEINT,1.448352207043511,2025-12-22 00:00:00.000,110.25,103.67
2025-12-15 20:17:04.000,EUR/GBP,1.2857142857143424,5.071428571428804,INVALIDÉE,-1.0,2025-12-16 09:00:00.000,0.8785,0.8771
2025-12-17 01:57:46.000,SILVER - EUR,1.2299465240641752,1.80213903743316,OBJECTIF ATTEINT,1.7544796977099897,2025-12-22 01:00:00.000,55.83,53.96
2025-12-17 01:57:47.000,SILVER - GBP,1.3878787878787886,1.7090909090909108,OBJECTIF ATTEINT,1.62286898427881,2025-12-22 01:00:00.000,48.85,47.2
2025-12-17 01:57:48.000,SILVER - CHF,1.128491620111734,1.765363128491623,OBJECTIF ATTEINT,1.714758219529007,2025-12-22 01:00:00.000,52.16,50.37
2025-12-17 01:57:50.000,SILVER - AUD,1.074404761904762,1.7619047619047628,OBJECTIF ATTEINT,1.741761473378051,2025-12-22 00:00:00.000,98.96,95.6
2025-12-21 23:16:27.000,SILVER - EUR,1.7710843373493848,3.903614457831294,OBJECTIF ATTEINT,3.893951197458433,2025-12-22 02:00:00.000,57.56,56.73
2025-12-21 23:16:29.000,SILVER - GBP,2.886363636363642,6.36363636363639,OBJECTIF ATTEINT,6.265364286669482,2025-12-22 02:00:00.000,50.39,49.95
2025-12-21 23:16:31.000,GOLD - CHF,1.173152601661568,2.42326191517273,OBJECTIF ATTEINT,2.488507083289025,2025-12-22 00:00:00.000,3456.38,3433.51
2025-12-21 23:16:32.000,SILVER - CHF,1.984848484848477,4.409090909090879,OBJECTIF ATTEINT,4.40924194670284,2025-12-22 02:00:00.000,53.64,52.98
2025-12-21 23:16:34.000,SILVER - NZD,1.5102040816326534,2.1360544217687094,OBJECTIF ATTEINT,2.1504472941131314,2025-12-22 02:00:00.000,117.13,115.66
2025-12-22 01:14:14.000,SILVER - AUD,1.5970149253731307,4.0074626865671465,OBJECTIF ATTEINT,4.249545829678043,2025-12-22 03:00:00.000,102.54,101.2
2025-12-22 01:14:15.000,SILVER - CAD,1.1418918918918872,3.0405405405405324,OBJECTIF ATTEINT,3.0465128397387486,2025-12-22 02:00:00.000,93.67,92.19
2025-12-22 05:13:43.000,SILVER - CHF,1.642857142857114,10.428571428571342,INVALIDÉE,-1.0,2025-12-22 06:00:00.000,55.09,54.95
2025-12-22 07:54:07.000,GOLD - GBP,1.7579258463192005,5.232401934443876,INVALIDÉE,-1.0,2025-12-29 14:00:00.000,3290.37,3253.15
2025-12-23 08:15:49.000,EUR/USD,1.0499999999999945,4.400000000000067,OBJECTIF ATTEINT,4.362730503082331,2025-12-23 12:00:00.000,1.1783,1.1763
2025-12-30 09:23:35.000,GBP/CHF,1.2222222222219208,7.111111111110096,INVALIDÉE,-1.0,2025-12-30 10:00:00.000,1.0664,1.0655
2026-01-02 08:13:26.000,USD/JPY,1.173913043478089,2.652173913043204,INVALIDÉE,-1.0,2026-01-02 15:00:00.000,156.96,156.73
2026-01-05 03:14:14.000,USD/CHF,1.1428571428570409,6.142857142856803,INVALIDÉE,-1.0,2026-01-05 16:00:00.000,0.7939,0.7925
2026-01-05 14:16:24.000,SILVER - CHF,2.1315789473684235,4.539473684210542,OBJECTIF ATTEINT,4.516621736610983,2026-01-06 04:00:00.000,60.89,60.13
2026-01-05 14:16:25.000,SILVER - CAD,1.9632352941176487,4.330882352941178,OBJECTIF ATTEINT,4.350559009572884,2026-01-06 03:00:00.000,105.58,104.22
2026-01-06 05:12:27.000,SILVER - EUR,1.1868131868131802,2.461538461538446,OBJECTIF ATTEINT,2.5115485509169257,2026-01-06 17:00:00.000,67.12,65.3
2026-01-06 07:13:06.000,SILVER - CHF,1.0597826086956517,2.2554347826086945,OBJECTIF ATTEINT,2.3752462447985327,2026-01-06 16:00:00.000,62.39,60.55
2026-01-07 04:12:14.000,AUD/USD,1.074074074074109,2.703703703703769,INVALIDÉE,-1.0,2026-01-07 08:00:00.000,0.6766,0.6739
2026-01-07 04:12:33.000,AUD/JPY,1.2121212121211404,4.666666666666465,INVALIDÉE,-1.0,2026-01-07 05:00:00.000,105.93,105.6
2026-01-07 04:45:30.000,GOLD - NZD,1.006408202499203,4.139592011107548,OBJECTIF ATTEINT,4.173224093093353,2026-01-09 07:00:00.000,7718.32,7624.69
2026-01-08 00:50:23.000,GOLD - CAD,1.3276557832398752,2.376762224202093,OBJECTIF ATTEINT,2.739878908182542,2026-01-12 13:00:00.000,6165.11,5974.3
2026-01-09 06:48:20.000,GOLD - CHF,1.0198560436832969,1.9260362372797253,OBJECTIF ATTEINT,1.9788093286027029,2026-01-13 14:00:00.000,3578.66,3457.79
2026-01-09 10:54:28.000,GOLD - EUR,1.6431839948919889,3.0029796743641706,OBJECTIF ATTEINT,3.001102289686798,2026-01-14 19:00:00.000,3838.83,3744.86
2026-01-09 20:18:24.000,GOLD - NZD,1.3314067879980165,3.400147565174593,OBJECTIF ATTEINT,3.3497935570725774,2026-01-12 00:00:00.000,7865.14,7783.82
2026-01-12 06:49:33.000,GOLD - GBP,1.5444143956729912,3.774703557312282,OBJECTIF ATTEINT,4.00910437617637,2026-01-19 04:00:00.000,3404.85,3356.78
2026-01-12 06:49:36.000,GOLD - AUD,1.908376685423089,4.353859220724089,OBJECTIF ATTEINT,4.270877097768008,2026-01-20 08:00:00.000,6829.61,6735.42
2026-01-13 14:57:49.000,SILVER - EUR,1.2360742705570296,1.984084880636608,OBJECTIF ATTEINT,2.0582607668336053,2026-01-20 05:00:00.000,76.06,72.29
2026-01-13 14:57:50.000,SILVER - GBP,1.2787456445993015,2.4285714285714244,OBJECTIF ATTEINT,2.470867493329064,2026-01-14 20:00:00.000,65.92,63.05
2026-01-13 14:57:52.000,SILVER - CHF,1.2065217391304366,1.820652173913048,OBJECTIF ATTEINT,1.888145606630324,2026-01-20 08:00:00.000,70.86,67.18
2026-01-13 14:57:53.000,SILVER - AUD,1.1934306569343125,2.5529197080292034,OBJECTIF ATTEINT,2.557414191234982,2026-01-14 19:00:00.000,132.42,126.94
2026-01-13 14:57:54.000,SILVER - CAD,1.150364963503652,1.6043795620437962,OBJECTIF ATTEINT,1.854789889650272,2026-01-20 08:00:00.000,123.11,116.26
2026-01-13 14:57:56.000,SILVER - NZD,1.220338983050843,2.135593220338976,OBJECTIF ATTEINT,2.294688021437848,2026-01-14 23:00:00.000,154.05,146.97
2026-01-19 17:14:35.000,SILVER - GBP,1.633802816901418,7.408450704225425,INVALIDÉE,-1.0,2026-01-20 06:00:00.000,70.3,69.59
2026-01-19 17:14:36.000,SILVER - CHF,2.6000000000000285,10.033333333333422,INVALIDÉE,-1.0,2026-01-20 06:00:00.000,75.28,74.68
2026-01-19 17:14:39.000,SILVER - AUD,1.5888888888888706,3.23888888888886,INVALIDÉE,-1.0,2026-01-20 06:00:00.000,140.58,138.78
2026-01-19 17:14:40.000,SILVER - CAD,1.396341463414641,6.134146341463467,INVALIDÉE,-1.0,2026-01-20 06:00:00.000,130.88,129.24
2026-01-20 08:15:06.000,GOLD - CHF,1.7433707865168524,4.470112359550564,OBJECTIF ATTEINT,4.9437515359188815,2026-01-21 00:00:00.000,3744.5,3722.25
2026-01-20 11:17:51.000,SILVER - CHF,3.0,11.919999999999987,INVALIDÉE,-1.0,2026-01-20 13:00:00.000,75.34,74.84
2026-01-20 20:17:58.000,AUD/JPY,1.0625000000000333,6.562500000000123,OBJECTIF ATTEINT,6.831228637695354,2026-01-21 06:00:00.000,106.55,106.39
2026-01-21 00:50:36.000,CHF/JPY,1.3277777777777986,3.472222222222255,OBJECTIF ATTEINT,1.3277777777777986,2026-02-06 16:00:00.000,200.14,198.34
2026-01-21 13:22:30.000,EUR/GBP,0.9999999999999208,6.999999999999604,INVALIDÉE,-1.0,2026-01-21 14:00:00.000,0.8745,0.8731
2026-01-21 13:23:05.000,NZD/USD,1.2727272727271168,4.545454545454032,INVALIDÉE,-1.0,2026-01-21 15:00:00.000,0.5862,0.5851
2026-01-23 04:14:24.000,SILVER - EUR,1.765027322404375,5.530054644808751,OBJECTIF ATTEINT,5.552862400546712,2026-01-23 21:00:00.000,84.07,82.24
2026-01-23 04:14:25.000,SILVER - GBP,1.4874999999999892,5.16874999999997,OBJECTIF ATTEINT,5.36794864149085,2026-01-23 21:00:00.000,73.18,71.58
2026-01-23 04:14:26.000,SILVER - CHF,2.6859504132231544,7.975206611570294,OBJECTIF ATTEINT,8.796839924537863,2026-01-26 00:00:00.000,78.05,76.84
2026-01-23 04:14:28.000,SILVER - CAD,1.580000000000003,5.236666666666669,OBJECTIF ATTEINT,5.150508530856324,2026-01-23 20:00:00.000,136.2,133.2
2026-01-23 17:07:34.000,SILVER - GBP,1.2627118644067952,6.2542372881356405,OBJECTIF ATTEINT,6.559930361343618,2026-01-23 21:00:00.000,74.07,72.89
2026-01-23 17:07:35.000,SILVER - CHF,1.137142857142854,4.7942857142857145,OBJECTIF ATTEINT,5.3315293192518585,2026-01-26 00:00:00.000,79.31,77.56
2026-01-23 19:18:46.000,NASDAQ100 - MINI NASDAQ100 FULL0926,1.9549058473736087,2.963330029732365,INVALIDÉE,-1.0,2026-01-23 19:30:00.000,25755.5,25654.6
2026-01-25 23:58:54.000,SILVER - GBP,1.1381909547738684,1.6080402010050214,OBJECTIF ATTEINT,2.0845126025892062,2026-01-26 15:00:00.000,76.87,72.89
2026-01-25 23:58:55.000,SILVER - CHF,1.1542168674698834,1.6530120481927744,OBJECTIF ATTEINT,2.15100265051946,2026-01-26 14:00:00.000,81.71,77.56
2026-01-25 23:58:58.000,SILVER - AUD,1.602189781021901,2.7864963503649705,OBJECTIF ATTEINT,3.0059031465143,2026-01-26 15:00:00.000,151.89,146.41
2026-01-25 23:58:59.000,SILVER - NZD,1.5043227665705992,2.530259365994223,OBJECTIF ATTEINT,2.685883994994973,2026-01-26 15:00:00.000,176.11,169.17
2026-01-26 06:12:50.000,GOLD - CHF,1.553352219074615,5.831444759206833,INVALIDÉE,-1.0,2026-01-26 14:00:00.000,3946.21,3925.03
2026-01-26 06:12:51.000,GOLD - AUD,1.5331385154880406,4.021507890122769,INVALIDÉE,-1.0,2026-01-26 19:00:00.000,7341.86,7256.31
2026-01-26 06:12:53.000,GOLD - NZD,1.3238153098420544,3.513539316090976,INVALIDÉE,-1.0,2026-01-26 19:00:00.000,8519.26,8404.04
2026-01-26 18:17:35.000,NZD/USD,1.2500000000000278,2.700000000000033,INVALIDÉE,-1.0,2026-01-26 22:00:00.000,0.5992,0.5972
2026-01-27 04:50:45.000,USD/CHF,1.2394366197183149,2.0985915492957794,OBJECTIF ATTEINT,1.2394366197183149,2026-01-27 20:00:00.000,0.778,0.7922
2026-01-27 08:14:30.000,DAX40 FULL0926,1.0731707317073171,3.1219512195121952,INVALIDÉE,-1.0,2026-01-27 09:00:00.000,25098.0,25016.0
2026-01-27 11:17:55.000,SILVER - AUD,2.212871287128701,3.5049504950494934,INVALIDÉE,-1.0,2026-01-27 12:00:00.000,162.69,160.67
2026-01-27 18:19:52.000,NZD/USD,1.333333333333287,3.624999999999867,OBJECTIF ATTEINT,1.333333333333287,2026-01-27 20:00:00.000,0.6014,0.599
2026-01-27 20:18:58.000,GOLD - CAD,2.1670761670761487,6.639475839475807,OBJECTIF ATTEINT,10.422977182587363,2026-01-28 03:00:00.000,6990.27,6929.22
2026-01-27 23:14:26.000,GOLD - GBP,2.027400703871308,5.512066365007576,OBJECTIF ATTEINT,8.196914707712535,2026-01-28 07:00:00.000,3738.35,3698.57
2026-01-27 23:14:28.000,GOLD - AUD,1.1003198976327715,3.824312220089588,OBJECTIF ATTEINT,4.069352289546861,2026-01-28 02:00:00.000,7387.03,7308.88
2026-01-28 00:14:41.000,GOLD - USD,1.1795469686875375,5.271985343104596,OBJECTIF ATTEINT,7.589870164681879,2026-01-28 03:00:00.000,5165.1,5105.06
2026-01-28 00:52:06.000,AUD/USD,1.2894736842105343,2.3333333333333464,OBJECTIF ATTEINT,2.2506126905742523,2026-02-12 01:00:00.000,0.7,0.6886
2026-01-28 04:14:39.000,GOLD - CHF,1.3628179158226272,4.439342786405548,OBJECTIF ATTEINT,6.990377752693524,2026-01-28 08:00:00.000,4009.17,3964.74
2026-01-28 18:19:20.000,SILVER - AUD,1.5037593984962585,5.902255639097832,OBJECTIF ATTEINT,6.008933863186795,2026-01-28 20:00:00.000,161.92,160.59
2026-01-28 18:19:21.000,SILVER - CAD,1.3983739837398157,5.959349593495834,OBJECTIF ATTEINT,6.504979437376458,2026-01-28 19:00:00.000,153.99,152.76
2026-01-28 18:19:22.000,SILVER - NZD,1.2958579881656809,5.136094674556224,OBJECTIF ATTEINT,5.253178858546052,2026-01-28 20:00:00.000,187.81,186.12
2026-01-30 05:13:40.000,GBP/JPY,1.275862068965568,3.379310344827644,OBJECTIF ATTEINT,3.41377921268868,2026-01-30 13:00:00.000,211.78,211.49
2026-01-30 07:12:11.000,CHF/JPY,1.151515151515094,2.575757575757461,OBJECTIF ATTEINT,2.7484959457858373,2026-01-30 14:00:00.000,200.47,200.14
2026-02-03 09:19:33.000,EUR/GBP,1.285714285714276,2.5102040816326405,INVALIDÉE,-1.0,2026-02-05 09:00:00.000,0.8628,0.8677
2026-02-09 23:59:09.000,EUR/USD,1.1666666666666703,5.941176470588242,INVALIDÉE,-1.0,2026-02-18 18:00:00.000,1.1904,1.1802
2026-02-11 10:19:17.000,EUR/USD,1.3103448275862597,2.0000000000000764,INVALIDÉE,-1.0,2026-02-11 13:00:00.000,1.1917,1.1888
2026-02-18 17:22:38.000,AUD/JPY,1.1904761904761856,2.7380952380952066,OBJECTIF ATTEINT,2.8095277332123967,2026-02-19 03:00:00.000,109.15,108.73
2026-02-20 11:19:21.000,GOLD - CAD,1.851375332741776,16.448535936113604,OBJECTIF ATTEINT,22.033482588215467,2026-02-20 13:00:00.000,6887.59,6865.05
2026-02-20 13:19:25.000,GOLD - EUR,1.5305623471882923,8.094743276283799,OBJECTIF ATTEINT,8.936827596048806,2026-02-20 14:00:00.000,4273.54,4257.18
2026-02-20 13:19:27.000,GOLD - CHF,1.1021336131514712,4.606505771248748,OBJECTIF ATTEINT,4.968095596390226,2026-02-20 14:00:00.000,3903.12,3874.53
2026-02-20 18:17:26.000,AUD/JPY,1.2758620689654565,3.068965517241315,INVALIDÉE,-1.0,2026-02-23 00:00:00.000,109.7,109.41
2026-02-23 19:54:15.000,GOLD - AUD,1.1883007009910551,1.7758842961888608,INVALIDÉE,-1.0,2026-03-16 00:00:00.000,7391.67,7143.45
2026-02-25 06:15:36.000,SILVER - CAD,2.8750000000000027,11.929687499999998,INVALIDÉE,-1.0,2026-02-25 20:00:00.000,123.85,122.57
2026-02-25 06:15:37.000,SILVER - NZD,2.0170454545454715,2.562500000000008,INVALIDÉE,-1.0,2026-02-25 20:00:00.000,151.31,149.55
2026-02-25 11:00:35.000,GOLD - CHF,1.0088830088830094,1.999054999054996,INVALIDÉE,-1.0,2026-03-18 10:00:00.000,4008.88,3903.06
2026-02-25 13:29:19.000,SILVER - AUD,1.781420765027319,3.6721311475409855,INVALIDÉE,-1.0,2026-02-25 20:00:00.000,127.97,126.14
2026-02-25 23:15:40.000,NZD/USD,1.2727272727273462,4.272727272727346,INVALIDÉE,-1.0,2026-02-26 08:00:00.000,0.6001,0.599
2026-02-26 20:20:22.000,GOLD - GBP,1.1541593949971114,3.9802210587551343,OBJECTIF ATTEINT,4.893520364392113,2026-02-27 13:00:00.000,3850.49,3816.11
2026-03-02 22:05:23.000,AUD/JPY,1.202020202020206,2.8989898989899188,INVALIDÉE,-1.0,2026-03-03 13:00:00.000,111.58,110.59
2026-03-03 12:19:47.000,AUD/USD,1.230769230769106,6.999999999999573,OBJECTIF ATTEINT,8.925453127346952,2026-03-03 13:00:00.000,0.7031,0.7044
2026-03-04 21:22:40.000,GOLD - NZD,1.311702318892648,4.658457666726495,INVALIDÉE,-1.0,2026-03-04 23:00:00.000,8650.46,8706.09
2026-03-05 03:47:31.000,EUR/CHF,1.1898734177215424,2.417721518987371,INVALIDÉE,-1.0,2026-03-19 16:00:00.000,0.9059,0.9138
2026-03-05 19:29:54.000,GOLD - USD,2.4694021931375456,7.307392996108834,INVALIDÉE,-1.0,2026-03-05 20:00:00.000,5065.78,5094.05
2026-03-09 03:21:29.000,DAX40 FULL0926,1.5525525525525523,4.75975975975976,INVALIDÉE,-1.0,2026-03-09 09:00:00.000,22802.0,23135.0
2026-03-09 11:23:13.000,EUR/JPY,1.1666666666666037,3.8666666666665086,OBJECTIF ATTEINT,3.833335367838465,2026-03-09 21:00:00.000,183.18,182.88
2026-03-10 22:50:33.000,AUD/JPY,1.000000000000007,2.533678756476694,INVALIDÉE,-1.0,2026-03-23 10:00:00.000,112.52,110.59
2026-03-11 05:18:43.000,GBP/USD,1.2727272727273462,2.4545454545455097,INVALIDÉE,-1.0,2026-03-11 07:00:00.000,1.3454,1.3432
2026-03-13 08:12:56.000,SILVER - GBP,1.3894736842105329,3.2526315789473865,INVALIDÉE,-1.0,2026-03-13 10:00:00.000,61.85,62.8
2026-03-13 08:12:58.000,SILVER - AUD,2.3627450980391886,5.539215686274446,INVALIDÉE,-1.0,2026-03-13 09:00:00.000,116.88,117.9
2026-03-16 10:17:03.000,GOLD - EUR,1.1188524590164457,10.21038251366164,INVALIDÉE,-1.0,2026-03-16 11:00:00.000,4345.6,4360.24
2026-03-18 07:13:54.000,DAX40 FULL0926,1.396103896103874,5.086580086580007,INVALIDÉE,-1.0,2026-03-18 08:00:00.000,23918.0,23825.6
2026-03-18 14:21:16.000,SILVER - GBP,2.472527472527482,7.307692307692333,OBJECTIF ATTEINT,8.333733982180338,2026-03-19 06:00:00.000,57.78,58.69
2026-03-19 13:18:17.000,DAX40 PERF INDEX,1.6945010924981572,3.815695557174031,OBJECTIF ATTEINT,1.6945010924981572,2026-03-23 08:00:00.000,22810.37,23084.97
2026-03-20 14:21:53.000,NASDAQ100 - MINI NASDAQ100 FULL0926,2.9697885196374623,8.672205438066465,OBJECTIF ATTEINT,8.7485767560423,2026-03-20 19:30:00.000,24306.25,24471.75
2026-03-26 19:59:59.000,NASDAQ100 INDEX,1.1648118835991632,2.0883964446608925,INVALIDÉE,-1.0,2026-04-01 14:30:00.000,23620.91,24031.56
2026-03-31 00:15:18.000,S&P500 - MINI S&P500 FULL0926,1.862675159235668,3.829469214437368,INVALIDÉE,-1.0,2026-03-31 16:30:00.000,6376.75,6494.5
2026-03-31 09:17:50.000,GOLD - CHF,1.0841807182391552,2.5697000901016884,OBJECTIF ATTEINT,2.6872023132510776,2026-03-31 14:00:00.000,3652.66,3574.97
2026-03-31 14:23:26.000,SILVER - GBP,1.0107526881720408,2.301075268817206,OBJECTIF ATTEINT,2.202012379805033,2026-03-31 16:00:00.000,55.64,54.71
2026-03-31 14:23:29.000,SILVER - NZD,2.2761904761904965,3.1428571428571623,OBJECTIF ATTEINT,3.075808057793863,2026-03-31 16:00:00.000,128.66,127.61
2026-03-31 17:19:30.000,GOLD - EUR,2.842145302396362,8.316850513503265,OBJECTIF ATTEINT,2.842145302396362,2026-04-01 00:00:00.000,4020.41,3994.12
2026-03-31 17:19:31.000,SILVER - EUR,1.481481481481498,4.037037037037109,INVALIDÉE,-1.0,2026-04-01 02:00:00.000,64.69,64.15
2026-04-01 15:21:07.000,GOLD - EUR,2.5279474994342848,6.24983027834358,INVALIDÉE,-1.0,2026-04-02 01:00:00.000,4105.99,4061.8
2026-04-01 15:21:08.000,GOLD - AUD,1.577005393373862,2.3523670918585897,INVALIDÉE,-1.0,2026-04-02 05:00:00.000,6874.23,6757.42
2026-04-01 15:21:10.000,GOLD - CAD,1.3009708737864107,2.0759361997226176,INVALIDÉE,-1.0,2026-04-02 01:00:00.000,6625.57,6510.21
2026-04-07 12:17:36.000,GBP/CHF,1.000000000000185,2.416666666667037,OBJECTIF ATTEINT,2.3416453043623893,2026-04-07 13:00:00.000,1.0592,1.058
2026-04-08 08:20:40.000,SILVER - GBP,1.9199999999999875,14.319999999999991,INVALIDÉE,-1.0,2026-04-08 12:00:00.000,57.39,57.14
2026-04-08 08:20:41.000,GOLD - CAD,1.14499589827727,3.8726415094339433,INVALIDÉE,-1.0,2026-04-08 14:00:00.000,6676.22,6627.46
2026-04-08 12:22:16.000,DAX40 PERF INDEX,2.034406509817758,3.769060675747324,INVALIDÉE,-1.0,2026-04-08 13:00:00.000,24136.79,24023.73
2026-04-14 10:18:01.000,AUD/USD,1.0800000000000374,4.440000000000095,OBJECTIF ATTEINT,4.556558227539184,2026-04-14 14:00:00.000,0.712,0.7095
2026-04-14 10:18:24.000,DAX40 PERF INDEX,1.394169012051664,4.273652305693861,OBJECTIF ATTEINT,4.874448270729597,2026-04-16 10:00:00.000,23970.72,23832.15
2026-04-14 14:22:45.000,SILVER - AUD,1.4057971014492785,10.43478260869567,OBJECTIF ATTEINT,13.024524290946408,2026-04-14 16:00:00.000,110.37,109.68
2026-04-14 14:22:47.000,SILVER - CAD,1.1086956521739222,5.652173913043471,OBJECTIF ATTEINT,5.814922424350543,2026-04-14 15:00:00.000,108.38,107.46
2026-04-15 02:13:22.000,SILVER - CHF,1.0471698113207657,3.924528301886814,INVALIDÉE,-1.0,2026-04-15 05:00:00.000,63.15,62.09
2026-04-15 02:13:24.000,SILVER - NZD,2.039999999999992,8.099999999999994,INVALIDÉE,-1.0,2026-04-15 03:00:00.000,137.06,136.06
2026-04-16 03:12:47.000,SILVER - EUR,2.151898734177202,3.607594936708825,INVALIDÉE,-1.0,2026-04-16 12:00:00.000,68.11,67.32
2026-04-16 03:12:49.000,SILVER - CHF,2.056338028169044,6.352112676056401,INVALIDÉE,-1.0,2026-04-16 12:00:00.000,62.8,62.09
2026-04-16 07:15:28.000,DAX40 FULL0926,1.0319148936170213,4.132978723404255,OBJECTIF ATTEINT,4.234462267287219,2026-04-17 12:00:00.000,24327.0,24233.0
2026-04-16 13:18:50.000,DAX40 PERF INDEX,2.105537669027685,4.954282034771443,OBJECTIF ATTEINT,5.23148844977466,2026-04-17 12:00:00.000,24235.93,24080.63
2026-04-17 04:15:03.000,AUD/JPY,1.1739130434782905,5.282608695652261,INVALIDÉE,-1.0,2026-04-17 14:00:00.000,114.22,113.76
2026-04-20 07:17:01.000,DAX40 PERF INDEX,2.175495262704514,4.203129486075108,INVALIDÉE,-1.0,2026-04-20 09:00:00.000,24702.24,24562.92
2026-04-21 07:15:06.000,GOLD - AUD,2.6962699822380785,15.439609236234777,OBJECTIF ATTEINT,15.751663827558142,2026-04-21 14:00:00.000,6680.13,6702.65
2026-04-22 18:19:17.000,NASDAQ100 INDEX,2.3040763863385747,5.9102093279470616,OBJECTIF ATTEINT,6.813668001744349,2026-04-24 15:30:00.000,26885.15,26721.77
2026-04-23 10:21:53.000,GOLD - AUD,1.029150823827603,7.455956907477709,INVALIDÉE,-1.0,2026-04-23 11:00:00.000,6567.74,6599.3
2026-04-24 06:18:40.000,NASDAQ100 - MINI NASDAQ100 FULL0926,2.2319995777027275,5.820682010135166,OBJECTIF ATTEINT,6.777393980284044,2026-05-01 13:30:00.000,27082.5,26893.06
2026-04-28 22:15:14.000,AUD/JPY,1.026315789473698,2.9736842105263395,INVALIDÉE,-1.0,2026-04-29 06:00:00.000,114.64,114.26
2026-04-29 15:22:02.000,SILVER - EUR,2.547619047619038,6.119047619047595,INVALIDÉE,-1.0,2026-04-29 16:00:00.000,61.21,61.63
2026-04-29 15:22:04.000,SILVER - NZD,1.999999999999991,4.098039215686269,INVALIDÉE,-1.0,2026-04-30 00:00:00.000,122.57,124.1
2026-05-04 05:18:48.000,NZD/USD,1.166666666666636,3.4999999999997224,INVALIDÉE,-1.0,2026-05-04 06:00:00.000,0.5917,0.5911
2026-05-08 18:04:58.000,NASDAQ100 INDEX,2.609615851847877,9.731960154415232,OBJECTIF ATTEINT,2.609615851847877,2026-05-28 14:30:00.000,29159.67,28789.24
2026-05-08 20:18:10.000,GBP/USD,1.099999999999989,9.800000000000022,INVALIDÉE,-1.0,2026-05-10 23:00:00.000,1.3631,1.3611
2026-05-11 15:24:39.000,SILVER - CAD,1.817204301075267,5.612903225806452,INVALIDÉE,-1.0,2026-05-12 11:00:00.000,117.01,115.15
2026-05-12 14:25:46.000,SILVER - NZD,1.1029411764705888,4.323529411764705,OBJECTIF ATTEINT,1.1029411764705888,2026-05-12 19:00:00.000,143.12,140.4
2026-05-13 07:17:28.000,NZD/USD,1.2999999999999667,5.199999999999978,OBJECTIF ATTEINT,5.391649055480947,2026-05-13 09:00:00.000,0.5939,0.5949
2026-05-13 19:20:42.000,USD/CHF,1.0,2.800000000000022,OBJECTIF ATTEINT,2.9099802017211718,2026-05-14 15:00:00.000,0.782,0.781
2026-05-15 09:17:18.000,GOLD - EUR,1.9333333333332423,8.611594202898214,INVALIDÉE,-1.0,2026-05-15 10:00:00.000,3908.45,3918.8
2026-05-19 13:19:15.000,SILVER - GBP,1.345454545454556,4.381818181818211,OBJECTIF ATTEINT,4.342763175883933,2026-05-19 14:00:00.000,56.27,56.82
2026-05-19 20:17:04.000,GOLD - EUR,1.6508166969147176,9.269328493648016,INVALIDÉE,-1.0,2026-05-20 14:00:00.000,3864.8,3892.35
2026-05-20 06:19:10.000,EUR/CHF,1.2222222222221948,6.9999999999998765,INVALIDÉE,-1.0,2026-05-20 08:00:00.000,0.9164,0.9155
2026-05-20 13:19:08.000,DAX40 FULL0926,1.226523297491042,2.4731182795698925,OBJECTIF ATTEINT,2.402975190412181,2026-05-20 15:00:00.000,24512.0,24233.0
2026-05-21 19:30:31.000,GBP/USD,1.23529411764732,2.8235294117650978,OBJECTIF ATTEINT,2.9318029067099416,2026-05-22 13:00:00.000,1.3437,1.342
2026-05-25 08:19:01.000,SILVER - AUD,1.4555555555555488,4.422222222222199,INVALIDÉE,-1.0,2026-05-26 04:00:00.000,108.7,107.8
2026-05-25 08:19:14.000,AUD/JPY,1.0714285714286076,4.142857142857114,OBJECTIF ATTEINT,4.885713413783403,2026-05-25 11:00:00.000,113.83,113.69
2026-05-25 10:19:49.000,SILVER - GBP,1.262295081967208,2.967213114754105,INVALIDÉE,-1.0,2026-05-26 04:00:00.000,57.96,57.35
2026-05-25 11:19:31.000,GOLD - EUR,2.987303199593679,5.032503809040092,INVALIDÉE,-1.0,2026-05-26 04:00:00.000,3928.78,3909.09
2026-05-28 00:16:07.000,USD/CAD,1.2692307692307463,3.692307692307804,INVALIDÉE,-1.0,2026-05-28 14:00:00.000,1.3848,1.3822
2026-05-29 14:25:27.000,EUR/JPY,1.100000000000057,3.600000000000199,OBJECTIF ATTEINT,3.560009765625185,2026-05-29 15:00:00.000,185.57,185.37
2026-06-01 13:53:52.000,NASDAQ100 INDEX,1.2237796156955465,2.5111995522666537,INVALIDÉE,-1.0,2026-06-05 15:30:00.000,30384.35,29580.3
2026-06-02 09:17:58.000,NASDAQ100 - MINI NASDAQ100 FULL0926,1.185609947485968,3.178487354379232,OBJECTIF ATTEINT,1.185609947485968,2026-06-03 13:30:00.000,30539.0,30373.33
2026-06-02 17:17:43.000,GBP/CHF,1.2857142857142403,4.785714285714002,OBJECTIF ATTEINT,5.528546442304036,2026-06-03 07:00:00.000,1.0603,1.0589
2026-06-02 23:16:45.000,USD/JPY,1.2857142857142858,7.7142857142854435,INVALIDÉE,-1.0,2026-06-03 07:00:00.000,159.97,159.76
2026-06-03 00:15:39.000,USD/CAD,1.3043478260869272,4.304347826087024,OBJECTIF ATTEINT,4.208701805446509,2026-06-03 13:00:00.000,1.3845,1.3822
2026-06-03 20:17:14.000,SILVER - GBP,2.300000000000038,3.6000000000000285,INVALIDÉE,-1.0,2026-06-03 22:00:00.000,54.35,54.65
2026-06-03 20:17:16.000,SILVER - CAD,1.9673913043478093,3.358695652173895,INVALIDÉE,-1.0,2026-06-03 23:00:00.000,101.32,102.24
2026-06-05 04:49:40.000,GOLD - GBP,1.4304503786369085,4.27514281918427,OBJECTIF ATTEINT,4.250010185847145,2026-06-09 16:00:00.000,3307.65,3382.92
2026-06-05 06:22:54.000,S&P500 - MINI S&P500 FULL0926,1.1788617886178865,1.8211382113821133,OBJECTIF ATTEINT,2.0778931656504125,2026-06-05 13:30:00.000,7561.75,7592.5
2026-06-05 21:55:02.000,GOLD - EUR,2.4641029872916294,5.898663145733607,OBJECTIF ATTEINT,2.4641029872916294,2026-06-10 12:00:00.000,3758.73,3819.32
2026-06-10 13:17:02.000,DAX40 PERF INDEX,1.0574899799599216,1.5485971943887675,INVALIDÉE,-1.0,2026-06-12 07:00:00.000,24291.89,24611.25
2026-06-10 19:18:43.000,USD/CHF,1.2727272727273462,9.727272727272856,INVALIDÉE,-1.0,2026-06-10 21:00:00.000,0.7997,0.7986
2026-06-11 05:07:36.000,GOLD - EUR,1.617280845176714,6.742422336813001,INVALIDÉE,-1.0,2026-06-11 17:00:00.000,3529.92,3609.43
2026-06-12 21:55:32.000,GBP/CHF,1.0476190476190426,2.1269841269841487,OBJECTIF ATTEINT,2.0301604982406585,2026-07-01 21:00:00.000,1.0684,1.0621
2026-06-16 14:21:12.000,AUD/JPY,1.2068965517240924,2.7241379310343965,INVALIDÉE,-1.0,2026-06-17 04:00:00.000,113.48,113.19
2026-06-16 18:19:19.000,GBP/CHF,1.3333333333332982,3.0476190476190426,OBJECTIF ATTEINT,1.3333333333332982,2026-06-17 06:00:00.000,1.0649,1.067
2026-06-17 16:16:25.000,GOLD - AUD,1.1051396886329568,2.0695244188526187,INVALIDÉE,-1.0,2026-06-17 18:00:00.000,6172.31,6125.42
2026-06-18 10:22:01.000,DAX40 FULL0926,1.86567164179106,5.5981876332623095,OBJECTIF ATTEINT,7.446058768656763,2026-06-19 07:00:00.000,24948.0,24854.2
2026-06-19 20:15:08.000,EUR/GBP,1.1818181818181634,5.000000000000101,INVALIDÉE,-1.0,2026-06-22 09:00:00.000,0.8671,0.866
2026-06-22 20:18:27.000,DAX40 FULL0926,1.61364020270271,2.8885135135135225,INVALIDÉE,-1.0,2026-06-23 07:00:00.000,25270.0,25033.2
2026-06-23 23:21:25.000,GOLD - USD,2.1824134705331906,3.538821328344222,OBJECTIF ATTEINT,4.402804077262596,2026-06-24 12:00:00.000,4099.57,4120.95
2026-06-24 12:17:00.000,GOLD - EUR,2.2449331608451844,7.469598965071125,OBJECTIF ATTEINT,2.2449331608451844,2026-06-24 18:00:00.000,3560.72,3583.91
2026-06-24 12:17:01.000,GOLD - CHF,1.447483958122254,4.178655859506906,OBJECTIF ATTEINT,1.447483958122254,2026-06-24 13:00:00.000,3280.44,3310.05
2026-06-26 03:16:35.000,GOLD - GBP,2.616071428571417,11.02232142857138,INVALIDÉE,-1.0,2026-06-26 06:00:00.000,3031.24,3062.6
2026-06-26 03:16:36.000,GOLD - CAD,2.621832358674373,10.851851851851634,INVALIDÉE,-1.0,2026-06-26 04:00:00.000,5678.2,5693.59
2026-06-26 03:16:41.000,S&P500 - MINI S&P500 FULL0926,1.1397849462365592,9.161290322580646,INVALIDÉE,-1.0,2026-06-26 15:30:00.000,7367.25,7390.5
2026-06-26 05:16:46.000,SILVER - EUR,2.0263157894737165,8.842105263158018,INVALIDÉE,-1.0,2026-06-26 06:00:00.000,49.77,50.15
2026-06-26 05:16:47.000,SILVER - CHF,1.3809523809523714,2.9047619047618904,INVALIDÉE,-1.0,2026-06-26 06:00:00.000,45.79,46.21
2026-06-26 05:16:48.000,SILVER - CAD,1.815384615384588,6.292307692307621,INVALIDÉE,-1.0,2026-06-26 06:00:00.000,80.35,81.0
2026-06-30 04:16:00.000,SILVER - GBP,1.1000000000000014,2.979999999999997,INVALIDÉE,-1.0,2026-06-30 06:00:00.000,43.36,44.36
2026-07-01 04:17:58.000,EUR/CHF,1.3076923076921698,3.076923076922893,INVALIDÉE,-1.0,2026-07-01 14:00:00.000,0.9231,0.9218
2026-07-01 17:18:34.000,SILVER - EUR,1.3500000000000028,8.150000000000023,INVALIDÉE,-1.0,2026-07-02 00:00:00.000,52.65,52.25
2026-07-01 17:18:35.000,SILVER - CHF,2.2857142857142785,7.464285714285696,INVALIDÉE,-1.0,2026-07-01 20:00:00.000,48.47,48.19
2026-07-01 17:18:36.000,SILVER - CAD,2.409090909090853,5.33333333333324,INVALIDÉE,-1.0,2026-07-02 00:00:00.000,85.15,84.49
2026-07-02 02:16:45.000,SILVER - EUR,2.3783783783784016,6.02702702702708,OBJECTIF ATTEINT,6.313844628612242,2026-07-02 12:00:00.000,52.62,52.25
2026-07-02 02:16:46.000,SILVER - CHF,1.242424242424236,3.181818181818166,OBJECTIF ATTEINT,3.142182029807907,2026-07-02 12:00:00.000,48.46,47.8
2026-07-02 02:16:47.000,SILVER - AUD,2.3225806451612696,10.322580645161224,OBJECTIF ATTEINT,2.3225806451612696,2026-07-02 12:00:00.000,86.86,86.24
2026-07-02 02:16:48.000,SILVER - CAD,2.409090909090853,8.49999999999986,OBJECTIF ATTEINT,2.409090909090853,2026-07-02 12:00:00.000,85.15,84.49
2026-07-02 04:13:46.000,SILVER - GBP,2.137931034482756,6.551724137931049,INVALIDÉE,-1.0,2026-07-02 05:00:00.000,45.35,45.06
2026-07-02 09:19:20.000,NZD/USD,1.0526315789473624,1.578947368421043,OBJECTIF ATTEINT,1.971632134286976,2026-07-02 12:00:00.000,0.5689,0.567
2026-07-03 02:19:44.000,SILVER - EUR,1.9545454545454632,13.500000000000064,OBJECTIF ATTEINT,1.9545454545454632,2026-07-03 03:00:00.000,54.42,54.2
2026-07-03 02:19:47.000,SILVER - NZD,3.0000000000000373,13.842105263158071,OBJECTIF ATTEINT,3.0000000000000373,2026-07-05 23:00:00.000,109.05,108.67
2026-07-03 02:19:47.000,SILVER - CAD,1.176470588235348,14.235294117647522,OBJECTIF ATTEINT,1.176470588235348,2026-07-03 03:00:00.000,88.27,87.93
2026-07-08 14:23:13.000,USD/CHF,1.0714285714286451,2.785714285714382,INVALIDÉE,-1.0,2026-07-08 19:00:00.000,0.8087,0.8073
2026-07-09 05:16:07.000,GBP/USD,1.0,4.900000000000011,OBJECTIF ATTEINT,7.101670169830315,2026-07-09 06:00:00.000,1.3405,1.3385
2026-07-09 20:18:49.000,GBP/CHF,0.9999999999998612,2.437499999999939,OBJECTIF ATTEINT,2.6687851190566114,2026-07-10 10:00:00.000,1.0819,1.0803
2026-07-14 09:48:27.000,CHF/JPY,1.0454545454545368,3.806818181818195,INVALIDÉE,-1.0,2026-07-14 13:00:00.000,199.69,200.57
2026-07-16 03:15:51.000,GOLD - CHF,1.0227048371174745,10.340572556761982,OBJECTIF ATTEINT,1.0227048371174745,2026-07-16 12:00:00.000,3248.15,3258.28
2026-07-16 07:51:58.000,EUR/CHF,1.3225806451612914,2.3387096774193723,OBJECTIF ATTEINT,1.3225806451612914,2026-07-28 19:00:00.000,0.9246,0.9184
2026-07-17 08:57:17.000,GOLD - GBP,1.9057886557886488,4.779720279720277,INVALIDÉE,-1.0,2026-07-21 05:00:00.000,2973.41,3024.89
2026-07-21 16:19:40.000,GOLD - AUD,1.8549618320610688,3.3230534351145296,OBJECTIF ATTEINT,3.6981815831111,2026-07-22 01:00:00.000,5819.48,5786.73
2026-07-21 22:18:40.000,GOLD - GBP,1.3831919814957607,5.046260601387811,OBJECTIF ATTEINT,1.3831919814957607,2026-07-22 02:00:00.000,3050.83,3024.89
2026-07-22 00:13:46.000,GOLD - CAD,1.9513303049967743,3.2446463335496736,OBJECTIF ATTEINT,1.9513303049967743,2026-07-22 13:00:00.000,5771.48,5725.25
2026-07-22 03:18:01.000,GOLD - NZD,2.0665521683125885,13.301846285959668,INVALIDÉE,-1.0,2026-07-22 06:00:00.000,7102.75,7079.46
2026-07-22 17:18:36.000,EUR/GBP,1.1111111111110974,9.88888888888878,OBJECTIF ATTEINT,1.1111111111110974,2026-07-23 15:00:00.000,0.8535,0.8526
2026-07-27 05:15:55.000,DAX40 FULL0926,1.5925850340136094,3.6462585034013606,OBJECTIF ATTEINT,1.5925850340136094,2026-07-28 01:56:43.500,25418.0,25271.0
2026-07-29 13:19:02.000,GBP/USD,1.2173913043479017,4.826086956521852,INVALIDÉE,-1.0,2026-07-29 21:48:03.000,1.3283,1.3306
2026-07-29 15:20:16.000,SILVER - CHF,1.9838709677419384,2.90322580645162,INVALIDÉE,-1.0,2026-07-29 23:58:12.000,46.68,47.3
2026-07-29 15:20:17.000,SILVER - CAD,1.4137931034482567,2.7471264367815955,INVALIDÉE,-1.0,2026-07-29 23:58:13.000,80.21,81.08
2026-07-30 12:18:21.000,EUR/USD,1.2222222222222865,4.481481481481606,OBJECTIF ATTEINT,1.2222222222222865,2026-07-30 20:47:22.000,1.1477,1.145
2026-08-05 08:20:04.000,GOLD - NZD,2.251051486584488,7.396664249456147,OBJECTIF ATTEINT,2.251051486584488,2026-08-05 16:58:00.000,7101.98,7033.03
2026-08-05 12:21:08.000,GOLD - EUR,2.395250659630624,9.523482849604326,OBJECTIF ATTEINT,2.395250659630624,2026-08-05 20:59:04.000,3638.85,3619.9
2026-08-10 07:13:45.000,SILVER - CAD,1.1063829787234083,2.6879432624113586,OBJECTIF ATTEINT,1.1063829787234083,2026-08-10 15:51:41.000,89.52,88.11
2026-08-10 20:16:14.000,SILVER - GBP,2.447368421052679,8.921052631579055,INVALIDÉE,-1.0,2026-08-11 04:54:10.000,48.66,48.28
2026-08-10 20:16:14.000,SILVER - EUR,1.4062499999999964,5.859374999999995,INVALIDÉE,-1.0,2026-08-11 04:54:10.000,56.95,56.31
2026-08-10 20:16:17.000,SILVER - AUD,1.368421052631572,3.7157894736841857,INVALIDÉE,-1.0,2026-08-11 04:54:13.000,93.18,92.23
2026-08-10 20:16:18.000,SILVER - NZD,1.3629032258064395,5.854838709677369,INVALIDÉE,-1.0,2026-08-11 04:54:14.000,111.76,110.52
2026-08-10 21:14:52.000,SILVER - CAD,2.7166666666666206,10.916666666666506,INVALIDÉE,-1.0,2026-08-11 05:52:48.000,91.68,91.08
2026-08-11 02:21:15.000,GOLD - USD,2.339754816112133,4.13660245183895,INVALIDÉE,-1.0,2026-08-14 00:00:00.000,4432.07,4392.1
2026-08-12 04:15:55.000,SILVER - EUR,1.4025974025974168,5.441558441558476,OBJECTIF ATTEINT,1.4025974025974168,2026-08-12 12:53:51.000,56.51,55.74
2026-08-12 04:15:58.000,SILVER - AUD,1.487603305785141,3.578512396694232,OBJECTIF ATTEINT,1.487603305785141,2026-08-12 12:53:54.000,92.38,91.17
2026-08-12 04:15:59.000,SILVER - NZD,1.052325581395351,4.587209302325585,OBJECTIF ATTEINT,1.052325581395351,2026-08-12 12:53:55.000,111.13,109.41
2026-08-12 07:19:40.000,SILVER - GBP,1.500000000000011,10.374999999999991,INVALIDÉE,-1.0,2026-08-12 15:57:36.000,48.73,48.41
2026-08-12 07:19:41.000,GOLD - AUD,1.0618066561014057,2.1465927099841253,OBJECTIF ATTEINT,1.0618066561014057,2026-08-12 15:57:37.000,6228.93,6178.45
