date_creation,ticker,rr_tp1,rr_tp2,statut_final,r_trailing,resolution_time_est,prix_entree,stop_loss_init
2021-04-22 05:34:38,GOLD - NZD,1.093749999999944,12.198369565217146,INVALIDÉE,-1.0,2021-04-22 14:12:34,2495.42,2488.06
2021-04-23 12:43:32,GOLD - AUD,1.7417910447761775,14.794029850746654,INVALIDÉE,-1.0,2021-04-23 21:21:28,2317.85,2311.15
2021-04-23 12:43:34,GOLD - NZD,4.013265306122367,8.912244897958987,INVALIDÉE,-1.0,2021-04-23 21:21:30,2497.86,2488.06
2021-04-28 06:31:52,GOLD - USD,1.0517598343685308,4.180124223602559,OBJECTIF ATTEINT,1.0517598343685308,2021-04-28 15:09:48,1768.74,1773.57
2021-04-28 07:33:46,GOLD - GBP,1.807471264367796,3.764367816091908,INVALIDÉE,-1.0,2021-04-28 16:11:42,1274.07,1277.55
2021-05-10 10:32:34,SILVER - CHF,1.8387096774193308,6.709677419354784,INVALIDÉE,-1.0,2021-05-10 19:10:30,25.01,24.7
2021-05-10 10:32:36,SILVER - CAD,2.791666666666733,9.666666666666874,INVALIDÉE,-1.0,2021-05-10 19:10:32,33.66,33.42
2021-05-10 10:32:36,SILVER - NZD,1.0,17.49999999999975,OBJECTIF ATTEINT,1.0,2021-05-10 19:10:32,38.07,37.97
2021-05-10 10:32:53,SILVER - USD,2.294117647058783,4.529411764705834,INVALIDÉE,-1.0,2021-05-10 19:10:49,27.76,27.59
2021-05-10 23:30:49,GOLD - NZD,1.225581395348846,11.260465116279208,INVALIDÉE,-1.0,2021-05-11 08:08:45,2526.31,2517.71
2021-05-11 21:31:02,GOLD - AUD,1.0255144032921764,6.102880658436138,OBJECTIF ATTEINT,1.0255144032921764,2021-05-12 06:08:58,2342.82,2330.67
2021-05-14 19:42:30,GOLD - GBP,3.4560000000000097,6.6,OBJECTIF ATTEINT,3.4560000000000097,2021-05-15 04:20:26,1307.2,1303.45
2021-05-17 02:53:31,SILVER - CHF,3.150000000000006,10.70000000000004,OBJECTIF ATTEINT,3.150000000000006,2021-05-17 11:31:27,24.95,24.75
2021-05-17 14:42:33,SILVER - NZD,1.1521739130434785,2.4999999999999925,OBJECTIF ATTEINT,1.1521739130434785,2021-05-17 23:20:29,38.67,38.21
2021-05-18 23:30:29,GOLD - NZD,1.2809463455851318,3.135614702154608,OBJECTIF ATTEINT,1.2809463455851318,2021-05-19 08:08:25,2579.75,2556.08
2021-05-19 06:36:43,GOLD - CAD,1.692041522491305,5.019377162629645,INVALIDÉE,-1.0,2021-05-19 15:14:39,2257.61,2243.16
2021-05-20 04:31:59,GOLD - EUR,1.7145187601958272,7.72430668841779,INVALIDÉE,-1.0,2021-05-20 13:09:55,1540.37,1534.24
2021-05-20 04:32:01,GOLD - CHF,1.2296450939457504,3.766179540709833,INVALIDÉE,-1.0,2021-05-20 13:09:57,1695.57,1690.78
2021-05-21 08:39:05,GOLD - NZD,1.55095862764878,4.152371342078542,OBJECTIF ATTEINT,1.55095862764878,2021-05-21 17:17:01,2612.82,2602.91
2021-05-26 07:35:33,GOLD - GBP,4.177130044843253,19.1681614349784,INVALIDÉE,-1.0,2021-05-26 16:13:29,1348.12,1343.66
2021-05-26 07:35:35,GOLD - CAD,1.8970588235294663,21.942810457516725,OBJECTIF ATTEINT,1.8970588235294663,2021-05-26 16:13:31,2299.29,2293.17
2021-05-26 12:32:49,SILVER - CHF,1.3749999999999611,3.499999999999889,INVALIDÉE,-1.0,2021-05-26 21:10:45,25.3,25.22
2021-05-26 13:38:48,GOLD - AUD,3.486567164179218,10.47910447761223,INVALIDÉE,-1.0,2021-05-26 22:16:44,2458.98,2452.28
2021-05-31 19:32:56,SILVER - USD,1.5714285714285825,12.35714285714281,OBJECTIF ATTEINT,1.5714285714285825,2021-06-01 04:10:52,28.04,27.9
2021-06-01 02:30:10,GOLD - EUR,3.847020933977449,13.38808373590976,INVALIDÉE,-1.0,2021-06-01 11:08:06,1563.83,1557.62
2021-06-01 12:32:56,SILVER - USD,4.941176470588288,8.588235294117746,INVALIDÉE,-1.0,2021-06-01 21:10:52,28.31,28.14
2021-06-07 13:32:22,GOLD - NZD,1.563249001331561,7.899467376830907,INVALIDÉE,-1.0,2021-06-07 22:10:18,2608.8,2623.82
2021-06-08 12:33:00,GOLD - GBP,1.646892655367228,11.389830508474676,INVALIDÉE,-1.0,2021-06-08 21:10:56,1343.71,1340.17
2021-06-10 14:38:22,SILVER - NZD,1.466666666666673,2.6666666666666825,OBJECTIF ATTEINT,1.466666666666673,2021-06-10 23:16:18,38.68,38.53
2021-06-10 18:38:46,SILVER - AUD,2.9999999999998064,5.818181818181413,OBJECTIF ATTEINT,2.9999999999998064,2021-06-11 03:16:42,36.02,35.91
2021-06-11 02:33:29,SILVER - GBP,1.0,1.9000000000000017,OBJECTIF ATTEINT,1.0,2021-06-11 11:11:25,19.77,19.57
2021-06-11 04:36:23,SILVER - CHF,3.0,5.333333333333307,OBJECTIF ATTEINT,3.0,2021-06-11 13:14:19,25.1,25.01
2021-06-11 04:36:25,SILVER - CAD,1.857142857142886,2.7857142857142785,OBJECTIF ATTEINT,1.857142857142886,2021-06-11 13:14:21,33.94,33.8
2021-06-11 06:31:59,SILVER - EUR,1.0,2.090909090909105,OBJECTIF ATTEINT,1.0,2021-06-11 15:09:55,23.14,23.03
2021-06-11 06:31:59,GOLD - GBP,1.519083969465719,16.12977099236708,INVALIDÉE,-1.0,2021-06-11 15:09:55,1341.77,1339.15
2021-06-14 03:30:56,GOLD - EUR,1.7130124777184133,8.9001782531196,OBJECTIF ATTEINT,1.7130124777184133,2021-06-14 12:08:52,1540.72,1546.33
2021-06-16 20:36:44,GOLD - GBP,1.5147313691507862,5.781629116117852,OBJECTIF ATTEINT,1.5147313691507862,2021-06-17 05:14:40,1301.84,1307.61
2021-06-17 06:31:26,SILVER - GBP,1.2105263157894677,1.8947368421052475,OBJECTIF ATTEINT,1.2105263157894677,2021-06-17 15:09:22,19.27,19.46
2021-06-17 06:31:27,GOLD - AUD,2.6276758409786343,7.343272171253877,OBJECTIF ATTEINT,2.6276758409786343,2021-06-17 15:09:23,2377.86,2390.94
2021-06-17 06:31:28,SILVER - AUD,2.3750000000000666,7.437500000000189,OBJECTIF ATTEINT,2.3750000000000666,2021-06-17 15:09:24,35.38,35.54
2021-06-17 09:06:13,SILVER - CHF,1.2500000000000044,4.750000000000013,OBJECTIF ATTEINT,1.2500000000000044,2021-06-17 17:44:09,24.45,24.65
2021-06-18 20:30:29,SILVER - EUR,1.9000000000000528,7.600000000000177,OBJECTIF ATTEINT,1.9000000000000528,2021-06-19 05:08:25,21.76,21.86
2021-06-18 20:30:30,SILVER - CHF,2.428571428571443,17.142857142857064,INVALIDÉE,-1.0,2021-06-19 05:08:26,23.82,23.89
2021-06-22 18:37:16,SILVER - NZD,2.620689655172439,5.344827586206927,INVALIDÉE,-1.0,2021-06-23 03:15:12,36.77,37.06
2021-06-22 19:36:25,GOLD - CAD,2.2412213740457143,9.459541984732567,INVALIDÉE,-1.0,2021-06-23 04:14:21,2189.37,2195.92
2021-06-28 05:37:13,SILVER - GBP,1.7999999999999716,4.399999999999915,INVALIDÉE,-1.0,2021-06-28 14:15:09,18.84,18.79
2021-06-28 07:32:53,SILVER - USD,1.2857142857142785,3.214285714285696,INVALIDÉE,-1.0,2021-06-28 16:10:49,26.17,26.03
2021-07-02 08:33:37,GOLD - EUR,1.549751243781106,9.166666666666686,OBJECTIF ATTEINT,1.549751243781106,2021-07-02 17:11:33,1506.67,1502.65
2021-07-02 08:33:40,SILVER - AUD,1.3999999999999857,2.4999999999999645,OBJECTIF ATTEINT,1.3999999999999857,2021-07-02 17:11:36,35.03,34.93
2021-07-02 08:33:41,GOLD - NZD,2.8251953125000444,7.790039062500164,INVALIDÉE,-1.0,2021-07-02 17:11:37,2560.31,2550.07
2021-07-02 09:32:40,SILVER - GBP,1.571428571428557,6.714285714285671,OBJECTIF ATTEINT,1.571428571428557,2021-07-02 18:10:36,19.0,18.93
2021-07-02 09:32:43,SILVER - CAD,1.133333333333308,4.733333333333384,OBJECTIF ATTEINT,1.133333333333308,2021-07-02 18:10:39,32.49,32.34
2021-07-05 07:32:36,SILVER - CHF,1.7142857142856962,7.428571428571392,INVALIDÉE,-1.0,2021-07-05 16:10:32,24.53,24.39
2021-07-06 03:33:41,GOLD - GBP,1.7782805429864248,4.065610859728446,OBJECTIF ATTEINT,1.7782805429864248,2021-07-06 12:11:37,1294.53,1290.11
2021-07-06 04:38:15,SILVER - USD,2.142857142857184,4.857142857142917,INVALIDÉE,-1.0,2021-07-06 13:16:11,26.56,26.35
2021-07-06 05:32:46,SILVER - GBP,2.5999999999999432,5.7999999999999,INVALIDÉE,-1.0,2021-07-06 14:10:42,19.21,19.11
2021-07-06 05:32:47,SILVER - CHF,1.3333333333333413,6.66666666666673,INVALIDÉE,-1.0,2021-07-06 14:10:43,24.57,24.42
2021-07-08 04:30:53,SILVER - GBP,1.428571428571443,2.857142857142886,INVALIDÉE,-1.0,2021-07-08 13:08:49,18.78,18.85
2021-07-08 12:33:19,GOLD - EUR,1.0498891352549942,5.74833702882486,INVALIDÉE,-1.0,2021-07-08 21:11:15,1534.05,1525.03
2021-07-13 18:37:24,GOLD - NZD,1.0394173093401915,3.149100257069389,INVALIDÉE,-1.0,2021-07-14 03:15:20,2603.92,2592.25
2021-07-14 08:33:37,GOLD - USD,1.912917271407786,8.014513788098581,OBJECTIF ATTEINT,1.912917271407786,2021-07-14 17:11:33,1814.68,1807.79
2021-07-14 09:32:36,SILVER - EUR,1.0000000000000355,2.700000000000053,OBJECTIF ATTEINT,1.0000000000000355,2021-07-14 18:10:32,22.11,22.01
2021-07-15 03:31:39,SILVER - EUR,2.166666666666568,3.4999999999998224,OBJECTIF ATTEINT,2.166666666666568,2021-07-15 12:09:35,22.19,22.13
2021-07-15 13:36:18,SILVER - EUR,1.714285714285671,4.714285714285671,OBJECTIF ATTEINT,1.714285714285671,2021-07-15 22:14:14,22.28,22.21
2021-07-15 17:39:48,SILVER - GBP,1.1111111111110892,3.0,OBJECTIF ATTEINT,1.1111111111110892,2021-07-16 02:17:44,19.03,18.94
2021-07-15 22:30:58,GOLD - EUR,2.7406679764244144,7.326129666011943,INVALIDÉE,-1.0,2021-07-16 07:08:54,1548.61,1543.52
2021-07-15 23:37:59,GOLD - CHF,1.8832116788321405,6.060218978102176,INVALIDÉE,-1.0,2021-07-16 08:15:55,1680.33,1674.85
2021-07-21 07:32:24,GOLD - AUD,1.394965277777794,4.429687500000024,INVALIDÉE,-1.0,2021-07-21 16:10:20,2480.64,2469.12
2021-07-21 07:32:25,GOLD - NZD,2.220916568742728,3.148061104582927,INVALIDÉE,-1.0,2021-07-21 16:10:21,2621.77,2613.26
2021-07-27 15:42:07,SILVER - CHF,2.312500000000004,5.437500000000002,INVALIDÉE,-1.0,2021-07-28 00:20:03,22.46,22.62
2021-08-03 21:30:57,GOLD - NZD,1.1471502590673637,6.718134715025836,OBJECTIF ATTEINT,1.1471502590673637,2021-08-04 06:08:53,2577.65,2587.3
2021-08-13 06:33:18,GOLD - GBP,2.1975683890575595,7.562310030394662,OBJECTIF ATTEINT,2.1975683890575595,2021-08-13 15:11:14,1274.13,1270.84
2021-08-16 14:40:29,SILVER - NZD,1.3611111111111187,2.5833333333333366,OBJECTIF ATTEINT,1.3611111111111187,2021-08-16 23:18:25,33.85,33.49
2021-08-18 00:55:47,GOLD - AUD,2.4056406685236986,5.691852367688071,INVALIDÉE,-1.0,2021-08-18 09:33:43,2462.58,2433.86
2021-08-18 03:34:31,SILVER - EUR,1.0526315789473772,2.368421052631604,INVALIDÉE,-1.0,2021-08-18 12:12:27,20.29,20.1
2021-08-18 03:34:31,SILVER - EUR,1.0526315789473772,2.368421052631604,INVALIDÉE,-1.0,2021-08-18 12:12:27,20.29,20.1
2021-08-18 03:34:33,SILVER - CAD,1.434782608695642,2.782608695652171,INVALIDÉE,-1.0,2021-08-18 12:12:29,29.98,29.75
2021-08-18 03:34:33,SILVER - CAD,1.434782608695642,2.782608695652171,INVALIDÉE,-1.0,2021-08-18 12:12:29,29.98,29.75
2021-08-23 00:30:24,SILVER - AUD,1.176470588235348,3.82352941176484,INVALIDÉE,-1.0,2021-08-23 09:08:20,32.2,32.37
2021-08-23 14:03:10,GOLD - CAD,1.7084854014598607,4.221715328467138,INVALIDÉE,-1.0,2021-08-23 22:41:06,2294.64,2272.72
2021-08-24 12:32:58,SILVER - CAD,1.6666666666665877,2.999999999999881,OBJECTIF ATTEINT,1.6666666666665877,2021-08-24 21:10:54,29.92,29.83
2021-08-25 04:30:58,GOLD - NZD,1.081830790568611,4.732316227461819,OBJECTIF ATTEINT,1.081830790568611,2021-08-25 13:08:54,2583.83,2591.04
2021-08-26 20:06:08,GOLD - CAD,1.1897246474143586,3.824042981866988,INVALIDÉE,-1.0,2021-08-27 04:44:04,2273.3,2243.52
2021-08-30 11:33:28,SILVER - USD,2.153846153846179,4.769230769230814,INVALIDÉE,-1.0,2021-08-30 20:11:24,24.15,24.02
2021-08-31 03:32:13,GOLD - AUD,1.4263473053892195,3.501796407185641,INVALIDÉE,-1.0,2021-08-31 12:10:09,2486.67,2478.32
2021-08-31 04:33:00,GOLD - USD,1.6269230769231409,2.77884615384626,INVALIDÉE,-1.0,2021-08-31 13:10:56,1814.84,1809.64
2021-08-31 09:32:49,SILVER - CAD,1.3749999999999611,20.74999999999948,INVALIDÉE,-1.0,2021-08-31 18:10:45,30.39,30.31
2021-09-14 04:33:21,GOLD - AUD,1.0385487528344493,1.9040060468631912,OBJECTIF ATTEINT,1.0385487528344493,2021-09-14 13:11:17,2437.63,2424.4
2021-09-14 10:36:20,GOLD - GBP,2.631239935587866,6.515297906602461,INVALIDÉE,-1.0,2021-09-14 19:14:16,1288.66,1294.87
2021-09-14 12:32:32,SILVER - GBP,1.0909090909091057,2.0,INVALIDÉE,-1.0,2021-09-14 21:10:28,17.02,17.13
2021-09-14 12:32:33,SILVER - CHF,2.499999999999881,10.166666666666272,INVALIDÉE,-1.0,2021-09-14 21:10:29,21.74,21.8
2021-09-14 12:32:50,SILVER - USD,1.0434782608695718,4.217391304347829,INVALIDÉE,-1.0,2021-09-14 21:10:46,23.62,23.85
2021-09-17 05:51:54,SILVER - CHF,2.8787878787879024,6.242424242424281,OBJECTIF ATTEINT,2.8787878787879024,2021-09-17 14:29:50,21.26,21.59
2021-09-17 05:51:55,SILVER - AUD,1.5394736842105254,4.749999999999989,OBJECTIF ATTEINT,1.5394736842105254,2021-09-17 14:29:51,31.41,32.17
2021-10-01 02:30:28,GOLD - CAD,1.7593360995850302,4.901798063623722,INVALIDÉE,-1.0,2021-10-01 11:08:24,2230.8,2223.57
2021-10-04 16:36:31,SILVER - EUR,1.4166666666666692,8.083333333333258,INVALIDÉE,-1.0,2021-10-05 01:14:27,19.52,19.4
2021-10-04 19:36:52,SILVER - USD,1.666666666666643,3.5999999999999432,INVALIDÉE,-1.0,2021-10-05 04:14:48,22.6,22.45
2021-10-04 20:30:45,SILVER - CAD,1.2500000000000444,6.750000000000133,INVALIDÉE,-1.0,2021-10-05 05:08:41,28.5,28.42
2021-10-04 20:30:46,SILVER - NZD,1.2307692307692413,3.7692307692308136,INVALIDÉE,-1.0,2021-10-05 05:08:42,32.51,32.25
2021-10-05 23:30:31,SILVER - EUR,1.8999999999999857,9.899999999999844,INVALIDÉE,-1.0,2021-10-06 08:08:27,19.5,19.4
2021-10-07 10:32:58,SILVER - USD,1.1666666666666272,21.833333333332483,OBJECTIF ATTEINT,1.1666666666666272,2021-10-07 19:10:54,22.71,22.65
2021-10-08 18:37:02,GOLD - CAD,1.443298969072062,11.053264604810671,OBJECTIF ATTEINT,1.443298969072062,2021-10-09 03:14:58,2191.74,2197.56
2021-10-11 02:31:17,SILVER - EUR,2.923076923076858,10.230769230769017,INVALIDÉE,-1.0,2021-10-11 11:09:13,19.67,19.54
2021-10-11 04:49:57,GOLD - CAD,1.6907103825136685,3.2030054644808827,INVALIDÉE,-1.0,2021-10-11 13:27:53,2189.29,2225.89
2021-10-13 08:32:46,GOLD - EUR,2.324489795918298,6.714285714285562,OBJECTIF ATTEINT,2.324489795918298,2021-10-13 17:10:42,1529.66,1524.76
2021-10-14 07:32:21,SILVER - EUR,1.6666666666666534,11.777777777777782,OBJECTIF ATTEINT,1.6666666666666534,2021-10-14 16:10:17,19.94,19.85
2021-10-14 07:32:22,SILVER - GBP,1.4000000000000354,5.7000000000001245,OBJECTIF ATTEINT,1.4000000000000354,2021-10-14 16:10:18,16.9,16.8
2021-10-14 10:32:07,SILVER - NZD,1.1379310344827809,4.068965517241415,OBJECTIF ATTEINT,1.1379310344827809,2021-10-14 19:10:03,33.16,32.87
2021-10-20 05:30:25,SILVER - GBP,1.749999999999963,10.166666666666574,OBJECTIF ATTEINT,1.749999999999963,2021-10-20 14:08:21,17.26,17.14
2021-10-20 06:30:57,SILVER - EUR,1.4666666666666968,3.4000000000000425,OBJECTIF ATTEINT,1.4666666666666968,2021-10-20 15:08:53,20.49,20.34
2021-10-20 06:30:58,SILVER - AUD,1.566666666666659,4.433333333333318,OBJECTIF ATTEINT,1.566666666666659,2021-10-20 15:08:54,31.86,31.56
2021-10-20 09:32:53,SILVER - USD,1.62499999999995,10.624999999999728,OBJECTIF ATTEINT,1.62499999999995,2021-10-20 18:10:49,23.89,23.81
2021-10-21 03:50:28,GOLD - NZD,1.780751554474202,3.1335496080021894,INVALIDÉE,-1.0,2021-10-21 12:28:24,2476.8,2513.79
2021-10-21 19:36:13,GOLD - GBP,1.6494845360825052,2.870103092783574,OBJECTIF ATTEINT,1.6494845360825052,2021-10-22 04:14:09,1293.61,1288.76
2021-10-21 22:30:42,GOLD - EUR,1.3587174348697315,3.585170340681376,OBJECTIF ATTEINT,1.3587174348697315,2021-10-22 07:08:38,1534.27,1529.28
2021-10-21 23:30:39,GOLD - USD,1.6214177978883595,6.648567119155234,OBJECTIF ATTEINT,1.6214177978883595,2021-10-22 08:08:35,1785.48,1778.85
2021-10-22 02:30:26,SILVER - AUD,2.4999999999999645,8.099999999999836,OBJECTIF ATTEINT,2.4999999999999645,2021-10-22 11:08:22,32.38,32.28
2021-10-22 12:32:24,GOLD - AUD,1.0757341576507344,3.06027820710986,OBJECTIF ATTEINT,1.0757341576507344,2021-10-22 21:10:20,2399.97,2393.5
2021-11-10 03:31:47,SILVER - AUD,2.9999999999999702,4.833333333333279,OBJECTIF ATTEINT,2.9999999999999702,2021-11-10 12:09:43,33.03,32.79
2021-11-10 16:38:36,SILVER - CHF,1.4687499999999951,2.374999999999992,INVALIDÉE,-1.0,2021-11-11 01:16:32,22.92,22.6
2021-11-11 04:30:28,SILVER - AUD,2.6153846153845355,6.538461538461421,OBJECTIF ATTEINT,2.6153846153845355,2021-11-11 13:08:24,33.85,33.72
2021-11-11 05:31:14,SILVER - CHF,1.1666666666666534,5.0,OBJECTIF ATTEINT,1.1666666666666534,2021-11-11 14:09:10,22.78,22.6
2021-11-11 05:31:24,SILVER - USD,1.4166666666666754,4.166666666666694,OBJECTIF ATTEINT,1.4166666666666754,2021-11-11 14:09:20,24.79,24.55
2021-11-11 06:30:39,SILVER - EUR,1.0999999999999788,6.099999999999907,OBJECTIF ATTEINT,1.0999999999999788,2021-11-11 15:08:35,21.68,21.58
2021-11-12 15:38:30,SILVER - CHF,1.2999999999999987,3.13333333333333,INVALIDÉE,-1.0,2021-11-13 00:16:26,23.29,22.99
2021-11-12 19:37:17,SILVER - USD,2.4736842105262933,5.421052631578917,INVALIDÉE,-1.0,2021-11-13 04:15:13,25.32,25.13
2021-11-14 23:31:11,GOLD - NZD,1.1358173076923803,10.673076923077318,INVALIDÉE,-1.0,2021-11-15 08:09:07,2648.99,2640.67
2021-11-16 05:30:38,GOLD - GBP,2.8181818181818485,6.5307917888563605,INVALIDÉE,-1.0,2021-11-16 14:08:34,1390.26,1383.44
2021-11-19 08:32:54,SILVER - GBP,2.1428571428571392,3.6428571428571392,INVALIDÉE,-1.0,2021-11-19 17:10:50,18.34,18.48
2021-11-19 08:33:13,SILVER - USD,1.1176470588235048,4.23529411764701,OBJECTIF ATTEINT,1.1176470588235048,2021-11-19 17:11:09,24.74,24.91
2021-11-22 06:30:28,GOLD - NZD,2.26594301221174,4.16960651289016,OBJECTIF ATTEINT,2.26594301221174,2021-11-22 15:08:24,2633.3,2640.67
2021-11-30 13:32:38,GOLD - EUR,2.796477495107556,7.170254403130912,INVALIDÉE,-1.0,2021-11-30 22:10:34,1576.85,1581.96
2021-12-01 15:38:26,SILVER - EUR,1.0999999999999917,3.366666666666652,OBJECTIF ATTEINT,1.0999999999999917,2021-12-02 00:16:22,20.02,20.32
2021-12-02 09:33:03,GOLD - USD,1.0906768837803376,5.501915708812303,OBJECTIF ATTEINT,1.0906768837803376,2021-12-02 18:10:59,1770.99,1778.82
2021-12-03 11:32:42,SILVER - EUR,1.6666666666665089,24.333333333332305,OBJECTIF ATTEINT,1.6666666666665089,2021-12-03 20:10:38,19.74,19.77
2021-12-08 15:38:20,SILVER - GBP,1.1250000000000222,3.750000000000089,INVALIDÉE,-1.0,2021-12-09 00:16:16,16.99,16.91
2021-12-09 05:31:00,GOLD - GBP,1.1975736568457718,7.166377816291208,INVALIDÉE,-1.0,2021-12-09 14:08:56,1352.1,1346.33
2021-12-13 07:30:31,GOLD - CAD,1.0786749482401894,1.8933747412008528,OBJECTIF ATTEINT,1.0786749482401894,2021-12-13 16:08:27,2275.29,2265.63
2021-12-17 07:30:39,SILVER - CAD,1.2941176470588518,8.705882352941273,OBJECTIF ATTEINT,1.2941176470588518,2021-12-17 16:08:35,28.83,28.66
2021-12-17 08:33:14,SILVER - CHF,1.000000000000027,6.000000000000055,INVALIDÉE,-1.0,2021-12-17 17:11:10,20.81,20.68
2021-12-22 09:32:34,SILVER - EUR,2.0,3.444444444444436,OBJECTIF ATTEINT,2.0,2021-12-22 18:10:30,20.0,19.91
2021-12-22 15:38:54,SILVER - USD,2.0000000000000444,17.375000000000377,OBJECTIF ATTEINT,2.0000000000000444,2021-12-23 00:16:50,22.63,22.55
2021-12-27 20:36:17,SILVER - EUR,2.0,4.124999999999997,OBJECTIF ATTEINT,2.0,2021-12-28 05:14:13,20.34,20.18
2021-12-27 20:36:19,SILVER - NZD,1.6451612903226227,6.967741935483992,OBJECTIF ATTEINT,1.6451612903226227,2021-12-28 05:14:15,33.8,33.49
2021-12-28 07:30:30,SILVER - AUD,1.8333333333333268,7.0,OBJECTIF ATTEINT,1.8333333333333268,2021-12-28 16:08:26,31.93,31.75
2021-12-29 06:30:31,SILVER - EUR,1.6428571428571392,3.9285714285714177,INVALIDÉE,-1.0,2021-12-29 15:08:27,20.45,20.31
2021-12-29 06:30:33,SILVER - AUD,1.039999999999992,4.759999999999991,INVALIDÉE,-1.0,2021-12-29 15:08:29,32.0,31.75
2021-12-29 06:30:34,SILVER - CAD,1.777777777777782,3.722222222222218,INVALIDÉE,-1.0,2021-12-29 15:08:30,29.64,29.46
2021-12-29 06:30:35,SILVER - NZD,1.0357142857142785,6.928571428571392,INVALIDÉE,-1.0,2021-12-29 15:08:31,34.02,33.74
2021-12-29 08:32:37,SILVER - GBP,2.2499999999999445,3.2499999999999,INVALIDÉE,-1.0,2021-12-29 17:10:33,17.23,17.15
2021-12-29 08:32:38,SILVER - CHF,1.3157894736842262,1.94736842105266,INVALIDÉE,-1.0,2021-12-29 17:10:34,21.22,21.03
2021-12-29 08:32:57,SILVER - USD,1.0,2.843749999999998,INVALIDÉE,-1.0,2021-12-29 17:10:53,23.11,22.79
2021-12-30 05:30:27,GOLD - AUD,1.1454545454545373,4.841818181818201,INVALIDÉE,-1.0,2021-12-30 14:08:23,2480.23,2491.23
2022-01-03 10:32:33,SILVER - EUR,1.1250000000000222,2.3750000000000666,INVALIDÉE,-1.0,2022-01-03 19:10:29,20.49,20.41
2022-01-03 10:32:34,SILVER - GBP,1.1428571428571646,2.714285714285721,INVALIDÉE,-1.0,2022-01-03 19:10:30,17.22,17.15
2022-01-07 16:38:21,GOLD - EUR,1.860355029585792,4.590532544378669,INVALIDÉE,-1.0,2022-01-08 01:16:17,1579.34,1587.79
2022-01-13 01:30:27,SILVER - CHF,1.571428571428557,5.714285714285671,INVALIDÉE,-1.0,2022-01-13 10:08:23,21.19,21.12
2022-01-14 07:30:41,SILVER - USD,1.0000000000000295,3.250000000000074,OBJECTIF ATTEINT,1.0000000000000295,2022-01-14 16:08:37,23.15,23.03
2022-01-18 01:40:25,SILVER - GBP,2.333333333333196,4.166666666666509,INVALIDÉE,-1.0,2022-01-18 10:18:21,16.92,16.86
2022-01-19 09:32:41,GOLD - GBP,1.5203761755485348,3.416927899686419,OBJECTIF ATTEINT,1.5203761755485348,2022-01-19 18:10:37,1335.43,1332.24
2022-01-21 21:33:00,GOLD - CAD,1.2819343065693138,4.504562043795596,OBJECTIF ATTEINT,1.2819343065693138,2022-01-22 06:10:56,2304.51,2293.55
2022-01-27 16:48:25,GOLD - AUD,2.414035087719232,3.226900584795217,INVALIDÉE,-1.0,2022-01-28 01:26:21,2545.87,2554.42
2022-01-31 03:40:33,SILVER - NZD,1.047619047619038,2.4761904761904474,INVALIDÉE,-1.0,2022-01-31 12:18:29,34.01,34.22
2022-02-01 00:39:56,SILVER - EUR,1.777777777777782,3.777777777777782,INVALIDÉE,-1.0,2022-02-01 09:17:52,20.0,20.09
2022-02-03 00:40:14,SILVER - GBP,2.076923076923117,4.692307692307751,OBJECTIF ATTEINT,2.076923076923117,2022-02-03 09:18:10,16.67,16.8
2022-02-07 00:51:45,GOLD - CAD,1.2363128491620423,2.3703910614525783,OBJECTIF ATTEINT,1.2363128491620423,2022-02-07 09:29:41,2311.45,2293.55
2022-02-09 03:39:53,SILVER - EUR,1.2857142857142785,8.857142857142835,INVALIDÉE,-1.0,2022-02-09 12:17:49,20.38,20.31
2022-02-09 20:45:40,SILVER - EUR,1.2857142857142785,8.857142857142835,OBJECTIF ATTEINT,1.2857142857142785,2022-02-10 05:23:36,20.38,20.31
2022-02-10 18:45:57,GOLD - USD,2.1347962382444603,4.796238244514011,INVALIDÉE,-1.0,2022-02-11 03:23:53,1835.93,1829.55
2022-02-11 01:06:12,GOLD - CHF,1.1113689095127657,1.99211136890952,OBJECTIF ATTEINT,1.1113689095127657,2022-02-11 09:44:08,1690.33,1668.78
2022-02-11 09:32:54,GOLD - CHF,1.2827988338192873,2.7973760932945093,OBJECTIF ATTEINT,1.2827988338192873,2022-02-11 18:10:50,1695.09,1688.23
2022-02-16 07:06:10,GOLD - GBP,1.047805302042596,2.540199913081272,OBJECTIF ATTEINT,1.047805302042596,2022-02-16 15:44:06,1369.34,1346.33
2022-02-16 07:06:22,GOLD - USD,2.0292442081275928,2.231674895556386,OBJECTIF ATTEINT,2.0292442081275928,2022-02-16 15:44:18,1855.88,1829.55
2022-02-16 14:20:56,GOLD - EUR,1.18526315789474,1.855263157894737,OBJECTIF ATTEINT,1.18526315789474,2022-02-16 22:58:52,1636.84,1579.84
2022-02-21 00:39:54,SILVER - CHF,1.0000000000000395,5.666666666666693,INVALIDÉE,-1.0,2022-02-21 09:17:50,22.08,21.99
2022-02-21 18:39:53,SILVER - CAD,2.555555555555564,7.1111111111111285,OBJECTIF ATTEINT,2.555555555555564,2022-02-22 03:17:49,30.49,30.31
2022-02-22 01:39:35,GOLD - EUR,2.067615658362989,4.843416370106742,INVALIDÉE,-1.0,2022-02-22 10:17:31,1688.15,1676.91
2022-02-22 16:48:01,SILVER - CAD,2.450000000000019,4.35000000000002,INVALIDÉE,-1.0,2022-02-23 01:25:57,30.9,30.7
2022-02-22 17:46:03,SILVER - AUD,2.5217391304348094,8.04347826086968,INVALIDÉE,-1.0,2022-02-23 02:23:59,33.61,33.38
2022-02-23 16:48:20,GOLD - CHF,1.650028360748709,7.486103233125296,OBJECTIF ATTEINT,1.650028360748709,2022-02-24 01:26:16,1750.89,1733.26
2022-02-24 00:39:15,GOLD - EUR,1.5692982456140314,4.306140350877151,OBJECTIF ATTEINT,1.5692982456140314,2022-02-24 09:17:11,1693.5,1682.1
2022-02-28 00:51:52,GOLD - NZD,2.333557046979886,7.751677852349064,INVALIDÉE,-1.0,2022-02-28 09:29:48,2865.39,2835.59
2022-03-01 14:19:56,GOLD - USD,1.3903938520653254,2.897790585975025,OBJECTIF ATTEINT,1.3903938520653254,2022-03-01 22:57:52,1918.58,1866.53
2022-03-02 23:40:29,SILVER - AUD,2.849999999999961,3.94999999999994,INVALIDÉE,-1.0,2022-03-03 08:18:25,34.67,34.47
2022-03-03 00:40:18,SILVER - NZD,2.791666666666621,3.874999999999967,INVALIDÉE,-1.0,2022-03-03 09:18:14,37.27,37.03
2022-03-04 01:39:51,SILVER - EUR,1.769230769230786,6.230769230769296,OBJECTIF ATTEINT,1.769230769230786,2022-03-04 10:17:47,22.83,22.7
2022-03-07 09:42:08,SILVER - CHF,1.0571428571428556,3.0857142857142685,INVALIDÉE,-1.0,2022-03-07 18:20:04,24.0,23.65
2022-03-08 12:42:12,GOLD - AUD,2.717151454362989,9.872617853560412,OBJECTIF ATTEINT,2.717151454362989,2022-03-08 21:20:08,2763.3,2753.33
2022-03-08 13:32:56,SILVER - GBP,1.0666666666666778,2.6000000000000285,OBJECTIF ATTEINT,1.0666666666666778,2022-03-08 22:10:52,20.08,19.78
2022-03-08 13:32:58,GOLD - CAD,2.117927170868335,4.76022408963582,OBJECTIF ATTEINT,2.117927170868335,2022-03-08 22:10:54,2586.19,2550.49
2022-03-08 13:32:59,SILVER - NZD,1.1428571428571392,2.357142857142848,OBJECTIF ATTEINT,1.1428571428571392,2022-03-08 22:10:55,38.5,37.94
2022-03-14 09:33:26,GOLD - USD,2.0074626865671235,6.162686567164132,OBJECTIF ATTEINT,2.0074626865671235,2022-03-14 18:11:22,1964.11,1970.81
2022-03-15 04:40:23,GOLD - CAD,1.0422353850115855,1.5439093484419246,OBJECTIF ATTEINT,1.0422353850115855,2022-03-15 13:18:19,2488.25,2527.08
2022-03-15 06:40:30,GOLD - NZD,1.994327850255304,3.594441293250232,OBJECTIF ATTEINT,1.994327850255304,2022-03-15 15:18:26,2864.84,2882.47
2022-03-18 19:45:51,GOLD - EUR,2.193675889328069,17.549407114624685,INVALIDÉE,-1.0,2022-03-19 04:23:47,1737.53,1742.59
2022-03-24 00:30:31,GOLD - EUR,1.711281070745701,10.04780114722749,OBJECTIF ATTEINT,1.711281070745701,2022-03-24 09:08:27,1770.2,1764.97
2022-03-24 13:33:28,GOLD - CHF,2.0482456140350944,4.890350877193031,INVALIDÉE,-1.0,2022-03-24 22:11:24,1820.51,1815.95
2022-03-30 09:41:54,GOLD - CHF,1.4963041182682189,4.623020063357957,INVALIDÉE,-1.0,2022-03-30 18:19:50,1777.04,1786.51
2022-03-31 04:40:23,SILVER - CHF,2.857142857142933,8.785714285714477,INVALIDÉE,-1.0,2022-03-31 13:18:19,22.76,22.9
2022-04-08 17:36:35,SILVER - GBP,1.6250000000000666,5.250000000000133,OBJECTIF ATTEINT,1.6250000000000666,2022-04-09 02:14:31,18.97,18.89
2022-04-08 17:36:36,SILVER - AUD,2.142857142857165,7.428571428571392,OBJECTIF ATTEINT,2.142857142857165,2022-04-09 02:14:32,33.15,33.01
2022-04-08 17:36:49,SILVER - USD,1.071428571428557,1.7142857142856962,OBJECTIF ATTEINT,1.071428571428557,2022-04-09 02:14:45,24.71,24.57
2022-04-11 07:41:50,SILVER - GBP,1.777777777777782,6.333333333333346,OBJECTIF ATTEINT,1.777777777777782,2022-04-11 16:19:46,19.07,18.89
2022-04-11 07:42:09,SILVER - USD,1.2000000000000357,2.600000000000071,OBJECTIF ATTEINT,1.2000000000000357,2022-04-11 16:20:05,24.83,24.73
2022-04-12 02:40:03,SILVER - CHF,2.1818181818181084,3.0909090909090056,INVALIDÉE,-1.0,2022-04-12 11:17:59,23.44,23.33
2022-04-12 02:40:15,SILVER - USD,3.0,5.999999999999949,INVALIDÉE,-1.0,2022-04-12 11:18:11,25.16,25.09
2022-04-12 03:40:15,GOLD - USD,1.3282352941176427,10.05647058823527,OBJECTIF ATTEINT,1.3282352941176427,2022-04-12 12:18:11,1958.39,1949.89
2022-04-12 05:40:07,GOLD - GBP,1.7478991596638556,4.168067226890747,OBJECTIF ATTEINT,1.7478991596638556,2022-04-12 14:18:03,1503.51,1498.75
2022-04-12 20:24:17,SILVER - CHF,1.3055555555555416,2.555555555555529,OBJECTIF ATTEINT,1.3055555555555416,2022-04-13 05:02:13,23.69,23.33
2022-04-13 02:40:02,SILVER - CAD,1.181818181818179,4.181818181818211,OBJECTIF ATTEINT,1.181818181818179,2022-04-13 11:17:58,32.22,32.0
2022-04-13 02:40:03,SILVER - NZD,1.4782608695652524,7.478260869565314,OBJECTIF ATTEINT,1.4782608695652524,2022-04-13 11:17:59,37.19,36.96
2022-04-14 22:40:09,SILVER - AUD,2.555555555555424,9.88888888888852,OBJECTIF ATTEINT,2.555555555555424,2022-04-15 07:18:05,34.57,34.48
2022-04-15 20:40:08,SILVER - CHF,1.166666666666652,3.8055555555555167,OBJECTIF ATTEINT,1.166666666666652,2022-04-16 05:18:04,24.19,23.83
2022-04-19 12:41:42,SILVER - NZD,1.1842105263157705,3.578947368421027,INVALIDÉE,-1.0,2022-04-19 21:19:38,38.46,38.08
2022-04-20 04:03:29,SILVER - CHF,1.461538461538449,3.288461538461513,INVALIDÉE,-1.0,2022-04-20 12:41:25,23.85,23.33
2022-04-21 07:42:09,SILVER - USD,2.571428571428557,5.428571428571392,OBJECTIF ATTEINT,2.571428571428557,2022-04-21 16:20:05,25.06,25.13
2022-04-21 08:41:43,GOLD - GBP,1.4696969696969462,2.25454545454539,INVALIDÉE,-1.0,2022-04-21 17:19:39,1490.55,1497.15
2022-04-22 09:41:44,SILVER - NZD,1.032258064516146,4.225806451612977,INVALIDÉE,-1.0,2022-04-22 18:19:40,36.27,36.58
2022-04-22 10:41:34,SILVER - GBP,2.050000000000008,4.30000000000003,INVALIDÉE,-1.0,2022-04-22 19:19:30,18.69,18.89
2022-05-06 11:41:34,GOLD - GBP,1.0393162393162023,3.080341880341805,OBJECTIF ATTEINT,1.0393162393162023,2022-05-06 20:19:30,1524.19,1518.34
2022-05-06 20:39:37,GOLD - CAD,1.8685208596713616,6.596713021491941,INVALIDÉE,-1.0,2022-05-07 05:17:33,2430.49,2422.58
2022-05-10 23:39:38,GOLD - GBP,1.8810872027180368,5.1166477916195285,INVALIDÉE,-1.0,2022-05-11 08:17:34,1492.23,1501.06
2022-05-10 23:39:39,GOLD - CAD,1.4275782155271788,4.614136732328992,INVALIDÉE,-1.0,2022-05-11 08:17:35,2393.7,2402.33
2022-05-20 17:44:20,GOLD - NZD,1.067827130852348,2.398559423769531,INVALIDÉE,-1.0,2022-05-21 02:22:16,2887.27,2870.61
2022-05-23 02:39:02,GOLD - EUR,1.5039001560062366,2.6926677067082325,INVALIDÉE,-1.0,2022-05-23 11:16:58,1749.0,1742.59
2022-05-23 05:39:33,SILVER - CAD,2.2000000000000712,9.70000000000023,INVALIDÉE,-1.0,2022-05-23 14:17:29,28.04,27.94
2022-05-24 04:39:10,GOLD - CAD,1.9823899371069336,3.3484276729560376,OBJECTIF ATTEINT,1.9823899371069336,2022-05-24 13:17:06,2376.73,2368.78
2022-05-30 05:39:26,SILVER - EUR,1.142857142857114,2.9999999999999494,INVALIDÉE,-1.0,2022-05-30 14:17:22,20.67,20.6
2022-05-30 05:39:40,SILVER - USD,1.4666666666666968,8.800000000000086,INVALIDÉE,-1.0,2022-05-30 14:17:36,22.22,22.07
2022-05-31 21:39:27,SILVER - NZD,2.37931034482761,6.482758620689683,INVALIDÉE,-1.0,2022-06-01 06:17:23,33.06,33.35
2022-05-31 21:39:36,SILVER - USD,1.4444444444444358,4.666666666666673,INVALIDÉE,-1.0,2022-06-01 06:17:32,21.54,21.72
2022-05-31 22:38:55,SILVER - EUR,1.9999999999999831,2.523809523809519,INVALIDÉE,-1.0,2022-06-01 07:16:51,20.09,20.3
2022-06-09 08:40:57,SILVER - EUR,2.6249999999999503,3.7499999999999214,OBJECTIF ATTEINT,2.6249999999999503,2022-06-09 17:18:53,20.54,20.62
2022-06-09 19:44:25,GOLD - CHF,1.547468354430391,5.534810126582337,OBJECTIF ATTEINT,1.547468354430391,2022-06-10 04:22:21,1811.23,1804.91
2022-06-13 20:38:55,SILVER - USD,2.2222222222222374,5.944444444444455,INVALIDÉE,-1.0,2022-06-14 05:16:51,21.1,21.28
2022-06-14 15:38:58,SILVER - CAD,1.0000000000000322,7.909090909090959,INVALIDÉE,-1.0,2022-06-15 00:16:54,27.1,27.21
2022-06-17 08:31:27,SILVER - CAD,2.6315789473684035,10.26315789473677,INVALIDÉE,-1.0,2022-06-17 17:09:23,28.41,28.22
2022-06-17 08:31:45,SILVER - USD,1.833333333333363,6.333333333333452,INVALIDÉE,-1.0,2022-06-17 17:09:41,21.91,21.85
2022-06-23 05:30:03,SILVER - CAD,2.4545454545454954,3.545454545454569,INVALIDÉE,-1.0,2022-06-23 14:07:59,27.6,27.71
2022-06-24 10:31:19,SILVER - EUR,2.5000000000000444,10.1250000000002,INVALIDÉE,-1.0,2022-06-24 19:09:15,19.82,19.9
2022-06-24 10:31:20,SILVER - CHF,2.090909090909105,8.818181818181854,INVALIDÉE,-1.0,2022-06-24 19:09:16,20.0,20.11
2022-06-24 10:31:21,SILVER - AUD,1.6153846153845628,7.615384615384453,INVALIDÉE,-1.0,2022-06-24 19:09:17,30.24,30.37
2022-06-24 11:54:03,SILVER - NZD,1.54901960784312,3.8823529411764257,OBJECTIF ATTEINT,1.54901960784312,2022-06-24 20:31:59,33.16,33.67
2022-06-28 04:00:09,SILVER - CAD,1.1052631578947412,2.192982456140357,OBJECTIF ATTEINT,1.1052631578947412,2022-06-28 12:38:05,27.26,28.4
2022-06-29 04:00:10,SILVER - AUD,1.8499999999999948,4.866666666666658,OBJECTIF ATTEINT,1.8499999999999948,2022-06-29 12:38:06,30.16,30.76
2022-06-30 04:00:11,SILVER - GBP,1.8974358974358907,2.307692307692301,OBJECTIF ATTEINT,1.8974358974358907,2022-06-30 12:38:07,17.08,17.47
2022-06-30 10:40:21,SILVER - AUD,1.0,11.444444444444477,OBJECTIF ATTEINT,1.0,2022-06-30 19:18:17,29.94,30.03
2022-06-30 23:12:03,SILVER - NZD,2.1525423728813746,5.322033898305125,OBJECTIF ATTEINT,2.1525423728813746,2022-07-01 07:49:59,32.45,33.04
2022-07-05 12:06:58,GOLD - NZD,2.003263530051682,4.507206962197446,INVALIDÉE,-1.0,2022-07-05 20:44:54,2930.66,2893.89
2022-07-19 20:30:52,SILVER - GBP,2.8749999999999805,8.49999999999999,INVALIDÉE,-1.0,2022-07-20 05:08:48,15.62,15.7
2022-08-01 19:36:50,GOLD - CHF,1.0103591160221057,6.835635359116015,OBJECTIF ATTEINT,1.0103591160221057,2022-08-02 04:14:46,1683.26,1668.78
2022-08-02 10:31:29,SILVER - EUR,1.9999999999999705,9.833333333333249,INVALIDÉE,-1.0,2022-08-02 19:09:25,19.82,19.7
2022-08-02 15:37:12,GOLD - USD,2.5501263689974945,7.497893850042192,INVALIDÉE,-1.0,2022-08-03 00:15:08,1781.58,1769.71
2022-08-03 19:35:46,GOLD - GBP,1.0571428571428685,3.384331797235054,OBJECTIF ATTEINT,1.0571428571428685,2022-08-04 04:13:42,1453.26,1442.41
2022-08-04 00:29:44,GOLD - EUR,1.2588495575220908,3.4004424778760955,OBJECTIF ATTEINT,1.2588495575220908,2022-08-04 09:07:40,1736.9,1732.38
2022-08-17 15:42:58,SILVER - EUR,2.142857142857114,4.714285714285671,INVALIDÉE,-1.0,2022-08-18 00:20:54,19.4,19.47
2022-08-17 21:34:47,GOLD - GBP,1.6553106212424802,8.997995991983924,INVALIDÉE,-1.0,2022-08-18 06:12:43,1461.54,1466.53
2022-08-22 12:31:44,SILVER - GBP,2.6363636363636584,6.545454545454585,INVALIDÉE,-1.0,2022-08-22 21:09:40,15.98,16.09
2022-08-26 04:31:23,SILVER - EUR,1.199999999999957,5.7999999999999,INVALIDÉE,-1.0,2022-08-26 13:09:19,19.34,19.29
2022-08-26 04:31:24,SILVER - GBP,1.600000000000128,5.000000000000284,INVALIDÉE,-1.0,2022-08-26 13:09:20,16.31,16.26
2022-08-26 04:31:37,SILVER - USD,2.277777777777782,3.666666666666673,INVALIDÉE,-1.0,2022-08-26 13:09:33,19.28,19.1
2022-08-26 06:29:51,SILVER - CHF,1.3750000000000666,5.000000000000133,INVALIDÉE,-1.0,2022-08-26 15:07:47,18.56,18.48
2022-08-26 06:29:52,GOLD - CAD,1.92480211081798,3.204485488126675,INVALIDÉE,-1.0,2022-08-26 15:07:48,2275.96,2268.38
2022-08-31 09:07:42,SILVER - CHF,1.3799999999999957,2.639999999999993,INVALIDÉE,-1.0,2022-08-31 17:45:38,17.74,18.24
2022-08-31 21:29:39,GOLD - CHF,1.1685214626391385,2.470588235294126,OBJECTIF ATTEINT,1.1685214626391385,2022-09-01 06:07:35,1671.2,1677.49
2022-09-06 04:30:01,GOLD - EUR,1.2057926829268515,2.4512195121951312,INVALIDÉE,-1.0,2022-09-06 13:07:57,1726.51,1719.95
2022-09-06 04:30:02,SILVER - GBP,1.7857142857142785,2.714285714285696,INVALIDÉE,-1.0,2022-09-06 13:07:58,15.84,15.7
2022-09-06 05:29:27,SILVER - AUD,1.6666666666666496,2.6666666666666496,OBJECTIF ATTEINT,1.6666666666666496,2022-09-06 14:07:23,26.89,26.68
2022-09-06 06:29:37,GOLD - CHF,1.6703499079189374,3.5027624309391823,INVALIDÉE,-1.0,2022-09-06 15:07:33,1681.79,1676.36
2022-09-07 16:35:44,SILVER - AUD,1.222222222222218,3.444444444444476,OBJECTIF ATTEINT,1.222222222222218,2022-09-08 01:13:40,27.13,27.04
2022-09-07 17:36:05,SILVER - GBP,1.4444444444444071,2.8888888888888142,OBJECTIF ATTEINT,1.4444444444444071,2022-09-08 02:14:01,15.96,15.87
2022-09-09 02:29:36,SILVER - AUD,1.2307692307692413,11.69230769230778,INVALIDÉE,-1.0,2022-09-09 11:07:32,27.57,27.44
2022-09-09 02:49:28,GOLD - CHF,1.206547619047628,2.138392857142867,OBJECTIF ATTEINT,1.206547619047628,2022-09-09 11:27:24,1659.13,1692.73
2022-09-09 17:34:32,SILVER - CAD,1.666666666666643,10.06666666666651,OBJECTIF ATTEINT,1.666666666666643,2022-09-10 02:12:28,24.55,24.4
2022-09-09 19:34:42,SILVER - NZD,1.666666666666647,9.083333333333258,OBJECTIF ATTEINT,1.666666666666647,2022-09-10 04:12:38,30.78,30.54
2022-09-09 20:29:35,SILVER - EUR,1.4347826086956577,5.826086956521728,OBJECTIF ATTEINT,1.4347826086956577,2022-09-10 05:07:31,18.72,18.49
2022-09-14 19:35:26,GOLD - GBP,2.9066147859923004,10.223735408560556,OBJECTIF ATTEINT,2.9066147859923004,2022-09-15 04:13:22,1469.19,1474.33
2022-09-14 21:29:54,SILVER - CHF,1.2857142857142785,17.428571428571342,INVALIDÉE,-1.0,2022-09-15 06:07:50,18.89,18.82
2022-09-15 02:49:52,GOLD - USD,1.1942415126772603,3.074774387623535,OBJECTIF ATTEINT,1.1942415126772603,2022-09-15 11:27:48,1694.37,1740.91
2022-09-21 18:34:50,SILVER - CHF,1.999999999999929,23.39999999999963,INVALIDÉE,-1.0,2022-09-22 03:12:46,18.94,18.89
2022-09-22 08:31:53,SILVER - USD,1.8333333333332544,6.166666666666449,INVALIDÉE,-1.0,2022-09-22 17:09:49,19.64,19.58
2022-09-22 19:35:17,GOLD - GBP,1.068062827225189,9.568062827225338,OBJECTIF ATTEINT,1.068062827225189,2022-09-23 04:13:13,1485.85,1482.03
2022-09-22 19:35:30,SILVER - USD,1.1249999999999722,4.3749999999999165,INVALIDÉE,-1.0,2022-09-23 04:13:26,19.66,19.58
2022-09-22 22:30:47,SILVER - EUR,1.8000000000000995,20.600000000001195,INVALIDÉE,-1.0,2022-09-23 07:08:43,19.97,19.92
2022-09-25 23:29:31,GOLD - NZD,1.3801652892561544,4.767217630853868,OBJECTIF ATTEINT,1.3801652892561544,2022-09-26 08:07:27,2861.9,2854.64
2022-09-26 14:36:04,GOLD - AUD,1.4695787831513707,6.77379095163823,INVALIDÉE,-1.0,2022-09-26 23:14:00,2528.68,2522.27
2022-09-26 20:30:34,SILVER - AUD,2.5999999999999432,11.599999999999836,INVALIDÉE,-1.0,2022-09-27 05:08:30,28.4,28.5
2022-09-26 22:30:05,SILVER - CHF,1.1333333333333555,7.000000000000071,INVALIDÉE,-1.0,2022-09-27 07:08:01,18.28,18.43
2022-09-26 22:30:07,SILVER - CAD,1.7058823529411544,2.647058823529381,INVALIDÉE,-1.0,2022-09-27 07:08:03,25.25,25.42
2022-09-27 21:29:17,SILVER - GBP,1.142857142857114,3.4285714285713924,OBJECTIF ATTEINT,1.142857142857114,2022-09-28 06:07:13,17.13,17.2
2022-09-28 07:33:33,SILVER - AUD,2.124999999999928,13.374999999999694,INVALIDÉE,-1.0,2022-09-28 16:11:29,28.31,28.39
2022-09-29 21:29:09,SILVER - AUD,1.4117647058823295,3.411764705882309,OBJECTIF ATTEINT,1.4117647058823295,2022-09-30 06:07:05,28.96,28.79
2022-09-30 06:29:08,GOLD - NZD,2.0875286041190586,5.167620137299922,OBJECTIF ATTEINT,2.0875286041190586,2022-09-30 15:07:04,2913.99,2896.51
2022-10-03 03:29:26,SILVER - EUR,1.428571428571443,6.999999999999949,OBJECTIF ATTEINT,1.428571428571443,2022-10-03 12:07:22,19.57,19.5
2022-10-03 17:35:15,GOLD - NZD,1.8441627047015643,6.707871104067676,OBJECTIF ATTEINT,1.8441627047015643,2022-10-04 02:13:11,2969.41,2950.48
2022-10-06 04:29:22,GOLD - EUR,2.517467248908331,14.537117903930346,OBJECTIF ATTEINT,2.517467248908331,2022-10-06 13:07:18,1738.25,1733.67
2022-10-07 02:29:17,SILVER - CAD,1.0,4.604651162790701,INVALIDÉE,-1.0,2022-10-07 11:07:13,28.36,27.93
2022-10-10 07:31:16,GOLD - AUD,1.5845771144278784,5.985903814262055,INVALIDÉE,-1.0,2022-10-10 16:09:12,2668.0,2655.94
2022-10-11 07:31:34,SILVER - CHF,1.9166666666666248,3.833333333333279,OBJECTIF ATTEINT,1.9166666666666248,2022-10-11 16:09:30,19.4,19.52
2022-10-11 19:35:17,SILVER - CHF,1.874999999999939,7.499999999999845,OBJECTIF ATTEINT,1.874999999999939,2022-10-12 04:13:13,19.09,19.17
2022-10-11 21:30:43,SILVER - EUR,1.6428571428571392,4.142857142857139,OBJECTIF ATTEINT,1.6428571428571392,2022-10-12 06:08:39,19.73,19.87
2022-10-13 18:35:04,SILVER - NZD,2.5499999999999536,11.499999999999822,OBJECTIF ATTEINT,2.5499999999999536,2022-10-14 03:13:00,33.48,33.68
2022-10-14 09:31:32,SILVER - USD,1.41176470588238,5.058823529411837,OBJECTIF ATTEINT,1.41176470588238,2022-10-14 18:09:28,18.69,18.86
2022-10-14 12:31:14,SILVER - CAD,1.0175438596491255,3.4210526315789505,OBJECTIF ATTEINT,1.0175438596491255,2022-10-14 21:09:10,25.78,26.35
2022-10-17 15:36:32,GOLD - GBP,1.2011764705882129,4.584705882352917,INVALIDÉE,-1.0,2022-10-18 00:14:28,1455.61,1464.11
2022-10-24 19:35:06,SILVER - GBP,2.2857142857143944,6.714285714286063,INVALIDÉE,-1.0,2022-10-25 04:13:02,17.08,17.01
2022-10-31 19:35:41,GOLD - USD,1.056092843326878,2.046421663442897,INVALIDÉE,-1.0,2022-11-01 04:13:37,1633.04,1638.21
2022-11-04 03:29:39,SILVER - EUR,2.70833333333336,3.8333333333333655,OBJECTIF ATTEINT,2.70833333333336,2022-11-04 12:07:35,20.08,19.84
2022-11-04 03:29:41,SILVER - CHF,1.0,4.500000000000089,OBJECTIF ATTEINT,1.0,2022-11-04 12:07:37,19.84,19.78
2022-11-08 13:32:50,SILVER - USD,2.0999999999999788,7.499999999999893,OBJECTIF ATTEINT,2.0999999999999788,2022-11-08 22:10:46,20.8,20.7
2022-11-08 21:48:55,GOLD - AUD,1.2456978967495151,2.5979923518164303,INVALIDÉE,-1.0,2022-11-09 06:26:51,2632.76,2611.84
2022-11-10 11:31:27,SILVER - AUD,1.4848484848484451,6.545454545454428,OBJECTIF ATTEINT,1.4848484848484451,2022-11-10 20:09:23,32.99,32.66
2022-11-11 05:29:32,SILVER - USD,2.7894736842105137,3.4210526315789167,INVALIDÉE,-1.0,2022-11-11 14:07:28,21.73,21.54
2022-11-14 16:06:51,SILVER - AUD,2.024390243902452,6.097560975609807,INVALIDÉE,-1.0,2022-11-15 00:44:47,32.65,32.24
2022-11-16 11:55:26,SILVER - CAD,1.525641025641032,3.3205128205128305,INVALIDÉE,-1.0,2022-11-16 20:33:22,29.15,28.37
2022-11-16 19:34:58,SILVER - GBP,1.6363636363636744,4.636363636363675,OBJECTIF ATTEINT,1.6363636363636744,2022-11-17 04:12:54,18.01,18.12
2022-11-17 16:05:48,GOLD - AUD,1.1467811158798171,2.6655221745350253,INVALIDÉE,-1.0,2022-11-18 00:43:44,2647.03,2612.08
2022-11-18 00:29:35,GOLD - NZD,2.101694915254197,5.161016949152419,OBJECTIF ATTEINT,2.101694915254197,2022-11-18 09:07:31,2871.79,2880.05
2022-11-18 10:31:15,GOLD - GBP,1.524464831804294,4.172782874617755,OBJECTIF ATTEINT,1.524464831804294,2022-11-18 19:09:11,1479.68,1486.22
2022-11-21 11:31:18,SILVER - CAD,1.9599999999999933,4.11999999999999,INVALIDÉE,-1.0,2022-11-21 20:09:14,27.7,27.95
2022-11-23 16:36:42,SILVER - EUR,1.0000000000000395,4.666666666666693,OBJECTIF ATTEINT,1.0000000000000395,2022-11-24 01:14:38,20.58,20.49
2022-11-24 01:29:15,SILVER - EUR,2.300000000000053,3.700000000000089,INVALIDÉE,-1.0,2022-11-24 10:07:11,20.77,20.67
2022-11-25 15:37:18,GOLD - CAD,1.4667590027701438,3.8282548476455176,OBJECTIF ATTEINT,1.4667590027701438,2022-11-26 00:15:14,2341.85,2334.63
2022-11-28 16:38:12,SILVER - EUR,1.3333333333333466,7.888888888888911,INVALIDÉE,-1.0,2022-11-29 01:16:08,20.18,20.27
2022-11-29 07:29:44,GOLD - CAD,1.7759336099584346,3.340248962655469,OBJECTIF ATTEINT,1.7759336099584346,2022-11-29 16:07:40,2353.57,2348.75
2022-11-30 15:36:46,GOLD - NZD,1.7735148514851555,3.64232673267328,INVALIDÉE,-1.0,2022-12-01 00:14:42,2825.0,2816.92
2022-11-30 18:35:37,SILVER - CAD,2.0000000000000235,6.333333333333389,OBJECTIF ATTEINT,2.0000000000000235,2022-12-01 03:13:33,29.38,29.23
2022-12-01 00:48:51,SILVER - NZD,1.60465116279068,2.569767441860438,OBJECTIF ATTEINT,1.60465116279068,2022-12-01 09:26:47,35.27,34.41
2022-12-04 23:29:45,SILVER - AUD,2.39534883720929,2.6279069767441774,INVALIDÉE,-1.0,2022-12-05 08:07:41,34.02,33.59
2022-12-04 23:29:46,SILVER - NZD,1.7241379310344878,4.586206896551731,INVALIDÉE,-1.0,2022-12-05 08:07:42,36.15,35.86
2022-12-05 05:29:29,GOLD - CAD,2.895459345301019,6.432946145723481,INVALIDÉE,-1.0,2022-12-05 14:07:25,2423.5,2414.03
2022-12-06 00:49:04,SILVER - AUD,1.0980392156862686,1.9117647058823428,OBJECTIF ATTEINT,1.0980392156862686,2022-12-06 09:27:00,33.2,32.18
2022-12-07 14:59:41,SILVER - EUR,1.1320754716981067,3.2264150943396106,OBJECTIF ATTEINT,1.1320754716981067,2022-12-07 23:37:37,21.53,21.0
2022-12-12 07:29:23,SILVER - GBP,1.428571428571443,3.428571428571443,INVALIDÉE,-1.0,2022-12-12 16:07:19,19.15,19.08
2022-12-13 01:29:19,SILVER - CHF,1.6363636363636422,6.272727272727284,OBJECTIF ATTEINT,1.6363636363636422,2022-12-13 10:07:15,21.89,21.78
2022-12-13 03:29:40,SILVER - EUR,2.999999999999911,12.874999999999671,OBJECTIF ATTEINT,2.999999999999911,2022-12-13 12:07:36,22.21,22.13
2022-12-13 03:29:41,SILVER - GBP,2.0000000000000444,3.750000000000089,OBJECTIF ATTEINT,2.0000000000000444,2022-12-13 12:07:37,19.09,19.01
2022-12-13 18:34:47,SILVER - EUR,2.6000000000000285,5.533333333333374,INVALIDÉE,-1.0,2022-12-14 03:12:43,22.41,22.26
2022-12-13 18:35:02,SILVER - USD,1.6153846153846343,8.769230769230841,INVALIDÉE,-1.0,2022-12-14 03:12:58,23.81,23.68
2022-12-14 23:29:21,SILVER - EUR,1.857142857142908,6.000000000000127,INVALIDÉE,-1.0,2022-12-15 08:07:17,22.4,22.26
2022-12-14 23:29:23,SILVER - CHF,1.7272727272727475,4.272727272727284,INVALIDÉE,-1.0,2022-12-15 08:07:19,22.11,22.0
2022-12-16 09:31:16,SILVER - AUD,2.066666666666701,6.733333333333384,INVALIDÉE,-1.0,2022-12-16 18:09:12,33.86,34.01
2022-12-20 08:56:01,SILVER - GBP,1.6938775510204174,4.57142857142859,OBJECTIF ATTEINT,1.6938775510204174,2022-12-20 17:33:57,19.38,18.89
2022-12-20 08:56:03,SILVER - AUD,1.671641791044768,4.044776119402976,INVALIDÉE,-1.0,2022-12-20 17:33:59,35.29,34.62
2022-12-20 11:54:51,SILVER - CHF,1.3589743589743508,3.282051282051272,OBJECTIF ATTEINT,1.3589743589743508,2022-12-20 20:32:47,22.05,21.66
2022-12-20 14:59:57,SILVER - EUR,1.7749999999999837,3.6499999999999737,INVALIDÉE,-1.0,2022-12-20 23:37:53,22.53,22.13
2023-01-03 05:48:59,SILVER - GBP,1.4047619047619049,2.904761904761907,INVALIDÉE,-1.0,2023-01-03 14:26:55,20.22,19.38
2023-01-04 08:32:00,SILVER - EUR,1.181818181818195,4.818181818181837,INVALIDÉE,-1.0,2023-01-04 17:09:56,22.93,22.71
2023-01-04 13:33:01,GOLD - USD,1.0826612903225985,5.000000000000092,INVALIDÉE,-1.0,2023-01-04 22:10:57,1859.84,1849.92
2023-01-12 11:33:01,GOLD - GBP,1.1419213973799347,4.299126637554665,OBJECTIF ATTEINT,1.1419213973799347,2023-01-12 20:10:57,1550.49,1545.91
2023-01-13 09:59:50,GOLD - EUR,1.6025641025640809,3.433048433048373,INVALIDÉE,-1.0,2023-01-13 18:37:46,1756.63,1742.59
2023-01-15 23:30:30,SILVER - EUR,2.000000000000059,4.666666666666785,INVALIDÉE,-1.0,2023-01-16 08:08:26,22.45,22.39
2023-01-15 23:30:32,SILVER - CAD,1.0,2.3200000000000216,INVALIDÉE,-1.0,2023-01-16 08:08:28,32.55,32.3
2023-01-16 01:30:26,SILVER - GBP,2.4166666666666394,7.8333333333332495,INVALIDÉE,-1.0,2023-01-16 10:08:22,19.92,19.8
2023-01-16 01:30:28,SILVER - AUD,1.07692307692306,4.923076923076831,INVALIDÉE,-1.0,2023-01-16 10:08:24,34.93,34.8
2023-01-16 19:30:19,SILVER - EUR,2.000000000000059,4.666666666666785,INVALIDÉE,-1.0,2023-01-17 04:08:15,22.45,22.39
2023-01-16 19:30:21,SILVER - GBP,2.727272727272748,8.636363636363674,INVALIDÉE,-1.0,2023-01-17 04:08:17,19.91,19.8
2023-01-16 19:30:23,SILVER - AUD,1.2499999999999407,5.416666666666449,INVALIDÉE,-1.0,2023-01-17 04:08:19,34.92,34.8
2023-01-17 00:29:47,SILVER - CHF,2.8333333333334223,13.8333333333336,INVALIDÉE,-1.0,2023-01-17 09:07:43,22.5,22.44
2023-01-18 21:30:12,SILVER - CAD,2.1250000000000666,6.000000000000133,INVALIDÉE,-1.0,2023-01-19 06:08:08,31.66,31.74
2023-01-26 19:37:18,SILVER - EUR,1.333333333333363,3.6666666666667553,INVALIDÉE,-1.0,2023-01-27 04:15:14,21.97,21.85
2023-01-30 22:30:56,GOLD - USD,1.5192532088681538,2.477246207701304,OBJECTIF ATTEINT,1.5192532088681538,2023-01-31 07:08:52,1922.46,1931.03
2023-02-02 08:33:49,GOLD - GBP,2.43809523809516,5.876190476190374,INVALIDÉE,-1.0,2023-02-02 17:11:45,1581.38,1577.18
2023-02-02 08:33:50,SILVER - GBP,1.838709677419364,2.032258064516146,INVALIDÉE,-1.0,2023-02-02 17:11:46,19.58,19.27
2023-02-02 08:33:53,SILVER - NZD,1.0999999999999788,8.999999999999858,INVALIDÉE,-1.0,2023-02-02 17:11:49,37.11,36.91
2023-02-02 11:32:51,GOLD - EUR,1.813504823151216,31.225080385853136,INVALIDÉE,-1.0,2023-02-02 20:10:47,1778.32,1775.21
2023-02-02 11:58:49,SILVER - GBP,1.9090909090909267,7.545454545454585,INVALIDÉE,-1.0,2023-02-02 20:36:45,19.79,19.57
2023-02-07 22:31:16,SILVER - CHF,1.4545454545454632,5.590909090909122,INVALIDÉE,-1.0,2023-02-08 07:09:12,20.43,20.65
2023-02-14 11:33:55,SILVER - NZD,1.064516129032245,4.193548387096734,INVALIDÉE,-1.0,2023-02-14 20:11:51,34.22,34.53
2023-02-17 04:31:27,GOLD - USD,1.4504672897196182,4.478504672897184,INVALIDÉE,-1.0,2023-02-17 13:09:23,1826.77,1837.47
2023-02-17 11:33:51,SILVER - EUR,2.1538461538461515,11.230769230769324,INVALIDÉE,-1.0,2023-02-17 20:11:47,19.95,20.08
2023-02-20 08:33:48,SILVER - AUD,1.0,4.454545454545463,INVALIDÉE,-1.0,2023-02-20 17:11:44,31.66,31.55
2023-02-20 13:34:17,SILVER - GBP,1.6250000000000666,4.250000000000089,INVALIDÉE,-1.0,2023-02-20 22:12:13,18.13,18.05
2023-02-21 00:30:13,SILVER - AUD,1.0,3.111111111111109,OBJECTIF ATTEINT,1.0,2023-02-21 09:08:09,31.59,31.41
2023-02-21 13:33:55,SILVER - CAD,2.0,3.874999999999981,OBJECTIF ATTEINT,2.0,2023-02-21 22:11:51,29.35,29.19
2023-02-22 00:31:47,SILVER - CAD,1.6363636363636422,2.863636363636374,INVALIDÉE,-1.0,2023-02-22 09:09:43,29.61,29.39
2023-02-22 22:30:23,GOLD - USD,1.2450980392156907,9.10000000000018,OBJECTIF ATTEINT,1.2450980392156907,2023-02-23 07:08:19,1825.26,1830.36
2023-02-28 22:31:12,GOLD - NZD,1.846863468634618,12.83763837638358,INVALIDÉE,-1.0,2023-03-01 07:09:08,2954.03,2948.61
2023-03-02 23:31:00,GOLD - USD,1.1892265193370013,4.651933701657462,OBJECTIF ATTEINT,1.1892265193370013,2023-03-03 08:08:56,1837.48,1830.24
2023-03-07 05:31:25,SILVER - AUD,1.0909090909091057,2.636363636363642,INVALIDÉE,-1.0,2023-03-07 14:09:21,31.43,31.32
2023-03-09 03:31:45,GOLD - EUR,1.5296610169491496,3.675847457627078,INVALIDÉE,-1.0,2023-03-09 12:09:41,1719.25,1723.97
2023-03-09 20:36:07,SILVER - CHF,1.3333333333333333,8.500000000000208,INVALIDÉE,-1.0,2023-03-10 05:14:03,18.75,18.81
2023-03-15 15:39:24,SILVER - GBP,1.0526315789473577,3.263157894736825,INVALIDÉE,-1.0,2023-03-16 00:17:20,18.27,18.08
2023-03-15 15:39:28,SILVER - NZD,2.0000000000000275,4.192307692307738,INVALIDÉE,-1.0,2023-03-16 00:17:24,35.55,35.29
2023-03-16 13:33:12,SILVER - NZD,1.925925925925889,3.999999999999947,INVALIDÉE,-1.0,2023-03-16 22:11:08,35.56,35.29
2023-03-17 03:30:22,SILVER - CHF,1.2608695652173854,3.0869565217391286,OBJECTIF ATTEINT,1.2608695652173854,2023-03-17 12:08:18,20.34,20.11
2023-03-20 08:33:44,SILVER - GBP,2.23076923076918,6.307692307692186,INVALIDÉE,-1.0,2023-03-20 17:11:40,18.6,18.47
2023-03-23 16:39:23,SILVER - NZD,1.0,9.318181818181854,OBJECTIF ATTEINT,1.0,2023-03-24 01:17:19,36.86,36.64
2023-03-23 19:35:46,SILVER - CAD,1.181818181818179,5.318181818181853,OBJECTIF ATTEINT,1.181818181818179,2023-03-24 04:13:42,31.64,31.42
2023-03-24 04:30:21,SILVER - NZD,1.9512195121951488,4.536585365853695,OBJECTIF ATTEINT,1.9512195121951488,2023-03-24 13:08:17,37.05,36.64
2023-03-29 10:34:04,SILVER - USD,1.2499999999999445,3.124999999999928,OBJECTIF ATTEINT,1.2499999999999445,2023-03-29 19:12:00,23.28,23.2
2023-03-29 14:39:49,SILVER - NZD,1.0,4.076923076923006,OBJECTIF ATTEINT,1.0,2023-03-29 23:17:45,37.43,37.3
2023-03-29 16:36:19,SILVER - USD,1.3571428571428608,6.999999999999974,OBJECTIF ATTEINT,1.3571428571428608,2023-03-30 01:14:15,23.34,23.2
2023-03-31 13:33:01,GOLD - EUR,1.5909694555112963,4.122177954847287,INVALIDÉE,-1.0,2023-03-31 22:10:57,1821.19,1813.66
2023-04-03 12:33:18,SILVER - USD,1.6923076923076503,7.153846153846011,INVALIDÉE,-1.0,2023-04-03 21:11:14,24.1,23.97
2023-04-06 09:32:57,SILVER - CHF,2.428571428571443,14.714285714285673,INVALIDÉE,-1.0,2023-04-06 18:10:53,22.59,22.52
2023-04-13 02:31:16,SILVER - CHF,1.1428571428571392,4.142857142857139,OBJECTIF ATTEINT,1.1428571428571392,2023-04-13 11:09:12,22.88,22.74
2023-04-19 07:33:41,SILVER - NZD,1.2448979591836673,1.8571428571428423,INVALIDÉE,-1.0,2023-04-19 16:11:37,40.26,40.75
2023-04-25 00:30:05,SILVER - CAD,1.0000000000000295,1.7083333333333852,INVALIDÉE,-1.0,2023-04-25 09:08:01,34.12,33.88
2023-04-25 12:33:47,SILVER - EUR,2.8095238095237973,6.476190476190447,INVALIDÉE,-1.0,2023-04-25 21:11:43,22.36,22.57
2023-04-27 05:30:41,GOLD - CAD,1.5835654596099484,4.334261838439921,INVALIDÉE,-1.0,2023-04-27 14:08:37,2725.01,2717.83
2023-04-27 05:30:43,SILVER - CAD,1.4374999999999474,9.999999999999734,INVALIDÉE,-1.0,2023-04-27 14:08:39,34.13,33.97
2023-04-27 08:33:21,SILVER - AUD,2.636363636363642,15.27272727272735,INVALIDÉE,-1.0,2023-04-27 17:11:17,37.85,37.74
2023-05-01 04:31:16,SILVER - CHF,1.142857142857114,2.9999999999999494,OBJECTIF ATTEINT,1.142857142857114,2023-05-01 13:09:12,22.44,22.37
2023-05-01 05:30:44,GOLD - NZD,1.8442164179104803,10.066231343283798,INVALIDÉE,-1.0,2023-05-01 14:08:40,3204.3,3215.02
2023-05-01 10:29:57,SILVER - EUR,1.3333333333333235,2.9999999999999702,OBJECTIF ATTEINT,1.3333333333333235,2023-05-01 19:07:53,22.86,22.74
2023-05-04 11:59:24,GOLD - CHF,1.483279890059561,4.245075584058652,INVALIDÉE,-1.0,2023-05-04 20:37:20,1807.28,1785.45
2023-05-04 18:34:53,SILVER - NZD,1.749999999999975,4.1071428571428354,INVALIDÉE,-1.0,2023-05-05 03:12:49,41.34,41.06
2023-05-04 22:30:54,SILVER - GBP,1.1666666666666965,8.083333333333526,INVALIDÉE,-1.0,2023-05-05 07:08:50,20.72,20.6
2023-05-10 21:30:27,SILVER - EUR,1.0000000000000162,1.7272727272727475,OBJECTIF ATTEINT,1.0000000000000162,2023-05-11 06:08:23,23.12,23.34
2023-05-10 21:30:29,SILVER - CAD,2.5714285714286778,5.428571428571593,OBJECTIF ATTEINT,2.5714285714286778,2023-05-11 06:08:25,33.95,34.16
2023-05-19 12:33:16,GOLD - CHF,2.468646864686366,8.818481848184538,INVALIDÉE,-1.0,2023-05-19 21:11:12,1767.1,1773.16
2023-05-22 10:32:47,SILVER - EUR,1.2727272727272845,6.090909090909106,INVALIDÉE,-1.0,2023-05-22 19:10:43,22.07,21.96
2023-05-24 04:30:40,GOLD - GBP,1.0791100123609223,1.9530284301606515,INVALIDÉE,-1.0,2023-05-24 13:08:36,1591.9,1583.81
2023-05-24 15:38:23,SILVER - USD,1.4444444444444358,8.444444444444475,OBJECTIF ATTEINT,1.4444444444444358,2023-05-25 00:16:19,23.23,23.32
2023-05-31 11:32:20,SILVER - CHF,2.3333333333333464,3.3333333333333464,OBJECTIF ATTEINT,2.3333333333333464,2023-05-31 20:10:16,21.23,21.14
2023-05-31 14:37:38,SILVER - AUD,1.2083333333333195,5.333333333333294,OBJECTIF ATTEINT,1.2083333333333195,2023-05-31 23:15:34,36.06,35.82
2023-06-01 17:34:56,SILVER - AUD,1.3846153846153553,7.923076923076776,INVALIDÉE,-1.0,2023-06-02 02:12:52,36.31,36.18
2023-06-02 03:29:34,SILVER - CHF,1.6470588235294363,4.82352941176476,INVALIDÉE,-1.0,2023-06-02 12:07:30,21.7,21.53
2023-06-07 07:32:36,SILVER - CAD,2.6111111111111285,11.277777777777802,INVALIDÉE,-1.0,2023-06-07 16:10:32,31.42,31.6
2023-06-07 18:35:16,GOLD - USD,1.018298261665146,3.10338517840804,INVALIDÉE,-1.0,2023-06-08 03:13:12,1943.23,1954.16
2023-06-07 23:29:26,SILVER - GBP,1.0,5.999999999999929,INVALIDÉE,-1.0,2023-06-08 08:07:22,18.84,18.89
2023-06-30 00:29:51,GOLD - NZD,2.2561797752808674,4.888764044943744,INVALIDÉE,-1.0,2023-06-30 09:07:47,3146.94,3138.04
2023-07-05 18:35:45,SILVER - USD,2.0666666666666287,7.999999999999882,INVALIDÉE,-1.0,2023-07-06 03:13:41,23.12,22.97
2023-07-05 19:35:18,SILVER - EUR,2.294117647058852,4.82352941176476,INVALIDÉE,-1.0,2023-07-06 04:13:14,21.34,21.17
2023-07-05 19:35:19,SILVER - GBP,2.1000000000000534,6.50000000000016,INVALIDÉE,-1.0,2023-07-06 04:13:15,18.24,18.14
2023-07-05 19:35:21,SILVER - CHF,2.083333333333316,9.666666666666588,INVALIDÉE,-1.0,2023-07-06 04:13:17,20.8,20.68
2023-07-05 19:35:23,SILVER - CAD,2.8571428571428523,9.80952380952378,INVALIDÉE,-1.0,2023-07-06 04:13:19,30.75,30.54
2023-07-06 04:30:04,GOLD - AUD,1.9760348583876728,16.775599128539774,INVALIDÉE,-1.0,2023-07-06 13:08:00,2888.36,2883.77
2023-07-10 06:29:55,GOLD - AUD,1.032000000000023,8.317714285714308,INVALIDÉE,-1.0,2023-07-10 15:07:51,2892.58,2883.83
2023-07-10 23:29:57,SILVER - CAD,1.1111111111111287,3.5000000000000195,OBJECTIF ATTEINT,1.1111111111111287,2023-07-11 08:07:53,30.72,30.54
2023-07-11 04:29:59,SILVER - AUD,1.1111111111111287,9.055555555555584,OBJECTIF ATTEINT,1.1111111111111287,2023-07-11 13:07:55,34.72,34.54
2023-07-21 14:37:58,GOLD - NZD,1.0766806722689095,8.872899159663909,INVALIDÉE,-1.0,2023-07-21 23:15:54,3180.2,3170.68
2023-07-27 10:31:54,GOLD - CHF,1.3351063829786949,2.4787234042552786,INVALIDÉE,-1.0,2023-07-27 19:09:50,1690.08,1695.72
2023-07-28 15:38:07,GOLD - NZD,2.842662632375129,6.109682299546023,INVALIDÉE,-1.0,2023-07-29 00:16:03,3183.9,3170.68
2023-08-03 03:30:09,GOLD - NZD,1.0483271375464516,9.226765799256324,INVALIDÉE,-1.0,2023-08-03 12:08:05,3190.21,3182.14
2023-08-07 10:32:26,SILVER - GBP,1.3999999999999857,10.79999999999983,OBJECTIF ATTEINT,1.3999999999999857,2023-08-07 19:10:22,18.39,18.44
2023-08-09 15:37:32,GOLD - NZD,1.121573301549463,2.456495828367156,OBJECTIF ATTEINT,1.121573301549463,2023-08-10 00:15:28,3167.85,3176.24
2023-08-16 08:32:31,SILVER - AUD,2.4999999999999805,4.0,INVALIDÉE,-1.0,2023-08-16 17:10:27,35.1,34.92
2023-08-18 00:29:57,SILVER - CHF,1.3333333333333466,2.0000000000000395,OBJECTIF ATTEINT,1.3333333333333466,2023-08-18 09:07:53,19.99,19.9
2023-08-21 00:29:38,SILVER - EUR,2.000000000000059,16.500000000000384,INVALIDÉE,-1.0,2023-08-21 09:07:34,20.97,20.91
2023-08-21 00:29:40,SILVER - AUD,1.142857142857114,5.642857142857114,OBJECTIF ATTEINT,1.142857142857114,2023-08-21 09:07:36,35.56,35.42
2023-08-21 07:32:24,SILVER - NZD,1.1333333333333315,5.166666666666706,OBJECTIF ATTEINT,1.1333333333333315,2023-08-21 16:10:20,38.57,38.27
2023-08-21 09:31:58,SILVER - EUR,1.571428571428557,13.999999999999948,OBJECTIF ATTEINT,1.571428571428557,2023-08-21 18:09:54,20.98,20.91
2023-08-21 09:32:00,SILVER - CAD,1.0000000000000209,4.941176470588288,OBJECTIF ATTEINT,1.0000000000000209,2023-08-21 18:09:56,30.9,30.73
2023-08-22 23:24:35,SILVER - GBP,1.0833333333333777,7.333333333333511,OBJECTIF ATTEINT,1.0833333333333777,2023-08-23 08:02:31,18.4,18.28
2023-08-23 12:27:45,GOLD - USD,1.2705202312138606,8.495953757225346,OBJECTIF ATTEINT,1.2705202312138606,2023-08-23 21:05:41,1905.22,1896.57
2023-08-29 07:26:49,SILVER - EUR,1.1599999999999966,4.799999999999997,OBJECTIF ATTEINT,1.1599999999999966,2023-08-29 16:04:45,22.44,22.19
2023-08-29 09:26:32,SILVER - GBP,1.1333333333333555,6.400000000000066,OBJECTIF ATTEINT,1.1333333333333555,2023-08-29 18:04:28,19.25,19.1
2023-08-30 05:24:53,GOLD - NZD,1.1950286806883323,5.088910133843196,OBJECTIF ATTEINT,1.1950286806883323,2023-08-30 14:02:49,3252.17,3241.71
2023-09-04 06:25:24,GOLD - CHF,2.948830409356771,7.058479532163856,INVALIDÉE,-1.0,2023-09-04 15:03:20,1721.12,1714.28
2023-09-04 13:26:58,SILVER - EUR,1.6315789473684523,3.2631578947368864,OBJECTIF ATTEINT,1.6315789473684523,2023-09-04 22:04:54,22.21,22.4
2023-09-06 08:27:21,SILVER - EUR,2.083333333333316,6.583333333333272,OBJECTIF ATTEINT,2.083333333333316,2023-09-06 17:05:17,21.79,21.91
2023-09-06 20:25:34,GOLD - EUR,1.4457831325301689,3.034638554216939,INVALIDÉE,-1.0,2023-09-07 05:03:30,1787.14,1793.78
2023-09-08 13:26:58,SILVER - CHF,1.1428571428571646,5.285714285714279,INVALIDÉE,-1.0,2023-09-08 22:04:54,20.48,20.55
2023-09-11 16:31:15,GOLD - CAD,2.0958466453673217,16.488817891373266,OBJECTIF ATTEINT,2.0958466453673217,2023-09-12 01:09:11,2612.42,2615.55
2023-09-18 19:30:17,SILVER - EUR,1.2999999999999716,2.699999999999957,OBJECTIF ATTEINT,1.2999999999999716,2023-09-19 04:08:13,21.71,21.61
2023-09-18 22:25:28,GOLD - CAD,1.3174858984690214,2.157937147461766,INVALIDÉE,-1.0,2023-09-19 07:03:24,2607.93,2595.52
2023-09-18 23:24:46,SILVER - NZD,1.4000000000000852,3.700000000000256,INVALIDÉE,-1.0,2023-09-19 08:02:42,39.3,39.2
2023-09-19 10:27:02,SILVER - NZD,1.1818181818181466,7.363636363636358,INVALIDÉE,-1.0,2023-09-19 19:04:58,39.31,39.2
2023-09-19 11:26:43,SILVER - EUR,2.187500000000007,5.812499999999993,INVALIDÉE,-1.0,2023-09-19 20:04:39,21.81,21.65
2023-09-21 05:24:53,SILVER - AUD,1.0000000000000373,4.947368421052716,INVALIDÉE,-1.0,2023-09-21 14:02:49,36.16,35.97
2023-09-21 07:26:46,SILVER - EUR,2.2857142857143944,4.71428571428596,INVALIDÉE,-1.0,2023-09-21 16:04:42,21.83,21.76
2023-09-21 07:26:48,SILVER - GBP,1.1666666666666616,4.583333333333301,OBJECTIF ATTEINT,1.1666666666666616,2023-09-21 16:04:44,18.87,18.75
2023-09-21 22:25:57,SILVER - EUR,2.222222222222218,8.666666666666654,OBJECTIF ATTEINT,2.222222222222218,2023-09-22 07:03:53,21.96,21.87
2023-09-21 22:25:59,SILVER - CAD,1.8000000000000356,8.800000000000178,OBJECTIF ATTEINT,1.8000000000000356,2023-09-22 07:03:55,31.56,31.46
2023-09-21 23:24:50,SILVER - USD,1.4999999999999851,7.41666666666661,OBJECTIF ATTEINT,1.4999999999999851,2023-09-22 08:02:46,23.41,23.29
2023-10-02 04:40:32,SILVER - GBP,1.2857142857142785,3.0285714285714125,INVALIDÉE,-1.0,2023-10-02 13:18:28,17.9,18.25
2023-10-04 03:39:07,SILVER - EUR,1.2452830188679305,2.132075471698128,INVALIDÉE,-1.0,2023-10-04 12:17:03,20.1,20.63
2023-10-04 15:56:59,SILVER - GBP,2.388888888888891,7.0,INVALIDÉE,-1.0,2023-10-05 00:34:55,17.27,17.45
2023-10-05 13:26:30,SILVER - GBP,1.2857142857142785,3.3571428571428354,OBJECTIF ATTEINT,1.2857142857142785,2023-10-05 22:04:26,17.31,17.45
2023-10-12 03:24:26,SILVER - EUR,2.571428571428557,18.428571428571345,INVALIDÉE,-1.0,2023-10-12 12:02:22,20.82,20.75
2023-10-12 03:24:27,SILVER - CHF,1.3999999999999146,3.7999999999999,INVALIDÉE,-1.0,2023-10-12 12:02:23,19.92,19.87
2023-10-13 03:24:56,SILVER - GBP,2.000000000000059,4.500000000000089,OBJECTIF ATTEINT,2.000000000000059,2023-10-13 12:02:52,17.98,17.92
2023-10-17 22:40:45,GOLD - GBP,1.2442138866719834,3.274541101356749,OBJECTIF ATTEINT,1.2442138866719834,2023-10-18 07:18:41,1580.27,1567.74
2023-10-18 08:27:01,GOLD - AUD,1.7757821552722624,2.903823870220119,OBJECTIF ATTEINT,1.7757821552722624,2023-10-18 17:04:57,3039.76,3022.5
2023-10-20 07:26:36,SILVER - AUD,1.2727272727272845,5.545454545454569,OBJECTIF ATTEINT,1.2727272727272845,2023-10-20 16:04:32,36.49,36.38
2023-10-23 09:26:20,GOLD - CAD,1.2531034482758672,2.684137931034488,INVALIDÉE,-1.0,2023-10-23 18:04:16,2717.21,2702.71
2024-01-10 15:34:14,SILVER - CHF,2.428571428571443,4.571428571428557,INVALIDÉE,-1.0,2024-01-11 00:12:10,19.48,19.55
2024-01-12 07:26:10,GOLD - CAD,1.403539823008798,3.0823008849556963,OBJECTIF ATTEINT,1.403539823008798,2024-01-12 16:04:06,2723.59,2712.29
2024-01-16 14:27:20,SILVER - CHF,1.4999999999999407,3.666666666666509,INVALIDÉE,-1.0,2024-01-16 23:05:16,19.89,19.83
2024-01-22 03:25:47,SILVER - NZD,1.62499999999995,3.999999999999911,OBJECTIF ATTEINT,1.62499999999995,2024-01-22 12:03:43,36.83,36.99
2024-01-25 19:30:48,SILVER - EUR,1.3333333333333235,9.166666666666574,INVALIDÉE,-1.0,2024-01-26 04:08:44,21.12,21.0
2024-01-25 23:26:43,SILVER - CHF,2.999999999999911,5.999999999999867,INVALIDÉE,-1.0,2024-01-26 08:04:39,19.87,19.79
2024-01-25 23:26:45,SILVER - AUD,1.3124999999999751,9.562499999999789,INVALIDÉE,-1.0,2024-01-26 08:04:41,34.82,34.66
2024-01-30 00:25:39,GOLD - USD,1.187610619469014,2.178761061946858,OBJECTIF ATTEINT,1.187610619469014,2024-01-30 09:03:35,2032.74,2027.09
2024-01-30 12:26:49,GOLD - GBP,1.906873614190671,5.9733924611973634,OBJECTIF ATTEINT,1.906873614190671,2024-01-30 21:04:45,1606.46,1601.95
2024-01-31 00:25:51,SILVER - GBP,1.4166666666666692,5.166666666666632,INVALIDÉE,-1.0,2024-01-31 09:03:47,18.27,18.15
2024-01-31 00:25:52,SILVER - CHF,2.400000000000156,20.000000000001137,INVALIDÉE,-1.0,2024-01-31 09:03:48,19.99,19.94
2024-01-31 12:27:28,GOLD - USD,2.270386266094414,8.766094420600734,OBJECTIF ATTEINT,2.270386266094414,2024-01-31 21:05:24,2038.7,2034.04
2024-02-01 04:25:36,GOLD - USD,1.3803921568627215,4.453594771241798,INVALIDÉE,-1.0,2024-02-01 13:03:32,2045.48,2037.83
2024-02-07 00:25:04,SILVER - NZD,2.1500000000000443,7.950000000000187,OBJECTIF ATTEINT,2.1500000000000443,2024-02-07 09:03:00,36.77,36.97
2024-02-07 07:25:27,SILVER - GBP,1.199999999999957,9.199999999999886,OBJECTIF ATTEINT,1.199999999999957,2024-02-07 16:03:23,17.68,17.73
2024-02-07 20:30:38,SILVER - CAD,2.8095238095238617,6.428571428571518,INVALIDÉE,-1.0,2024-02-08 05:08:34,29.92,30.13
2024-02-09 07:25:50,GOLD - NZD,1.3911060433295146,9.927023945267972,OBJECTIF ATTEINT,1.3911060433295146,2024-02-09 16:03:46,3317.58,3326.35
2024-02-11 23:25:43,SILVER - CAD,1.3000000000000178,2.800000000000071,OBJECTIF ATTEINT,1.3000000000000178,2024-02-12 08:03:39,30.45,30.35
2024-02-12 00:24:53,SILVER - EUR,1.3333333333333923,3.0000000000001186,OBJECTIF ATTEINT,1.3333333333333923,2024-02-12 09:02:49,20.99,20.93
2024-02-12 00:24:55,SILVER - AUD,1.055555555555584,2.666666666666693,OBJECTIF ATTEINT,1.055555555555584,2024-02-12 09:02:51,34.73,34.55
2024-02-12 00:25:07,SILVER - USD,2.1249999999999973,3.312499999999982,OBJECTIF ATTEINT,2.1249999999999973,2024-02-12 09:03:03,22.67,22.51
2024-02-12 03:25:46,SILVER - NZD,2.8421052631579617,4.421052631579018,OBJECTIF ATTEINT,2.8421052631579617,2024-02-12 12:03:42,36.98,36.79
2024-02-12 04:25:26,SILVER - GBP,1.2142857142856962,1.9285714285714173,OBJECTIF ATTEINT,1.2142857142856962,2024-02-12 13:03:22,17.98,17.84
2024-02-12 04:25:27,SILVER - CHF,1.4999999999999334,2.999999999999911,OBJECTIF ATTEINT,1.4999999999999334,2024-02-12 13:03:23,19.87,19.79
2024-02-13 03:25:39,SILVER - NZD,1.7272727272727155,4.181818181818211,INVALIDÉE,-1.0,2024-02-13 12:03:35,37.17,37.06
2024-02-22 17:31:40,SILVER - CHF,2.199999999999957,3.799999999999936,OBJECTIF ATTEINT,2.199999999999957,2024-02-23 02:09:36,20.11,20.21
2024-02-23 07:25:42,GOLD - GBP,1.776041666666688,2.950520833333377,INVALIDÉE,-1.0,2024-02-23 16:03:38,1595.27,1599.11
2024-02-23 07:25:43,GOLD - CHF,1.6766169154228765,3.174129353233824,INVALIDÉE,-1.0,2024-02-23 16:03:39,1779.31,1785.34
2024-02-23 09:28:00,SILVER - USD,1.0769230769230895,2.384615384615421,INVALIDÉE,-1.0,2024-02-23 18:05:56,22.6,22.73
2024-02-28 23:26:44,GOLD - GBP,1.7692307692308251,5.5683760683763,OBJECTIF ATTEINT,1.7692307692308251,2024-02-29 08:04:40,1607.34,1602.66
2024-02-29 12:27:13,SILVER - CHF,1.4545454545454632,4.545454545454569,INVALIDÉE,-1.0,2024-02-29 21:05:09,19.66,19.77
2024-03-01 06:24:59,SILVER - AUD,1.6000000000000285,2.333333333333365,INVALIDÉE,-1.0,2024-03-01 15:02:55,34.97,34.82
2024-03-01 06:25:01,SILVER - CAD,1.0714285714286096,3.0714285714286347,INVALIDÉE,-1.0,2024-03-01 15:02:57,30.9,30.76
2024-03-01 14:27:09,SILVER - CHF,1.1428571428571646,3.571428571428557,OBJECTIF ATTEINT,1.1428571428571646,2024-03-01 23:05:05,20.18,20.11
2024-03-01 14:27:12,SILVER - AUD,1.6000000000000285,2.333333333333365,OBJECTIF ATTEINT,1.6000000000000285,2024-03-01 23:05:08,34.97,34.82
2024-03-11 19:31:52,SILVER - CHF,1.437500000000001,4.249999999999995,INVALIDÉE,-1.0,2024-03-12 04:09:48,21.5,21.34
2024-03-11 20:25:17,SILVER - NZD,2.999999999999911,10.499999999999757,INVALIDÉE,-1.0,2024-03-12 05:03:13,39.67,39.51
2024-03-11 23:26:35,SILVER - USD,1.1578947368420915,3.263157894736825,INVALIDÉE,-1.0,2024-03-12 08:04:31,24.5,24.31
2024-03-12 05:25:47,SILVER - EUR,1.0999999999999917,4.099999999999992,INVALIDÉE,-1.0,2024-03-12 14:03:43,22.41,22.11
2024-03-12 05:25:49,SILVER - GBP,2.142857142857165,6.428571428571392,INVALIDÉE,-1.0,2024-03-12 14:03:45,19.11,19.04
2024-03-15 19:32:14,GOLD - USD,1.0457796852646206,4.881258941344598,OBJECTIF ATTEINT,1.0457796852646206,2024-03-16 04:10:10,2157.97,2164.96
2024-03-18 12:27:37,SILVER - EUR,1.0526315789473577,2.4736842105262933,INVALIDÉE,-1.0,2024-03-18 21:05:33,23.17,22.98
2024-03-18 14:33:04,SILVER - CHF,2.222222222222218,8.88888888888891,INVALIDÉE,-1.0,2024-03-18 23:11:00,22.27,22.18
2024-03-18 14:33:05,SILVER - CAD,1.666666666666693,6.444444444444475,INVALIDÉE,-1.0,2024-03-18 23:11:01,34.08,33.9
2024-03-26 21:25:48,SILVER - CHF,3.0,4.222222222222218,INVALIDÉE,-1.0,2024-03-27 06:03:44,22.09,22.18
2024-03-27 20:25:52,GOLD - USD,1.0841121495326875,1.9988317757009624,OBJECTIF ATTEINT,1.0841121495326875,2024-03-28 05:03:48,2194.71,2186.15
2024-03-28 08:27:48,GOLD - GBP,1.6234335839599243,3.4310776942356296,OBJECTIF ATTEINT,1.6234335839599243,2024-03-28 17:05:44,1740.84,1724.88
2024-03-28 16:33:21,GOLD - CAD,1.7820136852394903,3.930107526881729,OBJECTIF ATTEINT,1.7820136852394903,2024-03-29 01:11:17,3004.68,2984.22
2024-04-11 03:25:08,GOLD - NZD,1.957243669572429,5.700705687007019,INVALIDÉE,-1.0,2024-04-11 12:03:04,3919.15,3895.06
2024-04-11 10:28:29,SILVER - GBP,2.9090909090909265,20.090909090909204,OBJECTIF ATTEINT,2.9090909090909265,2024-04-11 19:06:25,22.34,22.23
2024-04-16 00:26:36,SILVER - CHF,1.75,2.027777777777782,INVALIDÉE,-1.0,2024-04-16 09:04:32,26.36,26.0
2024-04-22 08:27:46,SILVER - CHF,2.0000000000000138,2.653846153846179,OBJECTIF ATTEINT,2.0000000000000138,2024-04-22 17:05:42,25.3,25.56
2024-04-24 11:27:33,SILVER - AUD,2.291666666666636,5.666666666666617,INVALIDÉE,-1.0,2024-04-24 20:05:29,41.72,41.96
2024-05-03 13:27:37,SILVER - NZD,1.6779661016949292,4.288135593220368,INVALIDÉE,-1.0,2024-05-03 22:05:33,43.96,44.55
2024-05-09 07:27:30,GOLD - GBP,1.414043583535122,6.445520581113878,OBJECTIF ATTEINT,1.414043583535122,2024-05-09 16:05:26,1852.34,1839.95
2024-05-09 07:27:32,GOLD - AUD,1.6019512195122023,4.618536585365868,OBJECTIF ATTEINT,1.6019512195122023,2024-05-09 16:05:28,3518.19,3507.94
2024-05-09 10:28:42,SILVER - EUR,2.3000000000000123,7.200000000000032,OBJECTIF ATTEINT,2.3000000000000123,2024-05-09 19:06:38,25.75,25.55
2024-05-09 10:28:43,SILVER - CHF,2.210526315789449,6.315789473684164,OBJECTIF ATTEINT,2.210526315789449,2024-05-09 19:06:39,25.14,24.95
2024-05-09 10:29:06,SILVER - USD,1.5862068965517315,3.06896551724139,OBJECTIF ATTEINT,1.5862068965517315,2024-05-09 19:07:02,27.64,27.35
2024-05-09 17:33:02,GOLD - AUD,1.744995233555772,2.563870352716869,OBJECTIF ATTEINT,1.744995233555772,2024-05-10 02:10:58,3528.92,3507.94
2024-05-10 03:41:53,SILVER - USD,1.8311688311688323,4.753246753246761,OBJECTIF ATTEINT,1.8311688311688323,2024-05-10 12:19:49,28.36,27.59
2024-05-10 09:47:26,SILVER - GBP,1.6190476190476115,14.14285714285708,INVALIDÉE,-1.0,2024-05-10 18:25:22,22.87,22.66
2024-05-14 04:43:01,SILVER - CHF,1.5999999999999976,4.099999999999992,OBJECTIF ATTEINT,1.5999999999999976,2024-05-14 13:20:57,25.86,25.56
2024-05-14 11:47:03,SILVER - NZD,1.184713375796178,4.420382165605093,OBJECTIF ATTEINT,1.184713375796178,2024-05-14 20:24:59,47.09,45.52
2024-05-15 14:34:50,SILVER - USD,2.5454545454545365,8.181818181818212,OBJECTIF ATTEINT,2.5454545454545365,2024-05-15 23:12:46,28.87,28.76
2024-05-16 18:32:42,GOLD - NZD,1.0030959752321602,1.8421052631578632,INVALIDÉE,-1.0,2024-05-17 03:10:38,3888.22,3901.14
2024-05-17 11:27:21,SILVER - GBP,2.0000000000000253,5.92857142857148,OBJECTIF ATTEINT,2.0000000000000253,2024-05-17 20:05:17,23.49,23.21
2024-05-17 11:27:23,SILVER - CAD,1.1818181818181854,4.50909090909094,OBJECTIF ATTEINT,1.1818181818181854,2024-05-17 20:05:19,40.54,39.99
2024-05-17 11:27:44,SILVER - USD,1.0512820512820502,4.53846153846153,OBJECTIF ATTEINT,1.0512820512820502,2024-05-17 20:05:40,29.72,29.33
2024-05-27 13:47:01,SILVER - GBP,1.1743119266055058,2.0366972477064245,INVALIDÉE,-1.0,2024-05-27 22:24:57,24.56,23.47
2024-05-27 13:47:02,SILVER - CHF,1.7631578947368418,7.526315789473703,INVALIDÉE,-1.0,2024-05-27 22:24:58,28.66,28.28
2024-05-27 13:47:05,SILVER - NZD,1.5024630541871986,3.433497536945826,INVALIDÉE,-1.0,2024-05-27 22:25:01,50.98,48.95
2024-05-27 13:47:29,SILVER - USD,1.624999999999997,7.149999999999952,INVALIDÉE,-1.0,2024-05-27 22:25:25,31.37,30.97
2024-05-31 16:32:03,SILVER - GBP,1.047619047619038,5.8571428571428354,OBJECTIF ATTEINT,1.047619047619038,2024-06-01 01:09:59,23.89,24.1
2024-05-31 16:32:19,SILVER - USD,1.7619047619047594,3.047619047619038,OBJECTIF ATTEINT,1.7619047619047594,2024-06-01 01:10:15,30.41,30.62
2024-05-31 18:32:03,SILVER - CHF,3.000000000000071,18.30000000000041,OBJECTIF ATTEINT,3.000000000000071,2024-06-01 03:09:59,27.39,27.49
2024-06-17 23:25:51,SILVER - EUR,1.647058823529381,2.8823529411764324,INVALIDÉE,-1.0,2024-06-18 08:03:47,27.46,27.29
2024-06-20 00:25:48,SILVER - GBP,1.523809523809502,4.142857142857114,OBJECTIF ATTEINT,1.523809523809502,2024-06-20 09:03:44,23.42,23.21
2024-06-20 00:25:51,SILVER - CAD,1.0909090909091057,2.590909090909105,OBJECTIF ATTEINT,1.0909090909091057,2024-06-20 09:03:47,40.85,40.63
2024-06-20 11:28:05,GOLD - EUR,2.328235294117643,7.341176470588246,OBJECTIF ATTEINT,2.328235294117643,2024-06-20 20:06:01,2181.0,2172.5
2024-07-01 22:25:25,GOLD - NZD,1.1932093775262649,2.1794664510913724,INVALIDÉE,-1.0,2024-07-02 07:03:21,3840.15,3827.78
2024-07-02 19:32:57,SILVER - USD,1.150000000000006,2.4000000000000106,OBJECTIF ATTEINT,1.150000000000006,2024-07-03 04:10:53,29.54,29.34
2024-07-02 23:25:34,SILVER - EUR,1.777777777777782,4.1111111111111285,OBJECTIF ATTEINT,1.777777777777782,2024-07-03 08:03:30,27.52,27.43
2024-07-02 23:25:36,SILVER - GBP,1.2000000000000357,3.700000000000089,OBJECTIF ATTEINT,1.2000000000000357,2024-07-03 08:03:32,23.31,23.21
2024-07-02 23:25:41,SILVER - AUD,1.5384615384614757,5.615384615384481,OBJECTIF ATTEINT,1.5384615384614757,2024-07-03 08:03:37,44.35,44.22
2024-07-03 15:35:05,GOLD - AUD,2.179358717434866,4.156312625250496,INVALIDÉE,-1.0,2024-07-04 00:13:01,3518.58,3508.6
2024-07-05 04:27:28,GOLD - GBP,1.1787624140565234,6.283422459892979,OBJECTIF ATTEINT,1.1787624140565234,2024-07-05 13:05:24,1849.95,1836.86
2024-07-05 10:29:15,GOLD - USD,2.0332850940666063,4.474674384949454,OBJECTIF ATTEINT,2.0332850940666063,2024-07-05 19:07:11,2364.37,2350.55
2024-07-05 21:26:04,GOLD - AUD,2.588036117381434,5.259029345372388,INVALIDÉE,-1.0,2024-07-06 06:04:00,3543.82,3526.1
2024-07-11 03:25:31,SILVER - CHF,1.3448275862069026,4.793103448275878,OBJECTIF ATTEINT,1.3448275862069026,2024-07-11 12:03:27,27.86,27.57
2024-07-11 03:41:48,SILVER - GBP,1.1956521739130477,2.880434782608704,INVALIDÉE,-1.0,2024-07-11 12:19:44,24.13,23.21
2024-07-12 18:32:22,GOLD - AUD,1.4548685145700553,5.546552949538168,OBJECTIF ATTEINT,1.4548685145700553,2024-07-13 03:10:18,3558.97,3544.9
2024-07-15 04:43:54,SILVER - CAD,1.1176470588235343,2.5163398692810564,INVALIDÉE,-1.0,2024-07-15 13:21:50,42.23,40.7
2024-07-16 02:43:51,SILVER - NZD,2.819672131147553,6.311475409836074,INVALIDÉE,-1.0,2024-07-16 11:21:47,50.87,50.26
2024-07-16 15:03:52,SILVER - USD,2.0952380952381104,6.5238095238095575,INVALIDÉE,-1.0,2024-07-16 23:41:48,31.18,30.76
2024-07-23 06:26:45,SILVER - CHF,2.0384615384615308,6.038461538461504,INVALIDÉE,-1.0,2024-07-23 15:04:41,25.61,25.87
2024-07-23 06:26:49,SILVER - CAD,1.4807692307692482,3.9230769230769513,INVALIDÉE,-1.0,2024-07-23 15:04:45,39.64,40.16
2024-07-31 03:26:05,GOLD - USD,1.0185676392572978,4.7453580901857055,OBJECTIF ATTEINT,1.0185676392572978,2024-07-31 12:04:01,2414.69,2403.38
2024-07-31 03:42:06,GOLD - GBP,1.2106842737094825,3.0276110444177555,OBJECTIF ATTEINT,1.2106842737094825,2024-07-31 12:20:02,1881.76,1865.1
2024-08-02 02:41:16,GOLD - USD,2.4725536992840342,5.1662688941925525,INVALIDÉE,-1.0,2024-08-02 11:19:12,2451.35,2426.21
2024-08-05 05:24:56,GOLD - CAD,1.149700598802395,1.9069553201289733,INVALIDÉE,-1.0,2024-08-05 14:02:52,3396.15,3374.44
2024-08-06 14:34:19,GOLD - NZD,1.052950687146319,7.516976556184237,OBJECTIF ATTEINT,1.052950687146319,2024-08-06 23:12:15,4016.77,4041.51
2024-08-06 16:32:54,GOLD - AUD,1.0502136752137528,3.23717948717962,INVALIDÉE,-1.0,2024-08-07 01:10:50,3656.51,3665.87
2024-08-09 14:35:03,GOLD - GBP,2.1674876847291005,3.9704433497537583,INVALIDÉE,-1.0,2024-08-09 23:12:59,1908.02,1901.93
2024-08-12 05:25:00,SILVER - EUR,1.2631578947368254,2.4210526315789167,OBJECTIF ATTEINT,1.2631578947368254,2024-08-12 14:02:56,25.19,25.0
2024-08-12 15:02:14,GOLD - USD,2.1527627302275194,4.598410978692657,OBJECTIF ATTEINT,2.1527627302275194,2024-08-12 23:40:10,2453.9,2426.21
2024-08-12 16:32:36,SILVER - AUD,1.8846153846154068,3.1923076923077103,INVALIDÉE,-1.0,2024-08-13 01:10:32,42.39,42.13
2024-08-12 16:32:40,SILVER - CAD,2.8799999999999955,5.079999999999984,INVALIDÉE,-1.0,2024-08-13 01:10:36,38.38,38.13
2024-08-12 16:32:57,SILVER - USD,2.2999999999999714,6.499999999999893,INVALIDÉE,-1.0,2024-08-13 01:10:53,27.94,27.84
2024-08-12 19:31:55,SILVER - EUR,2.4000000000000106,4.850000000000029,INVALIDÉE,-1.0,2024-08-13 04:09:51,25.63,25.43
2024-08-12 19:32:01,SILVER - NZD,1.7317073170731871,4.24390243902443,INVALIDÉE,-1.0,2024-08-13 04:09:57,46.55,46.14
2024-08-12 20:43:55,GOLD - EUR,2.511484593837544,5.114845938375386,INVALIDÉE,-1.0,2024-08-13 05:21:51,2261.25,2243.4
2024-08-16 08:49:38,GOLD - CAD,1.0531233315536517,2.131073144687663,OBJECTIF ATTEINT,1.0531233315536517,2024-08-16 17:27:34,3379.01,3304.09
2024-08-16 14:35:01,SILVER - GBP,1.2222222222222376,3.9444444444444553,OBJECTIF ATTEINT,1.2222222222222376,2024-08-16 23:12:57,21.95,21.77
2024-08-21 04:43:53,GOLD - EUR,2.410228509249155,4.938520130576683,OBJECTIF ATTEINT,5.091328122143591,2024-08-29 15:00:00,2261.78,2243.4
2024-08-30 15:34:19,SILVER - AUD,2.136363636363642,6.909090909090927,OBJECTIF ATTEINT,2.136363636363642,2024-09-03 13:00:00,42.69,42.91
2024-09-03 02:24:59,GOLD - USD,1.6831364124597383,2.5123523093448403,OBJECTIF ATTEINT,1.6831364124597383,2024-09-03 11:02:55,2494.28,2503.59
2024-09-06 13:27:40,SILVER - CHF,2.1666666666666323,6.749999999999933,INVALIDÉE,-1.0,2024-09-06 14:00:00,24.35,24.23
2024-09-09 05:25:16,GOLD - NZD,1.5114754098360923,7.311475409836159,OBJECTIF ATTEINT,7.904584945200767,2024-09-09 06:00:00,4050.62,4038.42
2024-09-10 10:50:15,GOLD - AUD,1.43449843705598,4.547030406365444,OBJECTIF ATTEINT,4.8083474558214165,2024-09-10 12:00:00,3759.87,3724.68
2024-09-10 20:25:58,GOLD - CHF,1.0118733509233817,1.9076517150394865,OBJECTIF ATTEINT,3.395228737828432,2024-09-10 22:00:00,2130.07,2122.49
2024-09-11 16:32:58,SILVER - GBP,1.5833333333333777,4.000000000000089,OBJECTIF ATTEINT,5.031579518600467,2024-09-11 17:00:00,21.97,21.85
2024-09-11 16:33:01,SILVER - CHF,1.388888888888891,4.222222222222237,OBJECTIF ATTEINT,4.663809919357306,2024-09-11 17:00:00,24.36,24.18
2024-09-12 06:26:21,SILVER - AUD,2.500000000000127,11.21428571428624,OBJECTIF ATTEINT,11.83699116187284,2024-09-12 07:00:00,42.98,42.84
2024-09-13 10:49:44,GOLD - GBP,1.7063887630267418,3.870865428183068,OBJECTIF ATTEINT,3.771081197015389,2024-09-23 02:00:00,1954.27,1932.2
2024-09-13 10:49:47,GOLD - CAD,1.034655172413797,2.669655172413796,OBJECTIF ATTEINT,2.734601428067765,2024-09-13 13:00:00,3485.16,3427.16
2024-09-16 13:50:32,GOLD - NZD,1.7561601642710474,3.887577002053385,OBJECTIF ATTEINT,3.9923511557765496,2024-09-20 15:00:00,4178.78,4139.82
2024-09-17 08:47:55,GOLD - AUD,1.1500165216433569,2.123361603700851,OBJECTIF ATTEINT,2.435219101215337,2024-09-25 16:00:00,3815.47,3724.68
2024-09-19 00:25:50,GOLD - NZD,1.239808153477196,2.325339728217379,INVALIDÉE,-1.0,2024-09-19 01:00:00,4117.5,4142.52
2024-09-20 07:27:25,GOLD - CHF,1.0279027902790228,3.846084608460804,OBJECTIF ATTEINT,4.066761848678075,2024-09-20 08:00:00,2209.52,2198.41
2024-09-20 12:49:24,GOLD - CHF,1.1753337318191015,3.2235505080693705,OBJECTIF ATTEINT,3.1359137916600783,2024-09-25 13:00:00,2220.72,2170.53
2024-09-24 15:35:06,SILVER - EUR,1.7096774193548494,4.225806451612916,OBJECTIF ATTEINT,4.395683123852439,2024-09-24 16:00:00,28.34,28.03
2024-09-24 15:35:08,GOLD - CHF,1.3566229985443634,3.1535662299853846,OBJECTIF ATTEINT,3.253298927845696,2024-09-24 16:00:00,2236.21,2222.47
2024-09-25 15:35:20,GOLD - EUR,1.1144578313253364,6.719879518072402,OBJECTIF ATTEINT,6.670091904103378,2024-09-25 16:00:00,2381.5,2374.86
2024-10-02 22:28:27,SILVER - GBP,1.5909090909091057,5.500000000000032,OBJECTIF ATTEINT,5.869992790645218,2024-10-03 13:00:00,24.02,23.8
2024-10-03 00:44:20,GOLD - NZD,2.0449244060475147,4.084665226781873,OBJECTIF ATTEINT,4.023926079675725,2024-10-14 10:00:00,4257.09,4187.64
2024-10-03 14:37:12,SILVER - CAD,2.800000000000071,4.800000000000106,OBJECTIF ATTEINT,5.040399558047427,2024-10-03 15:00:00,42.98,42.78
2024-10-03 22:38:04,SILVER - CAD,1.0454545454545527,5.909090909090943,OBJECTIF ATTEINT,7.267391939437239,2024-10-04 02:00:00,43.48,43.04
2024-10-04 04:27:33,SILVER - AUD,2.823529411764701,8.176470588235215,INVALIDÉE,-1.0,2024-10-04 12:00:00,47.04,46.87
2024-10-04 04:27:35,SILVER - NZD,1.921052631578945,7.578947368421009,OBJECTIF ATTEINT,9.97371767280922,2024-10-04 14:00:00,51.86,51.48
2024-10-04 05:26:26,SILVER - USD,2.4210526315789807,8.789473684210641,INVALIDÉE,-1.0,2024-10-04 12:00:00,32.25,32.06
2024-10-04 15:06:23,GOLD - GBP,1.1954947707159955,3.074014481094108,OBJECTIF ATTEINT,3.117275335032441,2024-10-17 05:00:00,2032.91,1995.62
2024-10-06 23:25:38,SILVER - GBP,1.0909090909090895,2.9090909090909265,INVALIDÉE,-1.0,2024-10-07 12:00:00,24.59,24.37
2024-10-08 03:25:56,GOLD - AUD,1.5898190997055108,3.743374000841401,INVALIDÉE,-1.0,2024-10-08 12:03:52,3920.19,3896.42
2024-10-11 17:59:05,GOLD - AUD,2.213897131552909,5.289812067260122,OBJECTIF ATTEINT,5.40432427836243,2024-10-16 08:00:00,3936.86,3896.42
2024-10-14 08:28:55,SILVER - AUD,2.027027027027041,4.405405405405443,INVALIDÉE,-1.0,2024-10-15 05:00:00,46.8,46.43
2024-10-14 08:28:57,SILVER - NZD,2.0454545454544704,4.045454545454438,INVALIDÉE,-1.0,2024-10-14 15:00:00,51.7,51.48
2024-10-15 20:27:57,GOLD - NZD,1.8298969072164908,4.76663542642922,OBJECTIF ATTEINT,5.657728133177653,2024-10-15 23:00:00,4377.2,4355.86
2024-10-16 05:26:19,SILVER - CHF,2.684210526315761,4.52631578947365,OBJECTIF ATTEINT,4.769694126494533,2024-10-16 13:00:00,27.28,27.09
2024-10-16 06:26:00,SILVER - GBP,1.2352941176470305,5.05882352941171,OBJECTIF ATTEINT,6.911436562962246,2024-10-16 07:00:00,24.37,24.2
2024-10-16 06:26:04,SILVER - NZD,1.153846153846179,4.576923076923103,OBJECTIF ATTEINT,4.668594205410533,2024-10-16 07:00:00,52.29,52.03
2024-10-16 07:29:39,GOLD - EUR,1.1258134490237923,5.173535791756887,OBJECTIF ATTEINT,5.663720697974317,2024-10-16 08:00:00,2458.36,2449.14
2024-10-16 07:55:45,GOLD - EUR,1.2243573745944534,3.726478662340892,OBJECTIF ATTEINT,3.635729850713801,2024-10-18 01:00:00,2458.71,2418.64
2024-10-16 07:55:46,GOLD - CHF,2.4705681040382945,6.009924709103291,OBJECTIF ATTEINT,6.281596605973336,2024-10-21 09:00:00,2307.51,2278.29
2024-10-16 07:55:49,GOLD - CAD,1.0102440147329634,2.843232044198891,OBJECTIF ATTEINT,2.838081693199234,2024-10-18 14:00:00,3688.5,3601.62
2024-10-17 13:28:30,SILVER - CAD,1.7333333333333365,4.266666666666711,OBJECTIF ATTEINT,4.892018429549882,2024-10-17 14:00:00,43.68,43.53
2024-10-18 04:26:07,SILVER - NZD,1.1500000000000443,16.850000000000346,OBJECTIF ATTEINT,17.981377547072903,2024-10-18 05:00:00,52.79,52.59
2024-10-18 04:26:21,SILVER - USD,1.5277777777777724,4.333333333333346,OBJECTIF ATTEINT,4.955554707845056,2024-10-18 13:00:00,32.0,31.64
2024-10-18 12:29:24,SILVER - GBP,2.7222222222222374,9.722222222222236,OBJECTIF ATTEINT,9.751935841888814,2024-10-18 16:00:00,24.74,24.56
2024-10-21 04:45:19,SILVER - USD,1.677966101694909,7.525423728813512,INVALIDÉE,-1.0,2024-10-25 08:00:00,34.0,33.41
2024-10-21 04:45:20,GOLD - USD,1.4132173913043515,3.601913043478263,INVALIDÉE,-1.0,2024-11-06 13:00:00,2730.18,2672.68
2024-10-23 06:26:40,GOLD - AUD,1.677666922486577,8.530314658480568,INVALIDÉE,-1.0,2024-10-23 15:00:00,4128.42,4115.39
2024-10-29 13:30:58,GOLD - EUR,1.3655462184873977,3.73739495798324,OBJECTIF ATTEINT,4.238637516270285,2024-10-29 14:00:00,2555.93,2546.41
2024-11-04 17:35:07,SILVER - EUR,1.2727272727272845,12.090909090909138,INVALIDÉE,-1.0,2024-11-04 18:00:00,29.79,29.9
2024-11-05 04:26:48,GOLD - AUD,1.1148129164531404,2.609943618657195,OBJECTIF ATTEINT,3.898661729077928,2024-11-06 12:00:00,4147.89,4167.4
2024-11-05 18:33:50,GOLD - AUD,2.278735632183849,15.515086206896456,INVALIDÉE,-1.0,2024-11-05 19:00:00,4128.69,4142.61
2024-11-19 04:26:36,GOLD - EUR,1.0198105081826023,2.4866494401377754,OBJECTIF ATTEINT,4.007240776081426,2024-11-19 09:00:00,2475.44,2463.83
2024-11-20 21:26:24,GOLD - CHF,1.100000000000014,2.898461538461561,OBJECTIF ATTEINT,2.8118656065179004,2024-11-21 00:00:00,2343.68,2337.18
2024-11-20 21:26:38,GOLD - USD,2.0913327120224574,6.625349487418736,OBJECTIF ATTEINT,6.699622662803194,2024-11-21 09:00:00,2650.24,2639.51
2024-11-22 03:27:13,GOLD - USD,1.946698970320984,5.829194427619534,OBJECTIF ATTEINT,5.8182254599484455,2024-11-24 23:00:00,2689.19,2672.68
2024-11-29 00:27:09,GOLD - AUD,1.222172949002205,2.705986696230576,INVALIDÉE,-1.0,2024-11-29 18:00:00,4053.52,4076.07
2024-12-03 06:28:19,GOLD - AUD,1.80840163934425,4.33504098360658,INVALIDÉE,-1.0,2024-12-03 08:00:00,4095.56,4076.04
2024-12-03 07:29:57,GOLD - EUR,1.0460122699386782,4.794478527607409,INVALIDÉE,-1.0,2024-12-03 13:00:00,2520.14,2513.62
2024-12-04 06:28:27,GOLD - AUD,1.0989782886334736,4.248403575989864,OBJECTIF ATTEINT,4.422681116213088,2024-12-04 07:00:00,4113.65,4097.99
2024-12-04 23:36:40,SILVER - EUR,2.0000000000000195,7.1111111111111285,INVALIDÉE,-1.0,2024-12-05 15:00:00,29.83,29.65
2024-12-12 04:28:58,SILVER - EUR,1.117647058823549,3.6470588235294574,INVALIDÉE,-1.0,2024-12-12 15:00:00,30.49,30.32
2024-12-13 03:30:58,GOLD - CHF,1.0822784810126644,1.907876230661076,INVALIDÉE,-1.0,2024-12-13 09:00:00,2401.08,2386.86
2024-12-31 16:07:06,GOLD - AUD,1.6526850969176785,3.895138226882712,OBJECTIF ATTEINT,4.241581103041521,2025-01-09 13:00:00,4239.84,4176.9
2025-01-07 04:28:21,SILVER - EUR,1.149999999999968,3.649999999999933,OBJECTIF ATTEINT,4.359610772067457,2025-01-07 05:00:00,28.92,28.72
2025-01-07 05:28:37,SILVER - USD,1.0909090909091057,5.772727272727301,OBJECTIF ATTEINT,7.763637057217735,2025-01-07 06:00:00,30.11,29.89
2025-01-09 07:28:21,SILVER - EUR,2.2999999999999714,3.999999999999929,OBJECTIF ATTEINT,7.390077397914824,2025-01-09 08:00:00,29.25,29.15
2025-01-10 03:28:40,SILVER - EUR,1.0833333333333162,4.166666666666632,OBJECTIF ATTEINT,6.566134530911391,2025-01-10 04:00:00,29.39,29.15
2025-01-10 03:28:55,SILVER - USD,1.9090909090909267,10.090909090909138,OBJECTIF ATTEINT,14.17272865989,2025-01-10 04:00:00,30.27,30.16
2025-01-10 12:58:58,GOLD - CHF,1.7947817360762808,5.179126944305123,OBJECTIF ATTEINT,5.0797536344819,2025-01-10 13:00:00,2448.14,2428.21
2025-01-13 07:49:16,GOLD - EUR,1.3657733897508324,4.295721673718852,OBJECTIF ATTEINT,4.7447964297393765,2025-01-16 09:00:00,2628.12,2606.85
2025-01-27 18:38:44,GOLD - AUD,1.2220464135021112,2.7262658227848315,INVALIDÉE,-1.0,2025-01-28 00:00:00,4359.14,4378.1
2025-01-29 16:21:45,SILVER - EUR,1.0684931506849324,2.054794520547944,OBJECTIF ATTEINT,2.369257907024105,2025-01-30 06:00:00,29.61,28.88
2025-01-30 05:30:24,GOLD - AUD,1.3933753943217768,3.383911671924324,OBJECTIF ATTEINT,3.3097019966355368,2025-01-30 08:00:00,4435.69,4403.99
2025-01-30 11:33:26,GOLD - CHF,1.3164062499999714,4.078124999999883,OBJECTIF ATTEINT,4.378859477676299,2025-01-30 12:00:00,2525.05,2514.81
2025-01-31 17:37:51,GOLD - USD,2.8537190082644632,7.752892561983525,INVALIDÉE,-1.0,2025-02-03 01:00:00,2810.71,2798.61
2025-02-10 06:26:58,GOLD - EUR,1.5281522601110518,3.3223632038065456,OBJECTIF ATTEINT,3.23528028920593,2025-02-10 08:00:00,2796.22,2771.0
2025-02-10 07:49:00,SILVER - EUR,1.3896103896103862,2.038961038961036,INVALIDÉE,-1.0,2025-02-25 15:00:00,31.16,30.39
2025-02-19 13:34:27,SILVER - EUR,2.777777777777782,12.666666666666654,INVALIDÉE,-1.0,2025-02-21 15:00:00,31.59,31.5
2025-02-19 13:34:52,SILVER - USD,1.6785714285714175,2.6428571428571392,INVALIDÉE,-1.0,2025-02-24 15:00:00,32.93,32.65
2025-02-24 19:36:44,GOLD - USD,2.256111757857896,5.946449359720496,INVALIDÉE,-1.0,2025-02-25 12:00:00,2948.59,2940.0
2025-02-27 07:29:49,GOLD - USD,1.239638281838722,8.14016578749059,OBJECTIF ATTEINT,1.239638281838722,2025-02-28 03:00:00,2893.45,2906.72
2025-03-06 03:27:51,GOLD - CHF,1.4578729281768026,2.3100828729281613,INVALIDÉE,-1.0,2025-03-06 07:00:00,2609.15,2594.67
2025-03-13 00:28:22,GOLD - CHF,1.1271056661562655,2.180704441041469,OBJECTIF ATTEINT,2.231429279599175,2025-03-13 01:00:00,2591.64,2585.11
2025-03-13 13:31:57,GOLD - EUR,1.651933701657472,3.27679558011051,OBJECTIF ATTEINT,3.660429832144612,2025-03-13 15:00:00,2718.75,2700.65
2025-03-14 06:52:34,SILVER - USD,1.0430107526881711,1.774193548387096,INVALIDÉE,-1.0,2025-04-03 09:00:00,33.89,32.96
2025-03-14 06:52:35,GOLD - USD,1.6491422246817964,4.126729385722203,OBJECTIF ATTEINT,4.1620351735438685,2025-03-18 13:00:00,2986.17,2950.03
2025-03-14 20:08:47,GOLD - AUD,1.0871991072851794,2.5472660608958835,OBJECTIF ATTEINT,3.740486631649256,2025-03-18 16:00:00,4716.05,4653.32
2025-03-20 22:53:55,GOLD - CHF,2.224063116370821,4.553451676528609,INVALIDÉE,-1.0,2025-03-21 13:00:00,2684.71,2659.36
2025-03-24 15:39:54,GOLD - USD,1.5696489241223377,7.209513023782602,INVALIDÉE,-1.0,2025-03-25 05:00:00,3013.69,3022.52
2025-03-27 11:35:32,GOLD - EUR,1.0885391047712834,3.194294146581421,OBJECTIF ATTEINT,3.27570380921514,2025-03-28 01:00:00,2830.4,2810.07
2025-03-27 11:35:33,GOLD - CHF,2.474299065420557,5.948598130841114,OBJECTIF ATTEINT,6.644730753815325,2025-03-28 01:00:00,2697.57,2689.01
2025-03-31 02:50:50,GOLD - EUR,1.9748882008943769,4.10904712762295,INVALIDÉE,-1.0,2025-04-03 10:00:00,2861.69,2832.62
2025-03-31 05:26:51,GOLD - AUD,1.2104775150671987,3.3989337042188,OBJECTIF ATTEINT,3.4463099617812887,2025-03-31 06:00:00,4952.43,4909.29
2025-03-31 05:26:56,SILVER - USD,1.0499999999999894,2.39999999999995,INVALIDÉE,-1.0,2025-03-31 13:00:00,34.38,34.18
2025-03-31 10:29:47,GOLD - EUR,1.2458649977648648,3.478766204738513,OBJECTIF ATTEINT,3.457291663215653,2025-03-31 12:00:00,2883.21,2860.84
2025-04-01 09:00:12,GOLD - AUD,1.0790769663711817,2.1786970592373684,OBJECTIF ATTEINT,2.359768183201033,2025-04-09 15:00:00,5004.04,4861.9
2025-04-02 05:53:47,GOLD - USD,1.1523602559459176,2.273089460340461,INVALIDÉE,-1.0,2025-04-04 14:00:00,3118.06,3035.23
2025-04-10 21:53:35,GOLD - AUD,1.072900763358791,4.055725190839731,OBJECTIF ATTEINT,4.229172215285144,2025-04-10 23:00:00,5101.2,5048.8
2025-04-11 00:30:14,SILVER - USD,1.029850746268656,1.1791044776119413,OBJECTIF ATTEINT,1.1014923095703089,2025-04-11 14:00:00,31.23,30.56
2025-04-11 08:29:49,GOLD - AUD,1.174294670846438,12.040752351097328,INVALIDÉE,-1.0,2025-04-11 09:00:00,5184.28,5168.33
2025-04-11 20:28:42,SILVER - USD,3.000000000000031,5.304347826087024,INVALIDÉE,-1.0,2025-04-13 22:00:00,32.25,32.02
2025-04-11 20:55:08,GOLD - AUD,1.664923045971235,4.637662207021431,INVALIDÉE,-1.0,2025-05-01 04:00:00,5148.21,5048.8
2025-04-15 02:54:44,GOLD - USD,1.406098173898479,4.392863126151781,OBJECTIF ATTEINT,4.62089045354121,2025-04-16 05:00:00,3222.41,3162.72
2025-04-16 02:27:50,GOLD - CHF,1.9166170339487727,5.783799880881497,OBJECTIF ATTEINT,5.843937925907534,2025-04-16 08:00:00,2676.15,2659.36
2025-04-16 02:28:06,SILVER - USD,1.5833333333333366,6.888888888888891,OBJECTIF ATTEINT,6.927777353922526,2025-04-16 08:00:00,32.38,32.02
2025-04-16 02:28:09,GOLD - USD,1.0588235294117714,2.686000657246157,OBJECTIF ATTEINT,2.642522220567717,2025-04-16 15:00:00,3271.99,3211.13
2025-04-16 09:29:17,SILVER - USD,1.0,3.099999999999992,INVALIDÉE,-1.0,2025-04-17 01:00:00,33.0,32.4
2025-04-18 17:50:08,GOLD - EUR,1.6798088410991971,4.983273596176892,INVALIDÉE,-1.0,2025-04-23 13:00:00,2925.49,2900.38
2025-04-21 08:26:22,GOLD - USD,1.4898048673536672,3.6502959877220222,OBJECTIF ATTEINT,3.836636702477555,2025-04-22 01:00:00,3388.45,3342.84
2025-04-21 15:32:54,GOLD - AUD,1.969728601252632,4.932985386221331,OBJECTIF ATTEINT,4.994575700875183,2025-04-22 03:00:00,5327.16,5279.26
2025-04-24 20:29:52,SILVER - USD,1.4393939393939512,1.893939393939404,INVALIDÉE,-1.0,2025-04-25 13:00:00,33.61,32.95
2025-05-12 18:35:17,SILVER - EUR,2.4666666666666965,9.266666666666758,OBJECTIF ATTEINT,14.654349202373895,2025-05-13 03:00:00,29.31,29.16
2025-05-13 13:32:46,GOLD - AUD,1.5992303463441884,8.500824628917181,OBJECTIF ATTEINT,9.012499720064802,2025-05-14 00:00:00,5043.93,5062.12
2025-05-14 03:28:25,GOLD - EUR,1.7468123861566307,3.627504553734049,OBJECTIF ATTEINT,3.8389025311265015,2025-05-14 12:00:00,2886.04,2897.02
2025-05-20 10:35:43,GOLD - AUD,2.1711125569289624,11.165907612231033,OBJECTIF ATTEINT,11.287659024447642,2025-05-20 13:00:00,5042.52,5027.15
2025-05-20 10:36:11,GOLD - USD,2.706298919120383,3.05702571748044,OBJECTIF ATTEINT,2.9726816559122287,2025-05-20 22:00:00,3234.36,3207.53
2025-05-20 13:30:35,GOLD - EUR,1.1009130225852677,2.679000480538152,OBJECTIF ATTEINT,3.0740004309217404,2025-05-20 14:00:00,2882.53,2861.72
2025-05-22 03:28:09,SILVER - EUR,1.0833333333333468,4.458333333333363,INVALIDÉE,-1.0,2025-05-22 10:00:00,29.63,29.39
2025-05-29 11:29:52,SILVER - EUR,2.9166666666666248,8.999999999999911,INVALIDÉE,-1.0,2025-05-29 13:00:00,29.62,29.5
2025-06-02 08:03:46,SILVER - USD,1.0944881889763818,1.96062992125985,OBJECTIF ATTEINT,1.8999986783726055,2025-06-02 19:00:00,33.47,32.2
2025-06-09 23:37:41,SILVER - USD,1.9529411764705809,4.470588235294107,INVALIDÉE,-1.0,2025-06-12 07:00:00,36.81,35.96
2025-06-12 09:14:04,SILVER - EUR,1.3448275862069026,2.241379310344829,INVALIDÉE,-1.0,2025-06-12 13:00:00,31.09,31.38
2025-06-13 02:11:38,GOLD - EUR,1.0570388349514888,3.555825242718563,INVALIDÉE,-1.0,2025-06-16 08:00:00,2969.77,2961.53
2025-06-13 04:12:18,GOLD - CHF,1.020689655172412,2.649042145593845,OBJECTIF ATTEINT,2.5822611734831944,2025-06-13 05:00:00,2774.27,2761.22
2025-07-02 18:22:13,GOLD - USD,1.5648648648648358,3.858108108108055,INVALIDÉE,-1.0,2025-07-03 13:30:00,3351.79,3336.99
2025-07-04 17:11:50,SILVER - EUR,3.0000000000000417,8.058823529411837,INVALIDÉE,-1.0,2025-07-07 04:00:00,31.36,31.19
2025-07-11 05:14:19,SILVER - EUR,1.9374999999999905,5.124999999999975,OBJECTIF ATTEINT,5.52616404385688,2025-07-11 06:00:00,31.91,31.75
2025-07-11 10:17:56,SILVER - USD,1.1521739130434632,3.4565217391304204,OBJECTIF ATTEINT,3.367394289763065,2025-07-11 11:00:00,37.59,37.13
2025-07-11 12:19:16,GOLD - USD,1.0269698572184147,4.666314119513533,OBJECTIF ATTEINT,4.958170280275025,2025-07-11 13:00:00,3346.35,3327.44
2025-07-11 15:57:05,SILVER - USD,1.683168316831689,4.1782178217821855,INVALIDÉE,-1.0,2025-07-30 18:00:00,38.14,37.13
2025-07-14 07:13:17,GOLD - AUD,1.0992998090387962,13.622533418204949,INVALIDÉE,-1.0,2025-07-14 13:00:00,5134.17,5118.46
2025-07-16 14:23:48,GOLD - CHF,1.092610837438477,10.38522167487725,OBJECTIF ATTEINT,10.352983396631044,2025-07-16 15:00:00,2679.93,2669.78
2025-07-16 14:24:16,GOLD - USD,1.7334732423924892,3.1678908709339835,INVALIDÉE,-1.0,2025-07-16 15:00:00,3326.71,3336.24
2025-07-21 08:26:07,GOLD - USD,1.0030959752322188,7.131062951496339,OBJECTIF ATTEINT,7.833952528379735,2025-07-21 10:00:00,3365.12,3355.43
2025-07-31 04:15:07,GOLD - EUR,1.4452296819787889,2.4204946996466163,OBJECTIF ATTEINT,3.88719343518141,2025-07-31 05:00:00,2883.42,2872.1
2025-08-01 10:18:58,GOLD - AUD,1.9429086538461644,2.885216346153854,OBJECTIF ATTEINT,3.840512129255505,2025-08-01 11:00:00,5128.38,5095.1
2025-08-04 09:19:37,GOLD - CHF,1.3855005753739802,10.639815880322146,OBJECTIF ATTEINT,10.624987906747029,2025-08-04 10:00:00,2716.38,2707.69
2025-08-20 04:16:11,GOLD - AUD,1.4990933816862697,2.932910244786884,OBJECTIF ATTEINT,3.462912585830423,2025-08-20 05:00:00,5155.97,5133.91
2025-08-26 06:15:57,GOLD - AUD,1.563392857142902,12.07410714285738,INVALIDÉE,-1.0,2025-08-26 14:53:53,5212.95,5201.75
2025-08-26 06:16:04,SILVER - USD,1.0833333333333162,1.9999999999999705,INVALIDÉE,-1.0,2025-08-26 07:00:00,38.81,38.57
2025-09-02 06:16:29,GOLD - USD,1.2235487855084104,3.9600658707286094,OBJECTIF ATTEINT,4.149485384931988,2025-09-02 07:00:00,3490.78,3466.49
2025-09-03 20:20:24,SILVER - USD,2.972972972972997,9.21621621621629,INVALIDÉE,-1.0,2025-09-04 04:58:20,41.23,40.86
2025-09-11 17:19:25,SILVER - EUR,1.0,3.960000000000008,OBJECTIF ATTEINT,4.57423527183397,2025-09-11 18:00:00,35.48,35.23
2025-09-12 16:10:18,SILVER - USD,2.194690265486738,5.424778761061971,OBJECTIF ATTEINT,5.355752887557063,2025-09-23 11:00:00,42.16,41.03
2025-09-18 07:15:06,GOLD - CHF,1.0651558073654448,3.4036827195467323,INVALIDÉE,-1.0,2025-09-18 08:00:00,2878.6,2885.66
2025-09-23 13:18:28,SILVER - EUR,1.3333333333333333,5.272727272727306,INVALIDÉE,-1.0,2025-09-24 02:00:00,37.61,37.28
2025-10-01 23:49:31,GOLD - EUR,1.0862645093211434,2.1646148434752046,OBJECTIF ATTEINT,2.378773344060089,2025-10-07 09:00:00,3291.0,3177.28
2025-10-02 10:18:34,SILVER - USD,1.5000000000000138,3.2692307692308,INVALIDÉE,-1.0,2025-10-02 14:00:00,47.44,47.18
2025-10-08 12:20:19,SILVER - EUR,1.3125000000000042,5.562499999999998,OBJECTIF ATTEINT,5.615498876201647,2025-10-09 12:00:00,42.14,41.82
2025-10-09 02:13:48,SILVER - EUR,1.578947368421094,4.263157894736905,OBJECTIF ATTEINT,5.636257253559381,2025-10-09 12:00:00,41.9,41.71
2025-10-13 08:18:30,GOLD - EUR,1.5421874999999965,7.518749999999912,OBJECTIF ATTEINT,7.898537833514462,2025-10-13 09:00:00,3512.27,3499.47
2025-10-13 12:16:58,SILVER - EUR,2.166666666666673,11.00000000000004,OBJECTIF ATTEINT,12.706669145435828,2025-10-14 03:00:00,44.48,44.3
2025-10-13 19:16:23,SILVER - EUR,1.7692307692307698,4.55128205128205,INVALIDÉE,-1.0,2025-10-13 20:00:00,45.08,44.3
2025-11-04 23:14:13,SILVER - AUD,1.2656250000000024,3.374999999999992,INVALIDÉE,-1.0,2025-11-05 04:00:00,72.55,73.19
2025-11-07 05:16:16,SILVER - CHF,1.2142857142857215,3.214285714285671,INVALIDÉE,-1.0,2025-11-07 06:00:00,39.17,39.03
2025-11-07 05:16:27,SILVER - USD,1.318181818181821,3.86363636363639,OBJECTIF ATTEINT,4.059087441184341,2025-11-10 01:00:00,48.51,48.29
2025-11-07 10:17:23,SILVER - CAD,1.5238095238096043,17.28571428571478,INVALIDÉE,-1.0,2025-11-07 11:00:00,68.83,68.62
2025-11-10 08:13:19,GOLD - EUR,1.8656660412758008,8.207879924953076,OBJECTIF ATTEINT,8.410530763060303,2025-11-11 00:00:00,3526.12,3499.47
2025-11-10 08:13:20,GOLD - GBP,1.5066781559672642,6.562688496337782,OBJECTIF ATTEINT,7.246661964060126,2025-11-11 00:00:00,3100.83,3077.62
2025-11-10 08:13:26,GOLD - CAD,1.8911495422176765,8.458799593082308,OBJECTIF ATTEINT,8.5754722307388,2025-11-11 01:00:00,5716.59,5667.44
2025-11-11 12:53:23,SILVER - USD,1.6644736842105314,2.08552631578948,OBJECTIF ATTEINT,2.067763760215364,2025-11-13 03:00:00,51.12,49.6
2025-11-12 00:45:53,SILVER - AUD,1.5568627450980406,2.007843137254906,OBJECTIF ATTEINT,3.848312245140458,2025-11-13 03:00:00,78.64,76.09
2025-11-12 00:45:54,SILVER - CAD,1.0060240963855454,1.3012048192771133,OBJECTIF ATTEINT,2.711413266065545,2025-11-13 03:00:00,71.94,68.62
2025-11-12 15:22:21,SILVER - AUD,1.4550898203592757,2.143712574850296,OBJECTIF ATTEINT,5.006704326412057,2025-11-13 03:00:00,80.18,78.51
2025-11-12 15:22:22,SILVER - CAD,1.130434782608701,1.7391304347826164,OBJECTIF ATTEINT,3.9713373842742974,2025-11-13 03:00:00,73.46,71.85
2025-11-12 21:17:35,GOLD - NZD,1.1541813654285196,4.639551774227055,OBJECTIF ATTEINT,6.033973365499204,2025-11-13 04:00:00,7401.11,7352.92
2025-11-13 04:13:07,GOLD - EUR,2.011025587684621,2.234241730809231,INVALIDÉE,-1.0,2025-11-13 18:00:00,3637.46,3589.39
2025-11-14 05:13:27,GOLD - GBP,1.203206806282724,2.0759162303664978,INVALIDÉE,-1.0,2025-11-14 11:00:00,3189.71,3159.15
2025-11-16 23:54:02,SILVER - USD,2.214285714285717,2.7222222222222263,OBJECTIF ATTEINT,3.923809766012533,2025-11-26 18:00:00,50.86,49.6
2025-11-17 04:45:30,SILVER - AUD,2.41361256544503,3.0157068062827306,OBJECTIF ATTEINT,5.506385458171817,2025-11-28 18:00:00,78.0,76.09
2025-11-18 03:14:41,GOLD - CAD,1.8695652173912285,7.906832298136479,INVALIDÉE,-1.0,2025-11-18 05:00:00,5638.49,5654.59
2025-11-19 05:58:12,SILVER - CAD,1.426160337552738,1.83966244725738,OBJECTIF ATTEINT,3.323988687207425,2025-11-26 18:00:00,71.9,69.53
2025-11-24 19:18:38,GOLD - CHF,1.6306042884990648,4.675438596491361,OBJECTIF ATTEINT,5.117680369717707,2025-11-24 21:00:00,3327.35,3317.09
2025-11-25 03:13:51,GOLD - CHF,2.0512315270935937,10.202955665024534,INVALIDÉE,-1.0,2025-11-25 07:00:00,3354.23,3344.08
2025-11-27 22:00:00,SILVER - GBP,1.04560260586319,2.035830618892508,OBJECTIF ATTEINT,1.9433192164602249,2025-12-01 00:00:00,40.34,37.27
2025-11-27 22:00:01,SILVER - CHF,2.8923076923077025,5.415384615384632,OBJECTIF ATTEINT,5.666659609654737,2025-11-28 18:00:00,42.98,42.33
2025-11-28 01:57:24,SILVER - CAD,1.0271565495207648,1.945686900958464,OBJECTIF ATTEINT,1.8860936677278,2025-12-01 16:00:00,75.79,69.53
2025-11-28 14:18:11,GOLD - GBP,2.490356516656915,4.868497954412598,OBJECTIF ATTEINT,5.831971021965794,2025-11-28 18:00:00,3169.85,3152.74
2025-11-28 14:18:14,SILVER - NZD,1.3617021276595789,7.148936170212782,OBJECTIF ATTEINT,9.26619372787466,2025-11-28 18:00:00,95.28,94.81
2025-12-03 14:02:25,SILVER - NZD,1.3950617283950522,7.925925925925888,INVALIDÉE,-1.0,2025-12-03 16:00:00,102.54,101.73
2025-12-09 18:01:53,SILVER - EUR,1.550724637681157,5.3478260869565135,OBJECTIF ATTEINT,5.318751474433087,2025-12-11 01:00:00,51.82,50.44
2025-12-09 18:01:54,SILVER - GBP,2.021276595744692,6.776595744680872,OBJECTIF ATTEINT,6.700780663893672,2025-12-11 01:00:00,45.3,44.36
2025-12-09 18:01:55,SILVER - CHF,1.2080536912751645,1.3489932885906009,OBJECTIF ATTEINT,1.465144722664563,2025-12-11 01:00:00,48.57,47.08
2025-12-09 18:01:58,SILVER - CAD,1.8552631578947367,2.743421052631587,OBJECTIF ATTEINT,3.0400962894579324,2025-12-11 00:00:00,83.45,81.93
2025-12-09 18:01:59,SILVER - NZD,2.3009708737864027,7.344660194174747,OBJECTIF ATTEINT,7.56854087834376,2025-12-11 15:00:00,104.22,102.16
2025-12-10 06:46:02,SILVER - AUD,1.7719298245614106,7.198830409356753,OBJECTIF ATTEINT,7.255741842427078,2025-12-11 15:00:00,92.57,90.86
2025-12-11 17:17:40,GOLD - GBP,1.085494043447779,2.4730203223545906,OBJECTIF ATTEINT,5.323961966825337,2025-12-11 18:00:00,3186.55,3172.28
2025-12-11 17:17:42,GOLD - NZD,1.2518950437317866,2.425072886297372,OBJECTIF ATTEINT,5.099424758228788,2025-12-11 18:00:00,7349.24,7314.94
2025-12-11 22:14:28,GOLD - EUR,1.3241176470588096,5.814705882352936,OBJECTIF ATTEINT,6.189155578562215,2025-12-11 23:00:00,3646.01,3629.01
2025-12-15 09:17:28,GOLD - CHF,1.3679685580938346,2.8368951117661427,INVALIDÉE,-1.0,2025-12-16 05:00:00,3463.38,3422.67
2025-12-15 10:54:30,SILVER - CAD,1.3318872017353582,1.813449023861172,OBJECTIF ATTEINT,1.753290140373795,2025-12-22 01:00:00,87.85,83.24
2025-12-15 10:54:32,SILVER - NZD,1.1048632218844985,1.3829787234042548,OBJECTIF ATTEINT,1.448352207043511,2025-12-22 00:00:00,110.25,103.67
2025-12-17 01:57:46,SILVER - EUR,1.2299465240641752,1.80213903743316,OBJECTIF ATTEINT,1.7544796977099897,2025-12-22 01:00:00,55.83,53.96
2025-12-17 01:57:47,SILVER - GBP,1.3878787878787886,1.7090909090909108,OBJECTIF ATTEINT,1.62286898427881,2025-12-22 01:00:00,48.85,47.2
2025-12-17 01:57:48,SILVER - CHF,1.128491620111734,1.765363128491623,OBJECTIF ATTEINT,1.714758219529007,2025-12-22 01:00:00,52.16,50.37
2025-12-17 01:57:50,SILVER - AUD,1.074404761904762,1.7619047619047628,OBJECTIF ATTEINT,1.741761473378051,2025-12-22 00:00:00,98.96,95.6
2025-12-21 23:16:27,SILVER - EUR,1.7710843373493848,3.903614457831294,OBJECTIF ATTEINT,3.893951197458433,2025-12-22 02:00:00,57.56,56.73
2025-12-21 23:16:29,SILVER - GBP,2.886363636363642,6.36363636363639,OBJECTIF ATTEINT,6.265364286669482,2025-12-22 02:00:00,50.39,49.95
2025-12-21 23:16:31,GOLD - CHF,1.173152601661568,2.42326191517273,OBJECTIF ATTEINT,2.488507083289025,2025-12-22 00:00:00,3456.38,3433.51
2025-12-21 23:16:32,SILVER - CHF,1.984848484848477,4.409090909090879,OBJECTIF ATTEINT,4.40924194670284,2025-12-22 02:00:00,53.64,52.98
2025-12-21 23:16:34,SILVER - NZD,1.5102040816326534,2.1360544217687094,OBJECTIF ATTEINT,2.1504472941131314,2025-12-22 02:00:00,117.13,115.66
2025-12-22 01:14:14,SILVER - AUD,1.5970149253731307,4.0074626865671465,OBJECTIF ATTEINT,4.249545829678043,2025-12-22 03:00:00,102.54,101.2
2025-12-22 01:14:15,SILVER - CAD,1.1418918918918872,3.0405405405405324,OBJECTIF ATTEINT,3.0465128397387486,2025-12-22 02:00:00,93.67,92.19
2025-12-22 05:13:43,SILVER - CHF,1.642857142857114,10.428571428571342,INVALIDÉE,-1.0,2025-12-22 06:00:00,55.09,54.95
2025-12-22 07:54:07,GOLD - GBP,1.7579258463192005,5.232401934443876,INVALIDÉE,-1.0,2025-12-29 14:00:00,3290.37,3253.15
2026-01-05 14:16:24,SILVER - CHF,2.1315789473684235,4.539473684210542,OBJECTIF ATTEINT,4.516621736610983,2026-01-06 04:00:00,60.89,60.13
2026-01-05 14:16:25,SILVER - CAD,1.9632352941176487,4.330882352941178,OBJECTIF ATTEINT,4.350559009572884,2026-01-06 03:00:00,105.58,104.22
2026-01-06 05:12:27,SILVER - EUR,1.1868131868131802,2.461538461538446,OBJECTIF ATTEINT,2.5115485509169257,2026-01-06 17:00:00,67.12,65.3
2026-01-06 07:13:06,SILVER - CHF,1.0597826086956517,2.2554347826086945,OBJECTIF ATTEINT,2.3752462447985327,2026-01-06 16:00:00,62.39,60.55
2026-01-07 04:45:30,GOLD - NZD,1.006408202499203,4.139592011107548,OBJECTIF ATTEINT,4.173224093093353,2026-01-09 07:00:00,7718.32,7624.69
2026-01-08 00:50:23,GOLD - CAD,1.3276557832398752,2.376762224202093,OBJECTIF ATTEINT,2.739878908182542,2026-01-12 13:00:00,6165.11,5974.3
2026-01-09 06:48:20,GOLD - CHF,1.0198560436832969,1.9260362372797253,OBJECTIF ATTEINT,1.9788093286027029,2026-01-13 14:00:00,3578.66,3457.79
2026-01-09 10:54:28,GOLD - EUR,1.6431839948919889,3.0029796743641706,OBJECTIF ATTEINT,3.001102289686798,2026-01-14 19:00:00,3838.83,3744.86
2026-01-09 20:18:24,GOLD - NZD,1.3314067879980165,3.400147565174593,OBJECTIF ATTEINT,3.3497935570725774,2026-01-12 00:00:00,7865.14,7783.82
2026-01-12 06:49:33,GOLD - GBP,1.5444143956729912,3.774703557312282,OBJECTIF ATTEINT,4.00910437617637,2026-01-19 04:00:00,3404.85,3356.78
2026-01-12 06:49:36,GOLD - AUD,1.908376685423089,4.353859220724089,OBJECTIF ATTEINT,4.270877097768008,2026-01-20 08:00:00,6829.61,6735.42
2026-01-13 14:57:49,SILVER - EUR,1.2360742705570296,1.984084880636608,OBJECTIF ATTEINT,2.0582607668336053,2026-01-20 05:00:00,76.06,72.29
2026-01-13 14:57:50,SILVER - GBP,1.2787456445993015,2.4285714285714244,OBJECTIF ATTEINT,2.470867493329064,2026-01-14 20:00:00,65.92,63.05
2026-01-13 14:57:52,SILVER - CHF,1.2065217391304366,1.820652173913048,OBJECTIF ATTEINT,1.888145606630324,2026-01-20 08:00:00,70.86,67.18
2026-01-13 14:57:53,SILVER - AUD,1.1934306569343125,2.5529197080292034,OBJECTIF ATTEINT,2.557414191234982,2026-01-14 19:00:00,132.42,126.94
2026-01-13 14:57:54,SILVER - CAD,1.150364963503652,1.6043795620437962,OBJECTIF ATTEINT,1.854789889650272,2026-01-20 08:00:00,123.11,116.26
2026-01-13 14:57:56,SILVER - NZD,1.220338983050843,2.135593220338976,OBJECTIF ATTEINT,2.294688021437848,2026-01-14 23:00:00,154.05,146.97
2026-01-19 17:14:35,SILVER - GBP,1.633802816901418,7.408450704225425,INVALIDÉE,-1.0,2026-01-20 06:00:00,70.3,69.59
2026-01-19 17:14:36,SILVER - CHF,2.6000000000000285,10.033333333333422,INVALIDÉE,-1.0,2026-01-20 06:00:00,75.28,74.68
2026-01-19 17:14:39,SILVER - AUD,1.5888888888888706,3.23888888888886,INVALIDÉE,-1.0,2026-01-20 06:00:00,140.58,138.78
2026-01-19 17:14:40,SILVER - CAD,1.396341463414641,6.134146341463467,INVALIDÉE,-1.0,2026-01-20 06:00:00,130.88,129.24
2026-01-20 08:15:06,GOLD - CHF,1.7433707865168524,4.470112359550564,OBJECTIF ATTEINT,4.9437515359188815,2026-01-21 00:00:00,3744.5,3722.25
2026-01-20 11:17:51,SILVER - CHF,3.0,11.919999999999987,INVALIDÉE,-1.0,2026-01-20 13:00:00,75.34,74.84
2026-01-23 04:14:24,SILVER - EUR,1.765027322404375,5.530054644808751,OBJECTIF ATTEINT,5.552862400546712,2026-01-23 21:00:00,84.07,82.24
2026-01-23 04:14:25,SILVER - GBP,1.4874999999999892,5.16874999999997,OBJECTIF ATTEINT,5.36794864149085,2026-01-23 21:00:00,73.18,71.58
2026-01-23 04:14:26,SILVER - CHF,2.6859504132231544,7.975206611570294,OBJECTIF ATTEINT,8.796839924537863,2026-01-26 00:00:00,78.05,76.84
2026-01-23 04:14:28,SILVER - CAD,1.580000000000003,5.236666666666669,OBJECTIF ATTEINT,5.150508530856324,2026-01-23 20:00:00,136.2,133.2
2026-01-23 17:07:34,SILVER - GBP,1.2627118644067952,6.2542372881356405,OBJECTIF ATTEINT,6.559930361343618,2026-01-23 21:00:00,74.07,72.89
2026-01-23 17:07:35,SILVER - CHF,1.137142857142854,4.7942857142857145,OBJECTIF ATTEINT,5.3315293192518585,2026-01-26 00:00:00,79.31,77.56
2026-01-25 23:58:54,SILVER - GBP,1.1381909547738684,1.6080402010050214,OBJECTIF ATTEINT,2.0845126025892062,2026-01-26 15:00:00,76.87,72.89
2026-01-25 23:58:55,SILVER - CHF,1.1542168674698834,1.6530120481927744,OBJECTIF ATTEINT,2.1510026505194597,2026-01-26 14:00:00,81.71,77.56
2026-01-25 23:58:58,SILVER - AUD,1.602189781021901,2.7864963503649705,OBJECTIF ATTEINT,3.0059031465143,2026-01-26 15:00:00,151.89,146.41
2026-01-25 23:58:59,SILVER - NZD,1.5043227665705992,2.530259365994223,OBJECTIF ATTEINT,2.685883994994973,2026-01-26 15:00:00,176.11,169.17
2026-01-26 06:12:50,GOLD - CHF,1.553352219074615,5.831444759206833,INVALIDÉE,-1.0,2026-01-26 14:00:00,3946.21,3925.03
2026-01-26 06:12:51,GOLD - AUD,1.5331385154880406,4.021507890122769,INVALIDÉE,-1.0,2026-01-26 19:00:00,7341.86,7256.31
2026-01-26 06:12:53,GOLD - NZD,1.3238153098420544,3.513539316090976,INVALIDÉE,-1.0,2026-01-26 19:00:00,8519.26,8404.04
2026-01-27 11:17:55,SILVER - AUD,2.212871287128701,3.5049504950494934,INVALIDÉE,-1.0,2026-01-27 12:00:00,162.69,160.67
2026-01-27 20:18:58,GOLD - CAD,2.1670761670761487,6.639475839475807,OBJECTIF ATTEINT,10.422977182587363,2026-01-28 03:00:00,6990.27,6929.22
2026-01-27 23:14:26,GOLD - GBP,2.027400703871308,5.512066365007576,OBJECTIF ATTEINT,8.196914707712535,2026-01-28 07:00:00,3738.35,3698.57
2026-01-27 23:14:28,GOLD - AUD,1.1003198976327715,3.824312220089588,OBJECTIF ATTEINT,4.069352289546861,2026-01-28 02:00:00,7387.03,7308.88
2026-01-28 00:14:41,GOLD - USD,1.1795469686875375,5.271985343104596,OBJECTIF ATTEINT,7.589870164681879,2026-01-28 03:00:00,5165.1,5105.06
2026-01-28 04:14:39,GOLD - CHF,1.3628179158226272,4.439342786405548,OBJECTIF ATTEINT,6.990377752693524,2026-01-28 08:00:00,4009.17,3964.74
2026-01-28 18:19:20,SILVER - AUD,1.5037593984962585,5.902255639097832,OBJECTIF ATTEINT,6.008933863186795,2026-01-28 20:00:00,161.92,160.59
2026-01-28 18:19:21,SILVER - CAD,1.3983739837398157,5.959349593495834,OBJECTIF ATTEINT,6.504979437376458,2026-01-28 19:00:00,153.99,152.76
2026-01-28 18:19:22,SILVER - NZD,1.2958579881656809,5.136094674556224,OBJECTIF ATTEINT,5.253178858546052,2026-01-28 20:00:00,187.81,186.12
2026-02-20 11:19:21,GOLD - CAD,1.851375332741776,16.448535936113604,OBJECTIF ATTEINT,22.033482588215467,2026-02-20 13:00:00,6887.59,6865.05
2026-02-20 13:19:25,GOLD - EUR,1.5305623471882923,8.094743276283799,OBJECTIF ATTEINT,8.936827596048806,2026-02-20 14:00:00,4273.54,4257.18
2026-02-20 13:19:27,GOLD - CHF,1.1021336131514712,4.606505771248748,OBJECTIF ATTEINT,4.968095596390226,2026-02-20 14:00:00,3903.12,3874.53
2026-02-23 19:54:15,GOLD - AUD,1.1883007009910551,1.7758842961888608,INVALIDÉE,-1.0,2026-03-16 00:00:00,7391.67,7143.45
2026-02-25 06:15:36,SILVER - CAD,2.8750000000000027,11.929687499999998,INVALIDÉE,-1.0,2026-02-25 20:00:00,123.85,122.57
2026-02-25 06:15:37,SILVER - NZD,2.0170454545454715,2.562500000000008,INVALIDÉE,-1.0,2026-02-25 20:00:00,151.31,149.55
2026-02-25 11:00:35,GOLD - CHF,1.0088830088830094,1.999054999054996,INVALIDÉE,-1.0,2026-03-18 10:00:00,4008.88,3903.06
2026-02-25 13:29:19,SILVER - AUD,1.781420765027319,3.6721311475409855,INVALIDÉE,-1.0,2026-02-25 20:00:00,127.97,126.14
2026-02-26 20:20:22,GOLD - GBP,1.1541593949971114,3.9802210587551343,OBJECTIF ATTEINT,4.893520364392113,2026-02-27 13:00:00,3850.49,3816.11
2026-03-04 21:22:40,GOLD - NZD,1.311702318892648,4.658457666726495,INVALIDÉE,-1.0,2026-03-04 23:00:00,8650.46,8706.09
2026-03-05 19:29:54,GOLD - USD,2.4694021931375456,7.307392996108834,INVALIDÉE,-1.0,2026-03-05 20:00:00,5065.78,5094.05
2026-03-13 08:12:56,SILVER - GBP,1.3894736842105329,3.2526315789473865,INVALIDÉE,-1.0,2026-03-13 10:00:00,61.85,62.8
2026-03-13 08:12:58,SILVER - AUD,2.3627450980391886,5.539215686274446,INVALIDÉE,-1.0,2026-03-13 09:00:00,116.88,117.9
2026-03-16 10:17:03,GOLD - EUR,1.1188524590164457,10.21038251366164,INVALIDÉE,-1.0,2026-03-16 11:00:00,4345.6,4360.24
2026-03-18 14:21:16,SILVER - GBP,2.472527472527482,7.307692307692333,OBJECTIF ATTEINT,8.333733982180338,2026-03-19 06:00:00,57.78,58.69
2026-03-31 09:17:50,GOLD - CHF,1.0841807182391552,2.5697000901016884,OBJECTIF ATTEINT,2.6872023132510776,2026-03-31 14:00:00,3652.66,3574.97
2026-03-31 14:23:26,SILVER - GBP,1.0107526881720408,2.301075268817206,OBJECTIF ATTEINT,2.202012379805033,2026-03-31 16:00:00,55.64,54.71
2026-03-31 14:23:29,SILVER - NZD,2.2761904761904965,3.1428571428571623,OBJECTIF ATTEINT,3.075808057793863,2026-03-31 16:00:00,128.66,127.61
2026-03-31 17:19:30,GOLD - EUR,2.842145302396362,8.316850513503265,OBJECTIF ATTEINT,2.842145302396362,2026-04-01 00:00:00,4020.41,3994.12
2026-03-31 17:19:31,SILVER - EUR,1.481481481481498,4.037037037037109,INVALIDÉE,-1.0,2026-04-01 02:00:00,64.69,64.15
2026-04-01 15:21:07,GOLD - EUR,2.5279474994342848,6.24983027834358,INVALIDÉE,-1.0,2026-04-02 01:00:00,4105.99,4061.8
2026-04-01 15:21:08,GOLD - AUD,1.577005393373862,2.3523670918585897,INVALIDÉE,-1.0,2026-04-02 05:00:00,6874.23,6757.42
2026-04-01 15:21:10,GOLD - CAD,1.3009708737864107,2.0759361997226176,INVALIDÉE,-1.0,2026-04-02 01:00:00,6625.57,6510.21
2026-04-08 08:20:40,SILVER - GBP,1.9199999999999875,14.319999999999991,INVALIDÉE,-1.0,2026-04-08 12:00:00,57.39,57.14
2026-04-08 08:20:41,GOLD - CAD,1.14499589827727,3.8726415094339433,INVALIDÉE,-1.0,2026-04-08 14:00:00,6676.22,6627.46
2026-04-14 14:22:45,SILVER - AUD,1.4057971014492785,10.43478260869567,OBJECTIF ATTEINT,13.024524290946408,2026-04-14 16:00:00,110.37,109.68
2026-04-14 14:22:47,SILVER - CAD,1.1086956521739222,5.652173913043471,OBJECTIF ATTEINT,5.814922424350543,2026-04-14 15:00:00,108.38,107.46
2026-04-15 02:13:22,SILVER - CHF,1.0471698113207657,3.924528301886814,INVALIDÉE,-1.0,2026-04-15 05:00:00,63.15,62.09
2026-04-15 02:13:24,SILVER - NZD,2.039999999999992,8.099999999999994,INVALIDÉE,-1.0,2026-04-15 03:00:00,137.06,136.06
2026-04-16 03:12:47,SILVER - EUR,2.151898734177202,3.607594936708825,INVALIDÉE,-1.0,2026-04-16 12:00:00,68.11,67.32
2026-04-16 03:12:49,SILVER - CHF,2.056338028169044,6.352112676056401,INVALIDÉE,-1.0,2026-04-16 12:00:00,62.8,62.09
2026-04-21 07:15:06,GOLD - AUD,2.6962699822380785,15.439609236234777,OBJECTIF ATTEINT,15.751663827558142,2026-04-21 14:00:00,6680.13,6702.65
2026-04-23 10:21:53,GOLD - AUD,1.029150823827603,7.455956907477709,INVALIDÉE,-1.0,2026-04-23 11:00:00,6567.74,6599.3
2026-04-29 15:22:02,SILVER - EUR,2.547619047619038,6.119047619047595,INVALIDÉE,-1.0,2026-04-29 16:00:00,61.21,61.63
2026-04-29 15:22:04,SILVER - NZD,1.999999999999991,4.098039215686269,INVALIDÉE,-1.0,2026-04-30 00:00:00,122.57,124.1
2026-05-11 15:24:39,SILVER - CAD,1.817204301075267,5.612903225806452,INVALIDÉE,-1.0,2026-05-12 11:00:00,117.01,115.15
2026-05-12 14:25:46,SILVER - NZD,1.1029411764705888,4.323529411764705,OBJECTIF ATTEINT,1.1029411764705888,2026-05-12 19:00:00,143.12,140.4
2026-05-15 09:17:18,GOLD - EUR,1.9333333333332423,8.611594202898214,INVALIDÉE,-1.0,2026-05-15 10:00:00,3908.45,3918.8
2026-05-19 13:19:15,SILVER - GBP,1.345454545454556,4.381818181818211,OBJECTIF ATTEINT,4.342763175883933,2026-05-19 14:00:00,56.27,56.82
2026-05-19 20:17:04,GOLD - EUR,1.6508166969147176,9.269328493648016,INVALIDÉE,-1.0,2026-05-20 14:00:00,3864.8,3892.35
2026-05-25 08:19:01,SILVER - AUD,1.4555555555555488,4.422222222222199,INVALIDÉE,-1.0,2026-05-26 04:00:00,108.7,107.8
2026-05-25 10:19:49,SILVER - GBP,1.262295081967208,2.967213114754105,INVALIDÉE,-1.0,2026-05-26 04:00:00,57.96,57.35
2026-05-25 11:19:31,GOLD - EUR,2.987303199593679,5.032503809040092,INVALIDÉE,-1.0,2026-05-26 04:00:00,3928.78,3909.09
2026-06-03 20:17:14,SILVER - GBP,2.300000000000038,3.6000000000000285,INVALIDÉE,-1.0,2026-06-03 22:00:00,54.35,54.65
2026-06-03 20:17:16,SILVER - CAD,1.9673913043478093,3.358695652173895,INVALIDÉE,-1.0,2026-06-03 23:00:00,101.32,102.24
2026-06-05 04:49:40,GOLD - GBP,1.4304503786369085,4.27514281918427,OBJECTIF ATTEINT,4.250010185847145,2026-06-09 16:00:00,3307.65,3382.92
2026-06-05 21:55:02,GOLD - EUR,2.4641029872916294,5.898663145733607,OBJECTIF ATTEINT,2.4641029872916294,2026-06-10 12:00:00,3758.73,3819.32
2026-06-11 05:07:36,GOLD - EUR,1.617280845176714,6.742422336813001,INVALIDÉE,-1.0,2026-06-11 17:00:00,3529.92,3609.43
2026-06-17 16:16:25,GOLD - AUD,1.1051396886329568,2.0695244188526187,INVALIDÉE,-1.0,2026-06-17 18:00:00,6172.31,6125.42
2026-06-23 23:21:25,GOLD - USD,2.1824134705331906,3.538821328344222,OBJECTIF ATTEINT,4.402804077262596,2026-06-24 12:00:00,4099.57,4120.95
2026-06-24 12:17:00,GOLD - EUR,2.2449331608451844,7.469598965071125,OBJECTIF ATTEINT,2.2449331608451844,2026-06-24 18:00:00,3560.72,3583.91
2026-06-24 12:17:01,GOLD - CHF,1.447483958122254,4.178655859506906,OBJECTIF ATTEINT,1.447483958122254,2026-06-24 13:00:00,3280.44,3310.05
2026-06-26 03:16:35,GOLD - GBP,2.616071428571417,11.02232142857138,INVALIDÉE,-1.0,2026-06-26 06:00:00,3031.24,3062.6
2026-06-26 03:16:36,GOLD - CAD,2.621832358674373,10.851851851851634,INVALIDÉE,-1.0,2026-06-26 04:00:00,5678.2,5693.59
2026-06-26 05:16:46,SILVER - EUR,2.0263157894737165,8.842105263158018,INVALIDÉE,-1.0,2026-06-26 06:00:00,49.77,50.15
2026-06-26 05:16:47,SILVER - CHF,1.3809523809523714,2.9047619047618904,INVALIDÉE,-1.0,2026-06-26 06:00:00,45.79,46.21
2026-06-26 05:16:48,SILVER - CAD,1.815384615384588,6.292307692307621,INVALIDÉE,-1.0,2026-06-26 06:00:00,80.35,81.0
2026-06-30 04:16:00,SILVER - GBP,1.1000000000000014,2.979999999999997,INVALIDÉE,-1.0,2026-06-30 06:00:00,43.36,44.36
2026-07-01 17:18:34,SILVER - EUR,1.3500000000000028,8.150000000000023,INVALIDÉE,-1.0,2026-07-02 00:00:00,52.65,52.25
2026-07-01 17:18:35,SILVER - CHF,2.2857142857142785,7.464285714285696,INVALIDÉE,-1.0,2026-07-01 20:00:00,48.47,48.19
2026-07-01 17:18:36,SILVER - CAD,2.409090909090853,5.33333333333324,INVALIDÉE,-1.0,2026-07-02 00:00:00,85.15,84.49
2026-07-02 02:16:45,SILVER - EUR,2.3783783783784016,6.02702702702708,OBJECTIF ATTEINT,6.313844628612242,2026-07-02 12:00:00,52.62,52.25
2026-07-02 02:16:46,SILVER - CHF,1.242424242424236,3.181818181818166,OBJECTIF ATTEINT,3.142182029807907,2026-07-02 12:00:00,48.46,47.8
2026-07-02 02:16:47,SILVER - AUD,2.3225806451612696,10.322580645161224,OBJECTIF ATTEINT,2.3225806451612696,2026-07-02 12:00:00,86.86,86.24
2026-07-02 02:16:48,SILVER - CAD,2.409090909090853,8.49999999999986,OBJECTIF ATTEINT,2.409090909090853,2026-07-02 12:00:00,85.15,84.49
2026-07-02 04:13:46,SILVER - GBP,2.137931034482756,6.551724137931049,INVALIDÉE,-1.0,2026-07-02 05:00:00,45.35,45.06
2026-07-03 02:19:44,SILVER - EUR,1.9545454545454632,13.500000000000064,OBJECTIF ATTEINT,1.9545454545454632,2026-07-03 03:00:00,54.42,54.2
2026-07-03 02:19:47,SILVER - NZD,3.0000000000000373,13.842105263158071,OBJECTIF ATTEINT,3.0000000000000373,2026-07-05 23:00:00,109.05,108.67
2026-07-03 02:19:47,SILVER - CAD,1.176470588235348,14.235294117647522,OBJECTIF ATTEINT,1.176470588235348,2026-07-03 03:00:00,88.27,87.93
2026-07-16 03:15:51,GOLD - CHF,1.0227048371174745,10.340572556761982,OBJECTIF ATTEINT,1.0227048371174745,2026-07-16 12:00:00,3248.15,3258.28
2026-07-17 08:57:17,GOLD - GBP,1.9057886557886488,4.779720279720277,INVALIDÉE,-1.0,2026-07-21 05:00:00,2973.41,3024.89
2026-07-21 16:19:40,GOLD - AUD,1.8549618320610688,3.3230534351145296,OBJECTIF ATTEINT,3.6981815831111,2026-07-22 01:00:00,5819.48,5786.73
2026-07-21 22:18:40,GOLD - GBP,1.3831919814957607,5.046260601387811,OBJECTIF ATTEINT,1.3831919814957607,2026-07-22 02:00:00,3050.83,3024.89
2026-07-22 00:13:46,GOLD - CAD,1.9513303049967743,3.2446463335496736,OBJECTIF ATTEINT,1.9513303049967743,2026-07-22 13:00:00,5771.48,5725.25
2026-07-22 03:18:01,GOLD - NZD,2.0665521683125885,13.301846285959668,INVALIDÉE,-1.0,2026-07-22 06:00:00,7102.75,7079.46
2026-07-29 15:20:16,SILVER - CHF,1.9838709677419384,2.90322580645162,INVALIDÉE,-1.0,2026-07-29 23:58:12,46.68,47.3
2026-07-29 15:20:17,SILVER - CAD,1.4137931034482567,2.7471264367815955,INVALIDÉE,-1.0,2026-07-29 23:58:13,80.21,81.08
2026-08-05 08:20:04,GOLD - NZD,2.251051486584488,7.396664249456147,OBJECTIF ATTEINT,2.251051486584488,2026-08-05 16:58:00,7101.98,7033.03
2026-08-05 12:21:08,GOLD - EUR,2.395250659630624,9.523482849604326,OBJECTIF ATTEINT,2.395250659630624,2026-08-05 20:59:04,3638.85,3619.9
2026-08-10 07:13:45,SILVER - CAD,1.1063829787234083,2.6879432624113586,OBJECTIF ATTEINT,1.1063829787234083,2026-08-10 15:51:41,89.52,88.11
2026-08-10 20:16:14,SILVER - GBP,2.447368421052679,8.921052631579055,INVALIDÉE,-1.0,2026-08-11 04:54:10,48.66,48.28
2026-08-10 20:16:14,SILVER - EUR,1.4062499999999964,5.859374999999995,INVALIDÉE,-1.0,2026-08-11 04:54:10,56.95,56.31
2026-08-10 20:16:17,SILVER - AUD,1.368421052631572,3.7157894736841857,INVALIDÉE,-1.0,2026-08-11 04:54:13,93.18,92.23
2026-08-10 20:16:18,SILVER - NZD,1.3629032258064395,5.854838709677369,INVALIDÉE,-1.0,2026-08-11 04:54:14,111.76,110.52
2026-08-10 21:14:52,SILVER - CAD,2.7166666666666206,10.916666666666506,INVALIDÉE,-1.0,2026-08-11 05:52:48,91.68,91.08
2026-08-11 02:21:15,GOLD - USD,2.339754816112133,4.13660245183895,INVALIDÉE,-1.0,2026-08-14 00:00:00,4432.07,4392.1
2026-08-12 04:15:55,SILVER - EUR,1.4025974025974168,5.441558441558476,OBJECTIF ATTEINT,1.4025974025974168,2026-08-12 12:53:51,56.51,55.74
2026-08-12 04:15:58,SILVER - AUD,1.487603305785141,3.578512396694232,OBJECTIF ATTEINT,1.487603305785141,2026-08-12 12:53:54,92.38,91.17
2026-08-12 04:15:59,SILVER - NZD,1.052325581395351,4.587209302325585,OBJECTIF ATTEINT,1.052325581395351,2026-08-12 12:53:55,111.13,109.41
2026-08-12 07:19:40,SILVER - GBP,1.500000000000011,10.374999999999991,INVALIDÉE,-1.0,2026-08-12 15:57:36,48.73,48.41
2026-08-12 07:19:41,GOLD - AUD,1.0618066561014057,2.1465927099841253,OBJECTIF ATTEINT,1.0618066561014057,2026-08-12 15:57:37,6228.93,6178.45
