date_creation,ticker,asset_class,timeframe,prix_entree,stop_loss_init,tp1_init,tp2_init,rr_tp1,rr_tp2,statut_final,score_force
2026-08-17 15:06:56,SANOFI INHABER,Actions Europe,1H,76.45,75.1,78.01,79.93,1.15555555555555,2.5777777777777646,OBJECTIF ATTEINT,8.6
2026-08-17 11:09:17,SANOFI,Actions Europe,1H,75.98,75.16,77.42,78.19,1.756097560975591,2.6951219512194804,OBJECTIF ATTEINT,8.0
2026-08-10 12:07:50,LVMH,Actions Europe,1H,485.35,480.6,498.88,519.96,2.8484210526315734,7.286315789473687,INVALIDÉE,8.8
2026-08-07 14:10:49,SAP,Actions Europe,1H,176.86,172.59,187.49,201.2,2.48946135831381,5.700234192037451,SEUIL PRÉSERVÉ,8.4
2026-08-06 13:09:17,LVMH,Actions Europe,1H,486.05,480.76,497.36,503.1,2.137996219281656,3.2230623818525417,INVALIDÉE,8.2
2026-08-06 13:07:58,LVMH .3,Actions Europe,1H,486.3,476.92,495.83,502.57,1.0159914712153495,1.7345415778251587,SEUIL PRÉSERVÉ,8.2
2026-08-04 15:51:01,SIEMENS,Actions Europe,Journalier,287.8,283.45,294.58,307.17,1.558620689655158,4.452873563218368,INVALIDÉE,8.9
2026-08-03 12:08:41,SIEMENS HEALTH,Actions Europe,1H,38.73,38.1,40.32,41.52,2.5238095238095477,4.428571428571471,SEUIL PRÉSERVÉ,8.4
2026-08-03 12:07:08,SAP,Actions Europe,1H,165.48,163.3,167.9,175.67,1.1100917431192845,4.67431192660555,OBJECTIF ATTEINT,8.8
2026-07-31 09:08:01,ALLIANZ,Actions Europe,1H,433.9,431.3,436.5,442.4,1.0000000000000218,3.269230769230812,INVALIDÉE,7.7
2026-07-27 11:09:16,ALLIANZ,Actions Europe,1H,430.6,427.2,435.9,441.5,1.5588235294117356,3.205882352941137,SEUIL PRÉSERVÉ,8.8
2026-07-27 11:08:38,ALLIANZ,Actions Europe,1H,430.9,427.4,436.5,442.4,1.6000000000000063,3.2857142857142856,INVALIDÉE,8.8
2026-07-22 11:10:12,SANOFI,Actions Europe,1H,77.66,77.12,78.21,80.38,1.0185185185185284,5.037037037037109,INVALIDÉE,8.2
2026-07-22 11:09:02,SANOFI INHABER,Actions Europe,1H,77.65,77.1,78.33,80.56,1.2363636363635977,5.290909090908976,INVALIDÉE,8.4
2026-07-21 10:53:24,SANOFI,Actions Europe,Journalier,77.06,75.62,80.38,82.4,2.3055555555555545,3.7083333333333415,INVALIDÉE,8.4
2026-07-20 13:40:23,SANOFI,Actions Europe,Journalier,76.91,74.44,80.57,84.09,1.481781376518218,2.906882591093121,INVALIDÉE,8.2
2026-07-13 11:10:18,TOTALENERGIES,Actions Europe,1H,69.69,68.36,72.17,75.57,1.864661654135344,4.42105263157895,SEUIL PRÉSERVÉ,7.9
2026-07-13 11:09:04,TOTALENERGIES .50,Actions Europe,1H,69.65,68.31,72.12,75.56,1.8432835820895468,4.410447761194016,SEUIL PRÉSERVÉ,7.7
2026-07-09 15:08:57,SANOFI,Actions Europe,1H,76.25,75.41,77.11,77.92,1.023809523809519,1.988095238095232,OBJECTIF ATTEINT,9.1
2026-07-09 15:08:45,SANOFI,Actions Europe,1H,76.26,75.82,77.1,78.21,1.9090909090908328,4.431818181818036,OBJECTIF ATTEINT,8.9
2026-07-09 13:08:31,SANOFI INHABER,Actions Europe,1H,75.96,75.33,77.11,78.33,1.825396825396848,3.761904761904796,OBJECTIF ATTEINT,9.1
2026-07-07 13:07:46,SAP,Actions Europe,1H,144.72,142.66,150.34,158.2,2.7281553398058245,6.543689320388338,INVALIDÉE,8.9
2026-07-07 13:07:44,LVMH .3,Actions Europe,1H,501.0,495.83,509.12,518.46,1.5705996131528006,3.3771760154738844,INVALIDÉE,8.4
2026-07-01 09:47:41,SIEMENS HEALTH,Actions Europe,Journalier,33.85,35.29,31.06,27.78,1.9375000000000049,4.215277777777785,INVALIDÉE,7.5
2026-06-29 10:08:09,ALLIANZ,Actions Europe,1H,409.8,406.6,413.8,418.9,1.2500000000000044,2.84375,OBJECTIF ATTEINT,8.6
2026-06-22 14:09:00,ALLIANZ,Actions Europe,1H,405.8,401.5,410.9,419.5,1.186046511627896,3.186046511627896,SEUIL PRÉSERVÉ,8.8
2026-06-22 14:08:28,ALLIANZ,Actions Europe,1H,405.6,401.6,411.2,419.7,1.3999999999999917,3.5249999999999915,SEUIL PRÉSERVÉ,8.8
2026-06-18 11:08:24,TOTALENERGIES .50,Actions Europe,1H,71.12,72.0,68.67,65.99,2.7840909090909265,5.829545454545496,SEUIL PRÉSERVÉ,8.2
2026-06-15 11:10:09,SIEMENS HEALTH,Actions Europe,1H,35.13,34.77,35.6,36.62,1.3055555555555545,4.138888888888881,SEUIL PRÉSERVÉ,8.2
2026-06-12 09:08:43,SIEMENS HEALTH,Actions Europe,1H,35.11,34.82,35.6,37.14,1.689655172413805,7.000000000000025,INVALIDÉE,7.3
2026-06-12 09:08:11,LVMH,Actions Europe,1H,517.5,498.88,549.17,554.61,1.7008592910848523,1.9930182599355533,SEUIL PRÉSERVÉ,8.6
2026-06-12 09:07:36,LVMH .3,Actions Europe,1H,518.8,508.0,550.28,554.59,2.9148148148148287,3.31388888888891,SEUIL PRÉSERVÉ,8.9
2026-06-11 14:09:49,LVMH,Actions Europe,1H,499.25,493.1,512.57,544.92,2.165853658536601,7.426016260162623,OBJECTIF ATTEINT,8.0
2026-06-04 13:09:28,SAP,Actions Europe,1H,164.06,159.4,168.84,173.24,1.0257510729613744,1.9699570815450675,INVALIDÉE,7.3
2026-06-04 13:08:02,SAP,Actions Europe,1H,163.9,162.12,168.84,173.24,2.7752808988764013,5.247191011235953,INVALIDÉE,7.3
2026-06-02 13:09:36,SIEMENS,Actions Europe,1H,277.7,271.7,283.82,288.63,1.020000000000001,1.821666666666668,INVALIDÉE,8.4
2026-06-01 15:08:16,ALLIANZ TECHNOLOGY TRUST [CBOE],Actions Europe,1H,739.0,727.0,,,,,OBJECTIF ATTEINT,8.0
2026-05-26 08:09:25,ALLIANZ,Actions Europe,1H,392.6,389.7,398.7,408.2,2.1034482758620325,5.379310344827511,INVALIDÉE,9.1
2026-05-26 08:08:24,ALLIANZ,Actions Europe,1H,392.7,388.7,397.8,406.9,1.2750000000000057,3.549999999999997,INVALIDÉE,8.8
2026-05-25 10:10:25,SIEMENS HEALTH,Actions Europe,1H,34.94,34.46,35.88,36.59,1.958333333333356,3.437500000000034,SEUIL PRÉSERVÉ,7.9
2026-05-25 10:09:03,SAP,Actions Europe,1H,153.66,151.7,156.44,159.64,1.4183673469387703,3.0510204081632475,INVALIDÉE,8.8
2026-05-20 15:09:37,ALLIANZ,Actions Europe,1H,385.4,381.5,389.7,397.9,1.102564102564112,3.205128205128224,SEUIL PRÉSERVÉ,8.4
2026-05-19 13:09:35,ALLIANZ,Actions Europe,1H,384.1,381.3,388.4,395.5,1.5357142857142632,4.071428571428547,INVALIDÉE,8.8
2026-05-19 09:08:41,TOTALENERGIES .50,Actions Europe,1H,80.19,79.65,80.73,82.47,1.0000000000000264,4.222222222222286,OBJECTIF ATTEINT,8.6
2026-05-18 13:51:35,TOTALENERGIES .50,Actions Europe,Journalier,79.28,77.0,82.54,85.47,1.4298245614035103,2.714912280701752,INVALIDÉE,8.0
2026-05-14 13:54:03,SAP,Actions Europe,Journalier,137.78,141.33,131.66,115.49,1.7239436619718267,6.278873239436601,INVALIDÉE,7.3
2026-05-14 12:10:46,SIEMENS,Actions Europe,1H,274.85,269.9,284.27,296.83,1.903030303030277,4.440404040403992,INVALIDÉE,8.6
2026-05-14 12:08:29,SIEMENS,Actions Europe,1H,274.3,269.55,285.9,299.6,2.442105263157888,5.326315789473687,INVALIDÉE,8.9
2026-05-08 08:10:12,SANOFI,Actions Europe,1H,72.96,73.53,71.88,67.32,1.8947368421052355,9.894736842105136,OBJECTIF ATTEINT,8.0
2026-05-06 12:56:03,ALLIANZ TECHNOLOGY TRUST [CBOE],Actions Europe,Journalier,647.0,618.0,,,,,OBJECTIF ATTEINT,8.8
2026-05-03 23:06:54,ALLIANZ TECHNOLOGY TRUST [CBOE],Actions Europe,1H,624.0,618.0,,,,,OBJECTIF ATTEINT,8.6
2026-04-30 08:09:24,LVMH .3,Actions Europe,1H,444.35,456.21,426.53,419.55,1.5025295109612238,2.0910623946037186,SEUIL PRÉSERVÉ,8.2
2026-04-29 10:09:07,SIEMENS HEALTH,Actions Europe,1H,34.87,35.44,34.19,32.9,1.1929824561403497,3.456140350877189,OBJECTIF ATTEINT,8.4
2026-04-29 07:49:04,SIEMENS HEALTH,Actions Europe,Journalier,35.19,35.9,34.26,31.73,1.3098591549295755,4.873239436619708,OBJECTIF ATTEINT,8.2
2026-04-27 09:09:35,SIEMENS,Actions Europe,1H,250.0,245.45,257.05,261.95,1.5494505494505482,2.626373626373617,OBJECTIF ATTEINT,8.4
2026-04-23 09:08:33,SANOFI,Actions Europe,1H,83.68,82.98,84.87,87.7,1.6999999999999895,5.742857142857114,INVALIDÉE,8.2
2026-04-23 07:07:43,ALLIANZ TECHNOLOGY TRUST [CBOE],Actions Europe,1H,612.0,604.0,,,,,SEUIL PRÉSERVÉ,8.4
2026-04-21 11:09:12,LVMH,Actions Europe,1H,495.5,484.31,507.0,525.33,1.027703306523682,2.66577301161752,INVALIDÉE,7.9
2026-04-21 11:08:03,LVMH .3,Actions Europe,1H,494.95,486.45,505.3,527.82,1.2176470588235322,3.867058823529419,INVALIDÉE,7.7
2026-04-21 10:10:38,ALLIANZ,Actions Europe,1H,396.3,392.0,402.5,413.7,1.4418604651162723,4.046511627906961,INVALIDÉE,8.6
2026-04-21 10:09:24,ALLIANZ,Actions Europe,1H,,392.7,401.9,412.7,,,INVALIDÉE,8.4
2026-04-20 07:08:28,ALLIANZ TECHNOLOGY TRUST [CBOE],Actions Europe,1H,,584.0,,,,,SEUIL PRÉSERVÉ,8.6
2026-04-17 15:12:19,SIEMENS HEALTH,Actions Europe,1H,39.37,38.75,40.34,42.03,1.5645161290322742,4.290322580645185,INVALIDÉE,8.6
2026-04-17 15:12:17,SIEMENS,Actions Europe,1H,248.65,245.45,257.05,261.95,2.624999999999988,4.1562499999999725,INVALIDÉE,8.6
2026-04-15 10:09:20,SIEMENS HEALTH,Actions Europe,1H,38.67,38.21,39.71,40.34,2.2608695652173854,3.6304347826086927,SEUIL PRÉSERVÉ,8.8
2026-04-13 13:08:35,SANOFI INHABER,Actions Europe,1H,79.26,80.32,77.46,75.14,1.6981132075471996,3.8867924528302367,INVALIDÉE,8.2
2026-04-13 12:10:16,SANOFI,Actions Europe,1H,79.02,79.61,77.52,76.12,2.542372881355917,4.915254237288092,INVALIDÉE,8.2
2026-04-08 13:09:42,LVMH,Actions Europe,1H,501.8,498.18,507.0,512.35,1.436464088397785,2.9143646408839774,INVALIDÉE,8.6
2026-04-08 13:08:00,SIEMENS,Actions Europe,1H,232.95,229.35,238.03,245.28,1.4111111111111168,3.4250000000000087,INVALIDÉE,8.8
2026-04-08 08:10:45,ALLIANZ,Actions Europe,1H,380.0,376.4,387.8,392.0,2.1666666666666563,3.333333333333312,INVALIDÉE,8.6
2026-03-31 13:09:35,SANOFI,Actions Europe,1H,83.09,81.93,85.07,87.47,1.706896551724134,3.775862068965525,SEUIL PRÉSERVÉ,8.8
2026-03-31 13:09:09,SANOFI,Actions Europe,1H,83.08,82.19,84.87,87.7,2.0112359550561854,5.191011235955058,SEUIL PRÉSERVÉ,8.8
2026-03-31 13:07:10,SANOFI INHABER,Actions Europe,1H,83.05,82.25,84.95,87.53,2.3750000000000155,5.6000000000000245,SEUIL PRÉSERVÉ,8.8
2026-03-30 14:07:16,TOTALENERGIES .50,Actions Europe,1H,80.78,79.32,83.62,88.29,1.9452054794520464,5.143835616438332,INVALIDÉE,8.6
2026-03-30 08:10:21,TOTALENERGIES,Actions Europe,1H,79.63,78.59,80.94,83.4,1.2596153846153963,3.6250000000000377,OBJECTIF ATTEINT,8.0
2026-03-26 14:07:36,SANOFI INHABER,Actions Europe,1H,,80.04,81.48,82.25,,,OBJECTIF ATTEINT,8.8
2026-03-25 16:10:33,SANOFI,Actions Europe,1H,79.71,79.2,80.63,82.23,1.8039215686274863,4.941176470588344,OBJECTIF ATTEINT,8.6
2026-03-20 10:44:21,SAP,Actions Europe,Journalier,155.98,163.0,140.91,133.91,2.146723646723643,3.1438746438746383,OBJECTIF ATTEINT,8.4
2026-03-18 11:09:47,ALLIANZ TECHNOLOGY TRUST [CBOE],Actions Europe,1H,,538.0,,,,,INVALIDÉE,8.4
2026-03-06 10:07:53,ALLIANZ,Actions Europe,1H,350.3,355.0,344.0,337.0,1.3404255319148992,2.8297872340425623,OBJECTIF ATTEINT,8.4
2026-03-05 11:10:12,SIEMENS HEALTH,Actions Europe,1H,,40.68,39.92,38.21,,,INVALIDÉE,8.2
2026-02-27 16:10:11,SANOFI,Actions Europe,1H,81.97,81.51,82.58,85.07,1.326086956521756,6.739130434782688,INVALIDÉE,8.6
2026-02-27 16:07:36,SANOFI INHABER,Actions Europe,1H,81.94,81.43,82.72,84.95,1.5294117647059118,5.90196078431384,INVALIDÉE,8.6
2026-02-25 13:14:46,ALLIANZ,Actions Europe,1H,379.4,377.5,382.1,388.0,1.4210526315789882,4.526315789473751,OBJECTIF ATTEINT,7.5
2026-02-25 09:09:20,ALLIANZ TECHNOLOGY TRUST [CBOE],Actions Europe,1H,,530.0,,,,,OBJECTIF ATTEINT,8.0
2026-02-25 09:07:29,TOTALENERGIES .50,Actions Europe,1H,67.12,66.54,67.92,69.34,1.3793103448275854,3.827586206896561,SEUIL PRÉSERVÉ,8.4
2026-02-24 16:09:26,SIEMENS HEALTH,Actions Europe,1H,42.14,41.75,42.53,44.5,1.0,6.051282051282041,INVALIDÉE,8.0
2026-02-24 13:09:25,TOTALENERGIES,Actions Europe,1H,66.58,65.77,67.91,69.29,1.6419753086419686,3.34567901234568,SEUIL PRÉSERVÉ,8.6
2026-02-23 10:09:43,SIEMENS HEALTH,Actions Europe,1H,42.25,42.03,42.62,43.37,1.681818181818179,5.090909090909106,INVALIDÉE,8.9
2026-02-19 11:08:07,TOTALENERGIES .50,Actions Europe,1H,65.67,65.14,67.13,68.95,2.754716981132058,6.188679245283008,SEUIL PRÉSERVÉ,8.6
2026-02-17 10:09:12,ALLIANZ TECHNOLOGY TRUST [CBOE],Actions Europe,1H,521.0,528.0,,,,,INVALIDÉE,6.6
2026-02-04 15:07:37,ALLIANZ,Actions Europe,1H,387.1,383.4,392.7,396.0,1.5135135135134856,2.4054054054053697,INVALIDÉE,7.9
2026-02-03 11:07:34,ALLIANZ,Actions Europe,1H,382.0,376.4,392.0,394.9,1.7857142857142785,2.303571428571415,SEUIL PRÉSERVÉ,7.9
2026-02-03 10:07:52,SIEMENS,Actions Europe,1H,264.65,263.15,268.52,274.58,2.580000000000003,6.6200000000000045,INVALIDÉE,8.4
2026-01-30 12:09:30,SIEMENS HEALTH,Actions Europe,1H,42.21,43.04,41.29,39.13,1.1084337349397633,3.7108433734939816,SEUIL PRÉSERVÉ,7.7
2026-01-29 16:50:39,SAP,Actions Europe,Journalier,164.34,188.98,133.91,117.46,1.2349837662337673,1.902597402597404,SEUIL PRÉSERVÉ,8.8
2026-01-28 16:52:14,SANOFI,Actions Europe,Journalier,77.86,79.52,73.8,68.39,2.445783132530127,5.704819277108445,INVALIDÉE,8.2
2026-01-28 16:07:18,SIEMENS,Actions Europe,1H,251.02,252.69,246.05,243.0,2.9760479041916383,4.80239520958088,INVALIDÉE,7.9
2026-01-21 11:08:29,ALLIANZ,Actions Europe,1H,370.0,376.4,362.2,344.0,1.2187500000000062,4.062500000000014,SEUIL PRÉSERVÉ,7.5
2026-01-20 15:08:14,ALLIANZ,Actions Europe,1H,371.7,376.0,365.8,355.7,1.372093023255805,3.7209302325581297,OBJECTIF ATTEINT,8.0
2026-01-20 11:09:23,TOTALENERGIES,Actions Europe,1H,56.42,55.89,57.24,57.69,1.547169811320752,2.396226415094327,OBJECTIF ATTEINT,7.7
2026-01-19 16:09:48,SANOFI,Actions Europe,1H,79.08,80.62,77.52,74.9,1.0129870129870104,2.7142857142856984,OBJECTIF ATTEINT,8.6
2026-01-19 11:09:10,LVMH .3,Actions Europe,1H,,594.8,564.1,532.2,,,OBJECTIF ATTEINT,8.2
2026-01-13 16:07:23,SIEMENS,Actions Europe,1H,262.35,258.6,268.8,279.0,1.7199999999999969,4.439999999999994,SEUIL PRÉSERVÉ,8.8
2026-01-06 15:51:32,LVMH .3,Actions Europe,Journalier,,620.9,680.1,736.7,,,INVALIDÉE,8.0
2026-01-06 15:09:01,SIEMENS HEALTH,Actions Europe,1H,45.58,44.93,47.15,48.22,2.415384615384621,4.061538461538471,SEUIL PRÉSERVÉ,8.4
2026-01-06 11:53:40,SAP,Actions Europe,Journalier,201.95,212.48,188.98,163.0,1.231718898385565,3.698955365622031,INVALIDÉE,8.0
2026-01-05 13:08:50,TOTALENERGIES,Actions Europe,1H,56.03,55.29,57.69,60.21,2.2432432432432328,5.648648648648633,INVALIDÉE,8.4
2026-01-05 09:07:46,LVMH .3,Actions Europe,1H,646.9,640.5,665.6,680.1,2.9218750000000173,5.187500000000026,INVALIDÉE,8.4
2025-12-30 14:10:58,SANOFI,Actions Europe,1H,83.0,82.3,83.91,85.07,1.2999999999999898,2.9571428571428355,INVALIDÉE,8.8
2025-12-30 14:10:27,SIEMENS HEALTH,Actions Europe,1H,44.92,44.32,45.58,47.15,1.0999999999999917,3.716666666666653,OBJECTIF ATTEINT,8.8
2025-12-30 14:09:18,LVMH,Actions Europe,1H,,633.7,646.5,650.0,,,OBJECTIF ATTEINT,8.4
2025-12-22 16:09:53,SIEMENS HEALTH,Actions Europe,1H,,44.08,45.58,47.15,,,SEUIL PRÉSERVÉ,7.9
2025-12-19 10:08:38,ALLIANZ,Actions Europe,1H,387.3,383.0,398.1,409.9,2.51162790697674,5.25581395348835,SEUIL PRÉSERVÉ,8.6
2025-12-18 09:09:12,SIEMENS HEALTH,Actions Europe,1H,,43.67,45.58,47.15,,,SEUIL PRÉSERVÉ,8.4
2025-12-17 14:07:38,ALLIANZ,Actions Europe,1H,386.0,382.3,390.5,399.2,1.21621621621622,3.5675675675675755,SEUIL PRÉSERVÉ,8.0
2025-12-16 09:09:07,SIEMENS HEALTH,Actions Europe,1H,44.58,44.1,45.58,47.15,2.083333333333347,5.354166666666703,INVALIDÉE,8.2
2025-12-15 10:45:31,ALLIANZ,Actions Europe,Journalier,383.7,377.5,391.6,409.4,1.2741935483871043,4.145161290322586,OBJECTIF ATTEINT,8.8
2025-12-04 16:08:10,TOTALENERGIES .50,Actions Europe,1H,,56.56,58.62,60.74,,,INVALIDÉE,8.4
2025-12-04 14:08:47,TOTALENERGIES,Actions Europe,1H,57.17,56.53,58.59,61.14,2.218750000000001,6.203124999999993,INVALIDÉE,8.6
2025-12-02 15:08:08,ALLIANZ,Actions Europe,1H,371.4,368.9,374.1,376.4,1.0800000000000185,2.0,INVALIDÉE,8.2
2025-12-02 11:07:18,SIEMENS,Actions Europe,1H,229.15,224.07,238.35,243.0,1.811023622047237,2.7263779527558976,SEUIL PRÉSERVÉ,7.7
2025-11-28 16:08:06,TOTALENERGIES .50,Actions Europe,1H,56.84,56.12,58.62,60.74,2.472222222222193,5.41666666666662,SEUIL PRÉSERVÉ,8.8
2025-11-26 09:08:38,ALLIANZ,Actions Europe,1H,368.8,365.9,373.0,376.4,1.4482758620689449,2.620689655172371,OBJECTIF ATTEINT,8.2
2025-11-19 13:49:07,SAP,Actions Europe,Journalier,206.85,212.48,196.07,192.78,1.914742451154531,2.4991119005328604,SEUIL PRÉSERVÉ,8.2
2025-11-17 12:47:49,SANOFI,Actions Europe,Journalier,89.59,87.59,92.11,95.62,1.259999999999998,3.015000000000001,INVALIDÉE,8.6
2025-11-17 08:43:03,SANOFI INHABER,Actions Europe,Journalier,89.69,88.01,93.48,95.61,2.2559523809523947,3.52380952380954,INVALIDÉE,8.4
2025-11-14 09:08:10,ALLIANZ,Actions Europe,1H,367.6,365.5,372.1,376.4,2.14285714285712,4.190476190476123,INVALIDÉE,8.4
2025-11-14 09:07:13,ALLIANZ,Actions Europe,1H,367.7,365.5,371.1,377.5,1.545454545454569,4.454545454545483,INVALIDÉE,8.6
2025-10-29 15:09:37,SANOFI,Actions Europe,1H,88.37,87.59,89.2,91.15,1.0641025641025603,3.5641025641025603,SEUIL PRÉSERVÉ,8.4
2025-10-23 10:07:25,LVMH,Actions Europe,1H,625.3,607.5,665.8,684.7,2.27528089887641,3.337078651685407,SEUIL PRÉSERVÉ,8.4
2025-10-17 10:06:52,SIEMENS,Actions Europe,1H,237.0,243.0,230.64,225.36,1.0600000000000025,1.9399999999999975,SEUIL PRÉSERVÉ,7.3
2025-10-17 09:06:48,SAP,Actions Europe,1H,228.8,232.0,224.53,221.92,1.334375000000008,2.150000000000015,INVALIDÉE,7.5
2025-10-08 14:55:43,LVMH .3,Actions Europe,Journalier,573.4,558.7,601.5,626.2,1.9115646258503505,3.591836734693899,INVALIDÉE,8.9
2025-10-08 08:11:55,SAP,Actions Europe,1H,238.3,234.78,247.75,256.43,2.68465909090908,5.150568181818166,SEUIL PRÉSERVÉ,8.9
2025-10-08 08:11:51,LVMH .3,Actions Europe,1H,564.9,558.7,577.7,601.5,2.064516129032292,5.903225806451681,OBJECTIF ATTEINT,8.9
2025-10-07 09:49:07,ALLIANZ TECHNOLOGY TRUST [CBOE],Actions Europe,Journalier,515.0,504.0,,,,,INVALIDÉE,8.6
2025-10-06 14:07:17,ALLIANZ,Actions Europe,1H,364.2,362.2,366.5,376.4,1.1500000000000057,6.099999999999994,INVALIDÉE,8.0
2025-09-26 09:48:59,SANOFI,Actions Europe,Journalier,77.27,78.7,74.9,68.08,1.6573426573426426,6.426573426573395,INVALIDÉE,8.4
2025-09-25 12:09:11,SIEMENS,Actions Europe,1H,221.25,224.57,213.85,198.47,2.228915662650609,6.861445783132544,INVALIDÉE,8.4
2025-09-23 10:08:32,LVMH,Actions Europe,1H,519.6,515.02,525.25,559.04,1.2336244541484556,8.611353711790303,INVALIDÉE,8.2
2025-09-19 13:07:28,SANOFI INHABER,Actions Europe,1H,81.14,79.93,82.45,84.42,1.082644628099181,2.7107438016529075,INVALIDÉE,7.7
2025-09-18 08:53:32,LVMH,Actions Europe,Journalier,518.0,489.58,559.04,626.31,1.4440534834623484,3.811048557353972,OBJECTIF ATTEINT,7.3
2025-09-18 08:52:27,LVMH .3,Actions Europe,Journalier,520.0,478.28,563.93,601.46,1.0529721955896434,1.9525407478427608,OBJECTIF ATTEINT,7.3
2025-09-16 09:08:50,ALLIANZ TECHNOLOGY TRUST [CBOE],Actions Europe,1H,485.0,482.0,,,,,INVALIDÉE,8.4
2025-09-15 10:51:04,SAP,Actions Europe,Journalier,218.4,233.8,196.62,166.01,1.414285714285714,3.401948051948052,INVALIDÉE,7.9
2025-09-11 14:06:50,SAP,Actions Europe,1H,220.9,227.9,212.48,194.7,1.202857142857145,3.742857142857145,OBJECTIF ATTEINT,7.5
2025-09-11 11:09:00,SIEMENS HEALTH,Actions Europe,1H,48.27,47.64,48.95,49.43,1.0793650793650746,1.8412698412698283,SEUIL PRÉSERVÉ,8.4
2025-09-10 14:07:11,ALLIANZ,Actions Europe,1H,350.7,354.9,342.9,333.0,1.857142857142865,4.214285714285723,SEUIL PRÉSERVÉ,8.2
2025-09-09 12:47:07,ALLIANZ TECHNOLOGY TRUST [CBOE],Actions Europe,Journalier,469.0,456.0,,,,,OBJECTIF ATTEINT,8.2
2025-09-08 14:09:10,ALLIANZ TECHNOLOGY TRUST [CBOE],Actions Europe,1H,469.5,465.0,,,,,OBJECTIF ATTEINT,8.8
2025-09-03 11:08:09,LVMH .3,Actions Europe,1H,521.6,498.48,545.4,563.93,1.0294117647058805,1.8308823529411729,INVALIDÉE,8.9
2025-09-02 12:12:45,LVMH,Actions Europe,1H,516.8,508.22,525.5,558.59,1.013986013986028,4.870629370629421,INVALIDÉE,8.4
2025-09-02 12:11:27,LVMH,Actions Europe,1H,517.1,509.0,525.5,559.04,1.0370370370370314,5.177777777777756,INVALIDÉE,8.2
2025-08-28 08:12:35,LVMH,Actions Europe,1H,520.4,510.87,534.93,558.59,1.5246589716684171,4.007345225603375,INVALIDÉE,8.8
2025-08-27 12:11:39,LVMH,Actions Europe,1H,494.85,491.3,498.7,510.87,1.084507042253508,4.512676056338009,OBJECTIF ATTEINT,8.8
2025-08-21 13:12:13,SAP,Actions Europe,1H,232.0,241.03,221.45,215.25,1.168327796234774,1.854928017718715,SEUIL PRÉSERVÉ,8.2
2025-08-20 14:09:36,SAP,Actions Europe,1H,234.05,235.45,231.75,219.62,1.6428571428571777,10.30714285714303,OBJECTIF ATTEINT,8.0
2025-08-20 12:10:03,TOTALENERGIES .50,Actions Europe,1H,53.75,53.1,54.88,56.87,1.7384615384615465,4.800000000000007,SEUIL PRÉSERVÉ,8.4
2025-08-19 13:11:38,TOTALENERGIES,Actions Europe,1H,53.62,53.14,54.94,57.39,2.7500000000000187,7.854166666666725,SEUIL PRÉSERVÉ,8.2
2025-08-19 09:09:38,SIEMENS,Actions Europe,1H,235.55,234.3,237.2,243.0,1.319999999999982,5.959999999999991,INVALIDÉE,8.4
2025-08-15 15:11:26,TOTALENERGIES,Actions Europe,1H,53.43,53.13,53.81,54.94,1.2666666666666873,5.033333333333374,INVALIDÉE,8.6
2025-08-15 10:09:24,ALLIANZ,Actions Europe,1H,380.1,366.8,396.5,418.8,1.2330827067669146,2.9097744360902222,SEUIL PRÉSERVÉ,8.6
2025-08-14 07:34:23,SIEMENS,Actions Europe,Journalier,230.85,225.15,237.0,243.0,1.0789473684210558,2.131578947368426,OBJECTIF ATTEINT,8.8
2025-07-30 12:10:46,SIEMENS,Actions Europe,1H,229.15,227.9,232.1,237.0,2.359999999999991,6.279999999999996,INVALIDÉE,8.8
2025-07-28 14:11:21,ALLIANZ,Actions Europe,1H,340.1,343.6,333.4,316.6,1.9142857142857272,6.714285714285714,INVALIDÉE,8.0
2025-07-28 10:14:50,SIEMENS,Actions Europe,1H,229.2,227.9,231.9,237.0,2.076923076923117,6.000000000000087,INVALIDÉE,7.7
2025-07-28 08:11:43,SANOFI SA SANOFI ADR REP 1 1/2 (CDI),Actions Europe,1H,50.7,49.0,,,,,OBJECTIF ATTEINT,8.6
2025-07-25 09:13:05,ALLIANZ,Actions Europe,1H,343.3,347.6,333.0,314.2,2.3953488372092986,6.767441860465103,SEUIL PRÉSERVÉ,7.5
2025-07-24 08:10:54,SIEMENS,Actions Europe,1H,230.85,227.9,237.0,243.0,2.0847457627118744,4.118644067796628,INVALIDÉE,8.8
2025-07-23 14:15:29,SIEMENS,Actions Europe,1H,226.9,223.4,234.63,241.5,2.208571428571425,4.17142857142857,SEUIL PRÉSERVÉ,8.4
2025-07-22 07:38:01,SANOFI SA SANOFI ADR REP 1 1/2 (CDI),Actions Europe,Journalier,48.0,49.0,,,,,INVALIDÉE,7.0
2025-07-16 11:08:17,TOTALENERGIES,Actions Europe,1H,53.93,53.65,54.31,54.9,1.3571428571428608,3.464285714285696,INVALIDÉE,8.6
2025-07-15 09:05:39,SANOFI INHABER,Actions Europe,1H,83.71,82.48,85.06,85.75,1.0975609756097722,1.6585365853658725,SEUIL PRÉSERVÉ,6.8
2025-07-10 10:08:27,LVMH,Actions Europe,1H,497.05,485.95,510.87,523.05,1.245045045045042,2.3423423423423326,INVALIDÉE,8.8
2025-07-10 10:07:35,LVMH,Actions Europe,1H,497.25,489.2,519.29,559.04,2.7378881987577555,7.675776397515513,INVALIDÉE,8.8
2025-07-03 14:05:45,SIEMENS,Actions Europe,1H,223.0,221.5,225.15,237.0,1.4333333333333371,9.333333333333334,INVALIDÉE,8.8
2025-06-30 08:06:11,SIEMENS,Actions Europe,1H,222.4,219.73,225.15,237.0,1.0299625468164733,5.468164794007456,INVALIDÉE,8.4
2025-06-26 09:06:41,LVMH,Actions Europe,1H,443.8,457.25,421.67,401.6,1.6453531598513025,3.1375464684014887,SEUIL PRÉSERVÉ,8.2
2025-06-20 08:06:50,SANOFI SA SANOFI ADR REP 1 1/2 (CDI),Actions Europe,1H,47.7,49.0,,,,,SEUIL PRÉSERVÉ,7.9
2025-06-19 10:06:49,TOTALENERGIES,Actions Europe,1H,54.96,54.41,55.88,57.39,1.6727272727272628,4.418181818181783,SEUIL PRÉSERVÉ,8.4
2025-06-19 10:05:26,TOTALENERGIES .50,Actions Europe,1H,54.97,53.95,56.87,58.21,1.8627450980392213,3.1764705882353086,SEUIL PRÉSERVÉ,8.4
2025-06-18 09:06:42,SIEMENS HEALTH,Actions Europe,1H,45.41,45.79,44.53,43.04,2.315789473684183,6.23684210526311,INVALIDÉE,8.4
2025-06-17 10:04:49,ALLIANZ,Actions Europe,1H,338.9,343.5,327.6,316.6,2.456521739130413,4.847826086956488,SEUIL PRÉSERVÉ,8.4
2025-06-17 10:04:44,SANOFI INHABER,Actions Europe,1H,85.01,85.91,82.48,78.3,2.811111111111139,7.455555555555635,SEUIL PRÉSERVÉ,8.6
2025-06-12 08:08:06,LVMH,Actions Europe,1H,465.25,483.53,445.57,421.08,1.0765864332603958,2.4163019693654317,SEUIL PRÉSERVÉ,8.2
2025-06-09 08:05:29,ALLIANZ TECHNOLOGY TRUST [CBOE],Actions Europe,1H,412.5,406.0,,,,,SEUIL PRÉSERVÉ,8.2
2025-06-06 09:30:00,LVMH .3,Actions Europe,Journalier,470.15,478.28,449.93,419.49,2.4870848708487063,6.231242312423124,INVALIDÉE,8.0
2025-06-04 15:06:22,ALLIANZ,Actions Europe,1H,352.6,347.4,358.4,368.4,1.115384615384597,3.0384615384615032,SEUIL PRÉSERVÉ,7.7
2025-06-02 10:56:31,SANOFI,Actions Europe,Journalier,86.03,87.84,83.1,74.98,1.618784530386742,6.104972375690599,OBJECTIF ATTEINT,7.9
2025-06-02 10:53:14,SANOFI INHABER,Actions Europe,Journalier,86.14,88.54,82.48,78.3,1.524999999999995,3.2666666666666604,OBJECTIF ATTEINT,7.5
2025-06-02 08:24:28,SIEMENS HEALTH,Actions Europe,1H,45.88,46.75,44.23,43.04,1.896551724137943,3.264367816091968,SEUIL PRÉSERVÉ,8.4
2025-05-28 07:22:14,ALLIANZ,Actions Europe,1H,352.7,347.8,358.2,362.4,1.122448979591842,1.9795918367347007,SEUIL PRÉSERVÉ,8.4
2025-05-27 09:49:38,LVMH,Actions Europe,Journalier,482.8,519.29,445.85,419.7,1.0126061934776662,1.7292408879145,OBJECTIF ATTEINT,7.7
2025-05-23 13:49:31,LVMH .3,Actions Europe,Journalier,468.75,478.28,445.99,419.49,2.388247639034633,5.168940188877244,INVALIDÉE,7.7
2025-05-22 09:23:07,LVMH,Actions Europe,1H,487.4,491.61,477.93,464.19,2.249406175771945,5.513064133016575,OBJECTIF ATTEINT,8.4
2025-05-22 09:21:37,LVMH .3,Actions Europe,1H,488.0,491.8,478.28,464.54,2.5578947368421048,6.173684210526292,OBJECTIF ATTEINT,8.6
2025-05-16 07:24:51,SIEMENS HEALTH,Actions Europe,1H,49.25,48.31,50.83,51.81,1.6808510638297895,2.7234042553191578,SEUIL PRÉSERVÉ,7.3
2025-05-13 22:23:24,ALLIANZ TECHNOLOGY TRUST [CBOE],Actions Europe,1H,401.5,398.0,,,,,SEUIL PRÉSERVÉ,8.6
2025-05-09 10:22:53,SIEMENS,Actions Europe,1H,214.65,213.3,217.29,227.0,1.9555555555555535,9.148148148148184,OBJECTIF ATTEINT,8.8
2025-05-08 12:23:16,SIEMENS,Actions Europe,1H,214.7,213.3,217.29,227.0,1.8500000000000325,8.785714285714436,INVALIDÉE,8.9
2025-05-07 10:51:25,ALLIANZ,Actions Europe,Journalier,373.1,358.3,391.5,419.0,1.2432432432432408,3.1013513513513478,INVALIDÉE,8.2
2025-05-05 08:24:51,ALLIANZ,Actions Europe,1H,372.0,369.1,377.2,384.5,1.7931034482758723,4.310344827586241,OBJECTIF ATTEINT,8.9
2025-05-05 08:23:33,ALLIANZ,Actions Europe,1H,372.0,370.1,377.5,384.9,2.894736842105298,6.789473684210596,OBJECTIF ATTEINT,8.9
2025-05-02 14:58:37,ALLIANZ,Actions Europe,Journalier,368.4,358.4,383.5,402.7,1.5100000000000022,3.430000000000001,INVALIDÉE,8.9
2025-05-02 12:23:39,SIEMENS,Actions Europe,1H,206.7,204.22,213.3,227.0,2.661290322580665,8.185483870967781,SEUIL PRÉSERVÉ,8.6
2025-04-30 10:26:09,SANOFI,Actions Europe,1H,96.67,96.0,97.94,99.84,1.8955223880596908,4.73134328358208,OBJECTIF ATTEINT,9.1
2025-04-30 10:23:41,SANOFI INHABER,Actions Europe,1H,96.71,95.71,98.15,99.91,1.440000000000012,3.200000000000003,OBJECTIF ATTEINT,9.1
2025-04-30 07:54:04,ALLIANZ,Actions Europe,Journalier,364.7,358.3,377.2,395.5,1.9531250000000069,4.812500000000019,INVALIDÉE,8.8
2025-04-29 12:24:35,SANOFI,Actions Europe,1H,93.49,91.74,96.0,97.94,1.4342857142857173,2.5428571428571445,OBJECTIF ATTEINT,8.2
2025-04-29 07:23:08,SANOFI INHABER,Actions Europe,1H,93.18,92.44,94.07,95.71,1.2027027027026695,3.41891891891886,OBJECTIF ATTEINT,7.9
2025-04-28 12:24:00,TOTALENERGIES,Actions Europe,1H,52.89,52.3,53.88,55.27,1.677966101694909,4.033898305084727,INVALIDÉE,8.8
2025-04-28 10:25:01,SIEMENS HEALTH,Actions Europe,1H,47.3,46.27,49.43,51.39,2.0679611650485583,3.970873786407793,SEUIL PRÉSERVÉ,9.1
2025-04-28 10:23:16,ALLIANZ,Actions Europe,1H,360.6,358.3,363.8,368.6,1.3913043478260751,3.4782608695652004,OBJECTIF ATTEINT,8.8
2025-04-28 10:23:11,SAP,Actions Europe,1H,250.9,244.35,258.75,265.3,1.198473282442745,2.198473282442745,SEUIL PRÉSERVÉ,8.9
2025-04-24 12:24:32,SANOFI,Actions Europe,1H,93.46,91.84,95.34,97.51,1.1604938271605068,2.5000000000000218,SEUIL PRÉSERVÉ,7.9
2025-04-24 12:22:58,SANOFI INHABER,Actions Europe,1H,93.41,92.44,95.22,98.15,1.8659793814433037,4.886597938144345,INVALIDÉE,7.9
2025-04-22 12:22:07,LVMH .3,Actions Europe,1H,474.3,484.98,444.83,425.87,2.7593632958801506,4.534644194756552,INVALIDÉE,8.2
2025-04-16 08:24:54,LVMH,Actions Europe,1H,481.0,494.58,459.42,426.04,1.589101620029456,4.04712812960236,SEUIL PRÉSERVÉ,8.2
2025-04-14 07:23:09,TOTALENERGIES .50,Actions Europe,1H,48.66,48.98,47.87,43.68,2.468749999999995,15.562499999999975,INVALIDÉE,6.8
2025-04-07 08:23:26,SIEMENS HEALTH,Actions Europe,1H,42.15,43.04,39.67,39.13,2.786516853932579,3.3932584269662853,INVALIDÉE,8.2
2025-04-07 08:22:18,TOTALENERGIES .50,Actions Europe,1H,50.52,51.67,48.98,48.32,1.3391304347826158,1.9130434782608745,OBJECTIF ATTEINT,8.2
2025-04-04 11:23:10,LVMH .3,Actions Europe,1H,530.0,548.7,481.2,425.9,2.6096256684491923,5.566844919786084,SEUIL PRÉSERVÉ,8.4
2025-04-04 11:23:08,TOTALENERGIES .50,Actions Europe,1H,53.7,55.4,51.67,48.98,1.1941176470588273,2.7764705882353047,OBJECTIF ATTEINT,8.8
2025-04-04 07:24:17,SIEMENS HEALTH,Actions Europe,1H,46.09,47.18,43.04,42.99,2.798165137614692,2.8440366972477173,OBJECTIF ATTEINT,8.6
2025-03-31 14:58:16,TOTALENERGIES,Actions Europe,Journalier,59.57,58.29,61.51,63.15,1.515624999999997,2.796874999999996,INVALIDÉE,8.8
2025-03-31 08:23:20,LVMH,Actions Europe,1H,578.4,583.7,567.5,526.8,2.056603773584875,9.735849056603652,SEUIL PRÉSERVÉ,8.0
2025-03-26 12:52:49,TOTALENERGIES .50,Actions Europe,Journalier,60.26,59.17,61.72,62.99,1.339449541284409,2.504587155963315,INVALIDÉE,8.8
2025-03-26 10:22:50,TOTALENERGIES .50,Actions Europe,1H,60.04,59.17,61.72,62.99,1.931034482758626,3.3908045977011625,SEUIL PRÉSERVÉ,8.9
2025-03-26 09:24:35,LVMH,Actions Europe,1H,595.0,600.1,586.2,567.5,1.7254901960784148,5.392156862745074,OBJECTIF ATTEINT,7.5
2025-03-26 09:22:50,LVMH .3,Actions Europe,1H,595.1,610.7,572.8,531.4,1.4294871794871815,4.08333333333333,SEUIL PRÉSERVÉ,8.0
2025-03-26 08:25:09,TOTALENERGIES,Actions Europe,1H,59.61,58.68,61.51,63.15,2.043010752688171,3.806451612903226,SEUIL PRÉSERVÉ,8.6
2025-03-26 00:22:46,TOTALENERGIES [CBOE],Actions Europe,1H,59.2,58.7,59.7,61.3,1.0,4.199999999999989,OBJECTIF ATTEINT,7.7
2025-03-25 15:22:47,ALLIANZ TECHNOLOGY TRUST [CBOE],Actions Europe,1H,390.0,382.0,,,,,INVALIDÉE,7.7
2025-03-14 12:23:04,ALLIANZ,Actions Europe,1H,353.4,349.9,358.8,370.2,1.5428571428571527,4.800000000000003,SEUIL PRÉSERVÉ,8.6
2025-03-14 10:23:56,ALLIANZ,Actions Europe,1H,349.9,347.5,352.3,359.4,1.0000000000000238,3.958333333333371,OBJECTIF ATTEINT,8.2
2025-03-13 12:22:21,ALLIANZ,Actions Europe,1H,348.0,345.8,351.0,358.8,1.3636363636363706,4.909090909090939,OBJECTIF ATTEINT,8.8
2025-02-17 16:22:34,TOTALENERGIES .50,Actions Europe,1H,59.06,58.41,60.58,62.96,2.338461538461512,5.999999999999945,SEUIL PRÉSERVÉ,8.4
2025-02-14 19:48:57,ALLIANZ TECHNOLOGY TRUST [CBOE],Actions Europe,Journalier,454.0,447.0,,,,,INVALIDÉE,8.0
2025-02-11 15:23:38,SAP,Actions Europe,1H,277.15,274.45,282.53,290.62,1.9925925925925996,4.98888888888892,SEUIL PRÉSERVÉ,9.1
2025-02-11 09:23:32,SIEMENS,Actions Europe,1H,212.0,209.0,215.35,221.45,1.1166666666666647,3.1499999999999964,OBJECTIF ATTEINT,8.0
2025-02-11 08:25:22,SIEMENS HEALTH,Actions Europe,1H,57.54,56.7,58.44,61.11,1.0714285714285745,4.250000000000019,INVALIDÉE,7.5
2025-02-10 10:49:54,SIEMENS HEALTH,Actions Europe,Journalier,56.4,55.34,58.63,63.75,2.1037735849056736,6.933962264150976,INVALIDÉE,8.2
2025-02-10 08:22:28,LVMH .3,Actions Europe,1H,684.0,701.8,662.2,647.8,1.224719101123596,2.033707865168547,SEUIL PRÉSERVÉ,7.3
2025-02-07 10:22:43,SAP,Actions Europe,1H,273.55,269.73,278.33,286.82,1.2513089005235554,3.473821989528797,SEUIL PRÉSERVÉ,8.8
2025-02-07 08:23:13,ALLIANZ,Actions Europe,1H,318.4,316.4,321.1,325.6,1.3500000000000227,3.6000000000000227,OBJECTIF ATTEINT,8.8
2025-02-06 08:26:36,TOTALENERGIES,Actions Europe,1H,58.29,57.61,59.0,60.58,1.0441176470588251,3.367647058823529,OBJECTIF ATTEINT,8.6
2025-01-31 10:24:08,SANOFI SA SANOFI ADR REP 1 1/2 (CDI),Actions Europe,1H,54.3,54.0,,,,,INVALIDÉE,8.4
2025-01-30 14:48:43,SIEMENS HEALTH,Actions Europe,Journalier,54.98,53.96,56.7,63.75,1.686274509803934,8.598039215686311,INVALIDÉE,8.9
2025-01-28 16:24:43,LVMH,Actions Europe,1H,761.5,749.5,783.8,820.6,1.8583333333333296,4.925000000000002,INVALIDÉE,8.9
2025-01-28 10:22:47,SANOFI INHABER,Actions Europe,1H,102.1,100.81,103.79,106.0,1.3100775193798624,3.0232558139535115,SEUIL PRÉSERVÉ,8.6
2025-01-28 09:24:47,SANOFI,Actions Europe,1H,102.04,100.86,103.99,105.76,1.6525423728813369,3.152542372881337,SEUIL PRÉSERVÉ,8.8
2025-01-28 00:21:54,SANOFI SA SANOFI ADR REP 1 1/2 (CDI),Actions Europe,1H,53.3,53.0,,,,,INVALIDÉE,8.4
2025-01-27 09:23:45,SAP SE SAP ADR REP 1 ORD (CDI),Actions Europe,1H,277.0,275.0,,,,,INVALIDÉE,8.4
2025-01-24 15:24:21,SANOFI SA SANOFI ADR REP 1 1/2 (CDI),Actions Europe,1H,52.4,52.0,,,,,OBJECTIF ATTEINT,8.4
2025-01-24 08:26:15,LVMH,Actions Europe,1H,745.5,719.1,778.3,784.6,1.2424242424242418,1.4810606060606082,SEUIL PRÉSERVÉ,8.8
2025-01-23 12:22:56,SANOFI INHABER,Actions Europe,1H,100.6,99.91,101.7,103.79,1.5942028985507422,4.623188405797134,OBJECTIF ATTEINT,8.0
2025-01-23 11:25:47,ALLIANZ,Actions Europe,1H,308.8,307.2,311.4,316.7,1.6249999999999556,4.937499999999916,OBJECTIF ATTEINT,8.8
2025-01-23 09:23:48,ALLIANZ,Actions Europe,1H,307.8,304.5,311.2,316.7,1.0303030303030198,2.696969696969681,OBJECTIF ATTEINT,7.3
2025-01-22 15:25:50,LVMH,Actions Europe,1H,711.2,694.3,737.9,762.1,1.5798816568047211,3.011834319526609,OBJECTIF ATTEINT,8.4
2025-01-22 14:23:18,LVMH .3,Actions Europe,1H,710.9,701.8,738.0,767.5,2.978021978021973,6.219780219780207,OBJECTIF ATTEINT,8.9
2025-01-22 14:23:09,ALLIANZ TECHNOLOGY TRUST [CBOE],Actions Europe,1H,443.5,438.0,,,,,SEUIL PRÉSERVÉ,8.8
2025-01-22 09:23:11,SAP,Actions Europe,1H,261.55,257.8,266.68,276.52,1.3679999999999988,3.991999999999992,SEUIL PRÉSERVÉ,8.8
2025-01-22 08:25:20,SIEMENS HEALTH,Actions Europe,1H,54.0,52.93,55.34,56.7,1.2523364485981336,2.5233644859813102,SEUIL PRÉSERVÉ,8.9
2025-01-21 15:26:23,LVMH,Actions Europe,1H,699.2,685.6,719.1,748.5,1.463235294117643,3.624999999999991,OBJECTIF ATTEINT,8.6
2025-01-21 15:25:28,LVMH,Actions Europe,1H,699.3,694.3,712.9,737.9,2.7200000000000046,7.720000000000004,OBJECTIF ATTEINT,8.4
2025-01-21 13:50:02,SIEMENS HEALTH,Actions Europe,Journalier,53.48,52.37,55.34,56.7,1.6756756756756823,2.900900900900908,OBJECTIF ATTEINT,8.6
2025-01-17 14:52:18,SIEMENS,Actions Europe,Journalier,199.44,195.55,207.01,223.01,1.9460154241645296,6.059125964010303,OBJECTIF ATTEINT,8.9
2025-01-17 13:23:46,SIEMENS,Actions Europe,1H,199.12,197.15,202.78,208.46,1.857868020304568,4.74111675126904,OBJECTIF ATTEINT,9.1
2025-01-16 18:21:56,SANOFI SA SANOFI ADR REP 1 1/2 (CDI),Actions Europe,1H,50.4,49.0,,,,,OBJECTIF ATTEINT,8.8
2025-01-16 13:23:18,SIEMENS,Actions Europe,1H,195.76,192.94,198.64,202.78,1.0212765957446817,2.489361702127669,OBJECTIF ATTEINT,8.8
2025-01-15 18:22:06,SANOFI SA SANOFI ADR REP 1 1/2 (CDI),Actions Europe,1H,49.5,49.0,,,,,OBJECTIF ATTEINT,7.9
2025-01-14 14:23:13,LVMH .3,Actions Europe,1H,661.2,654.7,676.9,701.8,2.415384615384605,6.246153846153832,INVALIDÉE,8.2
2025-01-10 15:56:33,SIEMENS,Actions Europe,Journalier,195.74,188.4,203.84,210.98,1.1035422343324237,2.076294277929152,OBJECTIF ATTEINT,7.9
2025-01-10 12:46:47,SAP,Actions Europe,Journalier,247.15,242.0,254.43,265.47,1.4135922330097077,3.557281553398058,OBJECTIF ATTEINT,8.6
2025-01-10 11:25:33,LVMH,Actions Europe,1H,652.4,645.9,660.0,694.3,1.1692307692307726,6.446153846153843,INVALIDÉE,8.9
2025-01-10 09:53:14,SIEMENS,Actions Europe,Journalier,196.34,188.48,207.01,223.01,1.3575063613231513,3.393129770992359,OBJECTIF ATTEINT,8.4
2025-01-09 14:22:45,LVMH .3,Actions Europe,1H,644.9,637.7,658.6,701.8,1.902777777777802,7.90277777777785,SEUIL PRÉSERVÉ,8.0
2025-01-08 12:48:11,SAP SE SAP ADR REP 1 ORD (CDI),Actions Europe,Journalier,256.0,249.0,,,,,OBJECTIF ATTEINT,8.2
2025-01-07 11:23:19,SANOFI INHABER,Actions Europe,1H,95.02,94.4,95.71,99.91,1.1129032258064653,7.887096774193672,OBJECTIF ATTEINT,8.8
2025-01-03 12:24:17,TOTALENERGIES [CBOE],Actions Europe,1H,54.09,53.5,55.0,56.0,1.5423728813559174,3.237288135593196,OBJECTIF ATTEINT,8.6
2025-01-03 10:25:12,TOTALENERGIES,Actions Europe,1H,54.02,53.69,54.61,57.61,1.7878787878787474,10.878787878787689,OBJECTIF ATTEINT,8.8
2024-12-30 09:25:00,SANOFI,Actions Europe,1H,93.47,92.33,96.0,99.84,2.219298245614035,5.587719298245616,SEUIL PRÉSERVÉ,8.8
2024-12-27 13:22:49,SANOFI INHABER,Actions Europe,1H,92.75,91.63,95.71,99.91,2.6428571428571264,6.392857142857114,SEUIL PRÉSERVÉ,8.2
2024-12-18 16:22:46,SAP,Actions Europe,1H,241.0,238.42,245.0,248.95,1.5503875968992171,3.08139534883719,INVALIDÉE,8.4
2024-12-17 08:23:29,SAP SE SAP ADR REP 1 ORD (CDI),Actions Europe,1H,257.0,255.0,,,,,INVALIDÉE,8.0
2024-12-13 11:48:47,SIEMENS HEALTH,Actions Europe,Journalier,53.9,52.93,55.34,56.7,1.4845360824742335,2.886597938144338,INVALIDÉE,8.4
2024-12-13 08:46:16,ALLIANZ TECHNOLOGY TRUST [CBOE],Actions Europe,Journalier,420.0,411.0,,,,,OBJECTIF ATTEINT,8.6
2024-12-11 12:24:38,SIEMENS HEALTH,Actions Europe,1H,53.92,52.93,55.34,56.7,1.4343434343434331,2.8080808080808035,SEUIL PRÉSERVÉ,8.8
2024-12-09 14:22:35,LVMH .3,Actions Europe,1H,650.0,616.4,696.7,738.0,1.3898809523809528,2.6190476190476173,SEUIL PRÉSERVÉ,8.9
2024-12-09 11:26:46,LVMH,Actions Europe,1H,646.0,635.4,675.2,719.1,2.754716981132074,6.896226415094327,SEUIL PRÉSERVÉ,8.8
2024-12-09 11:25:50,LVMH,Actions Europe,1H,645.9,635.8,667.6,694.4,2.148514851485148,4.801980198019791,INVALIDÉE,8.8
2024-12-06 13:23:37,LVMH .3,Actions Europe,1H,629.2,620.0,647.8,685.2,2.0217391304347627,6.086956521739101,OBJECTIF ATTEINT,8.8
2024-12-06 10:25:54,LVMH,Actions Europe,1H,626.3,620.2,635.4,675.2,1.4918032786885504,8.016393442623086,OBJECTIF ATTEINT,8.8
2024-12-06 10:24:50,LVMH,Actions Europe,1H,626.3,620.2,635.8,657.4,1.5573770491803511,5.0983606557377845,OBJECTIF ATTEINT,8.8
2024-12-06 09:50:54,SIEMENS,Actions Europe,Journalier,193.88,188.48,205.07,214.71,2.07222222222222,3.857407407407406,INVALIDÉE,8.8
2024-12-06 09:46:51,SIEMENS,Actions Europe,Journalier,193.74,188.4,205.91,216.31,2.2790262172284605,4.2265917602996215,SEUIL PRÉSERVÉ,9.1
2024-12-04 14:24:26,SIEMENS HEALTH,Actions Europe,1H,51.8,51.18,52.93,53.92,1.822580645161302,3.419354838709699,INVALIDÉE,8.4
2024-12-04 09:51:23,SAP,Actions Europe,Journalier,236.15,225.9,251.88,263.77,1.5346341463414623,2.694634146341461,OBJECTIF ATTEINT,8.6
2024-12-02 15:24:48,LVMH,Actions Europe,1H,599.4,592.7,617.2,626.6,2.656716417910485,4.059701492537362,OBJECTIF ATTEINT,8.4
2024-12-02 15:23:07,SAP,Actions Europe,1H,227.8,225.9,232.57,237.43,2.5105263157894564,5.068421052631561,OBJECTIF ATTEINT,8.9
2024-12-02 12:49:40,SIEMENS,Actions Europe,Journalier,186.0,178.04,194.39,205.07,1.0540201005025098,2.3957286432160774,OBJECTIF ATTEINT,7.9
2024-12-02 10:24:36,SIEMENS HEALTH,Actions Europe,1H,51.2,50.25,52.93,53.92,1.8210526315789384,2.8631578947368324,SEUIL PRÉSERVÉ,7.9
2024-11-26 12:44:28,SAP,Actions Europe,Journalier,223.9,212.64,238.72,252.84,1.316163410301951,2.5701598579040805,OBJECTIF ATTEINT,7.5
2024-11-25 08:21:56,SAP,Actions Europe,1H,227.25,224.56,230.45,235.0,1.1895910780669112,2.881040892193311,INVALIDÉE,8.6
2024-11-22 15:22:24,ALLIANZ,Actions Europe,1H,291.5,288.9,296.4,298.8,1.8846153846153595,2.8076923076922875,SEUIL PRÉSERVÉ,7.9
2024-11-21 14:24:34,LVMH,Actions Europe,1H,570.5,574.8,565.5,522.4,1.1627906976744309,11.18604651162803,INVALIDÉE,8.0
2024-11-21 10:22:10,SANOFI INHABER,Actions Europe,1H,90.47,92.44,86.74,81.76,1.8934010152284293,4.4213197969543145,INVALIDÉE,7.9
2024-11-12 09:23:37,SANOFI SA SANOFI ADR REP 1 1/2 (CDI),Actions Europe,1H,50.6,52.0,,,,,OBJECTIF ATTEINT,7.9
2024-11-11 12:22:04,SIEMENS,Actions Europe,1H,186.94,185.81,188.4,190.96,1.2920353982301007,3.5575221238938286,INVALIDÉE,8.4
2024-11-08 15:24:41,LVMH,Actions Europe,1H,600.1,609.0,584.9,556.8,1.7078651685393351,4.865168539325863,OBJECTIF ATTEINT,7.5
2024-11-08 15:23:48,LVMH,Actions Europe,1H,599.9,606.7,587.0,556.6,1.8970588235293893,6.367647058823459,OBJECTIF ATTEINT,7.9
2024-11-06 16:23:43,LVMH,Actions Europe,1H,598.0,606.7,587.0,556.6,1.2643678160919474,4.758620689655145,INVALIDÉE,8.0
2024-11-06 13:23:48,TOTALENERGIES [CBOE],Actions Europe,1H,57.7,58.5,55.8,51.4,2.3750000000000155,7.875000000000034,SEUIL PRÉSERVÉ,8.4
2024-10-21 13:41:27,ALLIANZ,Actions Europe,Journalier,302.8,296.5,310.1,322.8,1.1587301587301584,3.1746031746031687,INVALIDÉE,8.2
2024-10-17 08:46:44,SAP,Actions Europe,Journalier,210.8,206.7,217.97,228.43,1.7487804878048654,4.299999999999975,OBJECTIF ATTEINT,8.2
2024-10-09 14:21:38,SIEMENS,Actions Europe,1H,183.56,182.4,184.96,188.4,1.2068965517241463,4.172413793103464,OBJECTIF ATTEINT,8.8
2024-10-01 07:22:40,SAP SE SAP ADR REP 1 ORD (CDI),Actions Europe,1H,229.0,226.0,,,,,INVALIDÉE,7.5
2024-09-26 15:50:58,SAP SE SAP ADR REP 1 ORD (CDI),Actions Europe,Journalier,228.0,220.0,,,,,OBJECTIF ATTEINT,7.9
2024-09-25 10:21:18,SIEMENS,Actions Europe,1H,172.1,169.61,178.8,184.32,2.690763052208863,4.907630522088391,OBJECTIF ATTEINT,8.4
2024-09-24 10:23:08,TOTALENERGIES,Actions Europe,1H,63.17,62.76,64.36,65.53,2.9024390243902123,5.756097560975556,INVALIDÉE,9.1
2024-09-24 10:21:43,SIEMENS,Actions Europe,1H,170.88,169.61,172.46,178.8,1.244094488189004,6.236220472441047,INVALIDÉE,8.9
2024-09-19 13:41:07,ALLIANZ,Actions Europe,Journalier,292.4,278.5,311.5,341.0,1.3741007194244643,3.4964028776978493,SEUIL PRÉSERVÉ,8.6
2024-09-19 13:39:17,SAP,Actions Europe,Journalier,206.0,199.86,213.69,228.19,1.2524429967426731,3.614006514657988,OBJECTIF ATTEINT,8.9
2024-09-12 09:20:37,ALLIANZ,Actions Europe,1H,284.4,281.8,288.3,292.0,1.5000000000000329,2.92307692307697,SEUIL PRÉSERVÉ,8.4
2024-08-29 10:21:37,SIEMENS HEALTH,Actions Europe,1H,52.6,51.5,53.95,55.34,1.227272727272727,2.4909090909090894,SEUIL PRÉSERVÉ,8.8
2024-08-26 10:22:10,LVMH,Actions Europe,1H,683.1,676.8,701.1,725.8,2.857142857142826,6.777777777777693,INVALIDÉE,8.4
2024-08-26 10:20:37,LVMH .3,Actions Europe,1H,683.2,666.5,714.7,738.0,1.8862275449101744,3.281437125748492,SEUIL PRÉSERVÉ,8.0
2024-08-26 08:22:08,SANOFI,Actions Europe,1H,100.5,99.84,101.33,102.33,1.2575757575757616,2.7727272727272845,SEUIL PRÉSERVÉ,8.8
2024-08-23 14:20:43,SIEMENS,Actions Europe,1H,166.86,165.48,170.64,172.44,2.7391304347825414,4.043478260869484,SEUIL PRÉSERVÉ,8.2
2024-08-21 14:21:51,SIEMENS HEALTH,Actions Europe,1H,51.54,50.88,52.35,53.94,1.227272727272737,3.636363636363653,SEUIL PRÉSERVÉ,7.9
2024-08-13 12:40:39,SANOFI INHABER,Actions Europe,Journalier,96.8,94.23,99.91,103.98,1.2101167315175128,2.793774319066158,OBJECTIF ATTEINT,7.3
2024-08-02 15:21:35,TOTALENERGIES,Actions Europe,1H,61.15,61.5,60.52,59.78,1.7999999999999796,3.914285714285691,OBJECTIF ATTEINT,8.6
2024-07-24 13:20:26,SIEMENS,Actions Europe,1H,171.24,172.46,169.96,167.8,1.0491803278688543,2.819672131147542,OBJECTIF ATTEINT,8.4
2024-07-24 09:20:24,TOTALENERGIES .50,Actions Europe,1H,61.72,62.1,60.59,59.54,2.973684210526284,5.736842105263118,INVALIDÉE,8.8
2024-07-24 07:20:35,TOTALENERGIES .50,Actions Europe,1H,62.14,62.5,61.6,60.59,1.5,4.3055555555555545,OBJECTIF ATTEINT,8.4
2024-07-10 12:22:06,SANOFI,Actions Europe,1H,92.8,91.73,96.0,99.84,2.9906542056074983,6.579439252336496,SEUIL PRÉSERVÉ,7.5
2024-07-08 12:21:00,ALLIANZ,Actions Europe,1H,262.3,260.8,263.8,270.8,1.0,5.666666666666667,INVALIDÉE,8.0
2024-07-04 08:45:39,SAP,Actions Europe,Journalier,187.46,181.04,197.19,204.99,1.5155763239875335,2.73052959501557,INVALIDÉE,8.0
2024-07-03 15:20:40,SIEMENS,Actions Europe,1H,176.82,175.44,178.49,188.4,1.2101449275362477,8.391304347826123,OBJECTIF ATTEINT,7.9
2024-07-02 09:20:35,TOTALENERGIES .50,Actions Europe,1H,63.98,63.55,64.63,65.67,1.511627906976742,3.930232558139549,OBJECTIF ATTEINT,8.4
2024-07-02 07:21:55,TOTALENERGIES,Actions Europe,1H,63.85,63.37,64.36,64.93,1.0624999999999871,2.2499999999999925,OBJECTIF ATTEINT,8.2
2024-06-25 09:40:41,SANOFI,Actions Europe,Journalier,90.76,88.58,96.0,99.84,2.403669724770632,4.165137614678885,SEUIL PRÉSERVÉ,7.7
2024-06-12 14:46:57,SAP,Actions Europe,Journalier,180.94,177.68,188.24,194.16,2.2392638036809918,4.055214723926391,INVALIDÉE,8.0
2024-06-10 08:21:31,ALLIANZ,Actions Europe,1H,258.9,261.8,253.4,245.3,1.8965517241378989,4.689655172413726,SEUIL PRÉSERVÉ,8.0
2024-05-28 14:21:40,LVMH,Actions Europe,1H,746.3,769.3,723.1,699.0,1.00869565217391,2.056521739130433,SEUIL PRÉSERVÉ,8.0
2024-05-28 14:20:43,LVMH .3,Actions Europe,1H,746.6,754.7,738.0,717.8,1.0617283950617282,3.555555555555554,OBJECTIF ATTEINT,8.0
2024-05-27 10:21:36,SIEMENS HEALTH,Actions Europe,1H,53.76,53.23,54.46,56.7,1.320754716981135,5.547169811320752,SEUIL PRÉSERVÉ,7.5
2024-05-17 10:20:46,ALLIANZ,Actions Europe,1H,267.1,263.8,271.3,277.2,1.272727272727265,3.06060606060604,SEUIL PRÉSERVÉ,8.4
2024-05-06 15:21:26,ALLIANZ,Actions Europe,1H,269.0,266.0,276.5,278.5,2.5,3.1666666666666665,SEUIL PRÉSERVÉ,8.0
2024-05-02 13:21:27,ALLIANZ,Actions Europe,1H,267.8,266.4,270.0,276.5,1.571428571428525,6.2142857142855545,INVALIDÉE,8.4
2024-04-30 14:20:43,ALLIANZ,Actions Europe,1H,267.3,265.5,270.5,273.9,1.77777777777776,3.6666666666666248,INVALIDÉE,7.0
2024-04-26 11:20:39,SAP,Actions Europe,1H,173.98,171.87,177.64,182.6,1.7345971563981148,4.085308056872068,INVALIDÉE,7.3
2024-04-10 09:20:34,ALLIANZ,Actions Europe,1H,263.9,266.3,259.2,256.6,1.9583333333333008,3.0416666666666043,OBJECTIF ATTEINT,8.0
2024-04-04 07:22:09,LVMH,Actions Europe,1H,814.2,821.8,799.5,770.8,1.9342105263158187,5.710526315789554,OBJECTIF ATTEINT,8.2
2024-03-28 13:21:49,TOTALENERGIES,Actions Europe,1H,63.42,63.07,63.87,64.88,1.2857142857142685,4.171428571428537,OBJECTIF ATTEINT,8.8
2024-03-15 12:21:50,SANOFI,Actions Europe,1H,88.83,88.27,90.42,92.26,2.8392857142857086,6.124999999999988,INVALIDÉE,7.5
2024-03-08 11:21:31,SIEMENS HEALTH,Actions Europe,1H,57.72,57.28,58.29,61.61,1.2954545454545527,8.840909090909138,INVALIDÉE,8.6
2024-03-08 08:21:37,TOTALENERGIES,Actions Europe,1H,60.29,59.89,60.91,62.48,1.5499999999999992,5.475000000000014,SEUIL PRÉSERVÉ,7.9
2024-03-04 15:20:35,SAP,Actions Europe,1H,175.2,173.5,178.35,181.65,1.852941176470604,3.794117647058859,SEUIL PRÉSERVÉ,7.9
2024-03-04 13:41:53,ALLIANZ,Actions Europe,Journalier,251.25,245.3,259.5,265.5,1.386554621848742,2.3949579831932817,OBJECTIF ATTEINT,8.2
2024-02-27 08:41:17,SAP,Actions Europe,Journalier,173.0,168.2,181.47,199.49,1.764583333333329,5.518749999999989,SEUIL PRÉSERVÉ,8.2
2024-02-23 08:41:26,SIEMENS HEALTH,Actions Europe,Journalier,54.78,53.27,57.84,64.96,2.0264900662251697,6.74172185430464,OBJECTIF ATTEINT,8.4
2024-02-21 08:20:44,ALLIANZ,Actions Europe,1H,250.0,247.8,253.5,257.5,1.590909090909099,3.4090909090909265,OBJECTIF ATTEINT,8.8
2024-02-15 10:20:35,LVMH .3,Actions Europe,1H,814.8,804.9,833.2,870.5,1.858585858585872,5.626262626262644,SEUIL PRÉSERVÉ,8.0
2024-02-14 08:21:40,SANOFI,Actions Europe,1H,85.45,86.62,84.16,81.44,1.1025641025641062,3.4273504273504267,SEUIL PRÉSERVÉ,8.2
2024-02-13 10:20:26,SIEMENS,Actions Europe,1H,163.16,165.78,158.98,149.22,1.5954198473282442,5.32061068702289,INVALIDÉE,7.9
2024-02-08 12:38:25,SIEMENS,Actions Europe,Journalier,170.72,165.78,178.45,185.85,1.5647773279352213,3.0627530364372477,INVALIDÉE,8.6
2024-02-08 09:42:28,SIEMENS,Actions Europe,Journalier,169.26,166.48,174.47,178.91,1.8741007194244623,3.4712230215827344,INVALIDÉE,8.4
2024-02-08 09:22:04,LVMH,Actions Europe,1H,791.0,784.1,799.5,828.1,1.2318840579710186,5.37681159420292,OBJECTIF ATTEINT,8.4
2024-02-08 09:21:40,SIEMENS HEALTH,Actions Europe,1H,54.32,53.27,55.69,57.84,1.304761904761906,3.3523809523809645,SEUIL PRÉSERVÉ,8.8
2024-02-07 14:40:05,LVMH,Actions Europe,Journalier,785.4,773.6,798.7,845.4,1.1271186440678067,5.084745762711884,OBJECTIF ATTEINT,8.6
2024-02-07 13:20:36,SAP,Actions Europe,1H,167.58,165.94,169.55,173.15,1.2012195121951104,3.396341463414599,SEUIL PRÉSERVÉ,8.8
2024-02-02 10:21:40,SIEMENS HEALTH,Actions Europe,1H,53.6,53.27,54.18,55.7,1.7575757575757616,6.363636363636401,INVALIDÉE,8.2
2024-01-31 13:20:44,ALLIANZ,Actions Europe,1H,248.75,247.3,251.3,254.4,1.758620689655194,3.8965517241379657,INVALIDÉE,8.6
2024-01-24 10:39:52,ALLIANZ,Actions Europe,Journalier,246.2,239.7,254.2,262.1,1.2307692307692308,2.4461538461538512,SEUIL PRÉSERVÉ,7.5
2024-01-22 14:20:38,TOTALENERGIES .50,Actions Europe,1H,57.8,59.45,55.59,53.23,1.339393939393931,2.76969696969696,SEUIL PRÉSERVÉ,8.2
2024-01-17 11:21:52,LVMH,Actions Europe,1H,653.3,656.7,647.6,623.1,1.676470588235229,8.882352941176213,INVALIDÉE,8.6
2024-01-17 11:21:25,LVMH,Actions Europe,1H,654.8,658.8,649.5,608.7,1.3249999999999886,11.524999999999975,INVALIDÉE,8.4
2024-01-11 14:20:38,LVMH .3,Actions Europe,1H,674.5,679.4,660.2,643.0,2.91836734693878,6.428571428571458,OBJECTIF ATTEINT,7.9
2024-01-09 16:20:33,TOTALENERGIES .50,Actions Europe,1H,60.29,61.3,57.74,53.23,2.524752475247527,6.990099009901006,SEUIL PRÉSERVÉ,8.8
2024-01-03 11:21:32,LVMH .3,Actions Europe,1H,704.2,718.3,685.5,662.1,1.3262411347517848,2.9858156028369005,OBJECTIF ATTEINT,8.2
2023-12-27 09:22:01,SANOFI,Actions Europe,1H,89.34,86.62,92.26,96.36,1.073529411764707,2.580882352941176,SEUIL PRÉSERVÉ,8.0
2023-12-27 09:21:52,TOTALENERGIES,Actions Europe,1H,62.72,62.33,63.28,64.59,1.4358974358974397,4.794871794871799,INVALIDÉE,7.9
2023-12-15 13:22:37,LVMH,Actions Europe,1H,753.0,746.7,770.8,799.5,2.8253968253968385,7.380952380952435,INVALIDÉE,8.4
2023-12-15 13:21:22,LVMH .3,Actions Europe,1H,753.9,745.5,777.1,804.9,2.7619047619047747,6.071428571428588,INVALIDÉE,8.4
2023-12-15 08:21:37,LVMH,Actions Europe,1H,750.5,741.0,774.3,798.7,2.505263157894732,5.073684210526321,INVALIDÉE,8.2
2023-11-29 08:20:33,SIEMENS,Actions Europe,1H,151.38,149.22,155.68,159.68,1.9907407407407487,3.842592592592604,OBJECTIF ATTEINT,8.6
2023-11-28 10:20:43,TOTALENERGIES .50,Actions Europe,1H,63.31,62.56,64.22,64.63,1.2133333333333287,1.759999999999991,INVALIDÉE,7.9
2023-11-23 15:20:49,TOTALENERGIES .50,Actions Europe,1H,62.79,61.96,64.22,64.63,1.7228915662650637,2.216867469879518,SEUIL PRÉSERVÉ,7.0
2023-11-22 11:22:07,TOTALENERGIES,Actions Europe,1H,63.28,62.91,63.79,64.59,1.378378378378356,3.540540540540503,INVALIDÉE,8.4
2023-11-20 09:22:10,LVMH,Actions Europe,1H,717.1,711.2,726.5,757.8,1.593220338983053,6.898305084745778,INVALIDÉE,7.3
2023-11-03 08:22:13,LVMH,Actions Europe,1H,705.6,698.7,715.8,721.9,1.4782608695652124,2.3623188405797118,INVALIDÉE,8.0
2023-10-20 08:21:29,ALLIANZ,Actions Europe,1H,219.45,224.4,208.9,203.2,2.1313131313131204,3.2828282828282718,SEUIL PRÉSERVÉ,8.0
2023-10-19 09:37:48,SIEMENS,Actions Europe,Journalier,129.62,133.1,120.59,112.11,2.5948275862069043,5.031609195402315,INVALIDÉE,7.9
2023-10-12 11:21:53,SANOFI,Actions Europe,1H,103.86,103.11,105.05,106.83,1.5866666666666636,3.959999999999999,SEUIL PRÉSERVÉ,8.9
2023-10-10 13:21:28,LVMH,Actions Europe,1H,725.6,716.4,738.5,749.0,1.402173913043469,2.5434782608695503,INVALIDÉE,7.0
2023-10-10 13:20:15,LVMH .3,Actions Europe,1H,724.0,716.9,731.4,738.0,1.042253521126754,1.9718309859154863,OBJECTIF ATTEINT,7.5
2023-10-03 13:21:12,ALLIANZ,Actions Europe,1H,221.0,222.7,219.2,211.3,1.0588235294117785,5.705882352941208,INVALIDÉE,8.0
2023-09-28 12:21:39,SANOFI,Actions Europe,1H,101.16,101.88,100.16,98.8,1.388888888888891,3.277777777777782,INVALIDÉE,8.0
2023-09-20 13:20:24,TOTALENERGIES .50,Actions Europe,1H,62.42,61.22,63.66,65.07,1.0333333333333266,2.208333333333321,SEUIL PRÉSERVÉ,8.6
2023-09-14 08:39:23,SANOFI,Actions Europe,Journalier,101.78,99.08,105.43,110.65,1.3518518518518523,3.2851851851851834,SEUIL PRÉSERVÉ,8.6
2023-09-13 08:20:15,SIEMENS,Actions Europe,1H,134.46,135.14,133.5,128.25,1.4117647058824094,9.132352941176771,INVALIDÉE,8.4
2023-09-08 09:36:41,SANOFI INHABER,Actions Europe,Journalier,99.61,97.32,102.19,105.72,1.126637554585149,2.66812227074235,OBJECTIF ATTEINT,8.0
2023-09-05 13:21:17,TOTALENERGIES,Actions Europe,1H,59.82,59.33,60.46,61.58,1.3061224489795875,3.591836734693859,SEUIL PRÉSERVÉ,7.7
2023-09-05 13:20:21,TOTALENERGIES .50,Actions Europe,1H,59.73,59.31,60.42,61.53,1.6428571428571754,4.285714285714351,SEUIL PRÉSERVÉ,7.7
2023-08-25 14:45:35,SAP,Actions Europe,Journalier,126.9,124.8,129.06,134.48,1.0285714285714227,3.6095238095237874,INVALIDÉE,8.4
2023-08-23 08:20:30,SAP,Actions Europe,1H,128.38,127.29,131.39,136.82,2.761467889908276,7.74311926605512,INVALIDÉE,8.8
2023-08-17 13:22:35,LVMH,Actions Europe,1H,796.0,805.0,776.5,757.8,2.1666666666666665,4.24444444444445,OBJECTIF ATTEINT,8.0
2023-08-08 15:22:32,SIEMENS HEALTH,Actions Europe,1H,48.02,48.61,47.25,43.59,1.3050847457627253,7.508474576271233,SEUIL PRÉSERVÉ,8.2
2023-08-08 12:21:49,LVMH .3,Actions Europe,1H,807.7,820.0,777.7,738.0,2.4390243902439117,5.666666666666691,INVALIDÉE,8.2
2023-08-02 15:22:30,LVMH,Actions Europe,1H,810.0,814.1,805.0,757.8,1.2195121951219443,12.731707317073113,INVALIDÉE,8.4
2023-08-01 07:22:30,TOTALENERGIES,Actions Europe,1H,55.51,54.79,56.79,57.73,1.777777777777782,3.0833333333333366,INVALIDÉE,8.8
2023-07-27 13:21:37,TOTALENERGIES .50,Actions Europe,1H,54.37,53.7,55.19,56.0,1.2238805970149356,2.4328358208955456,OBJECTIF ATTEINT,7.5
2023-07-27 12:21:34,ALLIANZ,Actions Europe,1H,217.45,215.8,219.8,223.7,1.4242424242424576,3.78787878787884,OBJECTIF ATTEINT,8.2
2023-07-26 08:21:41,SIEMENS,Actions Europe,1H,151.54,149.22,155.34,158.04,1.6379310344827684,2.8017241379310427,OBJECTIF ATTEINT,7.3
2023-07-25 07:22:49,TOTALENERGIES,Actions Europe,1H,55.07,53.76,56.79,57.73,1.312977099236638,2.030534351145032,INVALIDÉE,8.8
2023-07-14 07:48:26,SAP,Actions Europe,Journalier,128.08,124.79,134.48,142.34,1.9452887537993813,4.334346504559259,INVALIDÉE,8.8
2023-06-27 08:22:36,SIEMENS HEALTH,Actions Europe,1H,50.22,51.24,48.76,47.66,1.4313725490196043,2.509803921568622,SEUIL PRÉSERVÉ,8.2
2023-06-26 12:22:02,SAP,Actions Europe,1H,121.6,122.91,120.19,116.39,1.0763358778625909,3.9770992366412097,SEUIL PRÉSERVÉ,8.6
2023-06-22 14:21:57,TOTALENERGIES .50,Actions Europe,1H,52.73,53.0,52.26,51.59,1.7407407407407165,4.2222222222221495,OBJECTIF ATTEINT,8.6
2023-06-13 13:21:49,SAP,Actions Europe,1H,124.76,123.46,126.13,127.64,1.0538461538461372,2.2153846153845924,INVALIDÉE,8.4
2023-06-06 08:48:04,SIEMENS,Actions Europe,Journalier,157.76,151.05,167.06,173.62,1.3859910581222117,2.363636363636373,OBJECTIF ATTEINT,8.0
2023-06-05 12:22:40,SIEMENS HEALTH,Actions Europe,1H,53.8,53.2,54.5,55.02,1.1666666666666825,2.0333333333333625,INVALIDÉE,7.3
2023-05-24 09:22:59,TOTALENERGIES,Actions Europe,1H,56.99,56.56,57.59,58.06,1.3953488372093066,2.488372093023258,INVALIDÉE,7.9
2023-05-24 07:22:53,SANOFI,Actions Europe,1H,101.04,98.61,103.72,105.18,1.102880658436208,1.703703703703699,INVALIDÉE,7.1
2023-05-18 08:23:03,SAP,Actions Europe,1H,123.4,121.55,126.13,129.48,1.4756756756756633,3.2864864864864627,SEUIL PRÉSERVÉ,8.4
2023-05-09 07:24:13,SIEMENS HEALTH,Actions Europe,1H,57.22,56.83,57.71,58.96,1.2564102564102595,4.46153846153846,INVALIDÉE,7.5
2023-05-03 08:49:37,SIEMENS,Actions Europe,Journalier,148.76,145.82,151.98,157.48,1.0952380952380958,2.965986394557825,OBJECTIF ATTEINT,8.2
2023-04-24 08:24:46,LVMH,Actions Europe,1H,900.0,894.8,911.6,922.1,2.230769230769216,4.249999999999967,INVALIDÉE,7.9
2023-04-21 09:25:02,LVMH .3,Actions Europe,1H,894.0,875.7,914.1,935.8,1.0983606557377088,2.284153005464484,SEUIL PRÉSERVÉ,8.4
2023-04-18 14:23:21,ALLIANZ,Actions Europe,1H,219.0,216.0,222.7,232.0,1.2333333333333296,4.333333333333333,OBJECTIF ATTEINT,7.7
2023-04-11 12:47:42,LVMH .3,Actions Europe,Journalier,843.3,829.0,872.5,899.9,2.0419580419580514,3.958041958041972,OBJECTIF ATTEINT,8.0
2023-04-11 09:50:35,LVMH,Actions Europe,Journalier,842.1,829.4,872.5,900.7,2.3937007874015643,4.614173228346442,OBJECTIF ATTEINT,7.9
2023-04-11 07:23:33,SIEMENS HEALTH,Actions Europe,1H,54.4,53.12,57.05,58.96,2.070312499999997,3.5624999999999987,SEUIL PRÉSERVÉ,8.8
2023-04-05 07:49:49,LVMH,Actions Europe,Journalier,851.0,827.7,885.0,923.6,1.4592274678111616,3.1158798283261877,OBJECTIF ATTEINT,8.2
2023-04-04 14:54:32,SIEMENS,Actions Europe,Journalier,148.32,141.14,155.57,161.87,1.0097493036211689,1.887186629526462,SEUIL PRÉSERVÉ,8.6
2023-03-31 09:23:23,LVMH,Actions Europe,1H,832.4,827.7,840.1,859.9,1.638297872340459,5.851063829787319,OBJECTIF ATTEINT,7.5
2023-03-30 12:24:55,SIEMENS HEALTH,Actions Europe,1H,51.78,51.28,53.12,56.19,2.6799999999999926,8.819999999999993,OBJECTIF ATTEINT,8.8
2023-03-30 09:22:39,LVMH .3,Actions Europe,1H,830.4,820.8,845.4,869.7,1.5624999999999962,4.093749999999997,OBJECTIF ATTEINT,8.6
2023-03-30 07:23:22,SIEMENS,Actions Europe,1H,147.58,146.09,149.22,151.41,1.1006711409395815,2.570469798657692,OBJECTIF ATTEINT,8.8
2023-03-28 07:23:59,SIEMENS HEALTH,Actions Europe,1H,52.04,51.28,53.12,56.19,1.421052631578949,5.460526315789486,INVALIDÉE,8.4
2023-03-23 08:23:47,SANOFI,Actions Europe,1H,93.84,92.33,95.88,100.96,1.350993377483434,4.715231788079448,OBJECTIF ATTEINT,8.6
2023-03-22 12:48:46,SANOFI INHABER,Actions Europe,Journalier,90.5,87.69,94.51,98.3,1.4270462633451964,2.775800711743769,OBJECTIF ATTEINT,8.8
2023-03-16 11:50:37,SANOFI,Actions Europe,Journalier,90.19,88.0,94.03,97.4,1.75342465753425,3.292237442922381,OBJECTIF ATTEINT,7.9
2023-03-15 14:24:43,LVMH,Actions Europe,1H,773.4,781.6,757.8,705.7,1.902439024390236,8.256097560975556,INVALIDÉE,7.5
2023-03-15 11:24:12,TOTALENERGIES,Actions Europe,1H,54.02,54.75,52.26,50.81,2.4109589041096062,4.397260273972623,OBJECTIF ATTEINT,7.9
2023-03-15 11:23:01,TOTALENERGIES .50,Actions Europe,1H,54.0,55.15,52.48,50.91,1.321739130434787,2.6869565217391367,OBJECTIF ATTEINT,7.7
2023-03-09 14:48:16,SAP,Actions Europe,Journalier,110.94,107.71,119.93,128.28,2.7832817337461293,5.368421052631573,SEUIL PRÉSERVÉ,7.0
2023-03-09 13:23:14,SIEMENS HEALTH,Actions Europe,1H,50.58,50.13,51.29,53.04,1.5777777777777946,5.46666666666672,INVALIDÉE,7.5
2023-03-09 09:23:37,ALLIANZ,Actions Europe,1H,223.25,221.5,225.0,228.6,1.0,3.057142857142854,INVALIDÉE,8.4
2023-03-07 08:47:55,TOTALENERGIES .50,Actions Europe,Journalier,59.42,58.27,61.1,63.62,1.4608695652173929,3.652173913043479,INVALIDÉE,7.9
2023-03-02 11:24:36,LVMH,Actions Europe,1H,792.0,800.0,777.3,744.3,1.8375000000000057,5.962500000000006,INVALIDÉE,7.9
2023-02-22 12:23:32,SANOFI,Actions Europe,1H,89.89,88.86,91.08,92.33,1.155339805825239,2.368932038834947,OBJECTIF ATTEINT,8.6
2023-02-21 13:23:09,SAP,Actions Europe,1H,107.98,109.13,106.21,102.51,1.539130434782629,4.756521739130469,INVALIDÉE,8.0
2023-02-21 10:22:46,SANOFI INHABER,Actions Europe,1H,89.69,88.84,91.27,92.07,1.8588235294117752,2.8000000000000136,OBJECTIF ATTEINT,8.8
2023-02-01 09:50:05,SAP,Actions Europe,Journalier,108.4,104.56,115.03,129.06,1.7265624999999971,5.380208333333328,SEUIL PRÉSERVÉ,8.4
2023-01-27 09:22:49,LVMH .3,Actions Europe,1H,806.7,802.2,819.2,833.1,2.7777777777777777,5.866666666666662,INVALIDÉE,8.4
2023-01-17 13:47:50,SIEMENS GAMESA R.E.EO-.17,Actions Europe,Journalier,,18.0,,,,,ANNULÉE,7.1
2023-01-06 09:48:30,SIEMENS,Actions Europe,Journalier,133.92,127.16,145.58,157.48,1.7248520710059232,3.485207100591721,OBJECTIF ATTEINT,8.2
2023-01-04 08:21:40,LVMH .3,Actions Europe,1H,708.6,695.6,723.0,730.0,1.107692307692306,1.6461538461538443,OBJECTIF ATTEINT,8.8
2023-01-03 16:22:05,LVMH,Actions Europe,1H,707.3,702.1,718.2,727.4,2.096153846153891,3.8653846153846714,OBJECTIF ATTEINT,8.4
2023-01-02 15:21:50,TOTALENERGIES,Actions Europe,1H,60.03,59.28,60.78,61.32,1.0,1.7199999999999989,INVALIDÉE,7.7
2023-01-02 13:43:18,TOTALENERGIES .50,Actions Europe,Journalier,59.54,58.2,62.36,65.19,2.1044776119403044,4.216417910447772,INVALIDÉE,8.0
2022-12-28 10:44:53,TOTALENERGIES,Actions Europe,Journalier,60.06,57.75,62.59,65.78,1.095238095238095,2.476190476190473,SEUIL PRÉSERVÉ,8.4
2022-12-27 15:49:10,TOTALENERGIES .50,Actions Europe,Journalier,59.9,58.88,62.41,65.44,2.460784313725498,5.4313725490196285,INVALIDÉE,8.0
2022-12-27 13:20:46,SIEMENS GAMESA,Actions Europe,1H,18.055,18.0,,,,,SEUIL PRÉSERVÉ,8.4
2022-12-27 11:21:53,TOTALENERGIES,Actions Europe,1H,59.79,59.28,60.73,62.26,1.843137254901964,4.843137254901977,INVALIDÉE,8.2
2022-12-27 11:21:00,TOTALENERGIES .50,Actions Europe,1H,59.8,59.39,60.79,62.23,2.414634146341488,5.926829268292732,INVALIDÉE,8.4
2022-12-14 14:22:06,LVMH,Actions Europe,1H,727.2,722.5,737.9,744.3,2.2765957446808147,3.638297872340371,INVALIDÉE,8.2
2022-12-09 11:20:58,TOTALENERGIES .50,Actions Europe,1H,56.03,56.5,55.05,54.6,2.085106382978737,3.0425531914893686,INVALIDÉE,7.9
2022-11-28 16:20:59,SIEMENS GAMESA,Actions Europe,1H,18.025,18.0,,,,,SEUIL PRÉSERVÉ,7.7
2022-11-28 13:21:00,SANOFI INHABER,Actions Europe,1H,87.56,86.14,91.27,93.54,2.6126760563380205,4.2112676056338,INVALIDÉE,8.6
2022-11-23 15:21:02,SIEMENS GAMESA,Actions Europe,1H,18.025,18.0,,,,,SEUIL PRÉSERVÉ,8.0
2022-11-22 13:21:12,ALLIANZ,Actions Europe,1H,204.95,202.5,211.2,220.2,2.551020408163277,6.224489795918396,SEUIL PRÉSERVÉ,7.5
2022-11-07 16:20:45,SIEMENS GAMESA,Actions Europe,1H,18.0,18.0,,,,,SEUIL PRÉSERVÉ,8.2
2022-11-07 09:21:01,TOTALENERGIES .50,Actions Europe,1H,58.3,57.25,59.63,61.25,1.2666666666666753,2.80952380952382,INVALIDÉE,8.6
2022-11-02 08:22:11,TOTALENERGIES,Actions Europe,1H,56.89,56.54,57.72,59.75,2.371428571428557,8.171428571428537,INVALIDÉE,8.8
2022-10-28 15:20:59,SIEMENS GAMESA,Actions Europe,1H,17.945,18.0,,,,,SEUIL PRÉSERVÉ,8.4
2022-10-27 09:21:54,SIEMENS HEALTH,Actions Europe,1H,46.74,46.5,46.99,49.72,1.041666666666658,12.41666666666655,INVALIDÉE,8.4
2022-10-24 10:21:55,SIEMENS HEALTH,Actions Europe,1H,46.65,45.7,48.82,49.9,2.284210526315801,3.421052631578963,SEUIL PRÉSERVÉ,7.7
2022-10-17 08:21:49,TOTALENERGIES,Actions Europe,1H,53.07,52.62,54.0,54.99,2.066666666666653,4.266666666666644,INVALIDÉE,8.8
2022-10-14 13:21:23,SIEMENS,Actions Europe,1H,105.98,103.28,110.93,111.95,1.8333333333333324,2.211111111111108,SEUIL PRÉSERVÉ,8.4
2022-10-12 15:22:58,SANOFI,Actions Europe,1H,81.64,80.5,82.98,84.43,1.1754385964912304,2.447368421052636,SEUIL PRÉSERVÉ,8.2
2022-10-11 14:22:05,SANOFI,Actions Europe,1H,81.08,80.5,81.92,82.98,1.4482758620689755,3.275862068965537,OBJECTIF ATTEINT,8.4
2022-09-26 08:21:04,ALLIANZ,Actions Europe,1H,166.42,168.6,161.6,156.2,2.2110091743119167,4.688073394495397,OBJECTIF ATTEINT,8.4
2022-09-22 07:21:07,SANOFI INHABER,Actions Europe,1H,79.0,80.0,77.96,72.83,1.0400000000000065,6.170000000000002,OBJECTIF ATTEINT,8.2
2022-09-21 07:42:36,SAP,Actions Europe,Journalier,83.05,88.26,77.17,70.47,1.1285988483685194,2.4145873320537388,INVALIDÉE,7.7
2022-09-13 07:21:09,SIEMENS,Actions Europe,1H,108.3,107.08,109.78,112.01,1.2131147540983651,3.0409836065573863,INVALIDÉE,8.8
2022-09-09 14:21:52,SIEMENS HEALTH,Actions Europe,1H,49.78,48.99,50.68,51.68,1.1392405063291131,2.4050632911392413,INVALIDÉE,8.4
2022-09-01 15:21:11,SAP,Actions Europe,1H,83.55,84.94,80.92,76.85,1.892086330935248,4.820143884892087,INVALIDÉE,8.0
2022-09-01 08:21:17,ALLIANZ,Actions Europe,1H,167.62,172.0,162.9,156.2,1.0776255707762563,2.607305936073065,INVALIDÉE,8.0
2022-08-31 13:21:14,ALLIANZ,Actions Europe,1H,168.8,169.9,167.6,156.4,1.090909090909112,11.272727272727336,INVALIDÉE,7.3
2022-08-16 13:21:19,TOTALENERGIES .50,Actions Europe,1H,51.76,51.22,52.36,53.15,1.1111111111111156,2.5740740740740797,INVALIDÉE,7.5
2022-08-10 11:21:09,ALLIANZ,Actions Europe,1H,179.16,177.4,181.9,196.1,1.556818181818195,9.625000000000048,OBJECTIF ATTEINT,8.6
2022-08-09 08:21:11,SANOFI INHABER,Actions Europe,1H,95.66,96.22,94.5,91.27,2.071428571428557,7.839285714285683,OBJECTIF ATTEINT,7.5
2022-08-08 11:22:05,LVMH,Actions Europe,1H,692.8,688.3,700.9,723.3,1.8000000000000052,6.777777777777778,INVALIDÉE,8.0
2022-08-08 11:21:06,LVMH .3,Actions Europe,1H,692.0,687.8,701.6,724.3,2.2857142857142665,7.690476190476096,INVALIDÉE,8.0
2022-08-03 14:21:21,SAP,Actions Europe,1H,91.36,90.72,92.15,93.64,1.2343750000000089,3.5624999999999987,OBJECTIF ATTEINT,7.9
2022-08-03 12:21:19,ALLIANZ,Actions Europe,1H,178.56,177.5,181.8,184.4,3.056603773584908,5.509433962264143,INVALIDÉE,7.9
2022-07-29 15:22:09,TOTALENERGIES,Actions Europe,1H,49.695,49.2,50.97,52.43,2.5757575757575863,5.525252525252553,INVALIDÉE,8.9
2022-07-29 14:22:08,TOTALENERGIES,Actions Europe,1H,49.5,49.2,49.83,50.97,1.1000000000000048,4.900000000000043,INVALIDÉE,8.9
2022-07-22 09:21:16,SAP,Actions Europe,1H,90.08,89.59,90.71,92.12,1.2857142857142898,4.163265306122505,OBJECTIF ATTEINT,8.0
2022-07-18 14:22:13,LVMH,Actions Europe,1H,616.6,604.5,649.0,664.1,2.6776859504132164,3.925619834710736,SEUIL PRÉSERVÉ,8.0
2022-07-12 14:24:25,LVMH,Actions Europe,1H,604.6,596.9,616.1,664.1,1.4935064935064848,7.727272727272681,SEUIL PRÉSERVÉ,7.7
2022-07-12 12:23:16,LVMH .3,Actions Europe,1H,605.0,596.0,615.5,664.6,1.1666666666666667,6.6222222222222245,SEUIL PRÉSERVÉ,7.7
2022-07-05 08:23:22,LVMH .3,Actions Europe,1H,589.3,583.9,605.2,619.8,2.944444444444473,5.648148148148172,INVALIDÉE,7.9
2022-06-16 13:21:13,TOTALENERGIES .50,Actions Europe,1H,51.96,52.24,51.65,51.08,1.1071428571428608,3.1428571428571392,OBJECTIF ATTEINT,8.2
2022-06-16 09:21:12,TOTALENERGIES .50,Actions Europe,1H,53.29,53.85,52.24,51.65,1.8749999999999876,2.9285714285714177,OBJECTIF ATTEINT,8.0
2022-06-15 10:23:13,SANOFI INHABER,Actions Europe,1H,93.99,95.19,91.27,87.8,2.2666666666666604,5.158333333333319,SEUIL PRÉSERVÉ,7.7
2022-06-09 15:24:06,SIEMENS GAMESA R.E.EO-.17,Actions Europe,1H,18.07,18.0,,,,,SEUIL PRÉSERVÉ,8.0
2022-06-09 13:24:11,SANOFI,Actions Europe,1H,98.09,99.33,96.79,95.88,1.0483870967741955,1.7822580645161428,OBJECTIF ATTEINT,8.4
2022-06-06 12:24:25,LVMH,Actions Europe,1H,614.7,604.5,636.2,664.3,2.1078431372548927,4.862745098039185,INVALIDÉE,7.7
2022-06-02 12:23:30,LVMH .3,Actions Europe,1H,609.3,605.2,616.2,664.4,1.682926829268352,13.439024390244208,OBJECTIF ATTEINT,8.2
2022-06-01 15:23:24,ALLIANZ,Actions Europe,1H,194.42,197.3,191.2,181.8,1.1180555555555458,4.3819444444444,SEUIL PRÉSERVÉ,8.2
2022-05-23 07:24:37,SANOFI,Actions Europe,1H,102.86,102.13,103.78,105.26,1.2602739726027352,3.2876712328767024,OBJECTIF ATTEINT,8.8
2022-05-20 10:23:34,TOTALENERGIES .50,Actions Europe,1H,52.18,51.67,53.11,53.85,1.8235294117647125,3.2745098039215845,INVALIDÉE,6.1
2022-05-12 10:23:27,SIEMENS,Actions Europe,1H,109.06,111.58,105.6,97.55,1.3730158730158784,4.567460317460327,INVALIDÉE,8.4
2022-05-12 10:23:23,LVMH .3,Actions Europe,1H,547.0,571.1,514.9,474.7,1.3319502074688794,2.999999999999998,INVALIDÉE,7.5
2022-05-06 09:23:33,SAP,Actions Europe,1H,92.27,94.02,90.18,84.31,1.1942857142857082,4.548571428571425,OBJECTIF ATTEINT,7.5
2022-05-05 07:23:41,SANOFI INHABER,Actions Europe,1H,99.74,100.7,97.7,94.38,2.1249999999999742,5.583333333333287,OBJECTIF ATTEINT,7.7
2022-05-03 12:24:37,LVMH,Actions Europe,1H,603.6,617.9,573.0,543.8,2.1398601398601484,4.1818181818182,SEUIL PRÉSERVÉ,7.7
2022-05-02 12:00:19,SIEMENS GAMESA,Actions Europe,Journalier,14.475,16.0,,,,,INVALIDÉE,7.9
2022-04-19 10:24:28,SIEMENS GAMESA R.E.EO-.17,Actions Europe,1H,14.76,15.0,,,,,INVALIDÉE,7.9
2022-04-12 11:24:00,SAP,Actions Europe,1H,97.69,98.52,96.49,90.18,1.445783132530127,9.048192771084343,INVALIDÉE,8.2
2022-04-12 07:56:52,SAP,Actions Europe,Journalier,97.36,101.63,90.18,84.31,1.6814988290398123,3.0562060889929765,OBJECTIF ATTEINT,8.0
2022-04-11 15:23:48,LVMH .3,Actions Europe,1H,619.3,623.0,611.8,583.2,2.0270270270270023,9.756756756756612,INVALIDÉE,8.0
2022-04-11 08:00:37,SIEMENS,Actions Europe,Journalier,118.14,122.59,113.22,105.6,1.1056179775280897,2.8179775280898878,OBJECTIF ATTEINT,7.9
2022-04-01 15:24:06,ALLIANZ,Actions Europe,1H,219.1,216.6,222.6,227.4,1.4,3.3200000000000047,INVALIDÉE,8.4
2022-03-23 13:21:25,SIEMENS GAMESA,Actions Europe,1H,17.2,17.0,,,,,OBJECTIF ATTEINT,8.2
2022-03-21 12:25:17,TOTALENERGIES,Actions Europe,1H,45.93,45.41,46.56,47.92,1.2115384615384592,3.8269230769230576,INVALIDÉE,7.0
2022-03-17 08:24:26,ALLIANZ,Actions Europe,1H,215.95,211.5,222.7,227.4,1.5168539325842736,2.573033707865179,INVALIDÉE,8.8
2022-03-02 09:59:08,SIEMENS,Actions Europe,Journalier,119.0,126.2,108.39,91.28,1.4736111111111103,3.8499999999999983,INVALIDÉE,8.8
2022-03-01 12:25:34,LVMH,Actions Europe,1H,635.4,639.3,625.0,613.6,2.6666666666666763,5.589743589743611,INVALIDÉE,8.0
2022-02-24 09:59:03,SIEMENS,Actions Europe,Journalier,125.86,131.32,120.13,106.85,1.0494505494505513,3.481684981684986,OBJECTIF ATTEINT,8.0
2022-02-21 14:23:57,TOTALENERGIES .50,Actions Europe,1H,49.975,50.54,49.35,48.94,1.106194690265491,1.83185840707966,SEUIL PRÉSERVÉ,8.0
2022-02-18 11:23:57,SANOFI INHABER,Actions Europe,1H,93.59,92.94,94.38,95.0,1.2153846153845924,2.169230769230745,INVALIDÉE,8.2
2022-02-15 12:24:02,SIEMENS,Actions Europe,1H,143.02,141.26,145.96,147.2,1.670454545454526,2.374999999999962,SEUIL PRÉSERVÉ,7.9
2022-02-14 12:23:44,SIEMENS GAMESA,Actions Europe,1H,16.095,17.0,,,,,INVALIDÉE,8.0
2022-02-01 08:25:16,LVMH,Actions Europe,1H,725.1,721.1,734.6,744.9,2.375,4.949999999999989,OBJECTIF ATTEINT,8.6
2022-01-20 13:22:26,SANOFI,Actions Europe,1H,92.25,90.64,94.26,100.65,1.2484472049689477,5.217391304347832,INVALIDÉE,7.5
2022-01-14 14:22:13,SIEMENS GAMESA R.E.EO-.17,Actions Europe,1H,19.05,19.0,,,,,OBJECTIF ATTEINT,7.9
2022-01-12 11:22:37,SANOFI,Actions Europe,1H,90.91,89.76,94.26,100.65,2.9130434782608985,8.469565217391375,INVALIDÉE,8.6
2022-01-10 08:46:12,TOTALENERGIES,Actions Europe,Journalier,46.665,45.26,50.1,52.27,2.444839857651245,3.98932384341637,OBJECTIF ATTEINT,8.9
2022-01-06 15:21:28,SIEMENS GAMESA,Actions Europe,1H,20.07,20.0,,,,,OBJECTIF ATTEINT,7.9
2022-01-05 13:21:44,SAP,Actions Europe,1H,125.24,124.45,127.21,129.44,2.493670886075973,5.316455696202588,INVALIDÉE,8.4
2022-01-04 15:22:39,TOTALENERGIES,Actions Europe,1H,45.435,44.47,46.56,50.1,1.165803108808286,4.834196891191692,SEUIL PRÉSERVÉ,8.8
2022-01-03 14:21:41,SANOFI INHABER,Actions Europe,1H,89.56,89.11,90.69,94.38,2.5111111111110853,10.711111111111029,INVALIDÉE,8.6
2022-01-03 11:22:40,SANOFI,Actions Europe,1H,89.34,88.07,90.7,94.26,1.0708661417322745,3.874015748031466,INVALIDÉE,7.7
2022-01-03 10:46:15,TOTALENERGIES,Actions Europe,Journalier,44.885,43.29,46.56,52.27,1.0501567398119156,4.630094043887154,OBJECTIF ATTEINT,8.8
2022-01-03 10:21:40,TOTALENERGIES .50,Actions Europe,1H,44.88,44.51,45.51,48.94,1.7027027027026695,10.972972972972824,OBJECTIF ATTEINT,8.4
2021-12-28 13:22:38,SANOFI,Actions Europe,1H,89.17,88.09,90.7,94.23,1.4166666666666698,4.685185185185195,SEUIL PRÉSERVÉ,8.8
2021-12-28 12:21:45,TOTALENERGIES .50,Actions Europe,1H,45.3,44.51,47.28,48.94,2.506329113924058,4.607594936708867,SEUIL PRÉSERVÉ,8.2
2021-12-28 10:22:35,TOTALENERGIES,Actions Europe,1H,45.195,44.47,46.56,49.1,1.8827586206896545,5.386206896551715,SEUIL PRÉSERVÉ,8.2
2021-12-28 08:44:41,LVMH .3,Actions Europe,Journalier,726.0,712.7,763.4,788.8,2.8120300751879777,4.721804511278208,INVALIDÉE,8.4
2021-12-28 08:44:37,TOTALENERGIES .50,Actions Europe,Journalier,45.04,42.65,48.94,52.23,1.6317991631799154,3.008368200836818,OBJECTIF ATTEINT,8.6
2021-12-23 12:22:39,SANOFI,Actions Europe,1H,87.93,87.47,89.11,90.7,2.5652173913042877,6.0217391304346695,SEUIL PRÉSERVÉ,8.4
2021-12-22 10:21:39,SANOFI INHABER,Actions Europe,1H,87.65,86.99,88.35,89.11,1.060606060606026,2.212121212121166,OBJECTIF ATTEINT,8.2
2021-12-21 16:22:45,SANOFI,Actions Europe,1H,87.91,87.47,89.11,89.78,2.727272727272748,4.250000000000032,INVALIDÉE,8.6
2021-12-17 08:21:47,SANOFI INHABER,Actions Europe,1H,87.53,86.99,88.35,89.11,1.5185185185184884,2.9259259259258887,INVALIDÉE,8.9
2021-12-15 16:21:41,SANOFI INHABER,Actions Europe,1H,86.39,85.94,86.99,87.98,1.3333333333333124,3.5333333333333186,OBJECTIF ATTEINT,8.4
2021-12-14 16:21:32,SIEMENS GAMESA,Actions Europe,1H,20.69,21.0,,,,,INVALIDÉE,8.4
2021-12-10 13:22:38,TOTALENERGIES,Actions Europe,1H,44.27,43.92,44.87,46.56,1.714285714285691,6.542857142857114,INVALIDÉE,8.2
2021-11-30 10:22:37,TOTALENERGIES,Actions Europe,1H,40.215,40.95,38.34,36.72,2.5510204081632675,4.755102040816336,INVALIDÉE,7.7
2021-11-26 09:21:57,ALLIANZ,Actions Europe,1H,194.54,197.1,190.5,183.9,1.5781249999999956,4.156249999999991,OBJECTIF ATTEINT,8.0
2021-11-24 13:21:35,SANOFI INHABER,Actions Europe,1H,87.82,88.54,86.23,85.3,2.2083333333332784,3.4999999999999307,OBJECTIF ATTEINT,7.9
2021-11-17 11:22:30,SANOFI,Actions Europe,1H,90.7,89.08,94.23,100.65,2.179012345679007,6.14197530864196,INVALIDÉE,8.6
2021-11-16 08:21:44,ALLIANZ,Actions Europe,1H,205.9,204.3,207.8,210.9,1.1875000000000078,3.125000000000011,SEUIL PRÉSERVÉ,8.4
2021-11-15 16:22:43,SANOFI,Actions Europe,1H,89.79,89.08,90.73,94.23,1.323943661971813,6.25352112676049,OBJECTIF ATTEINT,7.7
2021-11-15 10:22:40,LVMH,Actions Europe,1H,724.2,718.7,736.7,750.5,2.272727272727273,4.781818181818173,SEUIL PRÉSERVÉ,8.8
2021-11-15 10:21:28,LVMH .3,Actions Europe,1H,724.0,712.7,736.5,750.1,1.106194690265491,2.309734513274348,SEUIL PRÉSERVÉ,8.4
2021-11-09 15:21:31,ALLIANZ,Actions Europe,1H,203.45,201.2,205.8,210.9,1.0444444444444545,3.311111111111119,OBJECTIF ATTEINT,7.1
2021-11-05 11:21:35,ALLIANZ,Actions Europe,1H,203.2,201.2,205.8,210.9,1.3000000000000114,3.850000000000009,SEUIL PRÉSERVÉ,7.9
2021-11-05 10:21:33,SAP,Actions Europe,1H,129.24,127.21,132.25,142.26,1.4827586206896397,6.413793103448218,SEUIL PRÉSERVÉ,8.2
2021-11-04 08:44:34,SIEMENS GAMESA,Actions Europe,Journalier,19.545,21.0,,,,,INVALIDÉE,8.0
2021-11-03 12:21:34,ALLIANZ,Actions Europe,1H,202.85,201.2,205.8,210.9,1.787878787878792,4.878787878787869,INVALIDÉE,8.0
2021-11-01 11:21:29,SAP,Actions Europe,1H,126.1,125.2,127.21,129.44,1.2333333333333445,3.71111111111115,OBJECTIF ATTEINT,8.0
2021-11-01 09:21:28,ALLIANZ,Actions Europe,1H,203.05,201.2,205.8,210.9,1.4864864864864682,4.243243243243188,SEUIL PRÉSERVÉ,8.9
2021-11-01 08:21:46,SANOFI INHABER,Actions Europe,1H,86.6,85.3,89.02,90.65,1.861538461538467,3.115384615384631,OBJECTIF ATTEINT,8.6
2021-11-01 08:21:45,LVMH .3,Actions Europe,1H,676.2,667.8,687.8,712.7,1.3809523809523552,4.345238095238048,OBJECTIF ATTEINT,8.4
2021-10-29 15:22:38,LVMH,Actions Europe,1H,674.7,667.3,687.4,712.0,1.7162162162161858,5.040540540540473,OBJECTIF ATTEINT,8.6
2021-10-28 13:22:19,SIEMENS GAMESA R.E.EO-.17,Actions Europe,1H,23.62,23.0,,,,,INVALIDÉE,8.8
2021-10-27 14:21:23,SIEMENS GAMESA,Actions Europe,1H,22.4,22.0,,,,,OBJECTIF ATTEINT,7.9
2021-10-27 13:22:31,SANOFI,Actions Europe,1H,86.18,84.56,89.08,90.73,1.7901234567901132,2.808641975308632,SEUIL PRÉSERVÉ,8.4
2021-10-27 07:21:42,LVMH .3,Actions Europe,1H,665.5,657.2,676.0,687.8,1.2650602409638625,2.6867469879518167,SEUIL PRÉSERVÉ,7.7
2021-10-26 15:22:14,SIEMENS GAMESA R.E.EO-.17,Actions Europe,1H,22.33,22.0,,,,,OBJECTIF ATTEINT,8.4
2021-10-26 14:21:35,SAP,Actions Europe,1H,126.04,125.2,127.21,129.44,1.3928571428571224,4.047619047619021,INVALIDÉE,8.6
2021-10-26 12:22:42,LVMH,Actions Europe,1H,664.1,658.2,676.7,687.4,2.135593220338995,3.949152542372889,SEUIL PRÉSERVÉ,7.7
2021-10-26 08:21:35,ALLIANZ,Actions Europe,1H,200.9,198.7,205.8,210.9,2.2272727272727124,4.54545454545451,SEUIL PRÉSERVÉ,8.4
2021-10-21 08:22:16,SIEMENS GAMESA R.E.EO-.17,Actions Europe,1H,22.11,22.0,,,,,INVALIDÉE,8.8
2021-10-20 07:21:38,SIEMENS,Actions Europe,1H,141.0,138.65,145.96,150.16,2.110638297872349,3.89787234042554,INVALIDÉE,7.7
2021-10-19 12:22:21,SIEMENS HEALTH,Actions Europe,1H,57.6,56.79,58.84,59.4,1.5308641975308623,2.222222222222213,OBJECTIF ATTEINT,8.6
2021-10-18 11:22:25,TOTALENERGIES,Actions Europe,1H,44.865,44.22,46.56,46.99,2.627906976744174,3.294573643410837,SEUIL PRÉSERVÉ,9.1
2021-10-18 07:21:33,TOTALENERGIES .50,Actions Europe,1H,44.6,44.21,45.35,48.94,1.92307692307692,11.128205128205105,SEUIL PRÉSERVÉ,8.9
2021-10-15 08:21:41,LVMH .3,Actions Europe,1H,670.7,658.0,687.8,712.7,1.346456692913374,3.3070866141732167,INVALIDÉE,8.8
2021-10-14 11:21:29,SAP,Actions Europe,1H,123.74,122.84,125.2,127.21,1.6222222222222464,3.855555555555591,OBJECTIF ATTEINT,8.6
2021-10-14 10:22:16,TOTALENERGIES,Actions Europe,1H,43.665,43.35,44.29,46.56,1.9841269841269984,9.190476190476266,OBJECTIF ATTEINT,6.8
2021-10-11 10:45:17,SIEMENS GAMESA R.E.EO-.17,Actions Europe,Journalier,19.85,20.0,,,,,INVALIDÉE,8.2
2021-10-11 10:21:29,TOTALENERGIES .50,Actions Europe,1H,44.2,43.42,45.35,48.94,1.4743589743589705,6.0769230769230616,INVALIDÉE,8.8
2021-10-08 15:22:40,SANOFI INHABER,Actions Europe,1H,84.26,83.24,85.3,86.99,1.0196078431372368,2.676470588235257,INVALIDÉE,8.4
2021-10-08 12:22:27,SANOFI,Actions Europe,1H,84.3,83.86,85.21,86.59,2.068181818181821,5.204545454545496,SEUIL PRÉSERVÉ,8.8
2021-10-08 08:22:32,TOTALENERGIES,Actions Europe,1H,43.26,42.45,44.47,46.56,1.4938271604938371,4.074074074074104,SEUIL PRÉSERVÉ,8.4
2021-10-07 09:22:33,SANOFI,Actions Europe,1H,83.56,82.77,84.5,85.6,1.189873417721507,2.582278481012628,OBJECTIF ATTEINT,8.4
2021-10-07 08:21:27,ALLIANZ,Actions Europe,1H,197.76,195.9,201.0,205.8,1.7419354838709864,4.322580645161335,SEUIL PRÉSERVÉ,8.6
2021-10-06 12:22:18,SIEMENS GAMESA R.E.EO-.17,Actions Europe,1H,19.75,20.0,,,,,INVALIDÉE,7.3
2021-10-05 14:21:29,SANOFI INHABER,Actions Europe,1H,83.4,82.33,84.67,85.3,1.186915887850455,1.775700934579419,SEUIL PRÉSERVÉ,8.8
2021-10-05 11:21:32,SAP,Actions Europe,1H,114.4,116.08,110.22,107.8,2.488095238095253,3.928571428571451,INVALIDÉE,7.9
2021-10-04 14:22:44,SANOFI,Actions Europe,1H,83.45,82.79,84.5,85.6,1.5909090909090948,3.2575757575757613,INVALIDÉE,7.5
2021-10-01 12:21:26,ALLIANZ,Actions Europe,1H,196.36,193.6,199.2,202.5,1.0289855072463605,2.2246376811594,SEUIL PRÉSERVÉ,8.4
2021-09-28 08:21:29,TOTALENERGIES .50,Actions Europe,1H,41.69,40.99,42.65,45.35,1.371428571428581,5.228571428571466,INVALIDÉE,8.8
2021-09-23 15:22:22,SIEMENS HEALTH,Actions Europe,1H,59.64,59.07,60.46,61.0,1.43859649122807,2.3859649122806994,INVALIDÉE,7.9
2021-09-16 10:21:30,TOTALENERGIES .50,Actions Europe,1H,39.08,38.64,39.92,40.99,1.9090909090909267,4.340909090909122,INVALIDÉE,8.8
2021-09-10 08:21:43,LVMH .3,Actions Europe,1H,670.2,654.5,687.7,699.1,1.1146496815286593,1.840764331210184,INVALIDÉE,8.2
2021-09-10 07:23:36,LVMH .3,Actions Europe,1H,658.8,654.5,670.4,687.7,2.697674418604685,6.720930232558231,OBJECTIF ATTEINT,8.2
2021-09-08 08:21:16,SIEMENS GAMESA,Actions Europe,1H,23.75,24.0,,,,,OBJECTIF ATTEINT,7.9
2021-09-07 08:21:44,LVMH .3,Actions Europe,1H,658.0,652.9,670.4,687.7,2.4313725490195925,5.823529411764689,INVALIDÉE,8.4
2021-09-06 14:23:05,LVMH,Actions Europe,1H,650.4,638.5,667.2,687.3,1.4117647058823617,3.100840336134458,SEUIL PRÉSERVÉ,8.2
2021-09-06 14:22:52,TOTALENERGIES,Actions Europe,1H,37.8,37.36,38.65,39.82,1.931818181818195,4.590909090909122,INVALIDÉE,8.8
2021-09-03 10:23:22,TOTALENERGIES,Actions Europe,1H,37.755,37.36,38.22,38.65,1.1772151898733991,2.2658227848100987,INVALIDÉE,8.2
2021-09-02 13:21:17,SIEMENS GAMESA,Actions Europe,1H,25.78,26.0,,,,,SEUIL PRÉSERVÉ,8.0
2021-09-01 11:22:48,TOTALENERGIES,Actions Europe,1H,37.73,37.36,38.65,39.82,2.486486486486508,5.648648648648697,INVALIDÉE,7.3
2021-08-24 10:22:20,SIEMENS GAMESA R.E.EO-.17,Actions Europe,1H,25.88,26.0,,,,,INVALIDÉE,8.2
2021-08-19 12:22:49,SIEMENS GAMESA,Actions Europe,1H,25.41,25.0,,,,,INVALIDÉE,8.8
2021-08-19 08:22:27,SIEMENS GAMESA R.E.EO-.17,Actions Europe,1H,25.17,24.0,,,,,SEUIL PRÉSERVÉ,8.6
2021-08-18 08:21:22,SANOFI INHABER,Actions Europe,1H,89.59,89.11,90.23,94.38,1.3333333333333235,9.979166666666568,INVALIDÉE,8.8
2021-08-17 11:21:47,SIEMENS,Actions Europe,1H,142.48,141.2,144.0,145.96,1.1875000000000069,2.718750000000012,INVALIDÉE,7.7
2021-08-17 07:22:59,SANOFI,Actions Europe,1H,88.05,87.47,89.11,94.23,1.827586206896561,10.655172413793146,OBJECTIF ATTEINT,8.6
2021-08-12 12:21:35,LVMH .3,Actions Europe,1H,706.4,702.3,716.9,731.5,2.5609756097560834,6.121951219512167,INVALIDÉE,8.6
2021-08-12 08:22:37,TOTALENERGIES .50,Actions Europe,1H,38.58,37.82,39.71,42.65,1.486842105263165,5.355263157894751,INVALIDÉE,9.1
2021-08-11 08:22:16,TOTALENERGIES,Actions Europe,1H,37.835,37.43,38.9,39.82,2.6296296296296164,4.901234567901219,SEUIL PRÉSERVÉ,7.3
2021-08-09 07:21:38,TOTALENERGIES .50,Actions Europe,1H,37.9,37.45,39.25,40.58,3.0000000000000315,5.955555555555612,SEUIL PRÉSERVÉ,8.0
2021-08-06 11:23:08,SIEMENS GAMESA R.E.EO-.17,Actions Europe,1H,24.36,24.0,,,,,SEUIL PRÉSERVÉ,6.8
2021-08-06 09:21:22,SIEMENS GAMESA,Actions Europe,1H,24.36,24.0,,,,,SEUIL PRÉSERVÉ,8.2
2021-08-05 14:55:29,LVMH .3,Actions Europe,Journalier,699.8,687.7,724.8,758.6,2.066115702479354,4.859504132231447,INVALIDÉE,8.9
2021-08-05 08:53:08,SAP,Actions Europe,Journalier,124.84,120.7,129.44,142.26,1.1111111111111096,4.20772946859903,SEUIL PRÉSERVÉ,7.9
2021-08-04 14:21:41,SIEMENS GAMESA,Actions Europe,1H,24.43,24.0,,,,,INVALIDÉE,8.8
2021-08-04 08:23:10,SAP,Actions Europe,1H,122.7,120.7,124.86,126.06,1.0799999999999983,1.6799999999999995,OBJECTIF ATTEINT,8.8
2021-08-03 12:21:53,TOTALENERGIES .50,Actions Europe,1H,37.675,37.44,38.03,39.11,1.510638297872361,6.1063829787234285,INVALIDÉE,7.1
2021-07-30 12:22:11,SIEMENS HEALTH,Actions Europe,1H,55.62,55.12,56.61,58.11,1.980000000000004,4.980000000000004,INVALIDÉE,8.2
2021-07-29 11:22:18,SIEMENS HEALTH,Actions Europe,1H,55.28,54.98,55.71,56.61,1.433333333333312,4.433333333333264,INVALIDÉE,8.2
2021-07-27 13:22:37,SIEMENS HEALTH,Actions Europe,1H,54.94,54.53,55.71,56.61,1.878048780487828,4.073170731707355,INVALIDÉE,7.0
2021-07-16 15:21:59,ALLIANZ,Actions Europe,1H,209.2,210.7,206.7,197.1,1.6666666666666667,8.066666666666663,OBJECTIF ATTEINT,8.2
2021-07-15 08:46:12,SIEMENS,Actions Europe,Journalier,131.34,141.11,120.34,112.49,1.1258955987717492,1.9293756397134072,SEUIL PRÉSERVÉ,7.3
2021-07-14 08:21:38,SIEMENS GAMESA,Actions Europe,1H,26.2,26.0,,,,,OBJECTIF ATTEINT,8.2
2021-07-08 11:21:46,SANOFI INHABER,Actions Europe,1H,86.19,87.01,85.36,83.22,1.0121951219512084,3.621951219512161,INVALIDÉE,7.7
2021-07-07 14:53:05,SIEMENS HEALTH,Actions Europe,Journalier,53.76,52.18,57.19,61.81,2.1708860759493693,5.094936708860768,OBJECTIF ATTEINT,9.1
2021-07-07 07:22:54,SIEMENS HEALTH,Actions Europe,1H,52.58,52.18,53.35,54.15,1.9250000000000147,3.9250000000000154,OBJECTIF ATTEINT,9.1
2021-07-06 14:55:06,SAP,Actions Europe,Journalier,120.24,112.17,129.44,134.44,1.140024783147461,1.7596034696406462,SEUIL PRÉSERVÉ,8.6
2021-06-28 14:22:19,TOTALENERGIES .50,Actions Europe,1H,38.975,39.5,37.99,35.22,1.87619047619048,7.152380952380977,SEUIL PRÉSERVÉ,8.2
2021-06-25 14:23:16,SIEMENS GAMESA R.E.EO-.17,Actions Europe,1H,27.26,27.0,,,,,OBJECTIF ATTEINT,8.6
2021-06-22 12:21:28,SIEMENS GAMESA,Actions Europe,1H,26.69,27.0,,,,,OBJECTIF ATTEINT,8.0
2021-06-21 09:49:05,SANOFI,Actions Europe,Journalier,88.77,86.59,94.23,100.65,2.504587155963315,5.449541284403693,SEUIL PRÉSERVÉ,8.0
2021-06-18 09:23:18,SIEMENS GAMESA,Actions Europe,1H,26.99,27.0,,,,,INVALIDÉE,8.4
2021-06-18 08:23:28,SIEMENS,Actions Europe,1H,137.46,135.86,139.24,140.36,1.1125000000000047,1.81250000000001,INVALIDÉE,7.7
2021-06-15 14:22:13,LVMH .3,Actions Europe,1H,679.8,675.9,686.4,701.6,1.692307692307708,5.58974358974364,OBJECTIF ATTEINT,8.4
2021-06-14 13:22:22,LVMH .3,Actions Europe,1H,669.4,663.1,677.0,686.4,1.2063492063492187,2.6984126984127177,OBJECTIF ATTEINT,8.0
2021-06-14 08:22:20,TOTALENERGIES .50,Actions Europe,1H,40.505,40.21,41.19,42.65,2.322033898305055,7.27118644067791,OBJECTIF ATTEINT,9.1
2021-06-11 07:21:47,SAP,Actions Europe,1H,117.22,116.02,120.05,124.45,2.3583333333333263,6.024999999999989,OBJECTIF ATTEINT,8.2
2021-06-09 14:53:50,TOTALENERGIES .50,Actions Europe,Journalier,39.74,37.99,42.65,47.11,1.6628571428571408,4.21142857142857,SEUIL PRÉSERVÉ,8.6
2021-06-08 15:02:45,TOTALENERGIES,Actions Europe,Journalier,39.695,37.8,42.62,46.56,1.5435356200527663,3.622691292875985,SEUIL PRÉSERVÉ,8.6
2021-06-08 08:46:20,SAP,Actions Europe,Journalier,116.3,112.17,124.45,129.44,1.973365617433417,3.1815980629539986,SEUIL PRÉSERVÉ,8.6
2021-06-04 15:22:24,SIEMENS,Actions Europe,1H,136.16,134.42,140.37,142.69,2.419540229885049,3.752873563218372,SEUIL PRÉSERVÉ,7.7
2021-06-01 12:21:46,ALLIANZ,Actions Europe,1H,217.95,216.0,220.0,221.5,1.051282051282063,1.820512820512837,SEUIL PRÉSERVÉ,7.7
2021-05-31 07:22:28,SIEMENS GAMESA R.E.EO-.17,Actions Europe,1H,27.09,27.0,,,,,SEUIL PRÉSERVÉ,8.2
2021-05-28 15:52:46,LVMH .3,Actions Europe,Journalier,655.9,636.0,684.2,728.8,1.4221105527638245,3.663316582914576,OBJECTIF ATTEINT,8.6
2021-05-26 13:24:38,SANOFI,Actions Europe,1H,88.52,86.59,91.63,94.26,1.611398963730576,2.974093264248721,SEUIL PRÉSERVÉ,8.8
2021-05-24 07:22:12,SANOFI,Actions Europe,1H,88.33,86.59,91.63,94.26,1.896551724137935,3.408045977011508,SEUIL PRÉSERVÉ,8.2
2021-05-21 08:22:40,SANOFI INHABER,Actions Europe,1H,88.16,87.7,88.65,94.38,1.065217391304382,13.521739130434964,SEUIL PRÉSERVÉ,8.2
2021-05-20 11:47:30,SANOFI,Actions Europe,Journalier,87.9,84.77,94.26,100.65,2.031948881789131,4.073482428115003,SEUIL PRÉSERVÉ,8.8
2021-05-18 10:23:59,TOTALENERGIES .50,Actions Europe,1H,40.03,39.51,41.06,42.65,1.980769230769221,5.038461538461504,INVALIDÉE,8.8
2021-05-13 13:22:59,SANOFI,Actions Europe,1H,85.97,85.42,86.59,87.53,1.1272727272727414,2.836363636363655,OBJECTIF ATTEINT,8.2
2021-05-13 08:23:14,LVMH,Actions Europe,1H,601.4,608.2,587.6,579.2,2.029411764705855,3.2647058823528985,INVALIDÉE,8.4
2021-05-11 11:23:19,ALLIANZ,Actions Europe,1H,211.05,214.0,206.0,200.9,1.7118644067796716,3.44067796610171,SEUIL PRÉSERVÉ,8.0
2021-05-10 07:22:46,SANOFI,Actions Europe,1H,85.47,84.64,86.59,87.53,1.349397590361454,2.4819277108433813,SEUIL PRÉSERVÉ,8.9
2021-05-05 08:22:52,TOTALENERGIES,Actions Europe,1H,38.405,38.09,39.41,40.25,3.190476190476199,5.857142857142896,OBJECTIF ATTEINT,8.6
2021-05-04 14:30:26,SIEMENS,Actions Europe,1H,136.6,137.94,133.2,127.97,2.537313432835819,6.440298507462667,INVALIDÉE,8.2
2021-05-04 11:54:18,SANOFI INHABER,Actions Europe,Journalier,87.65,85.07,90.45,94.38,1.085271317829451,2.608527131782929,INVALIDÉE,8.6
2021-05-04 11:29:38,SANOFI INHABER,Actions Europe,1H,87.65,87.02,88.65,90.45,1.587301587301563,4.444444444444372,INVALIDÉE,7.7
2021-04-29 07:23:26,SAP,Actions Europe,1H,119.04,118.01,121.0,124.45,1.9029126213592151,5.25242718446601,INVALIDÉE,7.9
2021-04-29 07:23:14,SANOFI INHABER,Actions Europe,1H,88.01,87.47,88.65,90.45,1.1851851851851725,4.518518518518462,INVALIDÉE,8.9
2021-04-29 07:23:12,LVMH .3,Actions Europe,1H,634.1,629.9,644.6,657.2,2.499999999999973,5.499999999999946,SEUIL PRÉSERVÉ,7.9
2021-04-27 12:24:22,SIEMENS GAMESA R.E.EO-.17,Actions Europe,1H,32.62,32.0,,,,,INVALIDÉE,7.3
2021-04-22 08:25:03,TOTALENERGIES,Actions Europe,1H,36.665,37.75,35.47,33.77,1.101382488479262,2.668202764976953,SEUIL PRÉSERVÉ,7.7
2021-04-21 15:26:24,SAP,Actions Europe,1H,116.34,114.82,118.0,119.44,1.0921052631578851,2.039473684210509,OBJECTIF ATTEINT,8.2
2021-04-21 08:23:42,SANOFI,Actions Europe,1H,86.82,85.42,88.75,90.26,1.378571428571442,2.457142857142881,SEUIL PRÉSERVÉ,8.8
2025-09-03 11:08:09,LVMH .3,Actions Europe,1H,521.6,498.48,545.4,563.93,1.0294117647058803,1.8308823529411729,INVALIDÉE,8.9
2025-09-02 12:12:45,LVMH,Actions Europe,1H,516.8,508.22,525.5,558.59,1.013986013986028,4.870629370629421,INVALIDÉE,8.4
2025-09-02 12:11:27,LVMH,Actions Europe,1H,517.1,509.0,525.5,559.04,1.0370370370370314,5.177777777777756,INVALIDÉE,8.2
2025-08-28 08:12:35,LVMH,Actions Europe,1H,520.4,510.87,534.93,558.59,1.5246589716684171,4.007345225603375,INVALIDÉE,8.8
2025-08-27 12:11:39,LVMH,Actions Europe,1H,494.85,491.3,498.7,510.87,1.0845070422535081,4.512676056338009,OBJECTIF ATTEINT,8.8
2025-08-21 13:12:13,SAP,Actions Europe,1H,232.0,241.03,221.45,215.25,1.168327796234774,1.854928017718715,SEUIL PRÉSERVÉ,8.2
2025-08-20 14:09:36,SAP,Actions Europe,1H,234.05,235.45,231.75,219.62,1.6428571428571777,10.30714285714303,OBJECTIF ATTEINT,8.0
2025-08-20 12:10:03,TOTALENERGIES .50,Actions Europe,1H,53.75,53.1,54.88,56.87,1.7384615384615463,4.800000000000007,SEUIL PRÉSERVÉ,8.4
2025-08-19 13:11:38,TOTALENERGIES,Actions Europe,1H,53.62,53.14,54.94,57.39,2.7500000000000187,7.854166666666725,SEUIL PRÉSERVÉ,8.2
2025-08-19 09:09:38,SIEMENS,Actions Europe,1H,235.55,234.3,237.2,243.0,1.3199999999999819,5.959999999999991,INVALIDÉE,8.4
2025-08-15 15:11:26,TOTALENERGIES,Actions Europe,1H,53.43,53.13,53.81,54.94,1.2666666666666873,5.033333333333374,INVALIDÉE,8.6
2025-08-15 10:09:24,ALLIANZ,Actions Europe,1H,380.1,366.8,396.5,418.8,1.2330827067669146,2.9097744360902222,SEUIL PRÉSERVÉ,8.6
2025-08-14 07:34:23,SIEMENS,Actions Europe,Journalier,230.85,225.15,237.0,243.0,1.0789473684210558,2.131578947368426,OBJECTIF ATTEINT,8.8
2025-07-30 12:10:46,SIEMENS,Actions Europe,1H,229.15,227.9,232.1,237.0,2.359999999999991,6.279999999999996,INVALIDÉE,8.8
2025-07-28 14:11:21,ALLIANZ,Actions Europe,1H,340.1,343.6,333.4,316.6,1.9142857142857272,6.714285714285714,INVALIDÉE,8.0
2025-07-28 10:14:50,SIEMENS,Actions Europe,1H,229.2,227.9,231.9,237.0,2.0769230769231175,6.000000000000087,INVALIDÉE,7.7
2025-07-28 08:11:43,SANOFI SA SANOFI ADR REP 1 1/2 (CDI),Actions Europe,1H,50.7,49.0,,,,,OBJECTIF ATTEINT,8.6
2025-07-25 09:13:05,ALLIANZ,Actions Europe,1H,343.3,347.6,333.0,314.2,2.3953488372092986,6.767441860465103,SEUIL PRÉSERVÉ,7.5
2025-07-24 08:10:54,SIEMENS,Actions Europe,1H,230.85,227.9,237.0,243.0,2.0847457627118744,4.118644067796628,INVALIDÉE,8.8
2025-07-23 14:15:29,SIEMENS,Actions Europe,1H,226.9,223.4,234.63,241.5,2.2085714285714255,4.17142857142857,SEUIL PRÉSERVÉ,8.4
2025-07-22 07:38:01,SANOFI SA SANOFI ADR REP 1 1/2 (CDI),Actions Europe,Journalier,48.0,49.0,,,,,INVALIDÉE,7.0
2025-07-16 11:08:17,TOTALENERGIES,Actions Europe,1H,53.93,53.65,54.31,54.9,1.3571428571428608,3.464285714285696,INVALIDÉE,8.6
2025-07-15 09:05:39,SANOFI INHABER,Actions Europe,1H,83.71,82.48,85.06,85.75,1.0975609756097722,1.6585365853658725,SEUIL PRÉSERVÉ,6.8
2025-07-10 10:08:27,LVMH,Actions Europe,1H,497.05,485.95,510.87,523.05,1.2450450450450419,2.3423423423423326,INVALIDÉE,8.8
2025-07-10 10:07:35,LVMH,Actions Europe,1H,497.25,489.2,519.29,559.04,2.7378881987577555,7.675776397515513,INVALIDÉE,8.8
2025-07-03 14:05:45,SIEMENS,Actions Europe,1H,223.0,221.5,225.15,237.0,1.4333333333333371,9.333333333333334,INVALIDÉE,8.8
2025-06-30 08:06:11,SIEMENS,Actions Europe,1H,222.4,219.73,225.15,237.0,1.0299625468164733,5.468164794007456,INVALIDÉE,8.4
2025-06-26 09:06:41,LVMH,Actions Europe,1H,443.8,457.25,421.67,401.6,1.6453531598513023,3.1375464684014887,SEUIL PRÉSERVÉ,8.2
2025-06-20 08:06:50,SANOFI SA SANOFI ADR REP 1 1/2 (CDI),Actions Europe,1H,47.7,49.0,,,,,SEUIL PRÉSERVÉ,7.9
2025-06-19 10:06:49,TOTALENERGIES,Actions Europe,1H,54.96,54.41,55.88,57.39,1.6727272727272628,4.418181818181783,SEUIL PRÉSERVÉ,8.4
2025-06-19 10:05:26,TOTALENERGIES .50,Actions Europe,1H,54.97,53.95,56.87,58.21,1.8627450980392215,3.1764705882353086,SEUIL PRÉSERVÉ,8.4
2025-06-18 09:06:42,SIEMENS HEALTH,Actions Europe,1H,45.41,45.79,44.53,43.04,2.315789473684183,6.23684210526311,INVALIDÉE,8.4
2025-06-17 10:04:49,ALLIANZ,Actions Europe,1H,338.9,343.5,327.6,316.6,2.456521739130413,4.847826086956488,SEUIL PRÉSERVÉ,8.4
2025-06-17 10:04:44,SANOFI INHABER,Actions Europe,1H,85.01,85.91,82.48,78.3,2.811111111111139,7.455555555555635,SEUIL PRÉSERVÉ,8.6
2025-06-12 08:08:06,LVMH,Actions Europe,1H,465.25,483.53,445.57,421.08,1.0765864332603958,2.4163019693654313,SEUIL PRÉSERVÉ,8.2
2025-06-09 08:05:29,ALLIANZ TECHNOLOGY TRUST [CBOE],Actions Europe,1H,412.5,406.0,,,,,SEUIL PRÉSERVÉ,8.2
2025-06-06 09:30:00,LVMH .3,Actions Europe,Journalier,470.15,478.28,449.93,419.49,2.4870848708487063,6.231242312423124,INVALIDÉE,8.0
2025-06-04 15:06:22,ALLIANZ,Actions Europe,1H,352.6,347.4,358.4,368.4,1.115384615384597,3.0384615384615032,SEUIL PRÉSERVÉ,7.7
2025-06-02 10:56:31,SANOFI,Actions Europe,Journalier,86.03,87.84,83.1,74.98,1.618784530386742,6.104972375690599,OBJECTIF ATTEINT,7.9
2025-06-02 10:53:14,SANOFI INHABER,Actions Europe,Journalier,86.14,88.54,82.48,78.3,1.524999999999995,3.2666666666666604,OBJECTIF ATTEINT,7.5
2025-06-02 08:24:28,SIEMENS HEALTH,Actions Europe,1H,45.88,46.75,44.23,43.04,1.896551724137943,3.2643678160919674,SEUIL PRÉSERVÉ,8.4
2025-05-28 07:22:14,ALLIANZ,Actions Europe,1H,352.7,347.8,358.2,362.4,1.122448979591842,1.9795918367347007,SEUIL PRÉSERVÉ,8.4
2025-05-27 09:49:38,LVMH,Actions Europe,Journalier,482.8,519.29,445.85,419.7,1.0126061934776662,1.7292408879145,OBJECTIF ATTEINT,7.7
2025-05-23 13:49:31,LVMH .3,Actions Europe,Journalier,468.75,478.28,445.99,419.49,2.3882476390346334,5.168940188877244,INVALIDÉE,7.7
2025-05-22 09:23:07,LVMH,Actions Europe,1H,487.4,491.61,477.93,464.19,2.249406175771945,5.513064133016575,OBJECTIF ATTEINT,8.4
2025-05-22 09:21:37,LVMH .3,Actions Europe,1H,488.0,491.8,478.28,464.54,2.5578947368421048,6.173684210526292,OBJECTIF ATTEINT,8.6
2025-05-16 07:24:51,SIEMENS HEALTH,Actions Europe,1H,49.25,48.31,50.83,51.81,1.6808510638297895,2.7234042553191578,SEUIL PRÉSERVÉ,7.3
2025-05-13 22:23:24,ALLIANZ TECHNOLOGY TRUST [CBOE],Actions Europe,1H,401.5,398.0,,,,,SEUIL PRÉSERVÉ,8.6
2025-05-09 10:22:53,SIEMENS,Actions Europe,1H,214.65,213.3,217.29,227.0,1.9555555555555537,9.148148148148183,OBJECTIF ATTEINT,8.8
2025-05-08 12:23:16,SIEMENS,Actions Europe,1H,214.7,213.3,217.29,227.0,1.8500000000000325,8.785714285714436,INVALIDÉE,8.9
2025-05-07 10:51:25,ALLIANZ,Actions Europe,Journalier,373.1,358.3,391.5,419.0,1.2432432432432408,3.1013513513513473,INVALIDÉE,8.2
2025-05-05 08:24:51,ALLIANZ,Actions Europe,1H,372.0,369.1,377.2,384.5,1.7931034482758723,4.310344827586241,OBJECTIF ATTEINT,8.9
2025-05-05 08:23:33,ALLIANZ,Actions Europe,1H,372.0,370.1,377.5,384.9,2.894736842105298,6.789473684210596,OBJECTIF ATTEINT,8.9
2025-05-02 14:58:37,ALLIANZ,Actions Europe,Journalier,368.4,358.4,383.5,402.7,1.5100000000000022,3.430000000000001,INVALIDÉE,8.9
2025-05-02 12:23:39,SIEMENS,Actions Europe,1H,206.7,204.22,213.3,227.0,2.6612903225806654,8.185483870967781,SEUIL PRÉSERVÉ,8.6
2025-04-30 10:26:09,SANOFI,Actions Europe,1H,96.67,96.0,97.94,99.84,1.8955223880596908,4.73134328358208,OBJECTIF ATTEINT,9.1
2025-04-30 10:23:41,SANOFI INHABER,Actions Europe,1H,96.71,95.71,98.15,99.91,1.440000000000012,3.200000000000003,OBJECTIF ATTEINT,9.1
2025-04-30 07:54:04,ALLIANZ,Actions Europe,Journalier,364.7,358.3,377.2,395.5,1.9531250000000069,4.812500000000019,INVALIDÉE,8.8
2025-04-29 12:24:35,SANOFI,Actions Europe,1H,93.49,91.74,96.0,97.94,1.4342857142857173,2.5428571428571445,OBJECTIF ATTEINT,8.2
2025-04-29 07:23:08,SANOFI INHABER,Actions Europe,1H,93.18,92.44,94.07,95.71,1.2027027027026695,3.4189189189188594,OBJECTIF ATTEINT,7.9
2025-04-28 12:24:00,TOTALENERGIES,Actions Europe,1H,52.89,52.3,53.88,55.27,1.677966101694909,4.033898305084727,INVALIDÉE,8.8
2025-04-28 10:25:01,SIEMENS HEALTH,Actions Europe,1H,47.3,46.27,49.43,51.39,2.0679611650485583,3.970873786407793,SEUIL PRÉSERVÉ,9.1
2025-04-28 10:23:16,ALLIANZ,Actions Europe,1H,360.6,358.3,363.8,368.6,1.3913043478260751,3.4782608695652004,OBJECTIF ATTEINT,8.8
2025-04-28 10:23:11,SAP,Actions Europe,1H,250.9,244.35,258.75,265.3,1.198473282442745,2.198473282442745,SEUIL PRÉSERVÉ,8.9
2025-04-24 12:24:32,SANOFI,Actions Europe,1H,93.46,91.84,95.34,97.51,1.1604938271605068,2.5000000000000218,SEUIL PRÉSERVÉ,7.9
2025-04-24 12:22:58,SANOFI INHABER,Actions Europe,1H,93.41,92.44,95.22,98.15,1.8659793814433034,4.886597938144345,INVALIDÉE,7.9
2025-04-22 12:22:07,LVMH .3,Actions Europe,1H,474.3,484.98,444.83,425.87,2.7593632958801506,4.534644194756552,INVALIDÉE,8.2
2025-04-16 08:24:54,LVMH,Actions Europe,1H,481.0,494.58,459.42,426.04,1.5891016200294559,4.04712812960236,SEUIL PRÉSERVÉ,8.2
2025-04-14 07:23:09,TOTALENERGIES .50,Actions Europe,1H,48.66,48.98,47.87,43.68,2.468749999999995,15.562499999999977,INVALIDÉE,6.8
2025-04-07 08:23:26,SIEMENS HEALTH,Actions Europe,1H,42.15,43.04,39.67,39.13,2.786516853932579,3.3932584269662853,INVALIDÉE,8.2
2025-04-07 08:22:18,TOTALENERGIES .50,Actions Europe,1H,50.52,51.67,48.98,48.32,1.3391304347826158,1.9130434782608745,OBJECTIF ATTEINT,8.2
2025-04-04 11:23:10,LVMH .3,Actions Europe,1H,530.0,548.7,481.2,425.9,2.6096256684491923,5.566844919786084,SEUIL PRÉSERVÉ,8.4
2025-04-04 11:23:08,TOTALENERGIES .50,Actions Europe,1H,53.7,55.4,51.67,48.98,1.1941176470588273,2.7764705882353047,OBJECTIF ATTEINT,8.8
2025-04-04 07:24:17,SIEMENS HEALTH,Actions Europe,1H,46.09,47.18,43.04,42.99,2.798165137614692,2.8440366972477173,OBJECTIF ATTEINT,8.6
2025-03-31 14:58:16,TOTALENERGIES,Actions Europe,Journalier,59.57,58.29,61.51,63.15,1.515624999999997,2.796874999999996,INVALIDÉE,8.8
2025-03-31 08:23:20,LVMH,Actions Europe,1H,578.4,583.7,567.5,526.8,2.056603773584875,9.735849056603653,SEUIL PRÉSERVÉ,8.0
2025-03-26 12:52:49,TOTALENERGIES .50,Actions Europe,Journalier,60.26,59.17,61.72,62.99,1.339449541284409,2.504587155963315,INVALIDÉE,8.8
2025-03-26 10:22:50,TOTALENERGIES .50,Actions Europe,1H,60.04,59.17,61.72,62.99,1.931034482758626,3.3908045977011625,SEUIL PRÉSERVÉ,8.9
2025-03-26 09:24:35,LVMH,Actions Europe,1H,595.0,600.1,586.2,567.5,1.7254901960784148,5.392156862745074,OBJECTIF ATTEINT,7.5
2025-03-26 09:22:50,LVMH .3,Actions Europe,1H,595.1,610.7,572.8,531.4,1.4294871794871817,4.08333333333333,SEUIL PRÉSERVÉ,8.0
2025-03-26 08:25:09,TOTALENERGIES,Actions Europe,1H,59.61,58.68,61.51,63.15,2.043010752688171,3.806451612903226,SEUIL PRÉSERVÉ,8.6
2025-03-26 00:22:46,TOTALENERGIES [CBOE],Actions Europe,1H,59.2,58.7,59.7,61.3,1.0,4.199999999999989,OBJECTIF ATTEINT,7.7
2025-03-25 15:22:47,ALLIANZ TECHNOLOGY TRUST [CBOE],Actions Europe,1H,390.0,382.0,,,,,INVALIDÉE,7.7
2025-03-14 12:23:04,ALLIANZ,Actions Europe,1H,353.4,349.9,358.8,370.2,1.5428571428571527,4.800000000000003,SEUIL PRÉSERVÉ,8.6
2025-03-14 10:23:56,ALLIANZ,Actions Europe,1H,349.9,347.5,352.3,359.4,1.0000000000000238,3.958333333333371,OBJECTIF ATTEINT,8.2
2025-03-13 12:22:21,ALLIANZ,Actions Europe,1H,348.0,345.8,351.0,358.8,1.3636363636363706,4.909090909090939,OBJECTIF ATTEINT,8.8
2025-03-05 08:48:53,SANOFI SA SANOFI ADR REP 1 1/2 (CDI),Actions Europe,Journalier,57.6,56.0,,,,,INVALIDÉE,8.6
2025-03-04 13:23:03,LVMH .3,Actions Europe,1H,669.0,679.6,647.8,633.3,2.0,3.367924528301884,OBJECTIF ATTEINT,8.2
2025-02-25 13:24:32,SANOFI SA SANOFI ADR REP 1 1/2 (CDI),Actions Europe,1H,54.5,54.0,,,,,OBJECTIF ATTEINT,8.2
2025-02-17 16:22:34,TOTALENERGIES .50,Actions Europe,1H,59.06,58.41,60.58,62.96,2.338461538461512,5.999999999999945,SEUIL PRÉSERVÉ,8.4
2025-02-14 19:48:57,ALLIANZ TECHNOLOGY TRUST [CBOE],Actions Europe,Journalier,454.0,447.0,,,,,INVALIDÉE,8.0
2025-02-11 15:23:38,SAP,Actions Europe,1H,277.15,274.45,282.53,290.62,1.9925925925925994,4.98888888888892,SEUIL PRÉSERVÉ,9.1
2025-02-11 09:23:32,SIEMENS,Actions Europe,1H,212.0,209.0,215.35,221.45,1.1166666666666647,3.1499999999999964,OBJECTIF ATTEINT,8.0
2025-02-11 08:25:22,SIEMENS HEALTH,Actions Europe,1H,57.54,56.7,58.44,61.11,1.0714285714285745,4.250000000000019,INVALIDÉE,7.5
2025-02-10 10:49:54,SIEMENS HEALTH,Actions Europe,Journalier,56.4,55.34,58.63,63.75,2.1037735849056736,6.933962264150976,INVALIDÉE,8.2
2025-02-10 08:22:28,LVMH .3,Actions Europe,1H,684.0,701.8,662.2,647.8,1.224719101123596,2.033707865168547,SEUIL PRÉSERVÉ,7.3
2025-02-07 10:22:43,SAP,Actions Europe,1H,273.55,269.73,278.33,286.82,1.2513089005235554,3.473821989528797,SEUIL PRÉSERVÉ,8.8
2025-02-07 08:23:13,ALLIANZ,Actions Europe,1H,318.4,316.4,321.1,325.6,1.3500000000000227,3.6000000000000227,OBJECTIF ATTEINT,8.8
2025-02-06 08:26:36,TOTALENERGIES,Actions Europe,1H,58.29,57.61,59.0,60.58,1.0441176470588251,3.3676470588235294,OBJECTIF ATTEINT,8.6
2025-01-31 10:24:08,SANOFI SA SANOFI ADR REP 1 1/2 (CDI),Actions Europe,1H,54.3,54.0,,,,,INVALIDÉE,8.4
2025-01-30 14:48:43,SIEMENS HEALTH,Actions Europe,Journalier,54.98,53.96,56.7,63.75,1.686274509803934,8.598039215686311,INVALIDÉE,8.9
2025-01-28 16:24:43,LVMH,Actions Europe,1H,761.5,749.5,783.8,820.6,1.8583333333333296,4.925000000000002,INVALIDÉE,8.9
2025-01-28 10:22:47,SANOFI INHABER,Actions Europe,1H,102.1,100.81,103.79,106.0,1.3100775193798624,3.0232558139535115,SEUIL PRÉSERVÉ,8.6
2025-01-28 09:24:47,SANOFI,Actions Europe,1H,102.04,100.86,103.99,105.76,1.6525423728813367,3.152542372881337,SEUIL PRÉSERVÉ,8.8
2025-01-28 00:21:54,SANOFI SA SANOFI ADR REP 1 1/2 (CDI),Actions Europe,1H,53.3,53.0,,,,,INVALIDÉE,8.4
2025-01-27 09:23:45,SAP SE SAP ADR REP 1 ORD (CDI),Actions Europe,1H,277.0,275.0,,,,,INVALIDÉE,8.4
2025-01-24 15:24:21,SANOFI SA SANOFI ADR REP 1 1/2 (CDI),Actions Europe,1H,52.4,52.0,,,,,OBJECTIF ATTEINT,8.4
2025-01-24 08:26:15,LVMH,Actions Europe,1H,745.5,719.1,778.3,784.6,1.2424242424242418,1.4810606060606082,SEUIL PRÉSERVÉ,8.8
2025-01-23 12:22:56,SANOFI INHABER,Actions Europe,1H,100.6,99.91,101.7,103.79,1.5942028985507422,4.623188405797134,OBJECTIF ATTEINT,8.0
2025-01-23 11:25:47,ALLIANZ,Actions Europe,1H,308.8,307.2,311.4,316.7,1.6249999999999556,4.937499999999916,OBJECTIF ATTEINT,8.8
2025-01-23 09:23:48,ALLIANZ,Actions Europe,1H,307.8,304.5,311.2,316.7,1.0303030303030198,2.696969696969681,OBJECTIF ATTEINT,7.3
2025-01-22 15:25:50,LVMH,Actions Europe,1H,711.2,694.3,737.9,762.1,1.5798816568047211,3.0118343195266095,OBJECTIF ATTEINT,8.4
2025-01-22 14:23:18,LVMH .3,Actions Europe,1H,710.9,701.8,738.0,767.5,2.978021978021973,6.219780219780207,OBJECTIF ATTEINT,8.9
2025-01-22 14:23:09,ALLIANZ TECHNOLOGY TRUST [CBOE],Actions Europe,1H,443.5,438.0,,,,,SEUIL PRÉSERVÉ,8.8
2025-01-22 09:23:11,SAP,Actions Europe,1H,261.55,257.8,266.68,276.52,1.3679999999999988,3.991999999999992,SEUIL PRÉSERVÉ,8.8
2025-01-22 08:25:20,SIEMENS HEALTH,Actions Europe,1H,54.0,52.93,55.34,56.7,1.2523364485981336,2.5233644859813102,SEUIL PRÉSERVÉ,8.9
2025-01-21 15:26:23,LVMH,Actions Europe,1H,699.2,685.6,719.1,748.5,1.463235294117643,3.6249999999999907,OBJECTIF ATTEINT,8.6
2025-01-21 15:25:28,LVMH,Actions Europe,1H,699.3,694.3,712.9,737.9,2.7200000000000046,7.720000000000004,OBJECTIF ATTEINT,8.4
2025-01-21 13:50:02,SIEMENS HEALTH,Actions Europe,Journalier,53.48,52.37,55.34,56.7,1.6756756756756823,2.9009009009009077,OBJECTIF ATTEINT,8.6
2025-01-17 14:52:18,SIEMENS,Actions Europe,Journalier,199.44,195.55,207.01,223.01,1.9460154241645296,6.059125964010303,OBJECTIF ATTEINT,8.9
2025-01-17 13:23:46,SIEMENS,Actions Europe,1H,199.12,197.15,202.78,208.46,1.8578680203045679,4.74111675126904,OBJECTIF ATTEINT,9.1
2025-01-16 18:21:56,SANOFI SA SANOFI ADR REP 1 1/2 (CDI),Actions Europe,1H,50.4,49.0,,,,,OBJECTIF ATTEINT,8.8
2025-01-16 13:23:18,SIEMENS,Actions Europe,1H,195.76,192.94,198.64,202.78,1.0212765957446817,2.489361702127669,OBJECTIF ATTEINT,8.8
2025-01-15 18:22:06,SANOFI SA SANOFI ADR REP 1 1/2 (CDI),Actions Europe,1H,49.5,49.0,,,,,OBJECTIF ATTEINT,7.9
2025-01-14 14:23:13,LVMH .3,Actions Europe,1H,661.2,654.7,676.9,701.8,2.415384615384605,6.246153846153832,INVALIDÉE,8.2
2025-01-10 15:56:33,SIEMENS,Actions Europe,Journalier,195.74,188.4,203.84,210.98,1.1035422343324237,2.0762942779291516,OBJECTIF ATTEINT,7.9
2025-01-10 12:46:47,SAP,Actions Europe,Journalier,247.15,242.0,254.43,265.47,1.4135922330097075,3.5572815533980586,OBJECTIF ATTEINT,8.6
2025-01-10 11:25:33,LVMH,Actions Europe,1H,652.4,645.9,660.0,694.3,1.1692307692307726,6.446153846153843,INVALIDÉE,8.9
2025-01-10 09:53:14,SIEMENS,Actions Europe,Journalier,196.34,188.48,207.01,223.01,1.3575063613231513,3.393129770992359,OBJECTIF ATTEINT,8.4
2025-01-09 14:22:45,LVMH .3,Actions Europe,1H,644.9,637.7,658.6,701.8,1.902777777777802,7.90277777777785,SEUIL PRÉSERVÉ,8.0
2025-01-08 12:48:11,SAP SE SAP ADR REP 1 ORD (CDI),Actions Europe,Journalier,256.0,249.0,,,,,OBJECTIF ATTEINT,8.2
2025-01-07 11:23:19,SANOFI INHABER,Actions Europe,1H,95.02,94.4,95.71,99.91,1.1129032258064653,7.887096774193672,OBJECTIF ATTEINT,8.8
2025-01-03 12:24:17,TOTALENERGIES [CBOE],Actions Europe,1H,54.09,53.5,55.0,56.0,1.5423728813559174,3.2372881355931957,OBJECTIF ATTEINT,8.6
2025-01-03 10:25:12,TOTALENERGIES,Actions Europe,1H,54.02,53.69,54.61,57.61,1.7878787878787474,10.878787878787689,OBJECTIF ATTEINT,8.8
2024-12-30 09:25:00,SANOFI,Actions Europe,1H,93.47,92.33,96.0,99.84,2.219298245614035,5.587719298245616,SEUIL PRÉSERVÉ,8.8
2024-12-27 13:22:49,SANOFI INHABER,Actions Europe,1H,92.75,91.63,95.71,99.91,2.6428571428571264,6.392857142857114,SEUIL PRÉSERVÉ,8.2
2024-12-18 16:22:46,SAP,Actions Europe,1H,241.0,238.42,245.0,248.95,1.5503875968992173,3.08139534883719,INVALIDÉE,8.4
2024-12-17 08:23:29,SAP SE SAP ADR REP 1 ORD (CDI),Actions Europe,1H,257.0,255.0,,,,,INVALIDÉE,8.0
2024-12-13 11:48:47,SIEMENS HEALTH,Actions Europe,Journalier,53.9,52.93,55.34,56.7,1.4845360824742335,2.886597938144338,INVALIDÉE,8.4
2024-12-13 08:46:16,ALLIANZ TECHNOLOGY TRUST [CBOE],Actions Europe,Journalier,420.0,411.0,,,,,OBJECTIF ATTEINT,8.6
2024-12-11 12:24:38,SIEMENS HEALTH,Actions Europe,1H,53.92,52.93,55.34,56.7,1.4343434343434331,2.8080808080808035,SEUIL PRÉSERVÉ,8.8
2024-12-09 14:22:35,LVMH .3,Actions Europe,1H,650.0,616.4,696.7,738.0,1.3898809523809528,2.6190476190476173,SEUIL PRÉSERVÉ,8.9
2024-12-09 11:26:46,LVMH,Actions Europe,1H,646.0,635.4,675.2,719.1,2.754716981132074,6.896226415094327,SEUIL PRÉSERVÉ,8.8
2024-12-09 11:25:50,LVMH,Actions Europe,1H,645.9,635.8,667.6,694.4,2.148514851485148,4.801980198019791,INVALIDÉE,8.8
2024-12-06 13:23:37,LVMH .3,Actions Europe,1H,629.2,620.0,647.8,685.2,2.0217391304347627,6.086956521739101,OBJECTIF ATTEINT,8.8
2024-12-06 10:25:54,LVMH,Actions Europe,1H,626.3,620.2,635.4,675.2,1.4918032786885504,8.016393442623086,OBJECTIF ATTEINT,8.8
2024-12-06 10:24:50,LVMH,Actions Europe,1H,626.3,620.2,635.8,657.4,1.5573770491803511,5.0983606557377845,OBJECTIF ATTEINT,8.8
2024-12-06 09:50:54,SIEMENS,Actions Europe,Journalier,193.88,188.48,205.07,214.71,2.0722222222222197,3.857407407407406,INVALIDÉE,8.8
2024-12-06 09:46:51,SIEMENS,Actions Europe,Journalier,193.74,188.4,205.91,216.31,2.2790262172284605,4.2265917602996215,SEUIL PRÉSERVÉ,9.1
2024-12-04 14:24:26,SIEMENS HEALTH,Actions Europe,1H,51.8,51.18,52.93,53.92,1.822580645161302,3.419354838709699,INVALIDÉE,8.4
2024-12-04 09:51:23,SAP,Actions Europe,Journalier,236.15,225.9,251.88,263.77,1.5346341463414623,2.694634146341461,OBJECTIF ATTEINT,8.6
2024-12-02 15:24:48,LVMH,Actions Europe,1H,599.4,592.7,617.2,626.6,2.656716417910485,4.059701492537362,OBJECTIF ATTEINT,8.4
2024-12-02 15:23:07,SAP,Actions Europe,1H,227.8,225.9,232.57,237.43,2.5105263157894564,5.068421052631561,OBJECTIF ATTEINT,8.9
2024-12-02 12:49:40,SIEMENS,Actions Europe,Journalier,186.0,178.04,194.39,205.07,1.0540201005025098,2.3957286432160774,OBJECTIF ATTEINT,7.9
2024-12-02 10:24:36,SIEMENS HEALTH,Actions Europe,1H,51.2,50.25,52.93,53.92,1.8210526315789386,2.8631578947368324,SEUIL PRÉSERVÉ,7.9
2024-11-26 12:44:28,SAP,Actions Europe,Journalier,223.9,212.64,238.72,252.84,1.316163410301951,2.5701598579040805,OBJECTIF ATTEINT,7.5
2024-11-25 08:21:56,SAP,Actions Europe,1H,227.25,224.56,230.45,235.0,1.1895910780669112,2.881040892193311,INVALIDÉE,8.6
2024-11-22 15:22:24,ALLIANZ,Actions Europe,1H,291.5,288.9,296.4,298.8,1.8846153846153595,2.8076923076922875,SEUIL PRÉSERVÉ,7.9
2024-11-21 14:24:34,LVMH,Actions Europe,1H,570.5,574.8,565.5,522.4,1.1627906976744309,11.18604651162803,INVALIDÉE,8.0
2024-11-21 10:22:10,SANOFI INHABER,Actions Europe,1H,90.47,92.44,86.74,81.76,1.8934010152284295,4.4213197969543145,INVALIDÉE,7.9
2024-11-12 09:23:37,SANOFI SA SANOFI ADR REP 1 1/2 (CDI),Actions Europe,1H,50.6,52.0,,,,,OBJECTIF ATTEINT,7.9
2024-11-11 12:22:04,SIEMENS,Actions Europe,1H,186.94,185.81,188.4,190.96,1.2920353982301007,3.5575221238938286,INVALIDÉE,8.4
2024-11-08 15:24:41,LVMH,Actions Europe,1H,600.1,609.0,584.9,556.8,1.7078651685393353,4.865168539325863,OBJECTIF ATTEINT,7.5
2024-11-08 15:23:48,LVMH,Actions Europe,1H,599.9,606.7,587.0,556.6,1.8970588235293895,6.367647058823459,OBJECTIF ATTEINT,7.9
2024-11-06 16:23:43,LVMH,Actions Europe,1H,598.0,606.7,587.0,556.6,1.2643678160919474,4.758620689655145,INVALIDÉE,8.0
2024-11-06 13:23:48,TOTALENERGIES [CBOE],Actions Europe,1H,57.7,58.5,55.8,51.4,2.3750000000000155,7.875000000000034,SEUIL PRÉSERVÉ,8.4
2024-10-21 13:41:27,ALLIANZ,Actions Europe,Journalier,302.8,296.5,310.1,322.8,1.1587301587301584,3.1746031746031687,INVALIDÉE,8.2
2024-10-17 08:46:44,SAP,Actions Europe,Journalier,210.8,206.7,217.97,228.43,1.7487804878048654,4.299999999999975,OBJECTIF ATTEINT,8.2
2024-10-09 14:21:38,SIEMENS,Actions Europe,1H,183.56,182.4,184.96,188.4,1.2068965517241463,4.1724137931034635,OBJECTIF ATTEINT,8.8
2024-10-01 07:22:40,SAP SE SAP ADR REP 1 ORD (CDI),Actions Europe,1H,229.0,226.0,,,,,INVALIDÉE,7.5
2024-09-26 15:50:58,SAP SE SAP ADR REP 1 ORD (CDI),Actions Europe,Journalier,228.0,220.0,,,,,OBJECTIF ATTEINT,7.9
2024-09-25 10:21:18,SIEMENS,Actions Europe,1H,172.1,169.61,178.8,184.32,2.690763052208863,4.907630522088391,OBJECTIF ATTEINT,8.4
2024-09-24 10:23:08,TOTALENERGIES,Actions Europe,1H,63.17,62.76,64.36,65.53,2.9024390243902123,5.756097560975556,INVALIDÉE,9.1
2024-09-24 10:21:43,SIEMENS,Actions Europe,1H,170.88,169.61,172.46,178.8,1.2440944881890041,6.236220472441047,INVALIDÉE,8.9
2024-09-19 13:41:07,ALLIANZ,Actions Europe,Journalier,292.4,278.5,311.5,341.0,1.3741007194244643,3.4964028776978493,SEUIL PRÉSERVÉ,8.6
2024-09-19 13:39:17,SAP,Actions Europe,Journalier,206.0,199.86,213.69,228.19,1.2524429967426733,3.614006514657988,OBJECTIF ATTEINT,8.9
2024-09-12 09:20:37,ALLIANZ,Actions Europe,1H,284.4,281.8,288.3,292.0,1.5000000000000329,2.92307692307697,SEUIL PRÉSERVÉ,8.4
2024-08-29 10:21:37,SIEMENS HEALTH,Actions Europe,1H,52.6,51.5,53.95,55.34,1.227272727272727,2.4909090909090894,SEUIL PRÉSERVÉ,8.8
2024-08-26 10:22:10,LVMH,Actions Europe,1H,683.1,676.8,701.1,725.8,2.857142857142826,6.777777777777693,INVALIDÉE,8.4
2024-08-26 10:20:37,LVMH .3,Actions Europe,1H,683.2,666.5,714.7,738.0,1.8862275449101744,3.2814371257484916,SEUIL PRÉSERVÉ,8.0
2024-08-26 08:22:08,SANOFI,Actions Europe,1H,100.5,99.84,101.33,102.33,1.2575757575757616,2.7727272727272845,SEUIL PRÉSERVÉ,8.8
2024-08-23 14:20:43,SIEMENS,Actions Europe,1H,166.86,165.48,170.64,172.44,2.7391304347825414,4.043478260869484,SEUIL PRÉSERVÉ,8.2
2024-08-21 14:21:51,SIEMENS HEALTH,Actions Europe,1H,51.54,50.88,52.35,53.94,1.227272727272737,3.636363636363653,SEUIL PRÉSERVÉ,7.9
2024-08-13 12:40:39,SANOFI INHABER,Actions Europe,Journalier,96.8,94.23,99.91,103.98,1.2101167315175128,2.793774319066158,OBJECTIF ATTEINT,7.3
2024-08-02 15:21:35,TOTALENERGIES,Actions Europe,1H,61.15,61.5,60.52,59.78,1.7999999999999796,3.914285714285691,OBJECTIF ATTEINT,8.6
2024-07-24 13:20:26,SIEMENS,Actions Europe,1H,171.24,172.46,169.96,167.8,1.0491803278688543,2.819672131147542,OBJECTIF ATTEINT,8.4
2024-07-24 09:20:24,TOTALENERGIES .50,Actions Europe,1H,61.72,62.1,60.59,59.54,2.973684210526284,5.736842105263118,INVALIDÉE,8.8
2024-07-24 07:20:35,TOTALENERGIES .50,Actions Europe,1H,62.14,62.5,61.6,60.59,1.5,4.3055555555555545,OBJECTIF ATTEINT,8.4
2024-07-10 12:22:06,SANOFI,Actions Europe,1H,92.8,91.73,96.0,99.84,2.9906542056074983,6.579439252336496,SEUIL PRÉSERVÉ,7.5
2024-07-08 12:21:00,ALLIANZ,Actions Europe,1H,262.3,260.8,263.8,270.8,1.0,5.666666666666667,INVALIDÉE,8.0
2024-07-04 08:45:39,SAP,Actions Europe,Journalier,187.46,181.04,197.19,204.99,1.5155763239875335,2.73052959501557,INVALIDÉE,8.0
2024-07-03 15:20:40,SIEMENS,Actions Europe,1H,176.82,175.44,178.49,188.4,1.2101449275362475,8.391304347826123,OBJECTIF ATTEINT,7.9
2024-07-02 09:20:35,TOTALENERGIES .50,Actions Europe,1H,63.98,63.55,64.63,65.67,1.511627906976742,3.9302325581395485,OBJECTIF ATTEINT,8.4
2024-07-02 07:21:55,TOTALENERGIES,Actions Europe,1H,63.85,63.37,64.36,64.93,1.0624999999999871,2.2499999999999925,OBJECTIF ATTEINT,8.2
2024-06-25 09:40:41,SANOFI,Actions Europe,Journalier,90.76,88.58,96.0,99.84,2.4036697247706322,4.165137614678885,SEUIL PRÉSERVÉ,7.7
2024-06-12 14:46:57,SAP,Actions Europe,Journalier,180.94,177.68,188.24,194.16,2.2392638036809913,4.055214723926391,INVALIDÉE,8.0
2024-06-10 08:21:31,ALLIANZ,Actions Europe,1H,258.9,261.8,253.4,245.3,1.8965517241378989,4.689655172413726,SEUIL PRÉSERVÉ,8.0
2024-05-28 14:21:40,LVMH,Actions Europe,1H,746.3,769.3,723.1,699.0,1.00869565217391,2.056521739130433,SEUIL PRÉSERVÉ,8.0
2024-05-28 14:20:43,LVMH .3,Actions Europe,1H,746.6,754.7,738.0,717.8,1.0617283950617282,3.555555555555554,OBJECTIF ATTEINT,8.0
2024-05-27 10:21:36,SIEMENS HEALTH,Actions Europe,1H,53.76,53.23,54.46,56.7,1.3207547169811347,5.547169811320752,SEUIL PRÉSERVÉ,7.5
2024-05-17 10:20:46,ALLIANZ,Actions Europe,1H,267.1,263.8,271.3,277.2,1.272727272727265,3.0606060606060397,SEUIL PRÉSERVÉ,8.4
2024-05-06 15:21:26,ALLIANZ,Actions Europe,1H,269.0,266.0,276.5,278.5,2.5,3.1666666666666665,SEUIL PRÉSERVÉ,8.0
2024-05-02 13:21:27,ALLIANZ,Actions Europe,1H,267.8,266.4,270.0,276.5,1.571428571428525,6.2142857142855545,INVALIDÉE,8.4
2024-04-30 14:20:43,ALLIANZ,Actions Europe,1H,267.3,265.5,270.5,273.9,1.7777777777777601,3.6666666666666248,INVALIDÉE,7.0
2024-04-26 11:20:39,SAP,Actions Europe,1H,173.98,171.87,177.64,182.6,1.7345971563981148,4.085308056872068,INVALIDÉE,7.3
2024-04-10 09:20:34,ALLIANZ,Actions Europe,1H,263.9,266.3,259.2,256.6,1.9583333333333008,3.0416666666666043,OBJECTIF ATTEINT,8.0
2024-04-04 07:22:09,LVMH,Actions Europe,1H,814.2,821.8,799.5,770.8,1.9342105263158187,5.710526315789554,OBJECTIF ATTEINT,8.2
2024-03-28 13:21:49,TOTALENERGIES,Actions Europe,1H,63.42,63.07,63.87,64.88,1.2857142857142683,4.171428571428537,OBJECTIF ATTEINT,8.8
2024-03-15 12:21:50,SANOFI,Actions Europe,1H,88.83,88.27,90.42,92.26,2.8392857142857086,6.124999999999988,INVALIDÉE,7.5
2024-03-08 11:21:31,SIEMENS HEALTH,Actions Europe,1H,57.72,57.28,58.29,61.61,1.2954545454545527,8.840909090909138,INVALIDÉE,8.6
2024-03-08 08:21:37,TOTALENERGIES,Actions Europe,1H,60.29,59.89,60.91,62.48,1.5499999999999992,5.475000000000014,SEUIL PRÉSERVÉ,7.9
2024-03-04 15:20:35,SAP,Actions Europe,1H,175.2,173.5,178.35,181.65,1.852941176470604,3.794117647058859,SEUIL PRÉSERVÉ,7.9
2024-03-04 13:41:53,ALLIANZ,Actions Europe,Journalier,251.25,245.3,259.5,265.5,1.3865546218487421,2.3949579831932817,OBJECTIF ATTEINT,8.2
2024-02-27 08:41:17,SAP,Actions Europe,Journalier,173.0,168.2,181.47,199.49,1.764583333333329,5.518749999999989,SEUIL PRÉSERVÉ,8.2
2024-02-23 08:41:26,SIEMENS HEALTH,Actions Europe,Journalier,54.78,53.27,57.84,64.96,2.0264900662251697,6.7417218543046395,OBJECTIF ATTEINT,8.4
2024-02-21 08:20:44,ALLIANZ,Actions Europe,1H,250.0,247.8,253.5,257.5,1.590909090909099,3.4090909090909265,OBJECTIF ATTEINT,8.8
2024-02-15 10:20:35,LVMH .3,Actions Europe,1H,814.8,804.9,833.2,870.5,1.858585858585872,5.626262626262644,SEUIL PRÉSERVÉ,8.0
2024-02-14 08:21:40,SANOFI,Actions Europe,1H,85.45,86.62,84.16,81.44,1.1025641025641062,3.4273504273504267,SEUIL PRÉSERVÉ,8.2
2024-02-13 10:20:26,SIEMENS,Actions Europe,1H,163.16,165.78,158.98,149.22,1.5954198473282442,5.32061068702289,INVALIDÉE,7.9
2024-02-08 12:38:25,SIEMENS,Actions Europe,Journalier,170.72,165.78,178.45,185.85,1.5647773279352213,3.0627530364372473,INVALIDÉE,8.6
2024-02-08 09:42:28,SIEMENS,Actions Europe,Journalier,169.26,166.48,174.47,178.91,1.8741007194244625,3.4712230215827344,INVALIDÉE,8.4
2024-02-08 09:22:04,LVMH,Actions Europe,1H,791.0,784.1,799.5,828.1,1.2318840579710186,5.37681159420292,OBJECTIF ATTEINT,8.4
2024-02-08 09:21:40,SIEMENS HEALTH,Actions Europe,1H,54.32,53.27,55.69,57.84,1.304761904761906,3.3523809523809645,SEUIL PRÉSERVÉ,8.8
2024-02-07 14:40:05,LVMH,Actions Europe,Journalier,785.4,773.6,798.7,845.4,1.1271186440678067,5.084745762711884,OBJECTIF ATTEINT,8.6
2024-02-07 13:20:36,SAP,Actions Europe,1H,167.58,165.94,169.55,173.15,1.2012195121951104,3.396341463414599,SEUIL PRÉSERVÉ,8.8
2024-02-02 10:21:40,SIEMENS HEALTH,Actions Europe,1H,53.6,53.27,54.18,55.7,1.7575757575757616,6.363636363636401,INVALIDÉE,8.2
2024-01-31 13:20:44,ALLIANZ,Actions Europe,1H,248.75,247.3,251.3,254.4,1.7586206896551941,3.8965517241379657,INVALIDÉE,8.6
2024-01-24 10:39:52,ALLIANZ,Actions Europe,Journalier,246.2,239.7,254.2,262.1,1.2307692307692308,2.4461538461538512,SEUIL PRÉSERVÉ,7.5
2024-01-22 14:20:38,TOTALENERGIES .50,Actions Europe,1H,57.8,59.45,55.59,53.23,1.339393939393931,2.76969696969696,SEUIL PRÉSERVÉ,8.2
2024-01-17 11:21:52,LVMH,Actions Europe,1H,653.3,656.7,647.6,623.1,1.6764705882352293,8.882352941176213,INVALIDÉE,8.6
2024-01-17 11:21:25,LVMH,Actions Europe,1H,654.8,658.8,649.5,608.7,1.3249999999999886,11.524999999999977,INVALIDÉE,8.4
2024-01-11 14:20:38,LVMH .3,Actions Europe,1H,674.5,679.4,660.2,643.0,2.91836734693878,6.428571428571458,OBJECTIF ATTEINT,7.9
2024-01-09 16:20:33,TOTALENERGIES .50,Actions Europe,1H,60.29,61.3,57.74,53.23,2.524752475247527,6.990099009901006,SEUIL PRÉSERVÉ,8.8
2024-01-03 11:21:32,LVMH .3,Actions Europe,1H,704.2,718.3,685.5,662.1,1.3262411347517848,2.9858156028369005,OBJECTIF ATTEINT,8.2
2023-12-27 09:22:01,SANOFI,Actions Europe,1H,89.34,86.62,92.26,96.36,1.073529411764707,2.580882352941176,SEUIL PRÉSERVÉ,8.0
2023-12-27 09:21:52,TOTALENERGIES,Actions Europe,1H,62.72,62.33,63.28,64.59,1.4358974358974397,4.794871794871799,INVALIDÉE,7.9
2023-12-15 13:22:37,LVMH,Actions Europe,1H,753.0,746.7,770.8,799.5,2.8253968253968385,7.380952380952435,INVALIDÉE,8.4
2023-12-15 13:21:22,LVMH .3,Actions Europe,1H,753.9,745.5,777.1,804.9,2.7619047619047747,6.071428571428588,INVALIDÉE,8.4
2023-12-15 08:21:37,LVMH,Actions Europe,1H,750.5,741.0,774.3,798.7,2.505263157894732,5.073684210526321,INVALIDÉE,8.2
2023-11-29 08:20:33,SIEMENS,Actions Europe,1H,151.38,149.22,155.68,159.68,1.9907407407407491,3.842592592592604,OBJECTIF ATTEINT,8.6
2023-11-28 10:20:43,TOTALENERGIES .50,Actions Europe,1H,63.31,62.56,64.22,64.63,1.2133333333333287,1.759999999999991,INVALIDÉE,7.9
2023-11-23 15:20:49,TOTALENERGIES .50,Actions Europe,1H,62.79,61.96,64.22,64.63,1.7228915662650635,2.216867469879518,SEUIL PRÉSERVÉ,7.0
2023-11-22 11:22:07,TOTALENERGIES,Actions Europe,1H,63.28,62.91,63.79,64.59,1.378378378378356,3.540540540540503,INVALIDÉE,8.4
2023-11-20 09:22:10,LVMH,Actions Europe,1H,717.1,711.2,726.5,757.8,1.593220338983053,6.898305084745778,INVALIDÉE,7.3
2023-11-03 08:22:13,LVMH,Actions Europe,1H,705.6,698.7,715.8,721.9,1.4782608695652124,2.3623188405797113,INVALIDÉE,8.0
2023-10-20 08:21:29,ALLIANZ,Actions Europe,1H,219.45,224.4,208.9,203.2,2.1313131313131204,3.2828282828282713,SEUIL PRÉSERVÉ,8.0
2023-10-19 09:37:48,SIEMENS,Actions Europe,Journalier,129.62,133.1,120.59,112.11,2.5948275862069043,5.031609195402315,INVALIDÉE,7.9
2023-10-12 11:21:53,SANOFI,Actions Europe,1H,103.86,103.11,105.05,106.83,1.5866666666666636,3.9599999999999986,SEUIL PRÉSERVÉ,8.9
2023-10-10 13:21:28,LVMH,Actions Europe,1H,725.6,716.4,738.5,749.0,1.402173913043469,2.5434782608695503,INVALIDÉE,7.0
2023-10-10 13:20:15,LVMH .3,Actions Europe,1H,724.0,716.9,731.4,738.0,1.042253521126754,1.9718309859154866,OBJECTIF ATTEINT,7.5
2023-10-03 13:21:12,ALLIANZ,Actions Europe,1H,221.0,222.7,219.2,211.3,1.0588235294117785,5.705882352941208,INVALIDÉE,8.0
2023-09-28 12:21:39,SANOFI,Actions Europe,1H,101.16,101.88,100.16,98.8,1.388888888888891,3.277777777777782,INVALIDÉE,8.0
2023-09-20 13:20:24,TOTALENERGIES .50,Actions Europe,1H,62.42,61.22,63.66,65.07,1.0333333333333266,2.208333333333321,SEUIL PRÉSERVÉ,8.6
2023-09-14 08:39:23,SANOFI,Actions Europe,Journalier,101.78,99.08,105.43,110.65,1.3518518518518525,3.2851851851851834,SEUIL PRÉSERVÉ,8.6
2023-09-13 08:20:15,SIEMENS,Actions Europe,1H,134.46,135.14,133.5,128.25,1.4117647058824094,9.132352941176773,INVALIDÉE,8.4
2023-09-08 09:36:41,SANOFI INHABER,Actions Europe,Journalier,99.61,97.32,102.19,105.72,1.126637554585149,2.6681222707423506,OBJECTIF ATTEINT,8.0
2023-09-05 13:21:17,TOTALENERGIES,Actions Europe,1H,59.82,59.33,60.46,61.58,1.3061224489795877,3.591836734693859,SEUIL PRÉSERVÉ,7.7
2023-09-05 13:20:21,TOTALENERGIES .50,Actions Europe,1H,59.73,59.31,60.42,61.53,1.6428571428571754,4.285714285714351,SEUIL PRÉSERVÉ,7.7
2023-08-25 14:45:35,SAP,Actions Europe,Journalier,126.9,124.8,129.06,134.48,1.0285714285714227,3.6095238095237874,INVALIDÉE,8.4
2023-08-23 08:20:30,SAP,Actions Europe,1H,128.38,127.29,131.39,136.82,2.761467889908276,7.74311926605512,INVALIDÉE,8.8
2023-08-17 13:22:35,LVMH,Actions Europe,1H,796.0,805.0,776.5,757.8,2.1666666666666665,4.24444444444445,OBJECTIF ATTEINT,8.0
2023-08-08 15:22:32,SIEMENS HEALTH,Actions Europe,1H,48.02,48.61,47.25,43.59,1.3050847457627253,7.508474576271233,SEUIL PRÉSERVÉ,8.2
2023-08-08 12:21:49,LVMH .3,Actions Europe,1H,807.7,820.0,777.7,738.0,2.4390243902439113,5.666666666666691,INVALIDÉE,8.2
2023-08-02 15:22:30,LVMH,Actions Europe,1H,810.0,814.1,805.0,757.8,1.2195121951219445,12.731707317073111,INVALIDÉE,8.4
2023-08-01 07:22:30,TOTALENERGIES,Actions Europe,1H,55.51,54.79,56.79,57.73,1.7777777777777821,3.0833333333333366,INVALIDÉE,8.8
2023-07-27 13:21:37,TOTALENERGIES .50,Actions Europe,1H,54.37,53.7,55.19,56.0,1.2238805970149356,2.4328358208955456,OBJECTIF ATTEINT,7.5
2023-07-27 12:21:34,ALLIANZ,Actions Europe,1H,217.45,215.8,219.8,223.7,1.4242424242424576,3.78787878787884,OBJECTIF ATTEINT,8.2
2023-07-26 08:21:41,SIEMENS,Actions Europe,1H,151.54,149.22,155.34,158.04,1.6379310344827684,2.8017241379310427,OBJECTIF ATTEINT,7.3
2023-07-25 07:22:49,TOTALENERGIES,Actions Europe,1H,55.07,53.76,56.79,57.73,1.312977099236638,2.030534351145032,INVALIDÉE,8.8
2023-07-14 07:48:26,SAP,Actions Europe,Journalier,128.08,124.79,134.48,142.34,1.9452887537993815,4.334346504559259,INVALIDÉE,8.8
2023-06-27 08:22:36,SIEMENS HEALTH,Actions Europe,1H,50.22,51.24,48.76,47.66,1.4313725490196043,2.509803921568622,SEUIL PRÉSERVÉ,8.2
2023-06-26 12:22:02,SAP,Actions Europe,1H,121.6,122.91,120.19,116.39,1.0763358778625909,3.9770992366412097,SEUIL PRÉSERVÉ,8.6
2023-06-22 14:21:57,TOTALENERGIES .50,Actions Europe,1H,52.73,53.0,52.26,51.59,1.7407407407407163,4.2222222222221495,OBJECTIF ATTEINT,8.6
2023-06-13 13:21:49,SAP,Actions Europe,1H,124.76,123.46,126.13,127.64,1.0538461538461372,2.2153846153845924,INVALIDÉE,8.4
2023-06-06 08:48:04,SIEMENS,Actions Europe,Journalier,157.76,151.05,167.06,173.62,1.3859910581222117,2.363636363636373,OBJECTIF ATTEINT,8.0
2023-06-05 12:22:40,SIEMENS HEALTH,Actions Europe,1H,53.8,53.2,54.5,55.02,1.1666666666666825,2.0333333333333625,INVALIDÉE,7.3
2023-05-24 09:22:59,TOTALENERGIES,Actions Europe,1H,56.99,56.56,57.59,58.06,1.3953488372093066,2.488372093023258,INVALIDÉE,7.9
2023-05-24 07:22:53,SANOFI,Actions Europe,1H,101.04,98.61,103.72,105.18,1.1028806584362079,1.703703703703699,INVALIDÉE,7.1
2023-05-18 08:23:03,SAP,Actions Europe,1H,123.4,121.55,126.13,129.48,1.4756756756756633,3.2864864864864627,SEUIL PRÉSERVÉ,8.4
2023-05-09 07:24:13,SIEMENS HEALTH,Actions Europe,1H,57.22,56.83,57.71,58.96,1.2564102564102597,4.46153846153846,INVALIDÉE,7.5
2023-05-03 08:49:37,SIEMENS,Actions Europe,Journalier,148.76,145.82,151.98,157.48,1.0952380952380958,2.965986394557825,OBJECTIF ATTEINT,8.2
2023-04-24 08:24:46,LVMH,Actions Europe,1H,900.0,894.8,911.6,922.1,2.2307692307692157,4.249999999999967,INVALIDÉE,7.9
2023-04-21 09:25:02,LVMH .3,Actions Europe,1H,894.0,875.7,914.1,935.8,1.0983606557377088,2.284153005464484,SEUIL PRÉSERVÉ,8.4
2023-04-18 14:23:21,ALLIANZ,Actions Europe,1H,219.0,216.0,222.7,232.0,1.2333333333333296,4.333333333333333,OBJECTIF ATTEINT,7.7
2023-04-11 12:47:42,LVMH .3,Actions Europe,Journalier,843.3,829.0,872.5,899.9,2.0419580419580514,3.958041958041972,OBJECTIF ATTEINT,8.0
2023-04-11 09:50:35,LVMH,Actions Europe,Journalier,842.1,829.4,872.5,900.7,2.3937007874015643,4.614173228346442,OBJECTIF ATTEINT,7.9
2023-04-11 07:23:33,SIEMENS HEALTH,Actions Europe,1H,54.4,53.12,57.05,58.96,2.070312499999997,3.5624999999999987,SEUIL PRÉSERVÉ,8.8
2023-04-05 07:49:49,LVMH,Actions Europe,Journalier,851.0,827.7,885.0,923.6,1.4592274678111616,3.1158798283261873,OBJECTIF ATTEINT,8.2
2023-04-04 14:54:32,SIEMENS,Actions Europe,Journalier,148.32,141.14,155.57,161.87,1.0097493036211689,1.887186629526462,SEUIL PRÉSERVÉ,8.6
2023-03-31 09:23:23,LVMH,Actions Europe,1H,832.4,827.7,840.1,859.9,1.638297872340459,5.851063829787319,OBJECTIF ATTEINT,7.5
2023-03-30 12:24:55,SIEMENS HEALTH,Actions Europe,1H,51.78,51.28,53.12,56.19,2.6799999999999926,8.819999999999993,OBJECTIF ATTEINT,8.8
2023-03-30 09:22:39,LVMH .3,Actions Europe,1H,830.4,820.8,845.4,869.7,1.5624999999999962,4.093749999999997,OBJECTIF ATTEINT,8.6
2023-03-30 07:23:22,SIEMENS,Actions Europe,1H,147.58,146.09,149.22,151.41,1.1006711409395815,2.5704697986576917,OBJECTIF ATTEINT,8.8
2023-03-28 07:23:59,SIEMENS HEALTH,Actions Europe,1H,52.04,51.28,53.12,56.19,1.421052631578949,5.460526315789486,INVALIDÉE,8.4
2023-03-23 08:23:47,SANOFI,Actions Europe,1H,93.84,92.33,95.88,100.96,1.350993377483434,4.715231788079448,OBJECTIF ATTEINT,8.6
2023-03-22 12:48:46,SANOFI INHABER,Actions Europe,Journalier,90.5,87.69,94.51,98.3,1.4270462633451964,2.775800711743769,OBJECTIF ATTEINT,8.8
2023-03-16 11:50:37,SANOFI,Actions Europe,Journalier,90.19,88.0,94.03,97.4,1.75342465753425,3.2922374429223815,OBJECTIF ATTEINT,7.9
2023-03-15 14:24:43,LVMH,Actions Europe,1H,773.4,781.6,757.8,705.7,1.902439024390236,8.256097560975556,INVALIDÉE,7.5
2023-03-15 11:24:12,TOTALENERGIES,Actions Europe,1H,54.02,54.75,52.26,50.81,2.4109589041096062,4.3972602739726225,OBJECTIF ATTEINT,7.9
2023-03-15 11:23:01,TOTALENERGIES .50,Actions Europe,1H,54.0,55.15,52.48,50.91,1.321739130434787,2.6869565217391367,OBJECTIF ATTEINT,7.7
2023-03-09 14:48:16,SAP,Actions Europe,Journalier,110.94,107.71,119.93,128.28,2.7832817337461293,5.368421052631573,SEUIL PRÉSERVÉ,7.0
2023-03-09 13:23:14,SIEMENS HEALTH,Actions Europe,1H,50.58,50.13,51.29,53.04,1.5777777777777946,5.46666666666672,INVALIDÉE,7.5
2023-03-09 09:23:37,ALLIANZ,Actions Europe,1H,223.25,221.5,225.0,228.6,1.0,3.057142857142854,INVALIDÉE,8.4
2023-03-07 08:47:55,TOTALENERGIES .50,Actions Europe,Journalier,59.42,58.27,61.1,63.62,1.4608695652173929,3.652173913043479,INVALIDÉE,7.9
2023-03-02 11:24:36,LVMH,Actions Europe,1H,792.0,800.0,777.3,744.3,1.8375000000000057,5.962500000000006,INVALIDÉE,7.9
2023-02-22 12:23:32,SANOFI,Actions Europe,1H,89.89,88.86,91.08,92.33,1.1553398058252393,2.368932038834947,OBJECTIF ATTEINT,8.6
2023-02-21 13:23:09,SAP,Actions Europe,1H,107.98,109.13,106.21,102.51,1.539130434782629,4.756521739130469,INVALIDÉE,8.0
2023-02-21 10:22:46,SANOFI INHABER,Actions Europe,1H,89.69,88.84,91.27,92.07,1.8588235294117752,2.8000000000000136,OBJECTIF ATTEINT,8.8
2023-02-01 09:50:05,SAP,Actions Europe,Journalier,108.4,104.56,115.03,129.06,1.7265624999999973,5.380208333333328,SEUIL PRÉSERVÉ,8.4
2023-01-27 09:22:49,LVMH .3,Actions Europe,1H,806.7,802.2,819.2,833.1,2.7777777777777777,5.866666666666662,INVALIDÉE,8.4
2023-01-17 13:47:50,SIEMENS GAMESA R.E.EO-.17,Actions Europe,Journalier,,18.0,,,,,ANNULÉE,7.1
2023-01-06 09:48:30,SIEMENS,Actions Europe,Journalier,133.92,127.16,145.58,157.48,1.7248520710059232,3.485207100591721,OBJECTIF ATTEINT,8.2
2023-01-04 08:21:40,LVMH .3,Actions Europe,1H,708.6,695.6,723.0,730.0,1.107692307692306,1.6461538461538443,OBJECTIF ATTEINT,8.8
2023-01-03 16:22:05,LVMH,Actions Europe,1H,707.3,702.1,718.2,727.4,2.096153846153891,3.8653846153846705,OBJECTIF ATTEINT,8.4
2023-01-02 15:21:50,TOTALENERGIES,Actions Europe,1H,60.03,59.28,60.78,61.32,1.0,1.7199999999999989,INVALIDÉE,7.7
2023-01-02 13:43:18,TOTALENERGIES .50,Actions Europe,Journalier,59.54,58.2,62.36,65.19,2.1044776119403044,4.216417910447772,INVALIDÉE,8.0
2022-12-28 10:44:53,TOTALENERGIES,Actions Europe,Journalier,60.06,57.75,62.59,65.78,1.0952380952380947,2.476190476190473,SEUIL PRÉSERVÉ,8.4
2022-12-27 15:49:10,TOTALENERGIES .50,Actions Europe,Journalier,59.9,58.88,62.41,65.44,2.460784313725498,5.4313725490196285,INVALIDÉE,8.0
2022-12-27 13:20:46,SIEMENS GAMESA,Actions Europe,1H,18.055,18.0,,,,,SEUIL PRÉSERVÉ,8.4
2022-12-27 11:21:53,TOTALENERGIES,Actions Europe,1H,59.79,59.28,60.73,62.26,1.8431372549019636,4.843137254901977,INVALIDÉE,8.2
2022-12-27 11:21:00,TOTALENERGIES .50,Actions Europe,1H,59.8,59.39,60.79,62.23,2.414634146341488,5.926829268292732,INVALIDÉE,8.4
2022-12-14 14:22:06,LVMH,Actions Europe,1H,727.2,722.5,737.9,744.3,2.2765957446808147,3.638297872340371,INVALIDÉE,8.2
2022-12-09 11:20:58,TOTALENERGIES .50,Actions Europe,1H,56.03,56.5,55.05,54.6,2.085106382978737,3.0425531914893686,INVALIDÉE,7.9
2022-11-28 16:20:59,SIEMENS GAMESA,Actions Europe,1H,18.025,18.0,,,,,SEUIL PRÉSERVÉ,7.7
2022-11-28 13:21:00,SANOFI INHABER,Actions Europe,1H,87.56,86.14,91.27,93.54,2.6126760563380205,4.2112676056338,INVALIDÉE,8.6
2022-11-23 15:21:02,SIEMENS GAMESA,Actions Europe,1H,18.025,18.0,,,,,SEUIL PRÉSERVÉ,8.0
2022-11-22 13:21:12,ALLIANZ,Actions Europe,1H,204.95,202.5,211.2,220.2,2.5510204081632772,6.224489795918396,SEUIL PRÉSERVÉ,7.5
2022-11-07 16:20:45,SIEMENS GAMESA,Actions Europe,1H,18.0,18.0,,,,,SEUIL PRÉSERVÉ,8.2
2022-11-07 09:21:01,TOTALENERGIES .50,Actions Europe,1H,58.3,57.25,59.63,61.25,1.2666666666666753,2.80952380952382,INVALIDÉE,8.6
2022-11-02 08:22:11,TOTALENERGIES,Actions Europe,1H,56.89,56.54,57.72,59.75,2.371428571428557,8.171428571428537,INVALIDÉE,8.8
2022-10-28 15:20:59,SIEMENS GAMESA,Actions Europe,1H,17.945,18.0,,,,,SEUIL PRÉSERVÉ,8.4
2022-10-27 09:21:54,SIEMENS HEALTH,Actions Europe,1H,46.74,46.5,46.99,49.72,1.041666666666658,12.41666666666655,INVALIDÉE,8.4
2022-10-24 10:21:55,SIEMENS HEALTH,Actions Europe,1H,46.65,45.7,48.82,49.9,2.2842105263158015,3.421052631578963,SEUIL PRÉSERVÉ,7.7
2022-10-17 08:21:49,TOTALENERGIES,Actions Europe,1H,53.07,52.62,54.0,54.99,2.066666666666653,4.2666666666666435,INVALIDÉE,8.8
2022-10-14 13:21:23,SIEMENS,Actions Europe,1H,105.98,103.28,110.93,111.95,1.8333333333333324,2.211111111111108,SEUIL PRÉSERVÉ,8.4
2022-10-12 15:22:58,SANOFI,Actions Europe,1H,81.64,80.5,82.98,84.43,1.1754385964912304,2.447368421052636,SEUIL PRÉSERVÉ,8.2
2022-10-11 14:22:05,SANOFI,Actions Europe,1H,81.08,80.5,81.92,82.98,1.4482758620689757,3.275862068965537,OBJECTIF ATTEINT,8.4
2022-09-26 08:21:04,ALLIANZ,Actions Europe,1H,166.42,168.6,161.6,156.2,2.2110091743119167,4.688073394495397,OBJECTIF ATTEINT,8.4
2022-09-22 07:21:07,SANOFI INHABER,Actions Europe,1H,79.0,80.0,77.96,72.83,1.0400000000000063,6.170000000000002,OBJECTIF ATTEINT,8.2
2022-09-21 07:42:36,SAP,Actions Europe,Journalier,83.05,88.26,77.17,70.47,1.1285988483685194,2.4145873320537388,INVALIDÉE,7.7
2022-09-13 07:21:09,SIEMENS,Actions Europe,1H,108.3,107.08,109.78,112.01,1.2131147540983651,3.0409836065573863,INVALIDÉE,8.8
2022-09-09 14:21:52,SIEMENS HEALTH,Actions Europe,1H,49.78,48.99,50.68,51.68,1.1392405063291133,2.4050632911392413,INVALIDÉE,8.4
2022-09-01 15:21:11,SAP,Actions Europe,1H,83.55,84.94,80.92,76.85,1.8920863309352478,4.820143884892087,INVALIDÉE,8.0
2022-09-01 08:21:17,ALLIANZ,Actions Europe,1H,167.62,172.0,162.9,156.2,1.0776255707762565,2.6073059360730655,INVALIDÉE,8.0
2022-08-31 13:21:14,ALLIANZ,Actions Europe,1H,168.8,169.9,167.6,156.4,1.0909090909091121,11.272727272727336,INVALIDÉE,7.3
2022-08-16 13:21:19,TOTALENERGIES .50,Actions Europe,1H,51.76,51.22,52.36,53.15,1.1111111111111156,2.5740740740740793,INVALIDÉE,7.5
2022-08-10 11:21:09,ALLIANZ,Actions Europe,1H,179.16,177.4,181.9,196.1,1.556818181818195,9.625000000000048,OBJECTIF ATTEINT,8.6
2022-08-09 08:21:11,SANOFI INHABER,Actions Europe,1H,95.66,96.22,94.5,91.27,2.071428571428557,7.839285714285683,OBJECTIF ATTEINT,7.5
2022-08-08 11:22:05,LVMH,Actions Europe,1H,692.8,688.3,700.9,723.3,1.8000000000000052,6.777777777777778,INVALIDÉE,8.0
2022-08-08 11:21:06,LVMH .3,Actions Europe,1H,692.0,687.8,701.6,724.3,2.2857142857142665,7.6904761904760965,INVALIDÉE,8.0
2022-08-03 14:21:21,SAP,Actions Europe,1H,91.36,90.72,92.15,93.64,1.2343750000000087,3.5624999999999987,OBJECTIF ATTEINT,7.9
2022-08-03 12:21:19,ALLIANZ,Actions Europe,1H,178.56,177.5,181.8,184.4,3.0566037735849076,5.509433962264143,INVALIDÉE,7.9
2022-07-29 15:22:09,TOTALENERGIES,Actions Europe,1H,49.695,49.2,50.97,52.43,2.5757575757575863,5.525252525252553,INVALIDÉE,8.9
2022-07-29 14:22:08,TOTALENERGIES,Actions Europe,1H,49.5,49.2,49.83,50.97,1.1000000000000048,4.900000000000043,INVALIDÉE,8.9
2022-07-22 09:21:16,SAP,Actions Europe,1H,90.08,89.59,90.71,92.12,1.2857142857142898,4.163265306122505,OBJECTIF ATTEINT,8.0
2022-07-18 14:22:13,LVMH,Actions Europe,1H,616.6,604.5,649.0,664.1,2.6776859504132164,3.9256198347107363,SEUIL PRÉSERVÉ,8.0
2022-07-12 14:24:25,LVMH,Actions Europe,1H,604.6,596.9,616.1,664.1,1.4935064935064848,7.727272727272681,SEUIL PRÉSERVÉ,7.7
2022-07-12 12:23:16,LVMH .3,Actions Europe,1H,605.0,596.0,615.5,664.6,1.1666666666666667,6.6222222222222245,SEUIL PRÉSERVÉ,7.7
2022-07-05 08:23:22,LVMH .3,Actions Europe,1H,589.3,583.9,605.2,619.8,2.9444444444444735,5.648148148148172,INVALIDÉE,7.9
2022-06-16 13:21:13,TOTALENERGIES .50,Actions Europe,1H,51.96,52.24,51.65,51.08,1.1071428571428608,3.1428571428571392,OBJECTIF ATTEINT,8.2
2022-06-16 09:21:12,TOTALENERGIES .50,Actions Europe,1H,53.29,53.85,52.24,51.65,1.8749999999999873,2.9285714285714177,OBJECTIF ATTEINT,8.0
2022-06-15 10:23:13,SANOFI INHABER,Actions Europe,1H,93.99,95.19,91.27,87.8,2.2666666666666604,5.158333333333319,SEUIL PRÉSERVÉ,7.7
2022-06-09 15:24:06,SIEMENS GAMESA R.E.EO-.17,Actions Europe,1H,18.07,18.0,,,,,SEUIL PRÉSERVÉ,8.0
2022-06-09 13:24:11,SANOFI,Actions Europe,1H,98.09,99.33,96.79,95.88,1.0483870967741955,1.7822580645161428,OBJECTIF ATTEINT,8.4
2022-06-06 12:24:25,LVMH,Actions Europe,1H,614.7,604.5,636.2,664.3,2.1078431372548927,4.862745098039185,INVALIDÉE,7.7
2022-06-02 12:23:30,LVMH .3,Actions Europe,1H,609.3,605.2,616.2,664.4,1.6829268292683521,13.439024390244207,OBJECTIF ATTEINT,8.2
2022-06-01 15:23:24,ALLIANZ,Actions Europe,1H,194.42,197.3,191.2,181.8,1.1180555555555458,4.3819444444444,SEUIL PRÉSERVÉ,8.2
2022-05-23 07:24:37,SANOFI,Actions Europe,1H,102.86,102.13,103.78,105.26,1.2602739726027352,3.2876712328767024,OBJECTIF ATTEINT,8.8
2022-05-20 10:23:34,TOTALENERGIES .50,Actions Europe,1H,52.18,51.67,53.11,53.85,1.8235294117647125,3.2745098039215845,INVALIDÉE,6.1
2022-05-12 10:23:27,SIEMENS,Actions Europe,1H,109.06,111.58,105.6,97.55,1.3730158730158784,4.567460317460327,INVALIDÉE,8.4
2022-05-12 10:23:23,LVMH .3,Actions Europe,1H,547.0,571.1,514.9,474.7,1.3319502074688794,2.999999999999998,INVALIDÉE,7.5
2022-05-06 09:23:33,SAP,Actions Europe,1H,92.27,94.02,90.18,84.31,1.1942857142857082,4.548571428571425,OBJECTIF ATTEINT,7.5
2022-05-05 07:23:41,SANOFI INHABER,Actions Europe,1H,99.74,100.7,97.7,94.38,2.1249999999999742,5.583333333333287,OBJECTIF ATTEINT,7.7
2022-05-03 12:24:37,LVMH,Actions Europe,1H,603.6,617.9,573.0,543.8,2.1398601398601484,4.1818181818182,SEUIL PRÉSERVÉ,7.7
2022-05-02 12:00:19,SIEMENS GAMESA,Actions Europe,Journalier,14.475,16.0,,,,,INVALIDÉE,7.9
2022-04-19 10:24:28,SIEMENS GAMESA R.E.EO-.17,Actions Europe,1H,14.76,15.0,,,,,INVALIDÉE,7.9
2022-04-12 11:24:00,SAP,Actions Europe,1H,97.69,98.52,96.49,90.18,1.445783132530127,9.048192771084345,INVALIDÉE,8.2
2022-04-12 07:56:52,SAP,Actions Europe,Journalier,97.36,101.63,90.18,84.31,1.6814988290398125,3.0562060889929765,OBJECTIF ATTEINT,8.0
2022-04-11 15:23:48,LVMH .3,Actions Europe,1H,619.3,623.0,611.8,583.2,2.0270270270270023,9.756756756756612,INVALIDÉE,8.0
2022-04-11 08:00:37,SIEMENS,Actions Europe,Journalier,118.14,122.59,113.22,105.6,1.1056179775280897,2.8179775280898873,OBJECTIF ATTEINT,7.9
2022-04-01 15:24:06,ALLIANZ,Actions Europe,1H,219.1,216.6,222.6,227.4,1.4,3.3200000000000047,INVALIDÉE,8.4
2022-03-23 13:21:25,SIEMENS GAMESA,Actions Europe,1H,17.2,17.0,,,,,OBJECTIF ATTEINT,8.2
2022-03-21 12:25:17,TOTALENERGIES,Actions Europe,1H,45.93,45.41,46.56,47.92,1.2115384615384592,3.8269230769230576,INVALIDÉE,7.0
2022-03-17 08:24:26,ALLIANZ,Actions Europe,1H,215.95,211.5,222.7,227.4,1.5168539325842736,2.573033707865179,INVALIDÉE,8.8
2022-03-02 09:59:08,SIEMENS,Actions Europe,Journalier,119.0,126.2,108.39,91.28,1.4736111111111105,3.8499999999999983,INVALIDÉE,8.8
2022-03-01 12:25:34,LVMH,Actions Europe,1H,635.4,639.3,625.0,613.6,2.6666666666666763,5.589743589743611,INVALIDÉE,8.0
2022-02-24 09:59:03,SIEMENS,Actions Europe,Journalier,125.86,131.32,120.13,106.85,1.0494505494505513,3.4816849816849866,OBJECTIF ATTEINT,8.0
2022-02-21 14:23:57,TOTALENERGIES .50,Actions Europe,1H,49.975,50.54,49.35,48.94,1.106194690265491,1.83185840707966,SEUIL PRÉSERVÉ,8.0
2022-02-18 11:23:57,SANOFI INHABER,Actions Europe,1H,93.59,92.94,94.38,95.0,1.2153846153845924,2.169230769230745,INVALIDÉE,8.2
2022-02-15 12:24:02,SIEMENS,Actions Europe,1H,143.02,141.26,145.96,147.2,1.6704545454545259,2.374999999999962,SEUIL PRÉSERVÉ,7.9
2022-02-14 12:23:44,SIEMENS GAMESA,Actions Europe,1H,16.095,17.0,,,,,INVALIDÉE,8.0
2022-02-01 08:25:16,LVMH,Actions Europe,1H,725.1,721.1,734.6,744.9,2.375,4.949999999999989,OBJECTIF ATTEINT,8.6
2022-01-20 13:22:26,SANOFI,Actions Europe,1H,92.25,90.64,94.26,100.65,1.2484472049689477,5.2173913043478315,INVALIDÉE,7.5
2022-01-14 14:22:13,SIEMENS GAMESA R.E.EO-.17,Actions Europe,1H,19.05,19.0,,,,,OBJECTIF ATTEINT,7.9
2022-01-12 11:22:37,SANOFI,Actions Europe,1H,90.91,89.76,94.26,100.65,2.9130434782608985,8.469565217391375,INVALIDÉE,8.6
2022-01-10 08:46:12,TOTALENERGIES,Actions Europe,Journalier,46.665,45.26,50.1,52.27,2.444839857651245,3.98932384341637,OBJECTIF ATTEINT,8.9
2022-01-06 15:21:28,SIEMENS GAMESA,Actions Europe,1H,20.07,20.0,,,,,OBJECTIF ATTEINT,7.9
2022-01-05 13:21:44,SAP,Actions Europe,1H,125.24,124.45,127.21,129.44,2.493670886075973,5.316455696202588,INVALIDÉE,8.4
2022-01-04 15:22:39,TOTALENERGIES,Actions Europe,1H,45.435,44.47,46.56,50.1,1.165803108808286,4.8341968911916915,SEUIL PRÉSERVÉ,8.8
2022-01-03 14:21:41,SANOFI INHABER,Actions Europe,1H,89.56,89.11,90.69,94.38,2.5111111111110853,10.711111111111029,INVALIDÉE,8.6
2022-01-03 11:22:40,SANOFI,Actions Europe,1H,89.34,88.07,90.7,94.26,1.0708661417322745,3.874015748031466,INVALIDÉE,7.7
2022-01-03 10:46:15,TOTALENERGIES,Actions Europe,Journalier,44.885,43.29,46.56,52.27,1.0501567398119156,4.630094043887154,OBJECTIF ATTEINT,8.8
2022-01-03 10:21:40,TOTALENERGIES .50,Actions Europe,1H,44.88,44.51,45.51,48.94,1.7027027027026695,10.972972972972824,OBJECTIF ATTEINT,8.4
2021-12-28 13:22:38,SANOFI,Actions Europe,1H,89.17,88.09,90.7,94.23,1.4166666666666698,4.685185185185195,SEUIL PRÉSERVÉ,8.8
2021-12-28 12:21:45,TOTALENERGIES .50,Actions Europe,1H,45.3,44.51,47.28,48.94,2.506329113924058,4.607594936708867,SEUIL PRÉSERVÉ,8.2
2021-12-28 10:22:35,TOTALENERGIES,Actions Europe,1H,45.195,44.47,46.56,49.1,1.8827586206896543,5.386206896551715,SEUIL PRÉSERVÉ,8.2
2021-12-28 08:44:41,LVMH .3,Actions Europe,Journalier,726.0,712.7,763.4,788.8,2.8120300751879777,4.721804511278208,INVALIDÉE,8.4
2021-12-28 08:44:37,TOTALENERGIES .50,Actions Europe,Journalier,45.04,42.65,48.94,52.23,1.6317991631799154,3.008368200836818,OBJECTIF ATTEINT,8.6
2021-12-23 12:22:39,SANOFI,Actions Europe,1H,87.93,87.47,89.11,90.7,2.5652173913042873,6.0217391304346695,SEUIL PRÉSERVÉ,8.4
2021-12-22 10:21:39,SANOFI INHABER,Actions Europe,1H,87.65,86.99,88.35,89.11,1.0606060606060261,2.2121212121211666,OBJECTIF ATTEINT,8.2
2021-12-21 16:22:45,SANOFI,Actions Europe,1H,87.91,87.47,89.11,89.78,2.727272727272748,4.250000000000032,INVALIDÉE,8.6
2021-12-17 08:21:47,SANOFI INHABER,Actions Europe,1H,87.53,86.99,88.35,89.11,1.5185185185184884,2.9259259259258887,INVALIDÉE,8.9
2021-12-15 16:21:41,SANOFI INHABER,Actions Europe,1H,86.39,85.94,86.99,87.98,1.3333333333333124,3.5333333333333186,OBJECTIF ATTEINT,8.4
2021-12-14 16:21:32,SIEMENS GAMESA,Actions Europe,1H,20.69,21.0,,,,,INVALIDÉE,8.4
2021-12-10 13:22:38,TOTALENERGIES,Actions Europe,1H,44.27,43.92,44.87,46.56,1.714285714285691,6.542857142857114,INVALIDÉE,8.2
2021-11-30 10:22:37,TOTALENERGIES,Actions Europe,1H,40.215,40.95,38.34,36.72,2.5510204081632675,4.755102040816336,INVALIDÉE,7.7
2021-11-26 09:21:57,ALLIANZ,Actions Europe,1H,194.54,197.1,190.5,183.9,1.5781249999999956,4.156249999999991,OBJECTIF ATTEINT,8.0
2021-11-24 13:21:35,SANOFI INHABER,Actions Europe,1H,87.82,88.54,86.23,85.3,2.2083333333332784,3.4999999999999307,OBJECTIF ATTEINT,7.9
2021-11-17 11:22:30,SANOFI,Actions Europe,1H,90.7,89.08,94.23,100.65,2.179012345679007,6.1419753086419595,INVALIDÉE,8.6
2021-11-16 08:21:44,ALLIANZ,Actions Europe,1H,205.9,204.3,207.8,210.9,1.1875000000000078,3.125000000000011,SEUIL PRÉSERVÉ,8.4
2021-11-15 16:22:43,SANOFI,Actions Europe,1H,89.79,89.08,90.73,94.23,1.323943661971813,6.25352112676049,OBJECTIF ATTEINT,7.7
2021-11-15 10:22:40,LVMH,Actions Europe,1H,724.2,718.7,736.7,750.5,2.272727272727273,4.781818181818173,SEUIL PRÉSERVÉ,8.8
2021-11-15 10:21:28,LVMH .3,Actions Europe,1H,724.0,712.7,736.5,750.1,1.106194690265491,2.3097345132743476,SEUIL PRÉSERVÉ,8.4
2021-11-09 15:21:31,ALLIANZ,Actions Europe,1H,203.45,201.2,205.8,210.9,1.0444444444444545,3.311111111111119,OBJECTIF ATTEINT,7.1
2021-11-05 11:21:35,ALLIANZ,Actions Europe,1H,203.2,201.2,205.8,210.9,1.3000000000000114,3.8500000000000085,SEUIL PRÉSERVÉ,7.9
2021-11-05 10:21:33,SAP,Actions Europe,1H,129.24,127.21,132.25,142.26,1.4827586206896395,6.413793103448218,SEUIL PRÉSERVÉ,8.2
2021-11-04 08:44:34,SIEMENS GAMESA,Actions Europe,Journalier,19.545,21.0,,,,,INVALIDÉE,8.0
2021-11-03 12:21:34,ALLIANZ,Actions Europe,1H,202.85,201.2,205.8,210.9,1.787878787878792,4.878787878787869,INVALIDÉE,8.0
2021-11-01 11:21:29,SAP,Actions Europe,1H,126.1,125.2,127.21,129.44,1.2333333333333445,3.71111111111115,OBJECTIF ATTEINT,8.0
2021-11-01 09:21:28,ALLIANZ,Actions Europe,1H,203.05,201.2,205.8,210.9,1.4864864864864682,4.243243243243188,SEUIL PRÉSERVÉ,8.9
2021-11-01 08:21:46,SANOFI INHABER,Actions Europe,1H,86.6,85.3,89.02,90.65,1.861538461538467,3.115384615384631,OBJECTIF ATTEINT,8.6
2021-11-01 08:21:45,LVMH .3,Actions Europe,1H,676.2,667.8,687.8,712.7,1.3809523809523552,4.345238095238048,OBJECTIF ATTEINT,8.4
2021-10-29 15:22:38,LVMH,Actions Europe,1H,674.7,667.3,687.4,712.0,1.7162162162161858,5.040540540540473,OBJECTIF ATTEINT,8.6
2021-10-28 13:22:19,SIEMENS GAMESA R.E.EO-.17,Actions Europe,1H,23.62,23.0,,,,,INVALIDÉE,8.8
2021-10-27 14:21:23,SIEMENS GAMESA,Actions Europe,1H,22.4,22.0,,,,,OBJECTIF ATTEINT,7.9
2021-10-27 13:22:31,SANOFI,Actions Europe,1H,86.18,84.56,89.08,90.73,1.7901234567901132,2.8086419753086322,SEUIL PRÉSERVÉ,8.4
2021-10-27 07:21:42,LVMH .3,Actions Europe,1H,665.5,657.2,676.0,687.8,1.2650602409638623,2.6867469879518167,SEUIL PRÉSERVÉ,7.7
2021-10-26 15:22:14,SIEMENS GAMESA R.E.EO-.17,Actions Europe,1H,22.33,22.0,,,,,OBJECTIF ATTEINT,8.4
2021-10-26 14:21:35,SAP,Actions Europe,1H,126.04,125.2,127.21,129.44,1.3928571428571224,4.047619047619021,INVALIDÉE,8.6
2021-10-26 12:22:42,LVMH,Actions Europe,1H,664.1,658.2,676.7,687.4,2.135593220338995,3.949152542372889,SEUIL PRÉSERVÉ,7.7
2021-10-26 08:21:35,ALLIANZ,Actions Europe,1H,200.9,198.7,205.8,210.9,2.2272727272727124,4.54545454545451,SEUIL PRÉSERVÉ,8.4
2021-10-21 08:22:16,SIEMENS GAMESA R.E.EO-.17,Actions Europe,1H,22.11,22.0,,,,,INVALIDÉE,8.8
2021-10-20 07:21:38,SIEMENS,Actions Europe,1H,141.0,138.65,145.96,150.16,2.110638297872349,3.8978723404255398,INVALIDÉE,7.7
2021-10-19 12:22:21,SIEMENS HEALTH,Actions Europe,1H,57.6,56.79,58.84,59.4,1.5308641975308623,2.2222222222222126,OBJECTIF ATTEINT,8.6
2021-10-18 11:22:25,TOTALENERGIES,Actions Europe,1H,44.865,44.22,46.56,46.99,2.627906976744174,3.294573643410837,SEUIL PRÉSERVÉ,9.1
2021-10-18 07:21:33,TOTALENERGIES .50,Actions Europe,1H,44.6,44.21,45.35,48.94,1.9230769230769202,11.128205128205103,SEUIL PRÉSERVÉ,8.9
2021-10-15 08:21:41,LVMH .3,Actions Europe,1H,670.7,658.0,687.8,712.7,1.3464566929133739,3.3070866141732167,INVALIDÉE,8.8
2021-10-14 11:21:29,SAP,Actions Europe,1H,123.74,122.84,125.2,127.21,1.6222222222222464,3.8555555555555907,OBJECTIF ATTEINT,8.6
2021-10-14 10:22:16,TOTALENERGIES,Actions Europe,1H,43.665,43.35,44.29,46.56,1.9841269841269984,9.190476190476266,OBJECTIF ATTEINT,6.8
2021-10-11 10:45:17,SIEMENS GAMESA R.E.EO-.17,Actions Europe,Journalier,19.85,20.0,,,,,INVALIDÉE,8.2
2021-10-11 10:21:29,TOTALENERGIES .50,Actions Europe,1H,44.2,43.42,45.35,48.94,1.4743589743589705,6.0769230769230616,INVALIDÉE,8.8
2021-10-08 15:22:40,SANOFI INHABER,Actions Europe,1H,84.26,83.24,85.3,86.99,1.0196078431372368,2.676470588235257,INVALIDÉE,8.4
2021-10-08 12:22:27,SANOFI,Actions Europe,1H,84.3,83.86,85.21,86.59,2.068181818181821,5.204545454545496,SEUIL PRÉSERVÉ,8.8
2021-10-08 08:22:32,TOTALENERGIES,Actions Europe,1H,43.26,42.45,44.47,46.56,1.4938271604938371,4.074074074074104,SEUIL PRÉSERVÉ,8.4
2021-10-07 09:22:33,SANOFI,Actions Europe,1H,83.56,82.77,84.5,85.6,1.1898734177215067,2.5822784810126276,OBJECTIF ATTEINT,8.4
2021-10-07 08:21:27,ALLIANZ,Actions Europe,1H,197.76,195.9,201.0,205.8,1.7419354838709864,4.322580645161335,SEUIL PRÉSERVÉ,8.6
2021-10-06 12:22:18,SIEMENS GAMESA R.E.EO-.17,Actions Europe,1H,19.75,20.0,,,,,INVALIDÉE,7.3
2021-10-05 14:21:29,SANOFI INHABER,Actions Europe,1H,83.4,82.33,84.67,85.3,1.1869158878504553,1.775700934579419,SEUIL PRÉSERVÉ,8.8
2021-10-05 11:21:32,SAP,Actions Europe,1H,114.4,116.08,110.22,107.8,2.4880952380952532,3.928571428571451,INVALIDÉE,7.9
2021-10-04 14:22:44,SANOFI,Actions Europe,1H,83.45,82.79,84.5,85.6,1.5909090909090948,3.2575757575757613,INVALIDÉE,7.5
2021-10-01 12:21:26,ALLIANZ,Actions Europe,1H,196.36,193.6,199.2,202.5,1.0289855072463605,2.2246376811594,SEUIL PRÉSERVÉ,8.4
2021-09-28 08:21:29,TOTALENERGIES .50,Actions Europe,1H,41.69,40.99,42.65,45.35,1.371428571428581,5.228571428571466,INVALIDÉE,8.8
2021-09-23 15:22:22,SIEMENS HEALTH,Actions Europe,1H,59.64,59.07,60.46,61.0,1.43859649122807,2.3859649122806994,INVALIDÉE,7.9
2021-09-16 10:21:30,TOTALENERGIES .50,Actions Europe,1H,39.08,38.64,39.92,40.99,1.9090909090909267,4.340909090909122,INVALIDÉE,8.8
2021-09-10 08:21:43,LVMH .3,Actions Europe,1H,670.2,654.5,687.7,699.1,1.1146496815286593,1.8407643312101842,INVALIDÉE,8.2
2021-09-10 07:23:36,LVMH .3,Actions Europe,1H,658.8,654.5,670.4,687.7,2.697674418604685,6.720930232558231,OBJECTIF ATTEINT,8.2
2021-09-08 08:21:16,SIEMENS GAMESA,Actions Europe,1H,23.75,24.0,,,,,OBJECTIF ATTEINT,7.9
2021-09-07 08:21:44,LVMH .3,Actions Europe,1H,658.0,652.9,670.4,687.7,2.4313725490195925,5.823529411764689,INVALIDÉE,8.4
2021-09-06 14:23:05,LVMH,Actions Europe,1H,650.4,638.5,667.2,687.3,1.4117647058823615,3.100840336134458,SEUIL PRÉSERVÉ,8.2
2021-09-06 14:22:52,TOTALENERGIES,Actions Europe,1H,37.8,37.36,38.65,39.82,1.931818181818195,4.590909090909122,INVALIDÉE,8.8
2021-09-03 10:23:22,TOTALENERGIES,Actions Europe,1H,37.755,37.36,38.22,38.65,1.1772151898733991,2.2658227848100987,INVALIDÉE,8.2
2021-09-02 13:21:17,SIEMENS GAMESA,Actions Europe,1H,25.78,26.0,,,,,SEUIL PRÉSERVÉ,8.0
2021-09-01 11:22:48,TOTALENERGIES,Actions Europe,1H,37.73,37.36,38.65,39.82,2.486486486486508,5.648648648648697,INVALIDÉE,7.3
2021-08-24 10:22:20,SIEMENS GAMESA R.E.EO-.17,Actions Europe,1H,25.88,26.0,,,,,INVALIDÉE,8.2
2021-08-19 12:22:49,SIEMENS GAMESA,Actions Europe,1H,25.41,25.0,,,,,INVALIDÉE,8.8
2021-08-19 08:22:27,SIEMENS GAMESA R.E.EO-.17,Actions Europe,1H,25.17,24.0,,,,,SEUIL PRÉSERVÉ,8.6
2021-08-18 08:21:22,SANOFI INHABER,Actions Europe,1H,89.59,89.11,90.23,94.38,1.3333333333333235,9.979166666666567,INVALIDÉE,8.8
2021-08-17 11:21:47,SIEMENS,Actions Europe,1H,142.48,141.2,144.0,145.96,1.1875000000000069,2.718750000000012,INVALIDÉE,7.7
2021-08-17 07:22:59,SANOFI,Actions Europe,1H,88.05,87.47,89.11,94.23,1.827586206896561,10.655172413793146,OBJECTIF ATTEINT,8.6
2021-08-12 12:21:35,LVMH .3,Actions Europe,1H,706.4,702.3,716.9,731.5,2.5609756097560834,6.121951219512167,INVALIDÉE,8.6
2021-08-12 08:22:37,TOTALENERGIES .50,Actions Europe,1H,38.58,37.82,39.71,42.65,1.486842105263165,5.355263157894751,INVALIDÉE,9.1
2021-08-11 08:22:16,TOTALENERGIES,Actions Europe,1H,37.835,37.43,38.9,39.82,2.6296296296296164,4.901234567901219,SEUIL PRÉSERVÉ,7.3
2021-08-09 07:21:38,TOTALENERGIES .50,Actions Europe,1H,37.9,37.45,39.25,40.58,3.0000000000000315,5.955555555555612,SEUIL PRÉSERVÉ,8.0
2021-08-06 11:23:08,SIEMENS GAMESA R.E.EO-.17,Actions Europe,1H,24.36,24.0,,,,,SEUIL PRÉSERVÉ,6.8
2021-08-06 09:21:22,SIEMENS GAMESA,Actions Europe,1H,24.36,24.0,,,,,SEUIL PRÉSERVÉ,8.2
2021-08-05 14:55:29,LVMH .3,Actions Europe,Journalier,699.8,687.7,724.8,758.6,2.066115702479354,4.859504132231447,INVALIDÉE,8.9
2021-08-05 08:53:08,SAP,Actions Europe,Journalier,124.84,120.7,129.44,142.26,1.1111111111111096,4.20772946859903,SEUIL PRÉSERVÉ,7.9
2021-08-04 14:21:41,SIEMENS GAMESA,Actions Europe,1H,24.43,24.0,,,,,INVALIDÉE,8.8
2021-08-04 08:23:10,SAP,Actions Europe,1H,122.7,120.7,124.86,126.06,1.0799999999999983,1.6799999999999997,OBJECTIF ATTEINT,8.8
2021-08-03 12:21:53,TOTALENERGIES .50,Actions Europe,1H,37.675,37.44,38.03,39.11,1.510638297872361,6.1063829787234285,INVALIDÉE,7.1
2021-07-30 12:22:11,SIEMENS HEALTH,Actions Europe,1H,55.62,55.12,56.61,58.11,1.980000000000004,4.980000000000004,INVALIDÉE,8.2
2021-07-29 11:22:18,SIEMENS HEALTH,Actions Europe,1H,55.28,54.98,55.71,56.61,1.433333333333312,4.433333333333264,INVALIDÉE,8.2
2021-07-27 13:22:37,SIEMENS HEALTH,Actions Europe,1H,54.94,54.53,55.71,56.61,1.878048780487828,4.073170731707355,INVALIDÉE,7.0
2021-07-16 15:21:59,ALLIANZ,Actions Europe,1H,209.2,210.7,206.7,197.1,1.6666666666666667,8.066666666666663,OBJECTIF ATTEINT,8.2
2021-07-15 08:46:12,SIEMENS,Actions Europe,Journalier,131.34,141.11,120.34,112.49,1.1258955987717492,1.9293756397134072,SEUIL PRÉSERVÉ,7.3
2021-07-14 08:21:38,SIEMENS GAMESA,Actions Europe,1H,26.2,26.0,,,,,OBJECTIF ATTEINT,8.2
2021-07-08 11:21:46,SANOFI INHABER,Actions Europe,1H,86.19,87.01,85.36,83.22,1.0121951219512084,3.621951219512161,INVALIDÉE,7.7
2021-07-07 14:53:05,SIEMENS HEALTH,Actions Europe,Journalier,53.76,52.18,57.19,61.81,2.1708860759493693,5.094936708860768,OBJECTIF ATTEINT,9.1
2021-07-07 07:22:54,SIEMENS HEALTH,Actions Europe,1H,52.58,52.18,53.35,54.15,1.9250000000000147,3.9250000000000145,OBJECTIF ATTEINT,9.1
2021-07-06 14:55:06,SAP,Actions Europe,Journalier,120.24,112.17,129.44,134.44,1.140024783147461,1.7596034696406462,SEUIL PRÉSERVÉ,8.6
2021-06-28 14:22:19,TOTALENERGIES .50,Actions Europe,1H,38.975,39.5,37.99,35.22,1.8761904761904802,7.152380952380977,SEUIL PRÉSERVÉ,8.2
2021-06-25 14:23:16,SIEMENS GAMESA R.E.EO-.17,Actions Europe,1H,27.26,27.0,,,,,OBJECTIF ATTEINT,8.6
2021-06-22 12:21:28,SIEMENS GAMESA,Actions Europe,1H,26.69,27.0,,,,,OBJECTIF ATTEINT,8.0
2021-06-21 09:49:05,SANOFI,Actions Europe,Journalier,88.77,86.59,94.23,100.65,2.504587155963315,5.449541284403693,SEUIL PRÉSERVÉ,8.0
2021-06-18 09:23:18,SIEMENS GAMESA,Actions Europe,1H,26.99,27.0,,,,,INVALIDÉE,8.4
2021-06-18 08:23:28,SIEMENS,Actions Europe,1H,137.46,135.86,139.24,140.36,1.1125000000000047,1.81250000000001,INVALIDÉE,7.7
2021-06-15 14:22:13,LVMH .3,Actions Europe,1H,679.8,675.9,686.4,701.6,1.692307692307708,5.58974358974364,OBJECTIF ATTEINT,8.4
2021-06-14 13:22:22,LVMH .3,Actions Europe,1H,669.4,663.1,677.0,686.4,1.2063492063492187,2.6984126984127177,OBJECTIF ATTEINT,8.0
2021-06-14 08:22:20,TOTALENERGIES .50,Actions Europe,1H,40.505,40.21,41.19,42.65,2.322033898305055,7.27118644067791,OBJECTIF ATTEINT,9.1
2021-06-11 07:21:47,SAP,Actions Europe,1H,117.22,116.02,120.05,124.45,2.3583333333333263,6.024999999999989,OBJECTIF ATTEINT,8.2
2021-06-09 14:53:50,TOTALENERGIES .50,Actions Europe,Journalier,39.74,37.99,42.65,47.11,1.6628571428571408,4.21142857142857,SEUIL PRÉSERVÉ,8.6
2021-06-08 15:02:45,TOTALENERGIES,Actions Europe,Journalier,39.695,37.8,42.62,46.56,1.5435356200527663,3.6226912928759845,SEUIL PRÉSERVÉ,8.6
2021-06-08 08:46:20,SAP,Actions Europe,Journalier,116.3,112.17,124.45,129.44,1.9733656174334175,3.1815980629539986,SEUIL PRÉSERVÉ,8.6
2021-06-04 15:22:24,SIEMENS,Actions Europe,1H,136.16,134.42,140.37,142.69,2.4195402298850492,3.7528735632183716,SEUIL PRÉSERVÉ,7.7
2021-06-01 12:21:46,ALLIANZ,Actions Europe,1H,217.95,216.0,220.0,221.5,1.0512820512820633,1.820512820512837,SEUIL PRÉSERVÉ,7.7
2021-05-31 07:22:28,SIEMENS GAMESA R.E.EO-.17,Actions Europe,1H,27.09,27.0,,,,,SEUIL PRÉSERVÉ,8.2
2021-05-28 15:52:46,LVMH .3,Actions Europe,Journalier,655.9,636.0,684.2,728.8,1.4221105527638243,3.6633165829145757,OBJECTIF ATTEINT,8.6
2021-05-26 13:24:38,SANOFI,Actions Europe,1H,88.52,86.59,91.63,94.26,1.611398963730576,2.9740932642487206,SEUIL PRÉSERVÉ,8.8
2021-05-24 07:22:12,SANOFI,Actions Europe,1H,88.33,86.59,91.63,94.26,1.896551724137935,3.408045977011508,SEUIL PRÉSERVÉ,8.2
2021-05-21 08:22:40,SANOFI INHABER,Actions Europe,1H,88.16,87.7,88.65,94.38,1.065217391304382,13.521739130434964,SEUIL PRÉSERVÉ,8.2
2021-05-20 11:47:30,SANOFI,Actions Europe,Journalier,87.9,84.77,94.26,100.65,2.031948881789131,4.073482428115003,SEUIL PRÉSERVÉ,8.8
2021-05-18 10:23:59,TOTALENERGIES .50,Actions Europe,1H,40.03,39.51,41.06,42.65,1.980769230769221,5.038461538461504,INVALIDÉE,8.8
2021-05-13 13:22:59,SANOFI,Actions Europe,1H,85.97,85.42,86.59,87.53,1.1272727272727414,2.836363636363655,OBJECTIF ATTEINT,8.2
2021-05-13 08:23:14,LVMH,Actions Europe,1H,601.4,608.2,587.6,579.2,2.029411764705855,3.2647058823528985,INVALIDÉE,8.4
2021-05-11 11:23:19,ALLIANZ,Actions Europe,1H,211.05,214.0,206.0,200.9,1.7118644067796716,3.44067796610171,SEUIL PRÉSERVÉ,8.0
2021-05-10 07:22:46,SANOFI,Actions Europe,1H,85.47,84.64,86.59,87.53,1.3493975903614541,2.4819277108433813,SEUIL PRÉSERVÉ,8.9
2021-05-05 08:22:52,TOTALENERGIES,Actions Europe,1H,38.405,38.09,39.41,40.25,3.190476190476199,5.857142857142896,OBJECTIF ATTEINT,8.6
2021-05-04 14:30:26,SIEMENS,Actions Europe,1H,136.6,137.94,133.2,127.97,2.537313432835819,6.440298507462667,INVALIDÉE,8.2
2021-05-04 11:54:18,SANOFI INHABER,Actions Europe,Journalier,87.65,85.07,90.45,94.38,1.085271317829451,2.608527131782929,INVALIDÉE,8.6
2021-05-04 11:29:38,SANOFI INHABER,Actions Europe,1H,87.65,87.02,88.65,90.45,1.587301587301563,4.444444444444372,INVALIDÉE,7.7
2021-04-29 07:23:26,SAP,Actions Europe,1H,119.04,118.01,121.0,124.45,1.9029126213592151,5.25242718446601,INVALIDÉE,7.9
2021-04-29 07:23:14,SANOFI INHABER,Actions Europe,1H,88.01,87.47,88.65,90.45,1.1851851851851725,4.518518518518462,INVALIDÉE,8.9
2021-04-29 07:23:12,LVMH .3,Actions Europe,1H,634.1,629.9,644.6,657.2,2.499999999999973,5.499999999999946,SEUIL PRÉSERVÉ,7.9
2021-04-27 12:24:22,SIEMENS GAMESA R.E.EO-.17,Actions Europe,1H,32.62,32.0,,,,,INVALIDÉE,7.3
2021-04-22 08:25:03,TOTALENERGIES,Actions Europe,1H,36.665,37.75,35.47,33.77,1.101382488479262,2.668202764976953,SEUIL PRÉSERVÉ,7.7
2021-04-21 15:26:24,SAP,Actions Europe,1H,116.34,114.82,118.0,119.44,1.0921052631578851,2.039473684210509,OBJECTIF ATTEINT,8.2
2021-04-21 08:23:42,SANOFI,Actions Europe,1H,86.82,85.42,88.75,90.26,1.3785714285714419,2.457142857142881,SEUIL PRÉSERVÉ,8.8
