date_creation,ticker,asset_class,timeframe,prix_entree,stop_loss_init,tp1_init,tp2_init,rr_tp1,rr_tp2,statut_final,score_force
2026-07-30 12:18:21,EUR/USD,FX/Indices,1H,1.1477,1.145,1.151,1.1598,1.2222222222222863,4.481481481481606,OBJECTIF ATTEINT,8.6
2026-07-30 03:16:26,EUR/CHF,FX/Indices,1H,0.9337,0.9316,0.9391,0.9439,2.571428571428617,4.857142857142872,INVALIDÉE,7.7
2026-07-30 03:16:14,EUR/GBP,FX/Indices,1H,0.8582,0.8545,0.8624,0.8678,1.135135135135183,2.594594594594661,SEUIL PRÉSERVÉ,8.4
2026-07-29 13:19:02,GBP/USD,FX/Indices,1H,1.3283,1.3306,1.3255,1.3172,1.2173913043479017,4.826086956521852,INVALIDÉE,7.7
2026-07-27 21:14:49,EUR/CHF,FX/Indices,1H,0.9312,0.9296,0.9328,0.9391,0.9999999999999306,4.93749999999987,SEUIL PRÉSERVÉ,8.8
2026-07-27 16:17:43,EUR/GBP,FX/Indices,1H,0.8553,0.8539,0.8594,0.8624,2.9285714285715927,5.071428571428804,SEUIL PRÉSERVÉ,8.8
2026-07-27 05:15:55,DAX40 FULL0926,FX/Indices,1H,25418.0,25271.0,25652.11,25954.0,1.5925850340136094,3.6462585034013606,OBJECTIF ATTEINT,8.9
2026-07-24 21:15:51,GBP/CHF,FX/Indices,1H,1.0899,1.0882,1.0922,1.0934,1.3529411764705421,2.0588235294116264,INVALIDÉE,8.8
2026-07-24 18:20:26,EUR/USD,FX/Indices,1H,1.137,1.1406,1.1277,1.1222,2.5833333333333233,4.111111111111036,INVALIDÉE,8.0
2026-07-23 12:21:19,GBP/CHF,FX/Indices,1H,1.0896,1.0882,1.0922,1.0934,1.8571428571431743,2.7142857142860315,INVALIDÉE,8.0
2026-07-23 08:20:11,EUR/GBP,FX/Indices,1H,0.854,0.8517,0.8591,0.8624,2.2173913043478533,3.65217391304356,SEUIL PRÉSERVÉ,8.9
2026-07-22 17:18:36,EUR/GBP,FX/Indices,1H,0.8535,0.8526,0.8545,0.8624,1.1111111111110974,9.88888888888878,OBJECTIF ATTEINT,7.5
2026-07-22 10:22:56,DAX40 FULL0926,FX/Indices,1H,25299.0,25081.44,25652.11,25954.0,1.6230465159036516,3.010663724949421,SEUIL PRÉSERVÉ,8.2
2026-07-20 20:16:09,USD/CHF,FX/Indices,1H,0.8102,0.8087,0.8126,0.8152,1.5999999999999113,3.33333333333321,OBJECTIF ATTEINT,8.6
2026-07-17 18:18:50,USD/CAD,FX/Indices,1H,1.4013,1.4047,1.3944,1.388,2.0294117647058134,3.911764705882299,SEUIL PRÉSERVÉ,8.0
2026-07-16 07:51:58,EUR/CHF,FX/Indices,Journalier,0.9246,0.9184,0.9328,0.9391,1.3225806451612914,2.3387096774193723,OBJECTIF ATTEINT,8.0
2026-07-16 00:13:12,AUD/USD,FX/Indices,1H,0.701,0.6993,0.7045,0.7113,2.0588235294118915,6.058823529412088,SEUIL PRÉSERVÉ,8.4
2026-07-15 20:15:53,GBP/CHF,FX/Indices,1H,1.0899,1.0882,1.0934,1.1,2.0588235294116264,5.941176470588112,SEUIL PRÉSERVÉ,8.6
2026-07-15 18:17:31,USD/CAD,FX/Indices,1H,1.4034,1.4113,1.3944,1.388,1.1392405063290982,1.9493670886076007,SEUIL PRÉSERVÉ,7.9
2026-07-15 13:16:16,AUD/JPY,FX/Indices,1H,113.46,113.24,113.85,114.74,1.7727272727272845,5.818181818181853,SEUIL PRÉSERVÉ,8.8
2026-07-14 15:18:45,NZD/USD,FX/Indices,1H,0.5821,0.5784,0.5864,0.5876,1.1621621621622076,1.4864864864865328,SEUIL PRÉSERVÉ,8.4
2026-07-14 09:48:27,CHF/JPY,FX/Indices,Journalier,199.69,200.57,198.77,196.34,1.0454545454545368,3.806818181818195,INVALIDÉE,7.1
2026-07-14 05:14:40,NZD/USD,FX/Indices,1H,0.5793,0.5784,0.5813,0.5876,2.222222222222195,9.222222222222072,OBJECTIF ATTEINT,8.6
2026-07-12 22:17:12,GBP/CHF,FX/Indices,1H,1.0834,1.0802,1.092,1.1,2.6875000000001603,5.187500000000265,SEUIL PRÉSERVÉ,8.8
2026-07-10 16:16:50,AUD/USD,FX/Indices,1H,0.6964,0.6947,0.6994,0.7057,1.7647058823529067,5.470588235293991,INVALIDÉE,7.9
2026-07-10 04:13:32,USD/CAD,FX/Indices,1H,1.4151,1.4178,1.4113,1.3944,1.407407407407456,7.666666666666859,SEUIL PRÉSERVÉ,8.6
2026-07-09 20:18:49,GBP/CHF,FX/Indices,1H,1.0819,1.0803,1.0835,1.0858,0.9999999999998612,2.437499999999939,OBJECTIF ATTEINT,7.7
2026-07-09 12:19:15,NZD/USD,FX/Indices,1H,0.5742,0.5727,0.5785,0.5843,2.8666666666665384,6.733333333333077,OBJECTIF ATTEINT,8.8
2026-07-09 05:16:07,GBP/USD,FX/Indices,1H,1.3405,1.3385,1.3425,1.3503,1.0,4.900000000000011,OBJECTIF ATTEINT,8.4
2026-07-08 14:23:13,USD/CHF,FX/Indices,1H,0.8087,0.8073,0.8102,0.8126,1.0714285714286451,2.785714285714382,INVALIDÉE,8.0
2026-07-08 02:23:02,GBP/CHF,FX/Indices,1H,1.08,1.0776,1.0858,1.1021,2.416666666666497,9.208333333332646,SEUIL PRÉSERVÉ,8.2
2026-07-06 17:19:22,AUD/USD,FX/Indices,1H,0.6949,0.6934,0.6994,0.7057,3.000000000000148,7.200000000000281,SEUIL PRÉSERVÉ,8.6
2026-07-02 09:19:20,NZD/USD,FX/Indices,1H,0.5689,0.567,0.5709,0.5719,1.0526315789473624,1.5789473684210433,OBJECTIF ATTEINT,8.6
2026-07-02 05:16:39,NZD/USD,FX/Indices,1H,0.5678,0.567,0.5689,0.5709,1.374999999999948,3.8749999999998788,OBJECTIF ATTEINT,7.7
2026-07-01 21:14:57,GBP/USD,FX/Indices,1H,1.3282,1.3263,1.3332,1.3425,2.631578947368347,7.526315789473623,OBJECTIF ATTEINT,7.9
2026-07-01 17:18:39,GBP/CHF,FX/Indices,1H,1.0742,1.0714,1.0815,1.1021,2.6071428571426813,9.964285714285245,SEUIL PRÉSERVÉ,8.8
2026-07-01 04:17:58,EUR/CHF,FX/Indices,1H,0.9231,0.9218,0.9248,0.9271,1.3076923076921698,3.076923076922893,INVALIDÉE,8.4
2026-06-30 22:19:39,GBP/CHF,FX/Indices,1H,1.0716,1.0705,1.0734,1.0753,1.636363636363306,3.3636363636358864,OBJECTIF ATTEINT,8.0
2026-06-30 18:19:02,CHF/JPY,FX/Indices,1H,201.27,200.92,202.3,203.8,2.9428571428569548,7.228571428570962,INVALIDÉE,8.2
2026-06-30 10:18:41,NZD/USD,FX/Indices,1H,0.5656,0.5634,0.5689,0.5723,1.5,3.045454545454591,OBJECTIF ATTEINT,5.7
2026-06-29 18:15:58,GBP/JPY,FX/Indices,1H,214.7,214.22,215.5,216.09,1.6666666666667258,2.895833333333426,SEUIL PRÉSERVÉ,8.4
2026-06-26 03:16:41,S&P500 - MINI S&P500 FULL0926,FX/Indices,1H,7367.25,7390.5,7340.75,7154.25,1.1397849462365592,9.161290322580646,INVALIDÉE,8.4
2026-06-25 19:18:30,EUR/CHF,FX/Indices,1H,0.921,0.9227,0.9189,0.9167,1.2352941176471088,2.529411764706044,SEUIL PRÉSERVÉ,8.6
2026-06-24 20:17:41,USD/JPY,FX/Indices,1H,161.82,161.59,162.16,163.03,1.478260869565298,5.26086956521766,SEUIL PRÉSERVÉ,8.4
2026-06-24 14:21:44,USD/CHF,FX/Indices,1H,0.8132,0.8104,0.8207,0.8321,2.6785714285713875,6.749999999999911,SEUIL PRÉSERVÉ,8.6
2026-06-23 17:16:57,USD/CHF,FX/Indices,1H,0.8103,0.8069,0.8139,0.8207,1.0588235294117243,3.0588235294116917,SEUIL PRÉSERVÉ,8.8
2026-06-22 20:18:27,DAX40 FULL0926,FX/Indices,1H,25270.0,25033.2,25652.11,25954.0,1.6136402027027101,2.8885135135135225,INVALIDÉE,8.4
2026-06-22 11:19:42,GBP/CHF,FX/Indices,1H,1.07,1.0682,1.0753,1.0818,2.944444444444328,6.555555555555487,SEUIL PRÉSERVÉ,8.6
2026-06-21 22:18:47,EUR/GBP,FX/Indices,1H,0.8679,0.8651,0.8726,0.8759,1.678571428571427,2.8571428571428346,INVALIDÉE,8.6
2026-06-19 20:15:08,EUR/GBP,FX/Indices,1H,0.8671,0.866,0.8684,0.8726,1.1818181818181634,5.000000000000101,INVALIDÉE,6.3
2026-06-19 15:18:53,USD/CAD,FX/Indices,1H,1.4179,1.4147,1.4247,1.4536,2.12500000000013,11.156250000000474,SEUIL PRÉSERVÉ,8.4
2026-06-18 22:19:17,EUR/GBP,FX/Indices,1H,0.868,0.866,0.8726,0.8759,2.300000000000022,3.9500000000000055,SEUIL PRÉSERVÉ,8.6
2026-06-18 14:22:20,EUR/GBP,FX/Indices,1H,0.8666,0.8656,0.8684,0.8726,1.7999999999999112,6.0,OBJECTIF ATTEINT,8.9
2026-06-18 10:22:01,DAX40 FULL0926,FX/Indices,1H,24948.0,24854.2,25123.0,25473.11,1.8656716417910593,5.5981876332623095,OBJECTIF ATTEINT,8.0
2026-06-17 22:53:17,USD/CHF,FX/Indices,Journalier,0.7997,0.7953,0.8104,0.8547,2.431818181818214,12.500000000000126,OBJECTIF ATTEINT,8.4
2026-06-17 14:18:20,USD/CAD,FX/Indices,1H,1.4012,1.3996,1.4047,1.4113,2.187499999999974,6.312499999999818,OBJECTIF ATTEINT,9.1
2026-06-16 23:16:16,EUR/USD,FX/Indices,1H,1.1614,1.16,1.1644,1.1695,2.14285714285712,5.785714285714002,INVALIDÉE,8.2
2026-06-16 18:19:19,GBP/CHF,FX/Indices,1H,1.0649,1.067,1.0621,1.0585,1.3333333333332982,3.0476190476190426,OBJECTIF ATTEINT,7.9
2026-06-16 17:19:11,EUR/GBP,FX/Indices,1H,0.8648,0.8644,0.8656,0.8684,1.9999999999997224,8.999999999998336,OBJECTIF ATTEINT,7.9
2026-06-16 16:19:29,CHF/JPY,FX/Indices,1H,202.37,202.09,202.83,203.14,1.6428571428571646,2.749999999999924,SEUIL PRÉSERVÉ,8.6
2026-06-16 14:21:12,AUD/JPY,FX/Indices,1H,113.48,113.19,113.83,114.27,1.2068965517240924,2.7241379310343965,INVALIDÉE,7.5
2026-06-15 04:15:46,EUR/USD,FX/Indices,1H,1.1605,1.1578,1.1645,1.1695,1.4814814814814024,3.333333333333114,SEUIL PRÉSERVÉ,8.4
2026-06-15 00:14:54,GBP/JPY,FX/Indices,1H,215.23,215.01,215.61,216.09,1.7272727272728448,3.9090909090909913,INVALIDÉE,8.6
2026-06-15 00:14:53,CHF/JPY,FX/Indices,1H,201.56,201.09,202.57,203.14,2.148936170212752,3.361702127659549,SEUIL PRÉSERVÉ,7.9
2026-06-15 00:14:39,AUD/USD,FX/Indices,1H,0.708,0.7045,0.7122,0.7147,1.2000000000000444,1.9142857142857541,SEUIL PRÉSERVÉ,8.2
2026-06-12 21:55:32,GBP/CHF,FX/Indices,Journalier,1.0684,1.0621,1.075,1.0818,1.0476190476190426,2.1269841269841487,OBJECTIF ATTEINT,8.2
2026-06-11 12:20:49,USD/CAD,FX/Indices,1H,1.3982,1.3944,1.4047,1.4113,1.710526315789449,3.4473684210525795,SEUIL PRÉSERVÉ,8.8
2026-06-10 23:14:52,AUD/USD,FX/Indices,1H,0.6988,0.7019,0.694,0.6886,1.5483870967742062,3.290322580645166,INVALIDÉE,8.2
2026-06-10 19:18:43,USD/CHF,FX/Indices,1H,0.7997,0.7986,0.8011,0.8104,1.2727272727273462,9.727272727272856,INVALIDÉE,8.2
2026-06-10 13:17:02,DAX40 PERF INDEX,FX/Indices,1H,24291.89,24611.25,23954.17,23797.33,1.0574899799599216,1.5485971943887675,INVALIDÉE,8.0
2026-06-08 11:21:13,GBP/CHF,FX/Indices,1H,1.0642,1.0621,1.067,1.075,1.3333333333332982,5.142857142857128,SEUIL PRÉSERVÉ,8.8
2026-06-08 05:53:40,USD/CAD,FX/Indices,Journalier,1.3943,1.3875,1.4047,1.4113,1.5294117647058458,2.4999999999999347,OBJECTIF ATTEINT,9.1
2026-06-07 23:14:25,S&P500 - MINI S&P500 FULL0926,FX/Indices,1H,7377.5,7525.5,7190.67,7092.0,1.2623648648648644,1.929054054054054,SEUIL PRÉSERVÉ,8.6
2026-06-05 21:18:12,USD/JPY,FX/Indices,1H,160.29,160.11,160.64,161.59,1.9444444444446463,7.222222222223152,INVALIDÉE,8.4
2026-06-05 06:22:54,S&P500 - MINI S&P500 FULL0926,FX/Indices,1H,7561.75,7592.5,7525.5,7505.75,1.1788617886178863,1.8211382113821137,OBJECTIF ATTEINT,7.1
2026-06-04 03:15:57,USD/CAD,FX/Indices,1H,1.3903,1.3875,1.3944,1.4047,1.4642857142856407,5.142857142856882,SEUIL PRÉSERVÉ,8.8
2026-06-03 20:17:18,GBP/CHF,FX/Indices,1H,1.0631,1.0608,1.067,1.0753,1.6956521739130728,5.304347826087024,INVALIDÉE,8.9
2026-06-03 17:18:03,NZD/USD,FX/Indices,1H,0.5864,0.5876,0.5832,0.5792,2.6666666666666976,6.000000000000092,INVALIDÉE,8.2
2026-06-03 04:14:21,USD/CHF,FX/Indices,1H,0.7884,0.7876,0.7899,0.7931,1.8750000000000173,5.874999999999878,OBJECTIF ATTEINT,8.2
2026-06-03 00:15:48,EUR/CHF,FX/Indices,1H,0.9162,0.9138,0.9227,0.9271,2.708333333333235,4.541666666666545,SEUIL PRÉSERVÉ,8.8
2026-06-03 00:15:39,USD/CAD,FX/Indices,1H,1.3845,1.3822,1.3875,1.3944,1.3043478260869272,4.304347826087024,OBJECTIF ATTEINT,8.2
2026-06-02 23:16:45,USD/JPY,FX/Indices,1H,159.97,159.76,160.24,161.59,1.2857142857142858,7.7142857142854435,INVALIDÉE,8.6
2026-06-02 17:17:43,GBP/CHF,FX/Indices,1H,1.0603,1.0589,1.0621,1.067,1.2857142857142403,4.785714285714002,OBJECTIF ATTEINT,8.4
2026-06-02 09:17:58,NASDAQ100 - MINI NASDAQ100 FULL0926,FX/Indices,1H,30539.0,30373.33,30735.42,31065.58,1.185609947485968,3.178487354379232,OBJECTIF ATTEINT,8.0
2026-06-02 04:13:57,EUR/JPY,FX/Indices,1H,185.83,185.66,186.29,187.56,2.7058823529408027,10.176470588234281,SEUIL PRÉSERVÉ,7.9
2026-06-01 13:53:52,NASDAQ100 INDEX,FX/Indices,Journalier,30384.35,29580.3,31368.33,32403.48,1.2237796156955465,2.5111995522666537,INVALIDÉE,8.4
2026-06-01 05:15:46,AUD/JPY,FX/Indices,1H,114.59,114.35,114.92,115.41,1.3749999999999407,3.416666666666509,INVALIDÉE,8.4
2026-05-29 14:25:27,EUR/JPY,FX/Indices,1H,185.57,185.37,185.79,186.29,1.100000000000057,3.600000000000199,OBJECTIF ATTEINT,8.6
2026-05-28 15:22:41,NZD/USD,FX/Indices,1H,0.5927,0.5912,0.5967,0.5996,2.666666666666568,4.599999999999837,OBJECTIF ATTEINT,8.8
2026-05-28 04:13:08,EUR/GBP,FX/Indices,1H,0.8667,0.8657,0.8684,0.87,1.6999999999999222,3.2999999999999665,SEUIL PRÉSERVÉ,8.6
2026-05-28 00:16:07,USD/CAD,FX/Indices,1H,1.3848,1.3822,1.3881,1.3944,1.2692307692307463,3.692307692307804,INVALIDÉE,8.8
2026-05-27 23:16:49,USD/CHF,FX/Indices,1H,0.7871,0.786,0.7895,0.7906,2.1818181818181634,3.1818181818181634,INVALIDÉE,8.4
2026-05-27 15:24:30,EUR/CHF,FX/Indices,1H,0.9149,0.9138,0.917,0.9227,1.9090909090907255,7.090909090908366,OBJECTIF ATTEINT,7.1
2026-05-26 15:23:02,AUD/JPY,FX/Indices,1H,114.14,113.98,114.41,114.66,1.687500000000011,3.2500000000000444,INVALIDÉE,8.6
2026-05-26 11:17:56,EUR/USD,FX/Indices,1H,1.1643,1.163,1.1662,1.1684,1.4615384615386324,3.1538461538466662,INVALIDÉE,7.9
2026-05-26 05:16:01,USD/CAD,FX/Indices,1H,1.3813,1.3767,1.3881,1.3944,1.4782608695652195,2.8478260869565846,SEUIL PRÉSERVÉ,7.7
2026-05-25 08:19:17,GBP/JPY,FX/Indices,1H,214.37,214.12,214.79,216.09,1.67999999999995,6.8799999999999955,SEUIL PRÉSERVÉ,8.8
2026-05-25 08:19:14,AUD/JPY,FX/Indices,1H,113.83,113.69,113.98,114.41,1.0714285714286076,4.142857142857114,OBJECTIF ATTEINT,7.9
2026-05-22 14:25:06,USD/CAD,FX/Indices,1H,1.3812,1.3779,1.3881,1.3944,2.0909090909090113,3.9999999999999325,SEUIL PRÉSERVÉ,8.9
2026-05-22 05:16:23,GBP/JPY,FX/Indices,1H,213.63,213.29,214.12,216.09,1.4411764705882475,7.23529411764701,OBJECTIF ATTEINT,7.3
2026-05-21 22:24:11,NZD/USD,FX/Indices,1H,0.5875,0.5852,0.592,0.5938,1.956521739130439,2.7391304347826337,SEUIL PRÉSERVÉ,7.7
2026-05-21 19:30:31,GBP/USD,FX/Indices,1H,1.3437,1.342,1.3458,1.3485,1.23529411764732,2.8235294117650978,OBJECTIF ATTEINT,7.5
2026-05-21 19:30:08,DAX40 FULL0926,FX/Indices,1H,24901.0,24742.0,25202.0,25775.0,1.8930817610062893,5.49685534591195,SEUIL PRÉSERVÉ,8.2
2026-05-20 13:19:08,DAX40 FULL0926,FX/Indices,1H,24512.0,24233.0,24854.2,25202.0,1.226523297491042,2.4731182795698925,OBJECTIF ATTEINT,7.7
2026-05-20 06:19:10,EUR/CHF,FX/Indices,1H,0.9164,0.9155,0.9175,0.9227,1.2222222222221948,6.9999999999998765,INVALIDÉE,8.2
2026-05-19 12:19:40,S&P500 - MINI S&P500 FULL0926,FX/Indices,1H,7392.0,7427.4,7336.25,7092.0,1.574858757062163,8.474576271186528,SEUIL PRÉSERVÉ,8.2
2026-05-19 06:14:16,USD/JPY,FX/Indices,1H,159.01,158.6,160.24,161.59,3.0000000000000693,6.292682926829351,SEUIL PRÉSERVÉ,8.0
2026-05-15 12:20:20,USD/CAD,FX/Indices,1H,1.3755,1.374,1.3787,1.3881,2.1333333333336295,8.400000000000889,SEUIL PRÉSERVÉ,8.6
2026-05-15 09:17:39,USD/CHF,FX/Indices,1H,0.7866,0.7848,0.7906,0.7908,2.222222222222332,2.333333333333436,SEUIL PRÉSERVÉ,8.8
2026-05-14 06:21:36,S&P500 - MINI S&P500 FULL0926,FX/Indices,1H,7488.0,7410.4,7577.0,7726.25,1.14690721649484,3.0702319587628724,SEUIL PRÉSERVÉ,8.6
2026-05-13 21:13:50,AUD/USD,FX/Indices,1H,0.7261,0.7249,0.7278,0.7349,1.4166666666667207,7.333333333333488,INVALIDÉE,8.0
2026-05-13 19:20:42,USD/CHF,FX/Indices,1H,0.782,0.781,0.783,0.7848,1.0,2.800000000000022,OBJECTIF ATTEINT,8.0
2026-05-13 15:25:27,AUD/JPY,FX/Indices,1H,114.65,114.32,115.48,116.63,2.5151515151514148,5.9999999999997415,SEUIL PRÉSERVÉ,8.6
2026-05-13 10:25:43,NZD/USD,FX/Indices,1H,0.5929,0.5949,0.5887,0.5876,2.099999999999989,2.6499999999999835,SEUIL PRÉSERVÉ,7.9
2026-05-13 07:17:28,NZD/USD,FX/Indices,1H,0.5939,0.5949,0.5926,0.5887,1.2999999999999667,5.199999999999978,OBJECTIF ATTEINT,7.7
2026-05-12 11:20:22,USD/CAD,FX/Indices,1H,1.3711,1.3695,1.374,1.3881,1.812500000000026,10.624999999999636,INVALIDÉE,8.9
2026-05-12 09:18:10,EUR/GBP,FX/Indices,1H,0.8683,0.8663,0.871,0.8759,1.3500000000000167,3.800000000000022,SEUIL PRÉSERVÉ,8.8
2026-05-11 08:18:43,CHF/JPY,FX/Indices,1H,201.88,201.47,202.4,203.09,1.2682926829268648,2.951219512195166,SEUIL PRÉSERVÉ,8.2
2026-05-11 03:21:36,AUD/JPY,FX/Indices,1H,113.63,113.41,113.93,114.32,1.3636363636364224,3.136363636363642,OBJECTIF ATTEINT,8.0
2026-05-08 20:18:10,GBP/USD,FX/Indices,1H,1.3631,1.3611,1.3653,1.3827,1.099999999999989,9.800000000000022,INVALIDÉE,8.4
2026-05-08 18:04:58,NASDAQ100 INDEX,FX/Indices,Journalier,29159.67,28789.24,30126.35,32764.68,2.609615851847877,9.731960154415233,OBJECTIF ATTEINT,8.9
2026-05-07 22:22:00,USD/CAD,FX/Indices,1H,1.3661,1.3642,1.3692,1.3711,1.6315789473683473,2.631578947368347,OBJECTIF ATTEINT,8.6
2026-05-06 19:17:22,EUR/GBP,FX/Indices,1H,0.8644,0.8629,0.8662,0.8678,1.2000000000000592,2.266666666666795,SEUIL PRÉSERVÉ,7.7
2026-05-04 05:18:48,NZD/USD,FX/Indices,1H,0.5917,0.5911,0.5924,0.5938,1.1666666666666359,3.4999999999997224,INVALIDÉE,8.4
2026-05-04 02:56:34,EUR/GBP,FX/Indices,Journalier,0.8632,0.8684,0.8505,0.8246,2.4423076923076876,7.423076923076942,INVALIDÉE,7.9
2026-05-03 21:40:33,AUD/USD,FX/Indices,Journalier,0.7219,0.7147,0.7349,0.7691,1.8055555555555611,6.555555555555573,INVALIDÉE,8.2
2026-04-29 15:22:15,GBP/JPY,FX/Indices,1H,216.09,215.74,216.9,218.01,2.3142857142857585,5.485714285714339,INVALIDÉE,8.4
2026-04-28 22:15:14,AUD/JPY,FX/Indices,1H,114.64,114.26,115.03,115.77,1.026315789473698,2.9736842105263395,INVALIDÉE,8.6
2026-04-24 06:18:40,NASDAQ100 - MINI NASDAQ100 FULL0926,FX/Indices,1H,27082.5,26893.06,27505.33,28185.17,2.2319995777027275,5.820682010135166,OBJECTIF ATTEINT,7.7
2026-04-24 03:15:23,USD/CAD,FX/Indices,1H,1.371,1.3695,1.374,1.3761,2.0,3.399999999999941,INVALIDÉE,8.0
2026-04-23 03:15:26,USD/CHF,FX/Indices,1H,0.7857,0.784,0.7885,0.7898,1.6470588235295,2.4117647058824567,SEUIL PRÉSERVÉ,8.4
2026-04-22 18:19:17,NASDAQ100 INDEX,FX/Indices,1H,26885.15,26721.77,27261.59,27850.76,2.3040763863385747,5.9102093279470616,OBJECTIF ATTEINT,8.4
2026-04-21 16:07:52,CHF/JPY,FX/Indices,Journalier,204.34,203.51,206.48,208.93,2.5783132530119928,5.530120481927631,INVALIDÉE,8.8
2026-04-20 21:14:40,CHF/JPY,FX/Indices,1H,204.09,203.51,205.24,206.58,1.9827586206896222,4.293103448275785,SEUIL PRÉSERVÉ,8.2
2026-04-20 07:17:01,DAX40 PERF INDEX,FX/Indices,1H,24702.24,24562.92,25005.33,25287.82,2.175495262704514,4.203129486075108,INVALIDÉE,8.9
2026-04-17 04:15:03,AUD/JPY,FX/Indices,1H,114.22,113.76,114.76,116.65,1.1739130434782905,5.282608695652261,INVALIDÉE,8.2
2026-04-16 13:18:50,DAX40 PERF INDEX,FX/Indices,1H,24235.93,24080.63,24562.92,25005.33,2.1055376690276852,4.954282034771443,OBJECTIF ATTEINT,8.9
2026-04-16 07:15:28,DAX40 FULL0926,FX/Indices,1H,24327.0,24233.0,24424.0,24715.5,1.0319148936170213,4.132978723404255,OBJECTIF ATTEINT,8.8
2026-04-16 04:18:24,USD/JPY,FX/Indices,1H,158.69,158.92,158.25,157.89,1.9130434782609447,3.4782608695654216,INVALIDÉE,8.0
2026-04-15 20:18:08,AUD/JPY,FX/Indices,1H,114.0,113.41,114.76,115.99,1.2881355932203402,3.3728813559321753,SEUIL PRÉSERVÉ,8.6
2026-04-15 20:17:58,AUD/USD,FX/Indices,1H,0.7171,0.7147,0.7231,0.7367,2.500000000000046,8.166666666666837,SEUIL PRÉSERVÉ,8.9
2026-04-15 15:23:20,EUR/USD,FX/Indices,1H,1.1805,1.1775,1.1888,1.2023,2.7666666666665534,7.266666666666331,SEUIL PRÉSERVÉ,8.4
2026-04-14 14:22:22,USD/CAD,FX/Indices,1H,1.374,1.3786,1.3628,1.3569,2.434782608695707,3.7173913043479017,SEUIL PRÉSERVÉ,8.6
2026-04-14 10:18:24,DAX40 PERF INDEX,FX/Indices,1H,23970.72,23832.15,24163.91,24562.92,1.394169012051664,4.273652305693861,OBJECTIF ATTEINT,8.2
2026-04-14 10:18:01,AUD/USD,FX/Indices,1H,0.712,0.7095,0.7147,0.7231,1.0800000000000374,4.4400000000000945,OBJECTIF ATTEINT,8.9
2026-04-14 09:18:00,NZD/USD,FX/Indices,1H,0.5892,0.5876,0.5938,0.5989,2.8750000000001474,6.062500000000274,SEUIL PRÉSERVÉ,8.8
2026-04-13 21:16:08,CHF/JPY,FX/Indices,1H,203.38,202.57,204.66,206.76,1.580246913580244,4.1728395061728225,SEUIL PRÉSERVÉ,8.8
2026-04-13 19:01:37,AUD/JPY,FX/Indices,Journalier,113.1,110.82,115.99,118.02,1.2675438596491224,2.157894736842105,SEUIL PRÉSERVÉ,8.2
2026-04-13 13:19:56,GBP/JPY,FX/Indices,1H,214.75,214.12,215.87,217.3,1.7777777777777979,4.0476190476190945,SEUIL PRÉSERVÉ,8.6
2026-04-10 19:21:19,GBP/CHF,FX/Indices,1H,1.0624,1.0582,1.0677,1.0753,1.2619047619047872,3.071428571428564,SEUIL PRÉSERVÉ,8.6
2026-04-10 12:19:36,GBP/USD,FX/Indices,1H,1.345,1.3426,1.3484,1.3583,1.4166666666667207,5.541666666666802,INVALIDÉE,8.2
2026-04-10 11:20:20,EUR/CHF,FX/Indices,1H,0.9246,0.9227,0.9266,0.9277,1.0526315789473624,1.6315789473684057,SEUIL PRÉSERVÉ,8.0
2026-04-10 00:14:25,NASDAQ100 - MINI NASDAQ100 FULL0926,FX/Indices,1H,25218.25,24862.0,25589.6,26365.0,1.0423859649122766,3.218947368421053,SEUIL PRÉSERVÉ,8.8
2026-04-09 11:17:40,CHF/JPY,FX/Indices,1H,200.99,200.27,202.63,203.56,2.2777777777777626,3.5694444444444406,SEUIL PRÉSERVÉ,8.4
2026-04-08 12:22:16,DAX40 PERF INDEX,FX/Indices,1H,24136.79,24023.73,24366.8,24562.92,2.034406509817758,3.769060675747324,INVALIDÉE,8.8
2026-04-08 05:13:58,NZD/USD,FX/Indices,1H,0.5834,0.5812,0.5876,0.5934,1.9090909090909183,4.545454545454591,SEUIL PRÉSERVÉ,8.9
2026-04-07 23:15:52,CHF/JPY,FX/Indices,1H,200.37,199.89,201.1,201.51,1.5208333333332544,2.3749999999998814,SEUIL PRÉSERVÉ,7.9
2026-04-07 23:15:34,AUD/USD,FX/Indices,1H,0.7064,0.7045,0.7091,0.7147,1.421052631578898,4.368421052631536,INVALIDÉE,9.1
2026-04-07 12:17:36,GBP/CHF,FX/Indices,1H,1.0592,1.058,1.0604,1.0621,1.000000000000185,2.416666666667037,OBJECTIF ATTEINT,8.9
2026-04-06 14:18:10,AUD/JPY,FX/Indices,1H,110.51,110.34,110.96,111.18,2.6470588235293184,3.9411764705882057,SEUIL PRÉSERVÉ,8.4
2026-04-05 21:10:32,USD/JPY,FX/Indices,1H,159.65,159.49,159.97,160.28,2.0,3.9375000000000555,INVALIDÉE,7.3
2026-03-31 00:15:18,S&P500 - MINI S&P500 FULL0926,FX/Indices,1H,6376.75,6494.5,6157.42,5925.83,1.862675159235668,3.829469214437368,INVALIDÉE,8.2
2026-03-27 15:22:37,USD/JPY,FX/Indices,1H,159.9,159.66,160.25,161.59,1.4583333333332544,7.041666666666391,INVALIDÉE,8.2
2026-03-27 01:14:36,CHF/JPY,FX/Indices,1H,200.7,201.47,199.49,198.5,1.5714285714285239,2.8571428571428044,SEUIL PRÉSERVÉ,8.6
2026-03-26 19:59:59,NASDAQ100 INDEX,FX/Indices,Journalier,23620.91,24031.56,23142.58,22763.31,1.1648118835991632,2.0883964446608925,INVALIDÉE,8.4
2026-03-26 18:18:14,GBP/CHF,FX/Indices,1H,1.0596,1.0581,1.0621,1.0677,1.666666666666568,5.3999999999997925,SEUIL PRÉSERVÉ,8.6
2026-03-25 22:15:25,USD/CAD,FX/Indices,1H,1.3815,1.3785,1.387,1.4047,1.8333333333334196,7.733333333333649,SEUIL PRÉSERVÉ,8.8
2026-03-25 09:20:39,GBP/CHF,FX/Indices,1H,1.0582,1.0564,1.0601,1.0621,1.0555555555555487,2.166666666666646,SEUIL PRÉSERVÉ,8.6
2026-03-25 08:14:58,EUR/CHF,FX/Indices,1H,0.9166,0.9138,0.9234,0.9325,2.4285714285714173,5.678571428571387,SEUIL PRÉSERVÉ,8.2
2026-03-24 07:16:06,EUR/CHF,FX/Indices,1H,0.9137,0.9119,0.9168,0.9234,1.722222222222301,5.3888888888891735,OBJECTIF ATTEINT,8.2
2026-03-24 05:14:03,USD/CAD,FX/Indices,1H,1.3758,1.374,1.3803,1.387,2.50000000000037,6.222222222222962,SEUIL PRÉSERVÉ,8.9
2026-03-23 20:17:25,GBP/JPY,FX/Indices,1H,212.78,212.51,213.31,214.12,1.9629629629628929,4.962962962962788,INVALIDÉE,8.2
2026-03-20 14:21:53,NASDAQ100 - MINI NASDAQ100 FULL0926,FX/Indices,1H,24306.25,24471.75,23814.75,22871.0,2.9697885196374623,8.672205438066465,OBJECTIF ATTEINT,8.8
2026-03-19 13:18:17,DAX40 PERF INDEX,FX/Indices,1H,22810.37,23084.97,22345.06,21762.58,1.6945010924981572,3.815695557174031,OBJECTIF ATTEINT,8.6
2026-03-19 08:14:17,USD/CAD,FX/Indices,1H,1.3742,1.3723,1.3798,1.387,2.947368421052521,6.736842105263071,SEUIL PRÉSERVÉ,8.6
2026-03-19 07:15:55,EUR/GBP,FX/Indices,1H,0.8646,0.8634,0.8663,0.8677,1.416666666666497,2.5833333333331328,INVALIDÉE,7.3
2026-03-18 07:14:07,GBP/CHF,FX/Indices,1H,1.0501,1.0488,1.0528,1.0621,2.076923076922893,9.23076923076868,OBJECTIF ATTEINT,8.9
2026-03-18 07:13:54,DAX40 FULL0926,FX/Indices,1H,23918.0,23825.6,24047.0,24388.0,1.396103896103874,5.086580086580007,INVALIDÉE,8.4
2026-03-18 05:15:22,EUR/CHF,FX/Indices,1H,0.9064,0.9049,0.9098,0.9138,2.266666666666795,4.933333333333486,OBJECTIF ATTEINT,8.0
2026-03-17 00:13:28,GBP/CHF,FX/Indices,1H,1.0492,1.0472,1.0528,1.0621,1.8000000000000222,6.4500000000000615,SEUIL PRÉSERVÉ,8.8
2026-03-15 23:15:57,NZD/USD,FX/Indices,1H,0.5774,0.5792,0.5732,0.5685,2.333333333333292,4.94444444444439,INVALIDÉE,8.4
2026-03-13 15:23:15,USD/CAD,FX/Indices,1H,1.3725,1.3675,1.3802,1.387,1.5399999999999725,2.8999999999999244,SEUIL PRÉSERVÉ,9.1
2026-03-12 17:20:16,GBP/CHF,FX/Indices,1H,1.0473,1.0434,1.0528,1.0621,1.4102564102565007,3.794871794872034,SEUIL PRÉSERVÉ,8.6
2026-03-12 17:19:58,USD/CAD,FX/Indices,1H,1.3627,1.3605,1.3674,1.3716,2.1363636363636225,4.0454545454545405,OBJECTIF ATTEINT,7.9
2026-03-11 05:18:43,GBP/USD,FX/Indices,1H,1.3454,1.3432,1.3482,1.3508,1.2727272727273462,2.4545454545455097,INVALIDÉE,7.1
2026-03-11 05:18:32,AUD/JPY,FX/Indices,1H,113.45,112.85,114.45,114.72,1.666666666666643,2.11666666666663,SEUIL PRÉSERVÉ,8.9
2026-03-10 22:50:33,AUD/JPY,FX/Indices,Journalier,112.52,110.59,114.45,117.41,1.0000000000000073,2.533678756476694,INVALIDÉE,8.9
2026-03-10 20:17:29,GBP/CHF,FX/Indices,1H,1.0448,1.0434,1.0473,1.0497,1.7857142857144443,3.5000000000004756,SEUIL PRÉSERVÉ,7.3
2026-03-10 14:21:04,EUR/JPY,FX/Indices,1H,183.65,183.4,184.34,184.58,2.759999999999991,3.7200000000000273,SEUIL PRÉSERVÉ,8.2
2026-03-10 12:19:29,GBP/JPY,FX/Indices,1H,212.19,211.75,213.39,214.12,2.7272727272727155,4.386363636363675,SEUIL PRÉSERVÉ,8.4
2026-03-10 12:19:27,AUD/JPY,FX/Indices,1H,112.26,112.09,112.77,113.41,2.9999999999999165,6.764705882352823,OBJECTIF ATTEINT,8.9
2026-03-09 11:23:13,EUR/JPY,FX/Indices,1H,183.18,182.88,183.53,184.34,1.1666666666666035,3.8666666666665086,OBJECTIF ATTEINT,7.9
2026-03-09 03:21:29,DAX40 FULL0926,FX/Indices,1H,22802.0,23135.0,22285.0,21217.0,1.5525525525525525,4.75975975975976,INVALIDÉE,8.4
2026-03-06 11:23:50,EUR/USD,FX/Indices,1H,1.158,1.16,1.153,1.1485,2.4999999999999445,4.7499999999999165,INVALIDÉE,8.4
2026-03-05 03:47:31,EUR/CHF,FX/Indices,Journalier,0.9059,0.9138,0.8965,0.8868,1.1898734177215424,2.417721518987371,INVALIDÉE,8.0
2026-03-05 03:14:15,GBP/JPY,FX/Indices,1H,209.61,210.0,208.55,208.15,2.717948717948819,3.743589743589895,INVALIDÉE,8.2
2026-03-04 10:21:40,CHF/JPY,FX/Indices,1H,201.11,201.34,200.42,199.81,3.0000000000002474,5.652173913043779,INVALIDÉE,7.7
2026-03-03 12:19:47,AUD/USD,FX/Indices,1H,0.7031,0.7044,0.7015,0.694,1.230769230769106,6.999999999999573,OBJECTIF ATTEINT,8.6
2026-03-03 10:19:58,AUD/USD,FX/Indices,1H,0.7036,0.7044,0.7015,0.694,2.6249999999999134,11.999999999999723,OBJECTIF ATTEINT,8.6
2026-03-02 22:05:23,AUD/JPY,FX/Indices,Journalier,111.58,110.59,112.77,114.45,1.202020202020206,2.8989898989899188,INVALIDÉE,8.6
2026-03-02 12:21:35,USD/JPY,FX/Indices,1H,157.19,156.83,158.25,160.09,2.9444444444445717,8.055555555555902,SEUIL PRÉSERVÉ,8.8
2026-02-25 23:15:40,NZD/USD,FX/Indices,1H,0.6001,0.599,0.6015,0.6048,1.2727272727273462,4.272727272727346,INVALIDÉE,8.0
2026-02-25 05:15:15,AUD/JPY,FX/Indices,1H,110.7,110.08,111.57,111.62,1.403225806451587,1.4838709677419273,SEUIL PRÉSERVÉ,8.9
2026-02-24 04:14:14,EUR/CHF,FX/Indices,1H,0.9135,0.9127,0.915,0.9161,1.8750000000000173,3.2499999999999654,INVALIDÉE,7.1
2026-02-23 14:18:43,EUR/CHF,FX/Indices,1H,0.9142,0.9131,0.9161,0.9234,1.7272727272727548,8.363636363636427,INVALIDÉE,8.4
2026-02-23 10:18:52,EUR/JPY,FX/Indices,1H,182.66,182.29,183.16,183.71,1.3513513513513347,2.8378378378378337,INVALIDÉE,7.5
2026-02-20 18:17:26,AUD/JPY,FX/Indices,1H,109.7,109.41,110.07,110.59,1.2758620689654565,3.068965517241315,INVALIDÉE,8.4
2026-02-19 06:13:38,EUR/GBP,FX/Indices,1H,0.8743,0.8735,0.8759,0.8843,2.0000000000002776,12.500000000001387,SEUIL PRÉSERVÉ,8.9
2026-02-18 21:18:59,AUD/USD,FX/Indices,1H,0.7042,0.7065,0.7004,0.6935,1.6521739130435118,4.65217391304356,INVALIDÉE,8.2
2026-02-18 18:20:56,USD/CAD,FX/Indices,1H,1.3686,1.3637,1.3737,1.3802,1.0408163265305614,2.3673469387754604,SEUIL PRÉSERVÉ,8.9
2026-02-18 17:22:39,CHF/JPY,FX/Indices,1H,200.01,199.72,200.85,201.63,2.896551724138022,5.586206896551893,OBJECTIF ATTEINT,7.9
2026-02-18 17:22:38,AUD/JPY,FX/Indices,1H,109.15,108.73,109.65,110.3,1.1904761904761856,2.7380952380952066,OBJECTIF ATTEINT,8.2
2026-02-18 14:18:37,USD/CHF,FX/Indices,1H,0.7717,0.7705,0.774,0.7772,1.916666666666497,4.583333333332948,SEUIL PRÉSERVÉ,6.3
2026-02-17 08:51:08,NASDAQ100 - MINI NASDAQ100 FULL0926,FX/Indices,Journalier,24655.25,25381.68,23606.0,22198.75,1.4443924397395476,3.3816059358781976,SEUIL PRÉSERVÉ,7.9
2026-02-17 08:14:29,GBP/USD,FX/Indices,1H,1.3571,1.359,1.3519,1.3458,2.736842105263072,5.947368421052521,INVALIDÉE,8.4
2026-02-16 14:19:52,EUR/USD,FX/Indices,1H,1.1858,1.1888,1.1802,1.1766,1.8666666666666123,3.066666666666509,SEUIL PRÉSERVÉ,8.8
2026-02-16 13:21:49,USD/CAD,FX/Indices,1H,1.3632,1.3593,1.3683,1.37,1.3076923076923297,1.7435897435897727,SEUIL PRÉSERVÉ,8.4
2026-02-11 10:19:17,EUR/USD,FX/Indices,1H,1.1917,1.1888,1.1955,1.1975,1.3103448275862597,2.0000000000000764,INVALIDÉE,8.2
2026-02-11 06:17:12,NZD/USD,FX/Indices,1H,0.6059,0.6046,0.6079,0.6101,1.5384615384615778,3.2307692307692966,SEUIL PRÉSERVÉ,8.8
2026-02-11 06:16:50,AUD/USD,FX/Indices,1H,0.7111,0.7099,0.7147,0.7231,3.0000000000000924,10.000000000000185,OBJECTIF ATTEINT,8.9
2026-02-09 23:59:09,EUR/USD,FX/Indices,Journalier,1.1904,1.1802,1.2023,1.251,1.1666666666666703,5.941176470588242,INVALIDÉE,8.0
2026-02-09 11:21:21,CHF/JPY,FX/Indices,1H,202.91,202.34,203.84,205.09,1.6315789473684525,3.8245614035088296,SEUIL PRÉSERVÉ,8.4
2026-02-08 21:09:09,AUD/JPY,FX/Indices,1H,110.51,109.8,111.44,112.67,1.3098591549295524,3.042253521126722,SEUIL PRÉSERVÉ,8.4
2026-02-05 11:18:21,CHF/JPY,FX/Indices,1H,202.15,200.85,203.48,205.81,1.023076923076902,2.815384615384588,SEUIL PRÉSERVÉ,8.6
2026-02-05 05:13:57,USD/CAD,FX/Indices,1H,1.3685,1.3656,1.3737,1.3802,1.7931034482757406,4.034482758620531,SEUIL PRÉSERVÉ,8.6
2026-02-04 05:50:26,AUD/JPY,FX/Indices,Journalier,109.88,109.1,111.62,114.24,2.2307692307692393,5.5897435897435805,INVALIDÉE,8.9
2026-02-04 03:13:41,AUD/JPY,FX/Indices,1H,109.7,109.55,109.98,111.37,1.8666666666666034,11.133333333332923,INVALIDÉE,8.9
2026-02-03 22:15:19,CHF/JPY,FX/Indices,1H,200.87,200.24,201.92,203.48,1.6666666666666516,4.1428571428571495,OBJECTIF ATTEINT,8.9
2026-02-03 20:20:23,EUR/JPY,FX/Indices,1H,184.06,183.76,184.71,186.0,2.1666666666666035,6.466666666666414,OBJECTIF ATTEINT,8.0
2026-02-03 09:19:33,EUR/GBP,FX/Indices,Journalier,0.8628,0.8677,0.8565,0.8505,1.285714285714276,2.5102040816326405,INVALIDÉE,7.1
2026-02-02 17:17:00,GBP/JPY,FX/Indices,1H,212.37,211.49,213.44,213.91,1.2159090909090895,1.75,SEUIL PRÉSERVÉ,8.8
2026-02-02 17:16:43,EUR/GBP,FX/Indices,1H,0.8646,0.8677,0.8615,0.8505,1.0,4.548387096774206,SEUIL PRÉSERVÉ,8.6
2026-02-02 00:13:40,EUR/JPY,FX/Indices,1H,183.84,183.24,184.71,185.54,1.4500000000000213,2.833333333333341,SEUIL PRÉSERVÉ,8.4
2026-01-30 07:12:11,CHF/JPY,FX/Indices,1H,200.47,200.14,200.85,201.32,1.151515151515094,2.575757575757461,OBJECTIF ATTEINT,8.4
2026-01-30 05:13:40,GBP/JPY,FX/Indices,1H,211.78,211.49,212.15,212.76,1.275862068965568,3.3793103448276436,OBJECTIF ATTEINT,7.0
2026-01-29 04:13:31,EUR/USD,FX/Indices,1H,1.1985,1.1913,1.2059,1.2168,1.027777777777806,2.54166666666674,SEUIL PRÉSERVÉ,7.5
2026-01-29 03:15:48,AUD/USD,FX/Indices,1H,0.7064,0.7021,0.7147,0.7203,1.9302325581394923,3.2325581395348277,INVALIDÉE,8.6
2026-01-28 00:52:24,NZD/USD,FX/Indices,Journalier,0.6028,0.599,0.6101,0.6196,1.9210526315789274,4.421052631578927,INVALIDÉE,8.9
2026-01-28 00:52:06,AUD/USD,FX/Indices,Journalier,0.7,0.6886,0.7147,0.7266,1.2894736842105343,2.3333333333333464,OBJECTIF ATTEINT,8.6
2026-01-27 22:15:54,USD/JPY,FX/Indices,1H,152.22,152.98,150.87,146.52,1.776315789473698,7.500000000000075,INVALIDÉE,8.6
2026-01-27 18:19:52,NZD/USD,FX/Indices,1H,0.6014,0.599,0.6046,0.6101,1.333333333333287,3.624999999999867,OBJECTIF ATTEINT,8.8
2026-01-27 15:20:32,AUD/USD,FX/Indices,1H,0.697,0.6941,0.7051,0.7147,2.7931034482759545,6.1034482758622906,SEUIL PRÉSERVÉ,8.8
2026-01-27 11:18:18,EUR/CHF,FX/Indices,1H,0.9217,0.9227,0.9202,0.9189,1.4999999999999445,2.799999999999911,OBJECTIF ATTEINT,7.5
2026-01-27 08:14:30,DAX40 FULL0926,FX/Indices,1H,25098.0,25016.0,25186.0,25354.0,1.0731707317073171,3.1219512195121952,INVALIDÉE,7.3
2026-01-27 04:50:45,USD/CHF,FX/Indices,Journalier,0.778,0.7922,0.7604,0.7482,1.2394366197183149,2.0985915492957794,OBJECTIF ATTEINT,8.2
2026-01-26 18:17:35,NZD/USD,FX/Indices,1H,0.5992,0.5972,0.6017,0.6046,1.2500000000000278,2.7000000000000335,INVALIDÉE,8.8
2026-01-23 20:20:24,AUD/USD,FX/Indices,1H,0.6892,0.6845,0.6951,0.7147,1.2553191489361637,5.425531914893567,SEUIL PRÉSERVÉ,8.8
2026-01-23 19:18:46,NASDAQ100 - MINI NASDAQ100 FULL0926,FX/Indices,1H,25755.5,25654.6,25952.75,26054.5,1.9549058473736092,2.9633300297323655,INVALIDÉE,8.0
2026-01-23 17:07:48,EUR/USD,FX/Indices,Journalier,1.1776,1.1714,1.1871,1.2059,1.5322580645161434,4.564516129032269,OBJECTIF ATTEINT,7.5
2026-01-22 20:19:16,NZD/USD,FX/Indices,1H,0.5908,0.5876,0.5972,0.599,2.0,2.5625000000000107,SEUIL PRÉSERVÉ,8.9
2026-01-22 10:19:59,EUR/JPY,FX/Indices,1H,185.52,185.21,186.42,187.27,2.9032258064515184,5.645161290322539,OBJECTIF ATTEINT,8.6
2026-01-22 08:14:48,NZD/USD,FX/Indices,1H,0.5858,0.5851,0.5876,0.5912,2.5714285714284806,7.714285714285284,OBJECTIF ATTEINT,8.8
2026-01-22 07:13:26,GBP/JPY,FX/Indices,1H,213.29,213.02,213.74,214.3,1.6666666666668422,3.740740740741064,OBJECTIF ATTEINT,8.8
2026-01-21 13:23:05,NZD/USD,FX/Indices,1H,0.5862,0.5851,0.5876,0.5912,1.2727272727271168,4.545454545454032,INVALIDÉE,8.9
2026-01-21 13:22:30,EUR/GBP,FX/Indices,1H,0.8745,0.8731,0.8759,0.8843,0.9999999999999207,6.999999999999604,INVALIDÉE,8.4
2026-01-21 00:50:36,CHF/JPY,FX/Indices,Journalier,200.14,198.34,202.53,206.39,1.3277777777777986,3.472222222222255,OBJECTIF ATTEINT,8.2
2026-01-20 20:17:58,AUD/JPY,FX/Indices,1H,106.55,106.39,106.72,107.6,1.0625000000000333,6.562500000000123,OBJECTIF ATTEINT,8.0
2026-01-20 14:16:34,EUR/GBP,FX/Indices,1H,0.8719,0.8693,0.8759,0.8843,1.5384615384615121,4.769230769230671,SEUIL PRÉSERVÉ,8.8
2026-01-20 08:15:17,NZD/USD,FX/Indices,1H,0.5843,0.5812,0.5876,0.5912,1.0645161290322511,2.225806451612879,SEUIL PRÉSERVÉ,8.8
2026-01-20 08:14:48,AUD/USD,FX/Indices,1H,0.6746,0.6735,0.6778,0.6839,2.909090909090918,8.45454545454551,INVALIDÉE,8.8
2026-01-16 17:20:04,USD/CAD,FX/Indices,1H,1.392,1.3898,1.3978,1.4047,2.636363636363673,5.772727272727397,INVALIDÉE,9.1
2026-01-15 20:19:39,USD/CHF,FX/Indices,1H,0.8033,0.8018,0.8064,0.814,2.066666666666583,7.133333333333018,INVALIDÉE,8.6
2026-01-12 23:16:11,USD/JPY,FX/Indices,1H,158.17,157.37,159.47,160.75,1.6250000000000488,3.2250000000000845,SEUIL PRÉSERVÉ,8.4
2026-01-12 21:17:03,DAX40 FULL0926,FX/Indices,1H,25586.0,25412.0,25861.0,26309.0,1.5804597701149425,4.155172413793103,SEUIL PRÉSERVÉ,8.9
2026-01-12 17:18:36,AUD/JPY,FX/Indices,1H,106.18,105.94,106.74,107.54,2.3333333333331954,5.666666666666449,SEUIL PRÉSERVÉ,8.4
2026-01-09 01:14:19,USD/CHF,FX/Indices,1H,0.7994,0.7968,0.8025,0.8064,1.1923076923076676,2.6923076923076463,SEUIL PRÉSERVÉ,8.8
2026-01-07 04:45:34,AUD/JPY,FX/Indices,Journalier,105.89,105.04,107.47,109.1,1.8588235294117752,3.7764705882353122,OBJECTIF ATTEINT,8.9
2026-01-07 04:12:33,AUD/JPY,FX/Indices,1H,105.93,105.6,106.33,107.47,1.2121212121211404,4.666666666666465,INVALIDÉE,8.6
2026-01-07 04:12:14,AUD/USD,FX/Indices,1H,0.6766,0.6739,0.6795,0.6839,1.074074074074109,2.703703703703769,INVALIDÉE,8.4
2026-01-05 03:14:14,USD/CHF,FX/Indices,1H,0.7939,0.7925,0.7955,0.8025,1.1428571428570409,6.142857142856803,INVALIDÉE,8.6
2026-01-05 03:14:05,AUD/JPY,FX/Indices,1H,105.02,104.84,105.28,106.33,1.4444444444445321,7.277777777778089,INVALIDÉE,7.7
2026-01-05 00:13:26,USD/CAD,FX/Indices,1H,1.3747,1.3728,1.3804,1.387,3.0,6.473684210526261,OBJECTIF ATTEINT,8.2
2026-01-02 16:21:02,GBP/JPY,FX/Indices,1H,211.31,211.1,211.94,212.53,2.9999999999998646,5.809523809523584,INVALIDÉE,8.0
2026-01-02 08:13:26,USD/JPY,FX/Indices,1H,156.96,156.73,157.23,157.57,1.173913043478089,2.652173913043204,INVALIDÉE,8.4
2025-12-31 15:17:58,USD/CAD,FX/Indices,1H,1.3722,1.3692,1.3755,1.3784,1.0999999999999113,2.066666666666583,SEUIL PRÉSERVÉ,8.0
2025-12-31 08:14:22,EUR/CHF,FX/Indices,1H,0.9311,0.9303,0.9325,0.939,1.7499999999998959,9.8749999999996,SEUIL PRÉSERVÉ,8.2
2025-12-31 01:19:19,NASDAQ100 - MINI NASDAQ100 FULL0926,FX/Indices,1H,25613.0,25792.55,25270.67,24887.75,1.90659983291564,4.0392648287385295,SEUIL PRÉSERVÉ,7.5
2025-12-30 14:19:01,USD/CAD,FX/Indices,1H,1.37,1.3665,1.3736,1.3755,1.0285714285713614,1.571428571428499,SEUIL PRÉSERVÉ,7.9
2025-12-30 09:23:35,GBP/CHF,FX/Indices,1H,1.0664,1.0655,1.0675,1.0728,1.2222222222219208,7.111111111110096,INVALIDÉE,7.9
2025-12-28 23:14:53,AUD/USD,FX/Indices,1H,0.6713,0.6691,0.6759,0.6801,2.090909090909082,4.000000000000051,INVALIDÉE,8.8
2025-12-26 20:19:09,CHF/JPY,FX/Indices,1H,198.34,197.52,199.63,201.0,1.5731707317073205,3.243902439024413,SEUIL PRÉSERVÉ,7.9
2025-12-25 06:14:16,GBP/USD,FX/Indices,1H,1.3521,1.3492,1.3596,1.3653,2.5862068965515577,4.551724137930797,INVALIDÉE,7.9
2025-12-25 06:14:08,NZD/USD,FX/Indices,1H,0.5847,0.5831,0.5887,0.5956,2.4999999999999307,6.812499999999818,INVALIDÉE,7.3
2025-12-24 07:47:50,AUD/USD,FX/Indices,Journalier,0.6716,0.66,0.6886,0.7147,1.4655172413793187,3.715517241379331,SEUIL PRÉSERVÉ,8.6
2025-12-24 01:14:12,GBP/USD,FX/Indices,1H,1.3512,1.3478,1.3596,1.3653,2.4705882352942177,4.147058823529598,SEUIL PRÉSERVÉ,8.2
2025-12-23 12:19:50,AUD/USD,FX/Indices,1H,0.6695,0.6677,0.6719,0.6772,1.333333333333354,4.277777777777744,SEUIL PRÉSERVÉ,8.8
2025-12-23 08:15:49,EUR/USD,FX/Indices,1H,1.1783,1.1763,1.1804,1.1871,1.0499999999999945,4.400000000000067,OBJECTIF ATTEINT,8.4
2025-12-19 04:14:25,CHF/JPY,FX/Indices,1H,196.04,195.46,197.09,198.39,1.8103448275862761,4.051724137931136,OBJECTIF ATTEINT,8.4
2025-12-17 01:15:15,EUR/JPY,FX/Indices,1H,181.63,181.86,181.3,180.92,1.4347826086954696,3.0869565217389208,INVALIDÉE,8.0
2025-12-16 03:14:01,AUD/JPY,FX/Indices,1H,102.63,102.87,102.24,101.42,1.6249999999999407,5.041666666666449,SEUIL PRÉSERVÉ,7.9
2025-12-15 20:17:04,EUR/GBP,FX/Indices,1H,0.8785,0.8771,0.8803,0.8856,1.2857142857143424,5.071428571428804,INVALIDÉE,8.8
2025-12-14 23:14:51,EUR/USD,FX/Indices,1H,1.1739,1.1715,1.1763,1.1871,1.0,5.5000000000001386,OBJECTIF ATTEINT,7.7
2025-12-12 18:18:55,EUR/GBP,FX/Indices,1H,0.8783,0.8771,0.8795,0.8856,1.0,6.083333333333511,SEUIL PRÉSERVÉ,9.1
2025-12-12 10:18:00,EUR/GBP,FX/Indices,1H,0.8768,0.8759,0.8784,0.8795,1.7777777777776818,2.9999999999998765,OBJECTIF ATTEINT,7.5
2025-12-11 16:22:47,EUR/GBP,FX/Indices,1H,0.8754,0.8745,0.8773,0.8784,2.1111111111113576,3.3333333333337034,OBJECTIF ATTEINT,7.9
2025-12-11 14:17:14,AUD/USD,FX/Indices,1H,0.667,0.6649,0.6691,0.6798,1.0,6.095238095238085,SEUIL PRÉSERVÉ,8.4
2025-12-10 20:19:15,DAX40 FULL0926,FX/Indices,1H,24200.0,24110.0,24294.5,24848.0,1.05,7.2,INVALIDÉE,8.0
2025-12-10 10:16:03,AUD/USD,FX/Indices,1H,0.6652,0.6634,0.6691,0.6798,2.166666666666646,8.111111111110974,SEUIL PRÉSERVÉ,8.6
2025-12-09 16:21:18,NZD/USD,FX/Indices,1H,0.5793,0.5779,0.5834,0.5887,2.9285714285712814,6.714285714285363,INVALIDÉE,8.2
2025-12-09 13:18:35,USD/CHF,FX/Indices,1H,0.8064,0.8053,0.8088,0.8135,2.1818181818181634,6.454545454545509,INVALIDÉE,5.7
2025-12-09 12:18:07,USD/JPY,FX/Indices,1H,156.27,155.99,156.58,158.25,1.1071428571428608,7.071428571428506,OBJECTIF ATTEINT,8.0
2025-12-09 08:15:05,AUD/JPY,FX/Indices,1H,103.74,103.37,104.31,105.04,1.5405405405406007,3.513513513513636,OBJECTIF ATTEINT,8.4
2025-12-09 08:14:56,DAX40 FULL0926,FX/Indices,1H,24110.0,24009.0,24294.5,24848.0,1.8267326732673268,7.306930693069307,SEUIL PRÉSERVÉ,8.6
2025-12-08 20:18:55,GBP/JPY,FX/Indices,1H,207.75,207.21,208.69,210.03,1.7407407407407622,4.222222222222286,OBJECTIF ATTEINT,8.8
2025-12-05 11:17:33,DAX40 FULL0926,FX/Indices,1H,24054.0,23955.0,24294.5,24848.0,2.4292929292929295,8.02020202020202,SEUIL PRÉSERVÉ,8.8
2025-12-05 10:17:50,AUD/JPY,FX/Indices,1H,102.82,102.51,103.7,105.02,2.8387096774194953,7.0967741935486695,SEUIL PRÉSERVÉ,7.9
2025-12-05 09:18:55,GBP/USD,FX/Indices,1H,1.335,1.3322,1.3385,1.3424,1.2500000000000595,2.6428571428572503,SEUIL PRÉSERVÉ,8.2
2025-12-05 07:12:38,NZD/USD,FX/Indices,1H,0.5775,0.5758,0.5792,0.5843,1.0,3.9999999999999347,SEUIL PRÉSERVÉ,8.2
2025-12-05 00:14:59,EUR/CHF,FX/Indices,1H,0.936,0.9341,0.9402,0.9443,2.210526315789449,4.368421052631536,SEUIL PRÉSERVÉ,8.6
2025-12-04 18:18:04,AUD/USD,FX/Indices,1H,0.6617,0.66,0.6638,0.6691,1.2352941176471088,4.352941176470827,OBJECTIF ATTEINT,8.2
2025-12-04 12:20:24,EUR/USD,FX/Indices,1H,1.1677,1.1653,1.1715,1.1751,1.583333333333372,3.0833333333334183,INVALIDÉE,8.2
2025-12-04 10:16:57,DAX40 FULL0926,FX/Indices,1H,23894.0,23539.44,24294.5,24848.0,1.1295690433212955,2.6906588447653332,SEUIL PRÉSERVÉ,8.6
2025-12-04 01:13:56,AUD/JPY,FX/Indices,1H,102.52,102.24,103.0,103.7,1.7142857142857215,4.2142857142857215,INVALIDÉE,8.2
2025-12-03 19:18:06,AUD/USD,FX/Indices,1H,0.6601,0.6571,0.6638,0.6691,1.2333333333333074,3.0,SEUIL PRÉSERVÉ,8.6
2025-12-02 23:14:37,AUD/USD,FX/Indices,1H,0.6567,0.6556,0.66,0.6638,3.000000000000101,6.454545454545509,OBJECTIF ATTEINT,8.6
2025-12-02 22:14:39,GBP/CHF,FX/Indices,1H,1.0606,1.0621,1.0578,1.0553,1.8666666666665384,3.533333333333254,INVALIDÉE,8.0
2025-12-02 19:14:25,EUR/GBP,FX/Indices,1H,0.8797,0.878,0.882,0.8831,1.3529411764705421,1.9999999999999347,INVALIDÉE,8.0
2025-12-02 04:13:22,AUD/USD,FX/Indices,1H,0.655,0.6539,0.6567,0.66,1.5454545454544903,4.545454545454591,OBJECTIF ATTEINT,7.1
2025-12-01 16:21:58,NASDAQ100 - MINI NASDAQ100 FULL0926,FX/Indices,1H,25366.25,24989.32,25867.25,26262.5,1.3291592603401152,2.3777624492611342,SEUIL PRÉSERVÉ,8.9
2025-11-30 21:09:34,NZD/USD,FX/Indices,1H,0.5735,0.5704,0.5788,0.5822,1.709677419354834,2.8064516129032464,SEUIL PRÉSERVÉ,8.6
2025-11-28 01:57:28,AUD/JPY,FX/Indices,Journalier,102.19,99.42,105.04,109.1,1.0288808664259974,2.4945848375451285,SEUIL PRÉSERVÉ,8.4
2025-11-28 01:14:29,AUD/JPY,FX/Indices,1H,102.24,102.03,102.49,103.55,1.190476190476226,6.238095238095434,INVALIDÉE,8.6
2025-11-27 07:16:39,GBP/CHF,FX/Indices,1H,1.0656,1.0641,1.0675,1.0704,1.2666666666664792,3.1999999999998225,OBJECTIF ATTEINT,8.4
2025-11-27 00:15:46,NZD/USD,FX/Indices,1H,0.5707,0.5685,0.5737,0.5784,1.3636363636363773,3.5000000000000506,SEUIL PRÉSERVÉ,8.4
2025-11-26 20:59:38,GBP/JPY,FX/Indices,Journalier,207.07,204.64,209.61,213.9,1.0452674897119396,2.8106995884773633,OBJECTIF ATTEINT,9.1
2025-11-26 03:15:18,EUR/USD,FX/Indices,1H,1.1585,1.1566,1.1609,1.1624,1.2631578947368114,2.0526315789473624,SEUIL PRÉSERVÉ,8.8
2025-11-25 08:14:11,EUR/GBP,FX/Indices,1H,0.8783,0.8795,0.8759,0.8683,2.0,8.333333333333487,SEUIL PRÉSERVÉ,8.2
2025-11-25 03:14:01,USD/CHF,FX/Indices,1H,0.8086,0.8063,0.8144,0.8205,2.521739130434829,5.173913043478341,SEUIL PRÉSERVÉ,7.3
2025-11-24 19:18:43,GBP/CHF,FX/Indices,1H,1.0594,1.0551,1.0675,1.0704,1.8837209302325701,2.5581395348837668,SEUIL PRÉSERVÉ,7.5
2025-11-23 21:09:12,USD/CHF,FX/Indices,1H,0.8087,0.8078,0.8098,0.8205,1.2222222222221948,13.111111111110974,INVALIDÉE,8.2
2025-11-23 21:09:05,GBP/CHF,FX/Indices,1H,1.0592,1.0551,1.0675,1.0704,2.0243902439024364,2.7317073170732,SEUIL PRÉSERVÉ,8.4
2025-11-20 17:17:21,AUD/USD,FX/Indices,1H,0.6445,0.6465,0.6421,0.6403,1.1999999999999778,2.099999999999989,OBJECTIF ATTEINT,8.0
2025-11-20 10:17:57,GBP/JPY,FX/Indices,1H,205.76,205.37,206.77,207.71,2.5897435897437298,5.0000000000002185,OBJECTIF ATTEINT,7.9
2025-11-20 10:17:55,GBP/CHF,FX/Indices,1H,1.0543,1.0522,1.059,1.0621,2.238095238095213,3.7142857142857446,SEUIL PRÉSERVÉ,8.0
2025-11-20 00:16:44,AUD/JPY,FX/Indices,1H,101.77,101.45,102.24,104.08,1.4687500000000278,7.218750000000161,OBJECTIF ATTEINT,8.6
2025-11-19 21:50:57,AUD/JPY,FX/Indices,Journalier,101.85,101.12,102.58,105.04,1.0000000000000195,4.3698630136987076,INVALIDÉE,8.8
2025-11-19 19:19:13,AUD/JPY,FX/Indices,1H,101.38,101.12,101.83,102.24,1.7307692307693023,3.307692307692421,OBJECTIF ATTEINT,8.4
2025-11-18 23:13:04,EUR/CHF,FX/Indices,1H,0.9265,0.9234,0.9306,0.9327,1.3225806451612914,2.0,SEUIL PRÉSERVÉ,8.0
2025-11-18 23:12:56,GBP/CHF,FX/Indices,1H,1.0518,1.0493,1.0562,1.0621,1.759999999999865,4.119999999999712,SEUIL PRÉSERVÉ,8.0
2025-11-18 17:02:26,CHF/JPY,FX/Indices,Journalier,194.44,192.16,198.08,203.45,1.596491228070181,3.9517543859649065,SEUIL PRÉSERVÉ,8.0
2025-11-18 07:14:11,NASDAQ100 - MINI NASDAQ100 FULL0926,FX/Indices,1H,24623.25,24709.25,24397.0,23979.33,2.630813953488372,7.487441860465096,INVALIDÉE,8.8
2025-11-18 07:14:10,S&P500 - MINI S&P500 FULL0926,FX/Indices,1H,6639.25,6670.5,6588.25,6385.0,1.632,8.136,INVALIDÉE,8.8
2025-11-17 21:17:24,AUD/USD,FX/Indices,1H,0.6491,0.6504,0.6468,0.6421,1.769230769230789,5.384615384615523,OBJECTIF ATTEINT,8.8
2025-11-17 10:17:16,USD/JPY,FX/Indices,1H,154.75,154.5,155.05,156.89,1.2000000000000455,8.559999999999945,OBJECTIF ATTEINT,8.2
2025-11-17 03:13:59,USD/CAD,FX/Indices,1H,1.4033,1.4001,1.409,1.4141,1.781249999999961,3.3749999999998788,SEUIL PRÉSERVÉ,7.5
2025-11-14 07:57:25,EUR/GBP,FX/Indices,Journalier,0.8847,0.8759,0.8958,0.9003,1.261363636363632,1.7727272727272607,INVALIDÉE,8.9
2025-11-13 13:18:50,GBP/JPY,FX/Indices,1H,203.74,203.27,204.64,207.22,1.914893617021233,7.404255319148932,INVALIDÉE,8.8
2025-11-13 06:13:42,AUD/USD,FX/Indices,1H,0.6558,0.6538,0.66,0.6656,2.099999999999989,4.899999999999956,INVALIDÉE,8.4
2025-11-13 01:14:51,USD/JPY,FX/Indices,1H,154.99,154.49,156.04,156.76,2.099999999999966,3.5399999999999636,INVALIDÉE,8.6
2025-11-12 23:12:55,EUR/USD,FX/Indices,1H,1.1593,1.1578,1.161,1.1737,1.1333333333333135,9.599999999999616,OBJECTIF ATTEINT,8.2
2025-11-12 12:17:41,USD/CHF,FX/Indices,1H,0.799,0.8032,0.7924,0.786,1.5714285714285903,3.0952380952381118,SEUIL PRÉSERVÉ,7.9
2025-11-11 19:18:17,GBP/JPY,FX/Indices,1H,203.01,202.8,203.24,203.71,1.0952380952382885,3.3333333333337394,INVALIDÉE,8.4
2025-11-11 16:20:15,AUD/USD,FX/Indices,1H,0.6529,0.6519,0.654,0.6563,1.099999999999989,3.3999999999999555,OBJECTIF ATTEINT,6.6
2025-11-10 18:16:00,EUR/GBP,FX/Indices,1H,0.877,0.878,0.8759,0.8683,1.099999999999989,8.700000000000033,INVALIDÉE,8.0
2025-11-10 12:17:04,GBP/JPY,FX/Indices,1H,203.15,202.55,204.64,207.22,2.4833333333333245,6.7833333333333865,SEUIL PRÉSERVÉ,8.4
2025-11-10 10:15:50,EUR/USD,FX/Indices,1H,1.1571,1.1552,1.1609,1.1637,2.0,3.4736842105262604,INVALIDÉE,7.1
2025-11-10 08:13:32,CHF/JPY,FX/Indices,1H,191.19,190.5,192.16,192.7,1.4057971014492783,2.1884057971014435,SEUIL PRÉSERVÉ,8.2
2025-11-05 15:22:07,USD/CHF,FX/Indices,1H,0.8106,0.8089,0.8136,0.8221,1.7647058823529067,6.764705882352842,INVALIDÉE,8.0
2025-11-05 12:55:28,USD/CAD,FX/Indices,Journalier,1.4132,1.4047,1.4296,1.4391,1.9294117647058897,3.047058823529433,INVALIDÉE,8.6
2025-11-05 06:12:54,USD/CAD,FX/Indices,1H,1.411,1.4076,1.4175,1.4296,1.911764705882299,5.470588235293991,SEUIL PRÉSERVÉ,8.9
2025-11-04 23:14:27,EUR/CHF,FX/Indices,1H,0.9307,0.9289,0.9355,0.9424,2.666666666666646,6.499999999999939,SEUIL PRÉSERVÉ,7.9
2025-11-04 09:16:45,AUD/USD,FX/Indices,1H,0.6508,0.6518,0.6493,0.6479,1.5000000000000555,2.900000000000011,OBJECTIF ATTEINT,8.6
2025-11-04 00:12:28,USD/CHF,FX/Indices,1H,0.8089,0.8049,0.8136,0.8221,1.1750000000000083,3.300000000000022,SEUIL PRÉSERVÉ,8.0
2025-11-03 18:16:31,USD/CAD,FX/Indices,1H,1.4054,1.4025,1.4124,1.4175,2.4137931034483975,4.172413793103588,SEUIL PRÉSERVÉ,8.6
2025-11-03 01:47:30,S&P500 - MINI S&P500 FULL0926,FX/Indices,Journalier,6894.75,6801.25,7038.42,7202.83,1.5365775401069526,3.2949732620320846,INVALIDÉE,8.4
2025-11-03 00:11:23,USD/CHF,FX/Indices,1H,0.805,0.8024,0.8089,0.8221,1.499999999999936,6.57692307692296,OBJECTIF ATTEINT,8.2
2025-10-31 16:20:52,USD/CAD,FX/Indices,1H,1.4021,1.4004,1.4047,1.4066,1.5294117647061436,2.647058823529804,OBJECTIF ATTEINT,8.2
2025-10-30 15:03:50,AUD/JPY,FX/Indices,Journalier,101.1,100.56,102.24,105.04,2.111111111111143,7.2962962962964255,INVALIDÉE,8.8
2025-10-30 10:18:23,AUD/JPY,FX/Indices,1H,101.07,100.56,102.21,105.04,2.2352941176470997,7.78431372549036,SEUIL PRÉSERVÉ,8.9
2025-10-30 10:18:04,EUR/GBP,FX/Indices,1H,0.881,0.879,0.8856,0.8958,2.300000000000022,7.400000000000011,SEUIL PRÉSERVÉ,8.6
2025-10-29 09:58:05,GBP/USD,FX/Indices,Journalier,1.3224,1.3303,1.301,1.2798,2.7088607594936756,5.392405063291124,OBJECTIF ATTEINT,7.7
2025-10-28 19:20:55,EUR/USD,FX/Indices,1H,1.1664,1.1649,1.1694,1.1729,1.999999999999852,4.333333333333136,INVALIDÉE,8.2
2025-10-28 17:17:47,USD/CHF,FX/Indices,1H,0.7931,0.7946,0.7907,0.7873,1.6000000000001036,3.8666666666668243,INVALIDÉE,7.5
2025-10-28 16:22:42,EUR/GBP,FX/Indices,1H,0.8781,0.8759,0.8842,0.8856,2.7727272727272956,3.4090909090909687,SEUIL PRÉSERVÉ,8.8
2025-10-28 00:14:23,NZD/USD,FX/Indices,1H,0.5775,0.5761,0.5814,0.5822,2.7857142857141612,3.3571428571427213,SEUIL PRÉSERVÉ,8.8
2025-10-28 00:14:05,EUR/GBP,FX/Indices,1H,0.8732,0.8722,0.8747,0.8759,1.5000000000000555,2.7000000000000335,OBJECTIF ATTEINT,8.2
2025-10-27 18:16:39,CHF/JPY,FX/Indices,1H,192.26,191.95,193.13,194.13,2.8064516129032198,6.0322580645161,INVALIDÉE,8.4
2025-10-27 14:22:33,EUR/USD,FX/Indices,1H,1.1639,1.1623,1.1675,1.1694,2.2500000000002776,3.4375000000004166,SEUIL PRÉSERVÉ,8.4
2025-10-27 06:11:48,AUD/USD,FX/Indices,1H,0.6543,0.6529,0.6562,0.66,1.357142857142908,4.071428571428724,OBJECTIF ATTEINT,8.8
2025-10-27 03:15:40,NZD/USD,FX/Indices,1H,0.5761,0.575,0.5778,0.5822,1.5454545454545914,5.545454545454692,SEUIL PRÉSERVÉ,8.6
2025-10-27 03:15:38,GBP/JPY,FX/Indices,1H,203.85,203.43,204.64,206.53,1.880952380952418,6.380952380952587,SEUIL PRÉSERVÉ,7.5
2025-10-26 23:17:26,USD/JPY,FX/Indices,1H,153.15,152.28,154.24,154.85,1.2528735632183883,1.9540229885057239,SEUIL PRÉSERVÉ,8.6
2025-10-26 23:17:25,EUR/JPY,FX/Indices,1H,178.1,177.83,178.63,179.53,1.9629629629630994,5.296296296296679,INVALIDÉE,8.2
2025-10-26 23:17:23,S&P500 - MINI S&P500 FULL0926,FX/Indices,1H,6875.0,6841.25,6936.83,7032.42,1.8319999999999979,4.664296296296299,SEUIL PRÉSERVÉ,8.6
2025-10-26 22:09:01,EUR/CHF,FX/Indices,1H,0.9263,0.9246,0.9294,0.9311,1.8235294117646637,2.8235294117646634,SEUIL PRÉSERVÉ,7.3
2025-10-24 18:56:14,EUR/GBP,FX/Indices,Journalier,0.8739,0.8687,0.8856,0.8958,2.250000000000016,4.211538461538481,OBJECTIF ATTEINT,8.6
2025-10-24 18:18:01,EUR/CHF,FX/Indices,1H,0.925,0.9235,0.9271,0.929,1.3999999999999408,2.666666666666568,OBJECTIF ATTEINT,7.7
2025-10-24 05:15:06,EUR/GBP,FX/Indices,1H,0.8715,0.8695,0.8759,0.8856,2.199999999999978,7.0499999999999945,SEUIL PRÉSERVÉ,8.9
2025-10-24 03:47:21,AUD/JPY,FX/Indices,Journalier,99.38,98.28,100.56,102.24,1.0727272727272845,2.600000000000013,OBJECTIF ATTEINT,7.9
2025-10-23 16:16:53,USD/JPY,FX/Indices,1H,152.77,152.61,153.03,154.1,1.6249999999999778,8.312500000000078,INVALIDÉE,8.4
2025-10-23 09:16:55,GBP/JPY,FX/Indices,1H,203.7,203.26,204.64,206.44,2.136363636363642,6.22727272727278,INVALIDÉE,8.2
2025-10-23 09:16:51,AUD/JPY,FX/Indices,1H,99.33,99.23,99.49,100.56,1.600000000000057,12.30000000000074,OBJECTIF ATTEINT,8.6
2025-10-23 06:11:15,USD/CHF,FX/Indices,1H,0.797,0.7948,0.8003,0.8018,1.4999999999999243,2.1818181818180533,SEUIL PRÉSERVÉ,8.4
2025-10-23 02:48:12,USD/JPY,FX/Indices,Journalier,152.48,150.17,155.28,161.59,1.212121212121216,3.9437229437229457,OBJECTIF ATTEINT,8.2
2025-10-23 00:14:08,USD/JPY,FX/Indices,1H,152.14,151.73,152.61,153.03,1.1463414634147102,2.170731707317127,OBJECTIF ATTEINT,8.0
2025-10-22 23:15:19,EUR/JPY,FX/Indices,1H,176.4,176.15,176.92,177.16,2.0799999999999272,3.0399999999999636,OBJECTIF ATTEINT,8.2
2025-10-21 13:16:19,EUR/GBP,FX/Indices,1H,0.8677,0.8687,0.8666,0.8613,1.099999999999989,6.400000000000067,INVALIDÉE,8.2
2025-10-20 18:18:31,NZD/USD,FX/Indices,1H,0.5746,0.5737,0.5763,0.5787,1.8888888888889026,4.555555555555487,INVALIDÉE,8.2
2025-10-20 03:12:43,CHF/JPY,FX/Indices,1H,190.22,190.02,190.52,190.89,1.500000000000142,3.350000000000128,INVALIDÉE,8.6
2025-10-20 02:15:32,USD/CAD,FX/Indices,1H,1.4008,1.4034,1.3978,1.3963,1.1538461538462261,1.7307692307692537,INVALIDÉE,7.5
2025-10-17 16:18:46,CHF/JPY,FX/Indices,1H,189.94,189.63,190.52,190.89,1.8709677419355104,3.064516129032199,OBJECTIF ATTEINT,6.8
2025-10-17 08:19:45,DAX40 PERF INDEX,FX/Indices,1H,23762.97,24023.91,23424.67,22975.23,1.296466620679101,3.0188549091745442,INVALIDÉE,6.8
2025-10-16 23:14:19,EUR/CHF,FX/Indices,1H,0.9267,0.9286,0.9247,0.9208,1.0526315789473624,3.1052631578947247,OBJECTIF ATTEINT,8.6
2025-10-14 07:12:11,CHF/JPY,FX/Indices,1H,189.04,190.04,187.86,185.72,1.1799999999999784,3.319999999999993,SEUIL PRÉSERVÉ,6.8
2025-10-10 03:14:21,NASDAQ100 - MINI NASDAQ100 FULL0926,FX/Indices,1H,25334.5,25195.36,25503.83,25811.17,1.2169757079200982,3.425830099180683,INVALIDÉE,7.5
2025-10-09 18:18:32,USD/JPY,FX/Indices,1H,153.04,152.37,154.19,154.65,1.7164179104478017,2.402985074626931,SEUIL PRÉSERVÉ,8.4
2025-10-09 07:12:49,GBP/USD,FX/Indices,1H,1.3372,1.3416,1.3257,1.3095,2.613636363636352,6.295454545454566,SEUIL PRÉSERVÉ,8.2
2025-10-08 13:18:24,GBP/CHF,FX/Indices,1H,1.0742,1.073,1.0757,1.078,1.2499999999999538,3.1666666666664507,INVALIDÉE,8.9
2025-10-07 19:17:53,AUD/JPY,FX/Indices,1H,99.9,99.36,101.22,102.24,2.4444444444444033,4.333333333333263,SEUIL PRÉSERVÉ,8.9
2025-10-07 11:14:50,S&P500 - MINI S&P500 FULL0926,FX/Indices,1H,6785.75,6766.5,6816.0,6868.0,1.5714285714285714,4.2727272727272725,INVALIDÉE,8.4
2025-10-06 23:12:39,NZD/USD,FX/Indices,1H,0.5838,0.5822,0.5874,0.5931,2.2500000000001212,5.812500000000221,INVALIDÉE,8.2
2025-10-06 05:11:22,NZD/USD,FX/Indices,1H,0.5831,0.5822,0.5843,0.5874,1.33333333333358,4.777777777778395,INVALIDÉE,7.7
2025-10-02 10:18:38,USD/JPY,FX/Indices,1H,146.71,146.9,146.4,144.87,1.6315789473684525,9.684210526315923,INVALIDÉE,7.5
2025-10-02 10:18:26,GBP/JPY,FX/Indices,1H,197.91,198.38,196.58,195.83,2.8297872340425263,4.425531914893594,INVALIDÉE,8.4
2025-10-02 10:18:24,AUD/JPY,FX/Indices,1H,96.98,97.25,96.32,95.43,2.4444444444445206,5.740740740740815,INVALIDÉE,8.4
2025-10-02 07:15:27,EUR/CHF,FX/Indices,1H,0.936,0.9352,0.9374,0.9425,1.7499999999998959,8.124999999999705,INVALIDÉE,7.7
2025-10-01 14:22:40,AUD/USD,FX/Indices,1H,0.6614,0.66,0.6628,0.6689,1.0,5.357142857143066,SEUIL PRÉSERVÉ,7.5
2025-10-01 11:15:25,DAX40 FULL0926,FX/Indices,1H,24126.0,24008.0,24390.0,24848.0,2.23728813559322,6.11864406779661,OBJECTIF ATTEINT,8.6
2025-10-01 11:15:24,AUD/USD,FX/Indices,1H,0.6614,0.66,0.6628,0.6689,1.0,5.357142857143066,OBJECTIF ATTEINT,6.6
2025-09-30 13:16:22,DAX40 FULL0926,FX/Indices,1H,23929.0,23860.93,24008.0,24848.0,1.160570001469081,13.500807991773232,OBJECTIF ATTEINT,8.4
2025-09-29 00:51:40,USD/CAD,FX/Indices,Journalier,1.3928,1.3739,1.4175,1.43,1.3068783068782943,1.9682539682539484,SEUIL PRÉSERVÉ,8.4
2025-09-26 19:17:24,EUR/JPY,FX/Indices,1H,174.93,174.5,175.36,176.22,1.0,2.999999999999934,INVALIDÉE,8.2
2025-09-25 20:18:24,AUD/USD,FX/Indices,1H,0.6537,0.6575,0.6496,0.6426,1.0789473684210433,2.9210526315789274,SEUIL PRÉSERVÉ,8.4
2025-09-24 18:18:42,USD/CAD,FX/Indices,1H,1.3901,1.3875,1.3974,1.4074,2.8076923076924096,6.653846153846354,SEUIL PRÉSERVÉ,8.9
2025-09-24 14:22:01,EUR/GBP,FX/Indices,1H,0.8734,0.8723,0.8746,0.8759,1.0909090909091828,2.272727272727346,SEUIL PRÉSERVÉ,5.9
2025-09-24 02:12:00,USD/CAD,FX/Indices,1H,1.3842,1.3825,1.3864,1.3974,1.2941176470587852,7.764705882352711,OBJECTIF ATTEINT,8.2
2025-09-22 22:13:49,USD/CAD,FX/Indices,1H,1.382,1.3787,1.3875,1.3891,1.6666666666667564,2.1515151515152757,SEUIL PRÉSERVÉ,8.2
2025-09-22 11:16:45,EUR/GBP,FX/Indices,1H,0.8721,0.8697,0.8759,0.8856,1.583333333333372,5.625000000000127,SEUIL PRÉSERVÉ,8.4
2025-09-19 09:17:17,EUR/GBP,FX/Indices,1H,0.8716,0.8687,0.8759,0.8856,1.482758620689638,4.827586206896533,SEUIL PRÉSERVÉ,8.8
2025-09-18 06:14:29,CHF/JPY,FX/Indices,1H,186.36,186.07,187.21,188.19,2.931034482758394,6.310344827585706,SEUIL PRÉSERVÉ,8.0
2025-09-16 10:19:09,NZD/USD,FX/Indices,1H,0.597,0.596,0.598,0.6046,1.0,7.600000000000044,OBJECTIF ATTEINT,7.7
2025-09-15 20:17:05,EUR/CHF,FX/Indices,1H,0.9347,0.9334,0.937,0.9381,1.7692307692308744,2.6153846153847335,SEUIL PRÉSERVÉ,7.1
2025-09-15 19:02:26,NASDAQ100 INDEX,FX/Indices,Journalier,24236.77,23849.04,24648.26,25327.24,1.061279756531603,2.8124468057669056,OBJECTIF ATTEINT,8.6
2025-09-15 18:20:04,AUD/JPY,FX/Indices,1H,98.28,98.04,98.8,100.41,2.1666666666666963,8.87500000000017,INVALIDÉE,8.2
2025-09-15 17:16:54,CHF/JPY,FX/Indices,1H,185.43,185.21,185.72,186.23,1.3181818181817888,3.6363636363635776,OBJECTIF ATTEINT,8.6
2025-09-15 10:20:22,GBP/JPY,FX/Indices,1H,200.3,199.87,201.51,202.55,2.8139534883720008,5.232558139534801,SEUIL PRÉSERVÉ,8.6
2025-09-14 22:51:20,AUD/JPY,FX/Indices,Journalier,98.22,96.95,100.04,102.24,1.4330708661417426,3.1653543307086682,OBJECTIF ATTEINT,8.9
2025-09-12 19:26:13,NASDAQ100 - MINI NASDAQ100 FULL0926,FX/Indices,1H,24139.0,24044.83,24413.83,24925.67,2.9184453647659216,8.353721992142008,OBJECTIF ATTEINT,8.9
2025-09-12 19:25:55,NASDAQ100 INDEX,FX/Indices,1H,24130.04,23968.11,24379.23,24898.2,1.538874822454136,4.743778175754946,SEUIL PRÉSERVÉ,8.8
2025-09-11 20:18:01,NZD/USD,FX/Indices,1H,0.5979,0.596,0.6016,0.6046,1.9473684210526376,3.526315789473681,INVALIDÉE,8.6
2025-09-11 18:20:07,S&P500 - MINI S&P500 FULL0926,FX/Indices,1H,6590.5,6565.25,6637.75,6733.75,1.8712871287128714,5.673267326732673,SEUIL PRÉSERVÉ,8.6
2025-09-11 17:19:11,AUD/USD,FX/Indices,1H,0.6658,0.6636,0.6708,0.6754,2.2727272727272956,4.363636363636428,SEUIL PRÉSERVÉ,8.8
2025-09-11 16:06:23,AUD/USD,FX/Indices,Journalier,0.6659,0.6602,0.6754,0.6886,1.6666666666666472,3.9824561403508403,INVALIDÉE,9.1
2025-09-11 09:17:13,AUD/JPY,FX/Indices,1H,97.69,97.3,98.28,98.55,1.5128205128205194,2.2051282051282004,OBJECTIF ATTEINT,8.6
2025-09-11 03:14:09,USD/CAD,FX/Indices,1H,1.3869,1.3831,1.3978,1.4,2.8684210526315357,3.4473684210525795,SEUIL PRÉSERVÉ,8.9
2025-09-10 08:15:06,DAX40 FULL0926,FX/Indices,1H,23885.0,23822.67,24012.67,24126.0,2.048291352478657,3.866516926038717,INVALIDÉE,7.9
2025-09-09 08:16:09,NZD/USD,FX/Indices,1H,0.5945,0.5915,0.598,0.6046,1.166666666666648,3.366666666666663,SEUIL PRÉSERVÉ,8.9
2025-09-09 08:15:45,AUD/USD,FX/Indices,1H,0.6605,0.6581,0.6649,0.6708,1.833333333333395,4.291666666666732,SEUIL PRÉSERVÉ,8.9
2025-09-08 23:47:43,GBP/JPY,FX/Indices,Journalier,199.74,198.4,203.22,207.71,2.59701492537312,5.947761194029835,INVALIDÉE,8.4
2025-09-08 23:13:28,GBP/USD,FX/Indices,1H,1.3553,1.3531,1.3581,1.3729,1.2727272727273462,8.000000000000101,INVALIDÉE,8.8
2025-09-08 10:20:21,AUD/JPY,FX/Indices,1H,97.36,97.15,97.92,98.28,2.666666666666757,4.38095238095252,SEUIL PRÉSERVÉ,8.2
2025-09-05 18:57:36,AUD/JPY,FX/Indices,Journalier,96.61,95.43,98.28,102.24,1.4152542372881458,4.771186440677992,OBJECTIF ATTEINT,8.4
2025-09-04 11:18:32,EUR/CHF,FX/Indices,1H,0.9381,0.9369,0.9397,0.9429,1.3333333333331792,3.99999999999963,SEUIL PRÉSERVÉ,8.4
2025-09-04 08:20:33,USD/CAD,FX/Indices,1H,1.3813,1.3783,1.3844,1.3858,1.033333333333405,1.500000000000037,OBJECTIF ATTEINT,8.4
2025-09-03 11:19:38,AUD/JPY,FX/Indices,1H,97.11,96.95,97.53,98.28,2.6250000000000666,7.312500000000167,INVALIDÉE,8.6
2025-09-02 04:18:24,GBP/JPY,FX/Indices,1H,199.88,199.55,200.61,203.22,2.212121212121374,10.12121212121262,INVALIDÉE,8.8
2025-09-01 06:18:58,EUR/CHF,FX/Indices,1H,0.9368,0.9356,0.9395,0.9406,2.2500000000000693,3.166666666666744,SEUIL PRÉSERVÉ,7.7
2025-09-01 00:15:27,CHF/JPY,FX/Indices,1H,183.84,183.64,184.09,185.72,1.2499999999998934,9.399999999999176,OBJECTIF ATTEINT,8.4
2025-09-01 00:15:19,AUD/USD,FX/Indices,1H,0.6546,0.6523,0.657,0.6602,1.0434782608696094,2.434782608695707,SEUIL PRÉSERVÉ,7.7
2025-08-31 20:10:39,AUD/JPY,FX/Indices,1H,96.29,96.01,96.95,97.53,2.3571428571428354,4.428571428571392,SEUIL PRÉSERVÉ,8.4
2025-08-29 19:21:23,NZD/USD,FX/Indices,1H,0.5899,0.5887,0.5917,0.593,1.5000000000000462,2.5833333333333717,SEUIL PRÉSERVÉ,8.0
2025-08-29 02:16:16,DAX40 FULL0926,FX/Indices,1H,24025.0,24292.17,23754.0,23193.0,1.0143354418535082,3.114122094546564,SEUIL PRÉSERVÉ,8.4
2025-08-28 16:19:55,AUD/USD,FX/Indices,1H,0.6533,0.6524,0.6551,0.6602,2.0,7.666666666666584,SEUIL PRÉSERVÉ,8.4
2025-08-28 13:20:09,NASDAQ100 - MINI NASDAQ100 FULL0926,FX/Indices,1H,23644.25,23568.0,23734.0,23881.75,1.1770491803278689,3.1147540983606556,OBJECTIF ATTEINT,8.0
2025-08-28 13:20:08,S&P500 - MINI S&P500 FULL0926,FX/Indices,1H,6502.25,6477.0,6532.08,6580.92,1.1813861386138584,3.1156435643564384,SEUIL PRÉSERVÉ,8.2
2025-08-28 00:16:12,AUD/USD,FX/Indices,1H,0.6512,0.6505,0.6524,0.6551,1.714285714285601,5.5714285714283225,OBJECTIF ATTEINT,8.2
2025-08-27 22:19:50,USD/CHF,FX/Indices,1H,0.802,0.8035,0.8001,0.7907,1.266666666666721,7.533333333333664,OBJECTIF ATTEINT,8.2
2025-08-25 04:15:07,EUR/JPY,FX/Indices,1H,172.45,172.26,172.69,173.02,1.263157894736905,3.0000000000001497,INVALIDÉE,8.6
2025-08-22 03:14:08,USD/CAD,FX/Indices,1H,1.3912,1.3876,1.3978,1.4077,1.8333333333332922,4.583333333333261,INVALIDÉE,8.8
2025-08-21 17:18:52,S&P500 - MINI S&P500 FULL0926,FX/Indices,1H,6385.75,6402.75,6362.75,6328.25,1.3529411764705883,3.3823529411764706,SEUIL PRÉSERVÉ,7.9
2025-08-21 13:17:53,EUR/GBP,FX/Indices,1H,0.866,0.8648,0.8673,0.8685,1.0833333333333257,2.0833333333334183,SEUIL PRÉSERVÉ,7.1
2025-08-20 19:19:07,EUR/GBP,FX/Indices,1H,0.8665,0.8654,0.8685,0.8759,1.818181818181653,8.54545454545373,INVALIDÉE,8.8
2025-08-20 00:17:19,GBP/USD,FX/Indices,1H,1.3476,1.3522,1.3424,1.338,1.1304347826086285,2.086956521739021,SEUIL PRÉSERVÉ,7.9
2025-08-19 13:18:40,USD/CAD,FX/Indices,1H,1.3836,1.382,1.3876,1.3919,2.4999999999999307,5.187499999999835,OBJECTIF ATTEINT,9.1
2025-08-19 13:18:39,EUR/GBP,FX/Indices,1H,0.8646,0.8618,0.8685,0.8744,1.3928571428571357,3.4999999999999405,SEUIL PRÉSERVÉ,7.9
2025-08-17 20:10:34,EUR/USD,FX/Indices,1H,1.1714,1.1698,1.173,1.1805,1.0,5.687499999999905,INVALIDÉE,8.2
2025-08-15 18:19:13,USD/CAD,FX/Indices,1H,1.3813,1.3774,1.3876,1.3894,1.6153846153846023,2.076923076923068,SEUIL PRÉSERVÉ,7.0
2025-08-14 18:17:27,USD/CAD,FX/Indices,1H,1.3818,1.3795,1.3876,1.3894,2.521739130434829,3.3043478260870236,INVALIDÉE,8.6
2025-08-14 00:17:00,GBP/CHF,FX/Indices,1H,1.0935,1.0884,1.1017,1.1138,1.6078431372549362,3.980392156862834,SEUIL PRÉSERVÉ,8.6
2025-08-12 00:44:11,GBP/JPY,FX/Indices,Journalier,199.26,195.83,202.8,207.71,1.0320699708454935,2.463556851311974,SEUIL PRÉSERVÉ,7.7
2025-08-11 22:17:10,USD/JPY,FX/Indices,1H,148.18,147.88,148.95,149.54,2.566666666666509,4.533333333333112,INVALIDÉE,8.0
2025-08-11 22:17:08,EUR/JPY,FX/Indices,1H,172.1,171.26,173.92,175.06,2.1666666666666496,3.523809523809519,SEUIL PRÉSERVÉ,7.3
2025-08-11 22:16:59,GBP/JPY,FX/Indices,1H,199.0,198.48,199.55,201.33,1.0576923076923088,4.480769230769167,OBJECTIF ATTEINT,8.2
2025-08-11 22:16:57,AUD/JPY,FX/Indices,1H,96.5,96.21,96.94,97.56,1.5172413793103043,3.6551724137930326,SEUIL PRÉSERVÉ,8.0
2025-08-11 18:21:09,EUR/CHF,FX/Indices,1H,0.9433,0.9399,0.9493,0.9562,1.7647058823529067,3.7941176470587523,SEUIL PRÉSERVÉ,8.8
2025-08-11 08:19:27,GBP/USD,FX/Indices,1H,1.3459,1.3421,1.3522,1.3575,1.6578947368420869,3.0526315789473037,INVALIDÉE,7.3
2025-08-10 20:10:41,EUR/GBP,FX/Indices,1H,0.8659,0.8685,0.8632,0.8621,1.0384615384615334,1.461538461538445,SEUIL PRÉSERVÉ,8.4
2025-08-08 12:20:59,EUR/CHF,FX/Indices,1H,0.9408,0.9392,0.9425,0.9493,1.062500000000065,5.312500000000256,SEUIL PRÉSERVÉ,7.7
2025-08-07 15:23:45,GBP/USD,FX/Indices,1H,1.3414,1.3386,1.3453,1.3575,1.392857142857191,5.7500000000001785,OBJECTIF ATTEINT,8.2
2025-08-07 12:19:03,GBP/CHF,FX/Indices,1H,1.0859,1.0818,1.0928,1.0997,1.6829268292682729,3.3658536585365457,SEUIL PRÉSERVÉ,9.1
2025-08-07 09:19:31,AUD/USD,FX/Indices,1H,0.653,0.6498,0.6566,0.6586,1.124999999999987,1.7499999999999913,SEUIL PRÉSERVÉ,8.2
2025-08-07 06:17:21,NZD/USD,FX/Indices,1H,0.5955,0.5943,0.5972,0.5998,1.416666666666628,3.5833333333333717,INVALIDÉE,8.4
2025-08-07 03:45:16,EUR/GBP,FX/Indices,Journalier,0.8731,0.8685,0.8856,0.8958,2.7173913043478777,4.9347826086957305,INVALIDÉE,8.4
2025-08-06 14:23:10,EUR/GBP,FX/Indices,1H,0.8728,0.8708,0.8759,0.8856,1.5499999999999945,6.400000000000011,SEUIL PRÉSERVÉ,8.9
2025-08-06 10:20:47,AUD/USD,FX/Indices,1H,0.6497,0.648,0.6529,0.6551,1.8823529411764206,3.1764705882352056,SEUIL PRÉSERVÉ,8.2
2025-08-05 18:19:08,GBP/USD,FX/Indices,1H,1.33,1.3228,1.3386,1.3421,1.1944444444444204,1.6805555555555334,SEUIL PRÉSERVÉ,7.9
2025-08-01 11:19:48,S&P500 - MINI S&P500 FULL0926,FX/Indices,1H,6304.25,6328.25,6239.92,6144.5,2.680416666666664,6.65625,OBJECTIF ATTEINT,8.8
2025-07-31 08:27:44,DAX40 PERF INDEX,FX/Indices,1H,24408.1,24323.58,24514.93,24639.1,1.2639611926172005,2.7330809275912062,INVALIDÉE,8.6
2025-07-30 18:19:53,USD/CAD,FX/Indices,1H,1.3811,1.3789,1.3876,1.3978,2.954545454545459,7.590909090909133,SEUIL PRÉSERVÉ,8.6
2025-07-30 08:24:58,EUR/CHF,FX/Indices,1H,0.9294,0.9308,0.9277,0.9242,1.2142857142857766,3.714285714285816,INVALIDÉE,8.4
2025-07-29 20:22:14,USD/CAD,FX/Indices,1H,1.3782,1.3735,1.3876,1.3978,1.9999999999999054,4.170212765957281,SEUIL PRÉSERVÉ,8.2
2025-07-27 23:14:15,EUR/CHF,FX/Indices,1H,0.9351,0.9338,0.9364,0.9427,0.9999999999999146,5.846153846153445,INVALIDÉE,7.9
2025-07-27 22:13:56,NASDAQ100 - MINI NASDAQ100 FULL0926,FX/Indices,1H,23529.5,23423.68,23703.08,23930.17,1.6403326403326612,3.78633528633528,SEUIL PRÉSERVÉ,8.0
2025-07-25 10:26:40,AUD/JPY,FX/Indices,1H,96.99,96.76,97.44,98.28,1.9565217391305343,5.608695652174189,SEUIL PRÉSERVÉ,7.9
2025-07-24 02:15:06,CHF/JPY,FX/Indices,1H,184.37,184.58,184.15,183.88,1.0476190476190026,2.333333333333288,INVALIDÉE,7.9
2025-07-23 23:15:42,EUR/USD,FX/Indices,1H,1.1775,1.1761,1.1805,1.1875,2.14285714285712,7.142857142856803,INVALIDÉE,8.9
2025-07-23 04:18:04,NZD/USD,FX/Indices,1H,0.6012,0.5997,0.6027,0.6044,1.000000000000074,2.1333333333334714,OBJECTIF ATTEINT,8.6
2025-07-22 20:23:41,USD/CHF,FX/Indices,1H,0.7928,0.7937,0.7911,0.7839,1.8888888888887791,9.888888888888657,INVALIDÉE,8.4
2025-07-22 18:23:55,GBP/USD,FX/Indices,1H,1.3522,1.3486,1.357,1.362,1.3333333333332922,2.722222222222195,SEUIL PRÉSERVÉ,8.6
2025-07-22 18:23:51,EUR/USD,FX/Indices,1H,1.1744,1.1722,1.1805,1.1875,2.772727272727016,5.954545454544858,SEUIL PRÉSERVÉ,8.8
2025-07-22 18:23:05,AUD/USD,FX/Indices,1H,0.6549,0.654,0.6576,0.6589,2.9999999999998765,4.44444444444439,OBJECTIF ATTEINT,8.9
2025-07-22 02:15:47,EUR/GBP,FX/Indices,1H,0.8672,0.866,0.8685,0.8699,1.083333333333418,2.2500000000000693,OBJECTIF ATTEINT,8.2
2025-07-22 00:19:23,EUR/CHF,FX/Indices,1H,0.9338,0.9329,0.9356,0.9427,2.0,9.88888888888878,INVALIDÉE,8.0
2025-07-21 07:17:22,S&P500 - MINI S&P500 FULL0926,FX/Indices,1H,6349.0,6328.25,6380.83,6426.92,1.5339759036144542,3.75518072289157,SEUIL PRÉSERVÉ,8.4
2025-07-21 05:17:07,NASDAQ100 - MINI NASDAQ100 FULL0926,FX/Indices,1H,23272.5,23170.92,23429.0,23633.75,1.5406576097656755,3.5563102973025575,SEUIL PRÉSERVÉ,7.5
2025-07-18 19:23:06,USD/JPY,FX/Indices,1H,148.75,148.38,149.19,150.17,1.1891891891891684,3.837837837837757,INVALIDÉE,8.0
2025-07-17 19:22:36,EUR/GBP,FX/Indices,1H,0.8642,0.866,0.8622,0.8609,1.1111111111110974,1.8333333333332922,INVALIDÉE,7.5
2025-07-17 04:13:03,USD/CHF,FX/Indices,1H,0.8029,0.8013,0.8062,0.8089,2.0625000000001346,3.7500000000001563,OBJECTIF ATTEINT,8.2
2025-07-16 10:17:18,USD/CAD,FX/Indices,1H,1.3723,1.3671,1.3811,1.3876,1.6923076923076463,2.9423076923076144,SEUIL PRÉSERVÉ,8.0
2025-07-16 03:13:10,DAX40 FULL0926,FX/Indices,1H,24113.0,24262.0,23783.78,23193.0,2.2095302013422895,6.174496644295302,INVALIDÉE,8.0
2025-07-15 19:20:21,GBP/USD,FX/Indices,1H,1.3388,1.3442,1.3245,1.3078,2.6481481481481093,5.740740740740649,SEUIL PRÉSERVÉ,8.2
2025-07-15 19:20:17,EUR/USD,FX/Indices,1H,1.1602,1.1663,1.1517,1.151,1.393442622950813,1.5081967213114562,SEUIL PRÉSERVÉ,8.6
2025-07-15 16:18:42,NASDAQ100 INDEX,FX/Indices,1H,22976.81,22866.97,23088.99,23262.66,1.0213037144938104,2.602421704297143,INVALIDÉE,8.2
2025-07-15 13:16:17,EUR/CHF,FX/Indices,1H,0.9299,0.9311,0.9277,0.9242,1.8333333333331792,4.7499999999995834,INVALIDÉE,8.2
2025-07-15 13:15:58,AUD/JPY,FX/Indices,1H,97.31,96.89,97.93,98.28,1.476190476190481,2.3095238095237973,SEUIL PRÉSERVÉ,8.8
2025-07-14 23:13:30,USD/JPY,FX/Indices,1H,147.85,147.52,148.55,150.17,2.121212121212275,7.030303030303349,OBJECTIF ATTEINT,8.8
2025-07-14 23:13:28,EUR/JPY,FX/Indices,1H,172.46,171.77,174.08,175.06,2.347826086956536,3.76811594202899,SEUIL PRÉSERVÉ,8.0
2025-07-14 22:14:47,USD/CAD,FX/Indices,1H,1.3706,1.3686,1.3734,1.3876,1.3999999999999555,8.499999999999945,SEUIL PRÉSERVÉ,8.9
2025-07-14 17:18:10,CHF/JPY,FX/Indices,1H,185.17,184.35,186.22,187.41,1.2804878048780732,2.7317073170732047,SEUIL PRÉSERVÉ,8.4
2025-07-14 15:22:47,EUR/GBP,FX/Indices,1H,0.8689,0.867,0.8714,0.8759,1.3157894736841735,3.684210526315768,SEUIL PRÉSERVÉ,8.4
2025-07-11 13:17:45,EUR/GBP,FX/Indices,1H,0.8655,0.8644,0.867,0.8685,1.3636363636361892,2.7272727272724797,OBJECTIF ATTEINT,8.8
2025-07-11 08:18:57,USD/JPY,FX/Indices,1H,146.77,146.46,147.18,148.15,1.3225806451612696,4.451612903225759,OBJECTIF ATTEINT,8.8
2025-07-10 19:20:13,AUD/JPY,FX/Indices,1H,96.31,95.97,96.82,98.28,1.4999999999999583,5.794117647058762,OBJECTIF ATTEINT,8.6
2025-07-10 16:52:37,AUD/JPY,FX/Indices,Journalier,96.25,94.29,98.28,102.24,1.0357142857142896,3.056122448979599,SEUIL PRÉSERVÉ,8.6
2025-07-10 14:23:29,USD/CAD,FX/Indices,1H,1.3697,1.3677,1.3734,1.3876,1.8500000000000167,8.950000000000006,INVALIDÉE,8.2
2025-07-09 05:13:44,AUD/JPY,FX/Indices,1H,96.2,95.97,96.89,98.28,2.9999999999999383,9.043478260869401,INVALIDÉE,8.6
2025-07-08 15:21:27,USD/CAD,FX/Indices,1H,1.3676,1.364,1.3734,1.3759,1.6111111111111969,2.30555555555566,SEUIL PRÉSERVÉ,8.2
2025-07-08 13:15:38,USD/JPY,FX/Indices,1H,146.73,146.11,148.15,150.17,2.290322580645275,5.548387096774404,SEUIL PRÉSERVÉ,8.8
2025-07-08 08:50:47,GBP/JPY,FX/Indices,Journalier,199.09,197.41,202.42,207.71,1.9821428571428397,5.130952380952363,INVALIDÉE,8.8
2025-07-08 08:19:41,EUR/JPY,FX/Indices,1H,171.83,171.32,173.18,175.06,2.6470588235293,6.333333333333074,SEUIL PRÉSERVÉ,8.8
2025-07-08 08:19:23,AUD/JPY,FX/Indices,1H,95.62,95.38,96.1,96.89,1.9999999999998817,5.291666666666449,SEUIL PRÉSERVÉ,8.8
2025-07-08 02:13:15,AUD/JPY,FX/Indices,1H,95.2,95.05,95.38,96.1,1.1999999999999054,5.999999999999716,OBJECTIF ATTEINT,8.8
2025-07-07 15:22:28,CHF/JPY,FX/Indices,1H,183.06,182.46,183.81,185.16,1.2500000000000118,3.5000000000000235,SEUIL PRÉSERVÉ,8.9
2025-07-07 14:22:59,DAX40 PERF INDEX,FX/Indices,1H,24025.13,23944.1,24120.36,24323.58,1.1752437368875313,3.683203751696799,OBJECTIF ATTEINT,8.6
2025-07-07 14:22:35,DAX40 FULL0926,FX/Indices,1H,24134.0,24058.11,24287.0,24463.8,2.01607589932799,4.345763605218102,OBJECTIF ATTEINT,8.9
2025-07-07 08:18:28,USD/JPY,FX/Indices,1H,145.24,144.95,146.11,148.15,2.999999999999804,10.03448275861997,OBJECTIF ATTEINT,8.2
2025-07-07 07:12:34,EUR/JPY,FX/Indices,1H,170.44,169.87,171.9,173.18,2.5614035087719746,4.807017543859723,SEUIL PRÉSERVÉ,8.8
2025-07-06 22:12:37,EUR/CHF,FX/Indices,1H,0.9359,0.9342,0.9389,0.9402,1.764705882353022,2.529411764706044,SEUIL PRÉSERVÉ,8.4
2025-07-04 17:12:03,EUR/JPY,FX/Indices,1H,170.16,169.81,170.61,172.55,1.2857142857143553,6.828571428571582,OBJECTIF ATTEINT,7.5
2025-07-03 16:19:59,CHF/JPY,FX/Indices,1H,182.39,181.94,183.29,185.13,2.000000000000063,6.088888888889063,INVALIDÉE,8.8
2025-07-03 16:19:55,AUD/JPY,FX/Indices,1H,95.34,94.89,95.93,96.89,1.3111111111111104,3.444444444444416,INVALIDÉE,8.8
2025-07-03 16:19:38,NASDAQ100 INDEX,FX/Indices,1H,22881.39,22721.5,23294.15,23985.07,2.5815247982988527,6.902745637625895,INVALIDÉE,8.8
2025-07-03 09:43:35,AUD/USD,FX/Indices,Journalier,0.6574,0.6498,0.6675,0.675,1.3289473684210629,2.315789473684237,SEUIL PRÉSERVÉ,8.2
2025-07-03 08:20:13,EUR/USD,FX/Indices,1H,1.1807,1.1746,1.194,1.2059,2.1803278688524395,4.1311475409835925,SEUIL PRÉSERVÉ,8.2
2025-07-03 08:19:54,CHF/JPY,FX/Indices,1H,181.81,181.45,182.17,183.29,0.9999999999999211,4.111111111110927,OBJECTIF ATTEINT,8.4
2025-07-02 16:10:45,EUR/GBP,FX/Indices,Journalier,0.8657,0.8589,0.8856,0.8958,2.9264705882352864,4.426470588235278,SEUIL PRÉSERVÉ,9.1
2025-07-02 15:25:19,EUR/JPY,FX/Indices,1H,169.47,169.19,169.87,172.55,1.428571428571443,11.0,OBJECTIF ATTEINT,7.9
2025-07-02 14:24:18,GBP/USD,FX/Indices,1H,1.3568,1.3591,1.3511,1.3442,2.478260869565268,5.4782608695652675,INVALIDÉE,7.9
2025-07-01 23:11:19,AUD/USD,FX/Indices,1H,0.658,0.6563,0.6606,0.6675,1.5294117647058132,5.588235294117505,INVALIDÉE,7.7
2025-07-01 14:23:52,EUR/GBP,FX/Indices,1H,0.8597,0.8576,0.8643,0.8685,2.1904761904761703,4.1904761904762236,SEUIL PRÉSERVÉ,8.6
2025-07-01 11:18:30,GBP/JPY,FX/Indices,1H,196.86,197.22,195.83,194.84,2.8611111111112315,5.61111111111137,INVALIDÉE,8.0
2025-07-01 07:12:23,EUR/CHF,FX/Indices,1H,0.9325,0.9342,0.9277,0.9242,2.8235294117646634,4.8823529411763555,SEUIL PRÉSERVÉ,8.2
2025-06-30 21:13:06,EUR/USD,FX/Indices,1H,1.1781,1.1745,1.1826,1.194,1.250000000000108,4.416666666666888,OBJECTIF ATTEINT,8.9
2025-06-30 19:20:02,CHF/JPY,FX/Indices,1H,181.68,181.45,182.17,183.29,2.130434782608443,6.999999999999382,INVALIDÉE,8.9
2025-06-30 19:19:35,AUD/USD,FX/Indices,1H,0.6579,0.6562,0.6606,0.6675,1.5882352941175701,5.647058823529262,SEUIL PRÉSERVÉ,8.8
2025-06-30 16:48:57,NZD/USD,FX/Indices,Journalier,0.6088,0.5947,0.6261,0.6348,1.2269503546099276,1.8439716312056753,INVALIDÉE,8.0
2025-06-30 09:14:33,EUR/GBP,FX/Indices,1H,0.8559,0.8546,0.8576,0.8589,1.3076923076923668,2.307692307692367,OBJECTIF ATTEINT,8.6
2025-06-30 06:36:32,DAX40 FULL0926,FX/Indices,Journalier,24260.0,23748.0,24874.67,25530.33,1.2005273437499966,2.4811132812500034,SEUIL PRÉSERVÉ,7.7
2025-06-27 18:48:29,NASDAQ100 INDEX,FX/Indices,Journalier,22437.61,22159.81,22859.0,24106.47,1.5168826493880507,6.0074154067674765,OBJECTIF ATTEINT,8.4
2025-06-27 00:11:07,GBP/JPY,FX/Indices,1H,198.53,198.2,199.42,200.4,2.6969696969695534,5.666666666666465,INVALIDÉE,7.5
2025-06-26 20:18:00,AUD/JPY,FX/Indices,1H,94.55,94.42,94.69,94.85,1.076923076923119,2.3076923076923666,OBJECTIF ATTEINT,7.9
2025-06-26 17:17:34,EUR/JPY,FX/Indices,1H,169.06,168.74,169.38,169.72,1.0,2.0625000000000333,OBJECTIF ATTEINT,7.5
2025-06-26 10:42:06,GBP/USD,FX/Indices,Journalier,1.3742,1.3442,1.411,1.4237,1.2266666666666637,1.6499999999999944,INVALIDÉE,8.6
2025-06-26 03:12:46,NZD/USD,FX/Indices,1H,0.6061,0.604,0.6103,0.6181,2.0,5.714285714285745,SEUIL PRÉSERVÉ,8.6
2025-06-26 03:12:18,AUD/USD,FX/Indices,1H,0.6533,0.6519,0.6552,0.6625,1.357142857142908,6.571428571428764,OBJECTIF ATTEINT,9.1
2025-06-25 21:11:16,NZD/USD,FX/Indices,1H,0.6034,0.6026,0.6057,0.6103,2.8749999999998788,8.624999999999636,OBJECTIF ATTEINT,8.4
2025-06-25 19:48:21,EUR/USD,FX/Indices,Journalier,1.1663,1.1517,1.1842,1.2512,1.2260273972602804,5.8150684931507195,SEUIL PRÉSERVÉ,9.1
2025-06-24 14:23:18,USD/CHF,FX/Indices,1H,0.8058,0.8092,0.7981,0.7826,2.264705882352874,6.823529411764565,SEUIL PRÉSERVÉ,8.6
2025-06-24 07:14:01,NASDAQ100 - MINI NASDAQ100 FULL0926,FX/Indices,1H,22336.5,22132.0,22732.83,23112.0,1.9380440097799596,3.7921760391198043,SEUIL PRÉSERVÉ,8.8
2025-06-23 09:16:05,USD/JPY,FX/Indices,1H,147.79,147.0,149.57,150.17,2.2531645569620493,3.0126582278481258,INVALIDÉE,8.8
2025-06-23 06:13:38,GBP/JPY,FX/Indices,1H,197.6,196.71,198.62,199.42,1.146067415730366,2.0449438202247427,SEUIL PRÉSERVÉ,8.4
2025-06-23 03:14:27,EUR/JPY,FX/Indices,1H,168.54,167.61,170.07,171.72,1.64516129032262,3.419354838709764,SEUIL PRÉSERVÉ,8.4
2025-06-23 03:14:02,USD/CAD,FX/Indices,1H,1.3764,1.3747,1.3808,1.3876,2.5882352941175704,6.58823529411744,INVALIDÉE,9.1
2025-06-23 03:14:00,EUR/GBP,FX/Indices,1H,0.8566,0.8547,0.8616,0.8685,2.6315789473684057,6.263157894736811,SEUIL PRÉSERVÉ,8.6
2025-06-19 08:16:30,DAX40 PERF INDEX,FX/Indices,1H,23130.5,23315.07,22792.62,22311.5,1.8306333640353338,4.437340846291387,INVALIDÉE,8.2
2025-06-19 08:16:08,AUD/USD,FX/Indices,1H,0.6469,0.6477,0.6456,0.6376,1.625000000000052,11.624999999999774,INVALIDÉE,8.4
2025-06-19 03:13:04,USD/CHF,FX/Indices,1H,0.8205,0.8185,0.8229,0.8323,1.1999999999999778,5.900000000000011,INVALIDÉE,8.0
2025-06-19 02:13:34,EUR/USD,FX/Indices,1H,1.1456,1.1475,1.1437,1.1405,1.0,2.6842105263157094,INVALIDÉE,8.4
2025-06-17 12:12:44,EUR/GBP,FX/Indices,1H,0.8526,0.8505,0.8547,0.8624,1.0,4.666666666666702,OBJECTIF ATTEINT,8.9
2025-06-17 11:13:12,AUD/USD,FX/Indices,1H,0.6541,0.6534,0.6552,0.6627,1.5714285714284808,12.285714285713606,INVALIDÉE,7.1
2025-06-16 23:12:59,CHF/JPY,FX/Indices,1H,177.8,177.19,179.12,179.74,2.1639344262294484,3.180327868852384,SEUIL PRÉSERVÉ,8.0
2025-06-16 08:15:40,EUR/JPY,FX/Indices,1H,167.11,166.75,168.1,169.44,2.749999999999842,6.472222222221933,SEUIL PRÉSERVÉ,8.9
2025-06-13 11:14:41,AUD/USD,FX/Indices,1H,0.6467,0.648,0.6451,0.6376,1.2307692307692966,7.000000000000256,INVALIDÉE,7.9
2025-06-13 03:29:25,USD/CHF,FX/Indices,Journalier,0.8083,0.8229,0.7826,0.7232,1.76027397260275,5.828767123287697,SEUIL PRÉSERVÉ,8.6
2025-06-12 19:17:58,CHF/JPY,FX/Indices,1H,176.94,176.32,177.72,179.74,1.258064516129025,4.51612903225805,SEUIL PRÉSERVÉ,8.6
2025-06-12 14:20:46,EUR/JPY,FX/Indices,1H,166.37,165.38,168.48,169.55,2.131313131313097,3.2121212121211893,INVALIDÉE,8.0
2025-06-12 13:14:25,EUR/CHF,FX/Indices,1H,0.9418,0.9406,0.943,0.9491,1.0,6.083333333333511,INVALIDÉE,7.5
2025-06-12 10:42:23,EUR/JPY,FX/Indices,Journalier,166.34,165.02,169.55,175.06,2.4318181818182003,6.606060606060639,OBJECTIF ATTEINT,8.6
2025-06-10 23:11:37,EUR/CHF,FX/Indices,1H,0.9402,0.9382,0.944,0.9491,1.8999999999999555,4.4500000000000055,SEUIL PRÉSERVÉ,8.8
2025-06-10 23:11:05,AUD/USD,FX/Indices,1H,0.6526,0.6517,0.6538,0.6594,1.3333333333334156,7.555555555555487,INVALIDÉE,7.7
2025-06-10 20:18:29,USD/CHF,FX/Indices,1H,0.8229,0.8217,0.8249,0.8327,1.6666666666666976,8.166666666666837,INVALIDÉE,8.4
2025-06-10 19:17:59,CHF/JPY,FX/Indices,1H,176.2,175.73,177.1,179.12,1.9148936170212933,6.212765957446857,SEUIL PRÉSERVÉ,8.2
2025-06-10 11:15:10,EUR/GBP,FX/Indices,1H,0.8464,0.8449,0.8505,0.8589,2.7333333333332246,8.333333333332988,SEUIL PRÉSERVÉ,8.8
2025-06-10 03:13:26,NASDAQ100 - MINI NASDAQ100 FULL0926,FX/Indices,1H,21950.75,21717.3,22401.17,22897.5,1.9294067252088107,4.055472263868054,SEUIL PRÉSERVÉ,8.9
2025-06-10 03:13:24,S&P500 - MINI S&P500 FULL0926,FX/Indices,1H,6038.5,5999.42,6123.92,6276.5,2.185772773797345,6.090071647901751,SEUIL PRÉSERVÉ,8.9
2025-06-09 23:37:34,GBP/JPY,FX/Indices,Journalier,195.95,194.73,197.41,199.42,1.1967213114754174,2.844262295081969,OBJECTIF ATTEINT,8.2
2025-06-09 20:19:22,USD/JPY,FX/Indices,1H,144.58,144.39,145.08,145.72,2.631578947368059,5.999999999999102,OBJECTIF ATTEINT,7.7
2025-06-09 20:19:21,EUR/JPY,FX/Indices,1H,165.16,164.68,166.4,168.48,2.583333333333407,6.9166666666668,SEUIL PRÉSERVÉ,8.6
2025-06-08 22:12:20,S&P500 - MINI S&P500 FULL0926,FX/Indices,1H,6015.0,5973.32,6123.92,6276.5,2.6132437619961446,6.27399232245677,SEUIL PRÉSERVÉ,8.8
2025-06-06 17:19:04,CHF/JPY,FX/Indices,1H,176.14,175.73,177.1,178.4,2.3414634146341853,5.512195121951312,INVALIDÉE,8.9
2025-06-06 17:19:02,AUD/JPY,FX/Indices,1H,94.07,93.88,94.29,95.53,1.157894736842188,7.6842105263159235,SEUIL PRÉSERVÉ,8.8
2025-06-06 03:32:37,CHF/JPY,FX/Indices,Journalier,175.3,174.53,177.1,179.74,2.3376623376622843,5.766233766233687,OBJECTIF ATTEINT,8.0
2025-06-05 13:14:02,NASDAQ100 - MINI NASDAQ100 FULL0926,FX/Indices,1H,21809.0,21643.55,22301.08,22897.5,2.9741915986702905,6.579026896343278,INVALIDÉE,8.4
2025-06-05 12:40:41,NZD/USD,FX/Indices,Journalier,0.6056,0.6015,0.6103,0.6261,1.1463414634146183,5.0,INVALIDÉE,8.9
2025-06-05 12:40:01,AUD/USD,FX/Indices,Journalier,0.6518,0.6376,0.6675,0.675,1.105633802816889,1.6338028169013967,SEUIL PRÉSERVÉ,8.0
2025-06-05 11:13:31,USD/CAD,FX/Indices,1H,1.3659,1.3675,1.364,1.3487,1.1874999999998352,10.749999999999618,INVALIDÉE,8.2
2025-06-02 11:33:08,GBP/USD,FX/Indices,1H,1.354,1.3499,1.3593,1.3713,1.2926829268292366,4.219512195121927,SEUIL PRÉSERVÉ,8.8
2025-06-02 08:03:52,USD/CHF,FX/Indices,Journalier,0.818,0.8219,0.8092,0.7826,2.256410256410227,9.07692307692304,INVALIDÉE,8.2
2025-06-02 07:34:13,USD/CHF,FX/Indices,1H,0.8191,0.8219,0.816,0.8092,1.107142857142928,3.535714285714402,OBJECTIF ATTEINT,8.8
2025-05-30 18:36:28,EUR/GBP,FX/Indices,1H,0.8434,0.8419,0.845,0.846,1.0666666666665827,1.7333333333332248,SEUIL PRÉSERVÉ,8.4
2025-05-29 19:03:36,EUR/JPY,FX/Indices,Journalier,163.82,162.71,165.02,166.4,1.081081081081111,2.3243243243243668,OBJECTIF ATTEINT,6.8
2025-05-29 05:28:04,EUR/JPY,FX/Indices,1H,163.99,163.41,165.02,166.4,1.775862068965481,4.155172413793008,SEUIL PRÉSERVÉ,8.4
2025-05-29 03:27:41,DAX40 FULL0926,FX/Indices,1H,24355.0,24141.09,24631.0,25047.0,1.2902622598289009,3.2350053760927513,INVALIDÉE,8.6
2025-05-28 17:34:18,GBP/JPY,FX/Indices,1H,195.23,194.87,195.83,197.41,1.6666666666667982,6.055555555555823,OBJECTIF ATTEINT,8.4
2025-05-28 17:34:14,AUD/JPY,FX/Indices,1H,93.13,92.89,93.51,93.85,1.5833333333334074,3.000000000000059,OBJECTIF ATTEINT,8.2
2025-05-28 14:37:04,CHF/JPY,FX/Indices,1H,175.15,174.81,176.13,177.1,2.8823529411764115,5.735294117646968,SEUIL PRÉSERVÉ,8.6
2025-05-28 09:06:25,EUR/USD,FX/Indices,Journalier,1.1333,1.1208,1.1517,1.1882,1.472000000000003,4.392000000000012,OBJECTIF ATTEINT,7.7
2025-05-28 08:33:10,DAX40 PERF INDEX,FX/Indices,1H,24288.72,24150.66,24562.95,24973.65,1.9863102998695998,4.961103867883484,INVALIDÉE,8.2
2025-05-27 08:31:31,EUR/GBP,FX/Indices,1H,0.8382,0.8394,0.8364,0.8322,1.499999999999815,4.999999999999537,SEUIL PRÉSERVÉ,8.0
2025-05-26 02:30:07,USD/JPY,FX/Indices,1H,142.31,142.81,141.48,140.85,1.660000000000025,2.920000000000016,INVALIDÉE,8.2
2025-05-25 22:29:55,EUR/USD,FX/Indices,1H,1.1374,1.1336,1.1456,1.1509,2.1578947368420867,3.5526315789473624,SEUIL PRÉSERVÉ,8.4
2025-05-23 19:34:36,AUD/USD,FX/Indices,1H,0.6496,0.6459,0.6565,0.6628,1.864864864864907,3.5675675675676364,SEUIL PRÉSERVÉ,8.9
2025-05-23 16:35:15,GBP/USD,FX/Indices,1H,1.3516,1.3469,1.3594,1.3713,1.6595744680851385,4.191489361702204,SEUIL PRÉSERVÉ,8.9
2025-05-22 02:54:45,GBP/USD,FX/Indices,Journalier,1.3434,1.3257,1.3713,1.4237,1.5762711864406953,4.536723163841854,SEUIL PRÉSERVÉ,8.4
2025-05-21 21:27:46,EUR/GBP,FX/Indices,1H,0.8443,0.843,0.8458,0.8474,1.1538461538460423,2.3846153846152336,INVALIDÉE,6.1
2025-05-21 16:33:50,AUD/USD,FX/Indices,1H,0.6463,0.6448,0.6496,0.6565,2.2000000000000592,6.800000000000237,INVALIDÉE,8.8
2025-05-20 20:28:36,USD/CAD,FX/Indices,1H,1.3914,1.3935,1.3873,1.3814,1.9523809523809574,4.761904761904787,OBJECTIF ATTEINT,8.2
2025-05-20 13:30:15,DAX40 FULL0926,FX/Indices,1H,24136.0,24017.0,24354.0,24691.0,1.8319327731092436,4.663865546218488,INVALIDÉE,8.4
2025-05-20 10:35:49,DAX40 PERF INDEX,FX/Indices,1H,24055.21,23899.56,24245.86,24579.73,1.2248634757468946,3.3698682942499696,SEUIL PRÉSERVÉ,8.9
2025-05-20 05:26:50,CHF/JPY,FX/Indices,1H,173.37,173.7,172.41,170.52,2.9090909090910735,8.636363636364036,INVALIDÉE,8.4
2025-05-16 03:27:48,GBP/USD,FX/Indices,1H,1.3315,1.33,1.3359,1.3403,2.933333333333777,5.866666666667407,INVALIDÉE,8.6
2025-05-16 02:29:00,USD/CHF,FX/Indices,1H,0.8332,0.8353,0.8296,0.8271,1.7142857142857444,2.9047619047619677,INVALIDÉE,7.9
2025-05-15 20:29:10,NASDAQ100 - MINI NASDAQ100 FULL0926,FX/Indices,1H,21407.5,21240.64,21643.55,22484.58,1.4146589955651352,6.4549922090375045,SEUIL PRÉSERVÉ,7.9
2025-05-13 20:30:07,EUR/JPY,FX/Indices,1H,165.02,164.63,165.43,166.4,1.0512820512820027,3.5384615384613927,INVALIDÉE,8.4
2025-05-13 20:29:58,GBP/JPY,FX/Indices,1H,196.26,195.83,197.41,199.42,2.6744186046513105,7.348837209302687,INVALIDÉE,8.8
2025-05-13 14:36:51,AUD/JPY,FX/Indices,1H,95.22,94.92,95.88,95.99,2.2000000000000095,2.5666666666666775,SEUIL PRÉSERVÉ,8.8
2025-05-12 17:34:14,USD/CHF,FX/Indices,1H,0.8465,0.8412,0.8529,0.8547,1.2075471698112947,1.547169811320728,INVALIDÉE,8.8
2025-05-12 07:34:43,EUR/CHF,FX/Indices,1H,0.9377,0.9361,0.9396,0.9423,1.1875000000000564,2.8750000000001474,OBJECTIF ATTEINT,8.8
2025-05-12 07:34:18,GBP/JPY,FX/Indices,1H,194.63,193.5,195.83,197.41,1.0619469026548867,2.4601769911504534,SEUIL PRÉSERVÉ,8.9
2025-05-12 06:31:11,EUR/JPY,FX/Indices,1H,163.97,163.65,164.63,165.43,2.0625000000000333,4.562500000000123,OBJECTIF ATTEINT,8.6
2025-05-12 05:28:34,USD/CHF,FX/Indices,1H,0.8344,0.8334,0.8374,0.8412,3.0,6.799999999999911,OBJECTIF ATTEINT,8.4
2025-05-12 05:28:29,USD/JPY,FX/Indices,1H,146.05,145.41,147.08,148.46,1.6093749999999647,3.7656249999999076,OBJECTIF ATTEINT,8.8
2025-05-12 00:27:43,EUR/JPY,FX/Indices,1H,163.83,163.65,164.13,164.63,1.6666666666665089,4.444444444444181,OBJECTIF ATTEINT,8.6
2025-05-12 00:27:41,S&P500 - MINI S&P500 FULL0926,FX/Indices,1H,5746.5,5710.08,5816.67,5912.5,1.9266886326194381,4.55793520043931,OBJECTIF ATTEINT,8.6
2025-05-11 22:51:45,EUR/JPY,FX/Indices,Journalier,163.7,162.23,165.43,166.4,1.176870748299333,1.836734693877564,INVALIDÉE,8.2
2025-05-11 20:25:25,AUD/JPY,FX/Indices,1H,93.79,93.56,94.29,95.26,2.1739130434782235,6.3913043478259715,OBJECTIF ATTEINT,8.4
2025-05-09 15:35:49,GBP/CHF,FX/Indices,1H,1.1036,1.1017,1.1072,1.1139,1.8947368421052755,5.421052631578898,OBJECTIF ATTEINT,7.9
2025-05-09 12:33:32,DAX40 PERF INDEX,FX/Indices,1H,23503.84,23419.48,23653.92,24221.2,1.779042200094797,8.503556187766662,OBJECTIF ATTEINT,8.4
2025-05-09 09:30:11,DAX40 FULL0926,FX/Indices,1H,23564.0,23337.67,23871.67,24450.33,1.3593867361816634,3.9160959660672243,OBJECTIF ATTEINT,7.7
2025-05-08 14:40:33,NASDAQ100 INDEX,FX/Indices,1H,19984.06,19808.31,20287.83,20675.38,1.7284210526315815,3.9335419630156454,OBJECTIF ATTEINT,7.3
2025-05-06 04:28:50,NZD/USD,FX/Indices,1H,0.5977,0.597,0.5987,0.6,1.4285714285713607,3.2857142857140818,OBJECTIF ATTEINT,7.9
2025-05-05 17:33:41,EUR/CHF,FX/Indices,1H,0.9311,0.933,0.9277,0.9242,1.789473684210551,3.6315789473684057,INVALIDÉE,8.2
2025-05-05 15:37:09,S&P500 - MINI S&P500 FULL0926,FX/Indices,1H,5687.5,5633.67,5804.0,5912.5,2.1642206947798655,4.179825376184289,SEUIL PRÉSERVÉ,7.7
2025-05-05 12:29:44,AUD/USD,FX/Indices,1H,0.6491,0.647,0.6537,0.6603,2.1904761904761703,5.333333333333351,INVALIDÉE,8.9
2025-05-04 20:42:45,AUD/USD,FX/Indices,Journalier,0.6455,0.6422,0.6496,0.6675,1.2424242424242515,6.666666666666734,INVALIDÉE,8.0
2025-05-01 10:27:45,CHF/JPY,FX/Indices,1H,174.6,174.31,175.0,176.13,1.3793103448276436,5.275862068965666,OBJECTIF ATTEINT,8.6
2025-05-01 05:28:35,S&P500 - MINI S&P500 FULL0926,FX/Indices,1H,5648.5,5556.25,5848.08,5912.5,2.163468834688346,2.861788617886179,SEUIL PRÉSERVÉ,8.8
2025-05-01 03:28:30,MINI DJ30 FULL0625,FX/Indices,1H,40984.0,40758.0,,,,,SEUIL PRÉSERVÉ,8.4
2025-04-30 10:38:02,S&P500 - MINI S&P500 FULL0926,FX/Indices,1H,5573.0,5556.25,5597.25,5698.92,1.4477611940298507,7.5176119402985115,INVALIDÉE,8.2
2025-04-29 20:28:26,MINI DJ30 FULL0625,FX/Indices,1H,40698.0,40560.0,,,,,INVALIDÉE,8.4
2025-04-29 20:28:11,DAX40 FULL0926,FX/Indices,1H,22683.0,22389.8,23188.0,23619.0,1.7223738062755756,3.1923601637107697,SEUIL PRÉSERVÉ,8.6
2025-04-29 05:28:09,NASDAQ100 - MINI NASDAQ100 FULL0926,FX/Indices,1H,19561.75,19257.25,20182.83,20491.57,2.0396715927750466,3.0535960591132993,SEUIL PRÉSERVÉ,8.6
2025-04-29 05:28:09,NASDAQ100 - MINI NASDAQ100 FULL0926,FX/Indices,1H,19561.75,19257.25,20182.83,20491.57,2.0396715927750466,3.0535960591132993,SEUIL PRÉSERVÉ,8.6
2025-04-28 23:28:55,S&P500 - MINI S&P500 FULL0926,FX/Indices,1H,5550.5,5499.08,5698.92,5912.5,2.886425515363669,7.040062232594312,SEUIL PRÉSERVÉ,8.2
2025-04-28 12:33:17,MINI DJ30 FULL0625,FX/Indices,1H,40208.0,40098.0,,,,,OBJECTIF ATTEINT,7.7
2025-04-25 16:35:59,AUD/JPY,FX/Indices,1H,91.97,91.62,92.38,93.34,1.1714285714285808,3.914285714285791,INVALIDÉE,8.0
2025-04-25 08:32:22,USD/CAD,FX/Indices,1H,1.3888,1.3873,1.3905,1.393,1.1333333333333135,2.7999999999998817,INVALIDÉE,8.6
2025-04-25 03:28:01,EUR/CHF,FX/Indices,1H,0.9425,0.9383,0.9491,0.9574,1.5714285714285903,3.547619047619069,SEUIL PRÉSERVÉ,8.2
2025-04-25 03:27:52,GBP/CHF,FX/Indices,1H,1.1052,1.0973,1.1139,1.1223,1.1012658227847987,2.164556962025326,SEUIL PRÉSERVÉ,8.6
2025-04-24 20:29:43,AUD/JPY,FX/Indices,1H,91.41,91.22,91.62,92.38,1.105263157894792,5.105263157894792,OBJECTIF ATTEINT,8.4
2025-04-24 20:29:21,DAX40 FULL0926,FX/Indices,1H,22300.0,22078.0,22685.0,23188.0,1.7342342342342343,4.0,SEUIL PRÉSERVÉ,8.8
2025-04-24 17:34:41,EUR/GBP,FX/Indices,1H,0.8535,0.8556,0.8512,0.8452,1.095238095238138,3.9523809523810103,SEUIL PRÉSERVÉ,8.0
2025-04-24 16:40:03,USD/CAD,FX/Indices,1H,1.3894,1.3873,1.393,1.3978,1.7142857142857444,4.0,INVALIDÉE,8.2
2025-04-21 08:49:01,EUR/USD,FX/Indices,Journalier,1.1561,1.1456,1.1679,1.1886,1.1238095238095318,3.0952380952381273,INVALIDÉE,9.1
2025-04-21 08:48:32,USD/CAD,FX/Indices,Journalier,1.3795,1.3873,1.361,1.3426,2.371794871794858,4.730769230769204,INVALIDÉE,8.0
2025-04-21 03:26:47,NASDAQ100 - MINI NASDAQ100 FULL0926,FX/Indices,1H,18225.75,18359.38,17912.67,17627.19,2.342887076255327,4.479233705006337,OBJECTIF ATTEINT,7.9
2025-04-20 22:27:51,USD/CAD,FX/Indices,1H,1.383,1.3873,1.3735,1.361,2.2093023255814255,5.116279069767481,SEUIL PRÉSERVÉ,8.8
2025-04-20 20:25:28,EUR/USD,FX/Indices,1H,1.1398,1.1361,1.1456,1.1522,1.5675675675676535,3.3513513513515103,OBJECTIF ATTEINT,8.6
2025-04-17 18:35:28,NZD/USD,FX/Indices,1H,0.5975,0.5944,0.6022,0.6071,1.516129032258045,3.096774193548377,INVALIDÉE,8.9
2025-04-16 23:28:51,AUD/USD,FX/Indices,1H,0.6376,0.6358,0.6422,0.6496,2.5555555555557063,6.666666666666996,INVALIDÉE,8.8
2025-04-16 22:57:55,NZD/USD,FX/Indices,Journalier,0.5936,0.5876,0.6022,0.6103,1.4333333333333222,2.7833333333333203,OBJECTIF ATTEINT,8.2
2025-04-16 21:28:03,USD/CHF,FX/Indices,1H,0.8127,0.819,0.7941,0.7733,2.9523809523809574,6.25396825396828,INVALIDÉE,8.4
2025-04-15 23:51:08,GBP/USD,FX/Indices,Journalier,1.3234,1.3128,1.3427,1.3713,1.8207547169811509,4.518867924528331,OBJECTIF ATTEINT,8.6
2025-04-15 23:51:05,EUR/USD,FX/Indices,Journalier,1.1298,1.1208,1.1456,1.1679,1.7555555555555797,4.233333333333384,OBJECTIF ATTEINT,8.9
2025-04-15 09:29:51,AUD/USD,FX/Indices,1H,0.6359,0.6342,0.6402,0.6422,2.5294117647058134,3.7058823529410843,INVALIDÉE,8.0
2025-04-15 08:32:44,CHF/JPY,FX/Indices,1H,175.73,174.42,177.1,178.66,1.0458015267175589,2.236641221374047,INVALIDÉE,8.4
2025-04-15 04:27:38,GBP/JPY,FX/Indices,1H,189.06,188.33,190.34,192.32,1.7534246575342727,4.465753424657584,SEUIL PRÉSERVÉ,7.9
2025-04-15 03:28:22,NZD/USD,FX/Indices,1H,0.5904,0.5876,0.5948,0.6022,1.5714285714285432,4.21428571428565,SEUIL PRÉSERVÉ,8.6
2025-04-14 11:31:26,EUR/JPY,FX/Indices,1H,163.08,162.38,164.13,164.7,1.4999999999999392,2.314285714285624,INVALIDÉE,7.7
2025-04-11 18:36:15,CHF/JPY,FX/Indices,1H,176.15,175.63,177.12,177.39,1.8653846153845766,2.3846153846153006,INVALIDÉE,8.4
2025-04-11 07:34:28,MINI DJ30 FULL0625,FX/Indices,1H,39957.0,39890.0,,,,,INVALIDÉE,7.7
2025-04-11 06:30:42,NASDAQ100 - MINI NASDAQ100 FULL0926,FX/Indices,1H,18754.5,18360.08,19259.67,19452.5,1.2807920490847333,1.769687135540802,SEUIL PRÉSERVÉ,7.9
2025-04-11 02:30:48,EUR/GBP,FX/Indices,1H,0.8689,0.864,0.8749,0.8777,1.2244897959183645,1.7959183673469392,SEUIL PRÉSERVÉ,8.6
2025-04-10 21:53:19,EUR/GBP,FX/Indices,Journalier,0.8634,0.8586,0.8749,0.8958,2.3958333333333894,6.7500000000001386,INVALIDÉE,8.8
2025-04-09 08:30:39,EUR/GBP,FX/Indices,1H,0.8608,0.8586,0.864,0.8749,1.454545454545459,6.409090909090969,INVALIDÉE,8.9
2025-04-08 17:33:49,GBP/CHF,FX/Indices,1H,1.0866,1.0902,1.0783,1.0738,2.305555555555518,3.555555555555487,OBJECTIF ATTEINT,8.0
2025-04-07 05:48:27,EUR/USD,FX/Indices,Journalier,1.0991,1.0938,1.1111,1.1208,2.264150943396288,4.094339622641627,OBJECTIF ATTEINT,8.4
2025-04-07 02:51:22,AUD/JPY,FX/Indices,Journalier,88.28,89.78,86.75,84.1,1.0200000000000007,2.786666666666671,INVALIDÉE,8.6
2025-04-07 02:26:54,CHF/JPY,FX/Indices,1H,170.96,170.68,171.44,173.48,1.714285714285671,8.999999999999899,OBJECTIF ATTEINT,7.5
2025-04-04 08:30:33,EUR/JPY,FX/Indices,1H,161.05,161.38,160.06,158.14,3.0000000000001723,8.81818181818232,OBJECTIF ATTEINT,8.2
2025-04-04 06:30:08,CHF/JPY,FX/Indices,1H,170.85,170.35,171.44,173.75,1.1800000000000068,5.800000000000011,OBJECTIF ATTEINT,8.4
2025-04-03 11:30:23,NZD/USD,FX/Indices,1H,0.5811,0.5783,0.5876,0.5936,2.321428571428665,4.464285714285876,INVALIDÉE,8.4
2025-04-03 07:31:59,NZD/USD,FX/Indices,1H,0.5767,0.5747,0.5803,0.5876,1.8000000000000222,5.4500000000000055,OBJECTIF ATTEINT,8.0
2025-04-03 07:31:01,AUD/USD,FX/Indices,1H,0.6302,0.6295,0.6318,0.6331,2.2857142857142403,4.142857142856961,OBJECTIF ATTEINT,7.5
2025-04-03 05:51:36,AUD/JPY,FX/Indices,Journalier,92.65,94.29,89.78,86.75,1.7500000000000022,3.5975609756097584,OBJECTIF ATTEINT,8.2
2025-04-02 08:30:57,CHF/JPY,FX/Indices,1H,169.12,169.36,168.66,167.8,1.9166666666666272,5.499999999999763,INVALIDÉE,8.6
2025-04-01 02:28:31,EUR/USD,FX/Indices,1H,1.0827,1.0804,1.0856,1.0918,1.260869565217366,3.9565217391305354,INVALIDÉE,7.5
2025-03-31 16:34:15,EUR/GBP,FX/Indices,1H,0.8374,0.8364,0.8385,0.841,1.099999999999989,3.5999999999999335,SEUIL PRÉSERVÉ,8.2
2025-03-31 12:30:17,USD/CAD,FX/Indices,1H,1.4366,1.4333,1.4402,1.4534,1.0909090909090113,5.090909090908944,OBJECTIF ATTEINT,8.2
2025-03-28 08:33:34,S&P500 - MINI S&P500 FULL0926,FX/Indices,1H,5718.5,5735.25,5682.64,5651.0,2.1408955223880404,4.029850746268656,OBJECTIF ATTEINT,8.0
2025-03-27 17:34:39,USD/JPY,FX/Indices,1H,151.11,150.75,151.65,152.2,1.499999999999921,3.0277777777775934,INVALIDÉE,8.8
2025-03-27 14:38:12,GBP/JPY,FX/Indices,1H,195.2,194.71,195.83,197.36,1.285714285714385,4.408163265306348,OBJECTIF ATTEINT,8.6
2025-03-27 12:31:10,CHF/JPY,FX/Indices,1H,170.78,170.52,171.04,171.44,1.0,2.5384615384616143,OBJECTIF ATTEINT,8.9
2025-03-26 13:31:58,USD/CHF,FX/Indices,1H,0.8845,0.8836,0.8864,0.8941,2.1111111111113576,10.6666666666679,INVALIDÉE,8.6
2025-03-26 03:31:56,AUD/JPY,FX/Indices,1H,94.89,94.55,95.36,95.86,1.3823529411764535,2.8529411764705563,SEUIL PRÉSERVÉ,8.2
2025-03-24 09:32:56,MINI DJ30 FULL0625,FX/Indices,1H,42675.0,42388.0,,,,,SEUIL PRÉSERVÉ,8.0
2025-03-24 08:33:45,NASDAQ100 - MINI NASDAQ100 FULL0926,FX/Indices,1H,20201.5,20105.0,20490.56,21121.94,2.9954404145077858,9.5382383419689,SEUIL PRÉSERVÉ,8.6
2025-03-23 20:25:48,NZD/USD,FX/Indices,1H,0.5727,0.5747,0.5698,0.5682,1.4500000000000055,2.2499999999999725,SEUIL PRÉSERVÉ,8.2
2025-03-19 15:40:15,USD/JPY,FX/Indices,1H,149.96,149.23,150.76,151.65,1.0958904109588534,2.315068493150624,INVALIDÉE,8.2
2025-03-18 19:35:09,EUR/USD,FX/Indices,1H,1.0944,1.0913,1.101,1.1111,2.129032258064426,5.38709677419335,INVALIDÉE,8.4
2025-03-17 20:28:05,NZD/USD,FX/Indices,1H,0.5824,0.5807,0.5857,0.5876,1.9411764705881778,3.0588235294116917,SEUIL PRÉSERVÉ,8.9
2025-03-17 16:38:13,CHF/JPY,FX/Indices,1H,168.76,168.23,169.92,171.44,2.1886792452830077,5.056603773584908,OBJECTIF ATTEINT,8.6
2025-03-17 09:32:09,NZD/USD,FX/Indices,1H,0.5775,0.5764,0.5807,0.5876,2.909090909090918,9.181818181818265,OBJECTIF ATTEINT,8.9
2025-03-17 09:32:01,AUD/JPY,FX/Indices,1H,94.45,94.29,94.72,95.58,1.687500000000011,7.062500000000123,INVALIDÉE,8.8
2025-03-17 04:27:42,GBP/JPY,FX/Indices,1H,192.61,192.33,193.11,194.0,1.7857142857142785,4.964285714285645,OBJECTIF ATTEINT,8.9
2025-03-14 20:27:53,AUD/USD,FX/Indices,1H,0.6329,0.6312,0.6364,0.6462,2.0588235294116917,7.823529411764533,OBJECTIF ATTEINT,8.8
2025-03-14 06:27:39,GBP/CHF,FX/Indices,1H,1.1441,1.1423,1.148,1.1503,2.1666666666669134,3.444444444444938,SEUIL PRÉSERVÉ,8.2
2025-03-13 07:54:00,S&P500 - MINI S&P500 FULL0926,FX/Indices,Journalier,5574.25,5691.5,5348.5,5269.25,1.9253731343283582,2.601279317697228,INVALIDÉE,8.2
2025-03-12 18:33:15,GBP/CHF,FX/Indices,1H,1.1444,1.1431,1.148,1.1503,2.769230769230467,4.538461538461275,INVALIDÉE,8.0
2025-03-11 18:33:33,GBP/USD,FX/Indices,1H,1.2955,1.2873,1.305,1.3128,1.1585365853658365,2.1097560975609637,SEUIL PRÉSERVÉ,9.1
2025-03-11 07:27:47,EUR/GBP,FX/Indices,1H,0.8428,0.8417,0.8439,0.8512,1.0,7.636363636363673,OBJECTIF ATTEINT,8.8
2025-03-11 04:28:01,EUR/USD,FX/Indices,1H,1.0856,1.0783,1.0937,1.1019,1.1095890410959108,2.2328767123288373,OBJECTIF ATTEINT,8.6
2025-03-10 13:32:38,S&P500 - MINI S&P500 FULL0926,FX/Indices,1H,5695.25,5744.0,5632.5,5550.5,1.2871794871794873,2.9692307692307693,OBJECTIF ATTEINT,7.3
2025-03-07 14:32:59,GBP/USD,FX/Indices,1H,1.2919,1.2866,1.2981,1.3128,1.1698113207546956,3.9433962264150177,SEUIL PRÉSERVÉ,8.2
2025-03-07 14:32:04,EUR/GBP,FX/Indices,1H,0.8411,0.8389,0.8439,0.8512,1.2727272727272956,4.590909090909133,SEUIL PRÉSERVÉ,8.9
2025-03-06 20:59:43,DAX40 FULL0926,FX/Indices,Journalier,23225.0,22942.0,24049.33,25097.67,2.912826855123681,6.617208480565365,INVALIDÉE,8.2
2025-03-06 07:45:07,GBP/CHF,FX/Indices,Journalier,1.1469,1.1344,1.1619,1.1681,1.1999999999999964,1.6959999999999968,SEUIL PRÉSERVÉ,8.8
2025-03-04 21:29:02,CHF/JPY,FX/Indices,1H,168.41,168.0,169.41,169.9,2.439024390243923,3.634146341463467,INVALIDÉE,8.6
2025-02-26 19:39:13,S&P500 - MINI S&P500 FULL0926,FX/Indices,1H,5963.5,5995.18,5924.0,5854.25,1.246843434343423,3.448547979797948,INVALIDÉE,8.4
2025-02-26 05:31:04,CHF/JPY,FX/Indices,1H,167.22,166.83,167.9,168.87,1.743589743589822,4.230769230769393,INVALIDÉE,8.2
2025-02-25 23:41:47,GBP/USD,FX/Indices,1H,1.2675,1.2635,1.2741,1.2824,1.6499999999999833,3.724999999999975,SEUIL PRÉSERVÉ,8.4
2025-02-25 19:35:04,USD/CAD,FX/Indices,1H,1.4295,1.4246,1.4351,1.4534,1.1428571428571752,4.877551020408265,OBJECTIF ATTEINT,8.2
2025-02-25 19:35:02,EUR/GBP,FX/Indices,1H,0.8297,0.8283,0.8313,0.8339,1.1428571428572107,3.0000000000000795,SEUIL PRÉSERVÉ,7.1
2025-02-24 05:27:45,NZD/USD,FX/Indices,1H,0.5758,0.575,0.5767,0.5826,1.1249999999999827,8.499999999999792,INVALIDÉE,8.0
2025-02-21 19:35:21,DAX40 FULL0926,FX/Indices,1H,22235.0,22329.0,22043.57,21832.0,2.036489361702131,4.287234042553192,INVALIDÉE,7.9
2025-02-19 17:38:26,EUR/CHF,FX/Indices,1H,0.9419,0.9447,0.9383,0.9357,1.2857142857142518,2.2142857142856887,SEUIL PRÉSERVÉ,8.0
2025-02-19 14:32:04,MINI DJ30 FULL0625,FX/Indices,1H,44525.0,44753.0,,,,,SEUIL PRÉSERVÉ,7.9
2025-02-19 12:32:40,EUR/USD,FX/Indices,1H,1.0424,1.0469,1.0373,1.0337,1.1333333333333202,1.93333333333334,SEUIL PRÉSERVÉ,7.7
2025-02-18 23:40:55,EUR/GBP,FX/Indices,1H,0.8275,0.83,0.8231,0.8147,1.7600000000000213,5.120000000000123,SEUIL PRÉSERVÉ,8.6
2025-02-17 22:29:46,GBP/USD,FX/Indices,1H,1.2623,1.2596,1.2686,1.2824,2.333333333333388,7.444444444444654,INVALIDÉE,8.8
2025-02-17 12:58:59,GBP/CHF,FX/Indices,Journalier,1.1354,1.1234,1.1477,1.1681,1.0249999999999972,2.7249999999999934,OBJECTIF ATTEINT,8.0
2025-02-14 08:33:14,EUR/USD,FX/Indices,1H,1.0481,1.0443,1.0562,1.0693,2.1315789473684057,5.578947368420985,SEUIL PRÉSERVÉ,8.8
2025-02-13 06:29:50,NASDAQ100 - MINI NASDAQ100 FULL0926,FX/Indices,1H,21912.5,21848.92,22039.17,22408.0,1.9922931739539915,7.793331236237597,INVALIDÉE,8.6
2025-02-13 03:32:12,EUR/CHF,FX/Indices,1H,0.95,0.9471,0.953,0.9619,1.0344827586207253,4.103448275862214,INVALIDÉE,8.8
2025-02-13 03:31:46,GBP/CHF,FX/Indices,1H,1.1378,1.1353,1.1438,1.1477,2.400000000000053,3.9600000000000923,INVALIDÉE,8.2
2025-02-13 00:29:22,GBP/USD,FX/Indices,1H,1.2455,1.2421,1.2498,1.255,1.2647058823529067,2.79411764705872,OBJECTIF ATTEINT,8.0
2025-02-13 00:29:19,EUR/USD,FX/Indices,1H,1.0397,1.0373,1.043,1.0562,1.3749999999999654,6.875000000000104,OBJECTIF ATTEINT,8.2
2025-02-12 17:37:43,GBP/JPY,FX/Indices,1H,192.45,191.81,193.16,195.45,1.1093750000000362,4.6875000000001,SEUIL PRÉSERVÉ,8.2
2025-02-12 16:40:46,USD/CHF,FX/Indices,1H,0.914,0.9111,0.9177,0.9197,1.2758620689654856,1.965517241379276,INVALIDÉE,8.2
2025-02-12 12:05:50,USD/CHF,FX/Indices,Journalier,0.9109,0.9013,0.9214,0.9418,1.0937499999999891,3.2187499999999747,INVALIDÉE,7.5
2025-02-11 20:37:33,DAX40 FULL0926,FX/Indices,1H,22191.0,22037.4,22538.67,23039.33,2.26347656250001,5.522981770833397,SEUIL PRÉSERVÉ,8.8
2025-02-11 04:29:32,USD/CHF,FX/Indices,1H,0.9115,0.9093,0.9153,0.9177,1.7272727272727548,2.8181818181818366,SEUIL PRÉSERVÉ,8.0
2025-02-11 00:00:02,GBP/JPY,FX/Indices,Journalier,187.61,190.1,183.59,179.42,1.614457831325318,3.28915662650606,INVALIDÉE,8.8
2025-02-10 18:34:38,NASDAQ100 INDEX,FX/Indices,1H,21767.56,21707.21,21944.67,22096.66,2.934714167356927,5.453189726594642,INVALIDÉE,7.7
2025-02-10 04:44:40,CHF/JPY,FX/Indices,Journalier,166.64,170.52,162.27,159.31,1.1262886597938013,1.889175257731943,SEUIL PRÉSERVÉ,8.8
2025-02-10 04:44:37,AUD/JPY,FX/Indices,Journalier,95.22,95.88,94.29,91.42,1.4090909090909052,5.757575757575783,INVALIDÉE,8.0
2025-02-07 16:39:32,USD/JPY,FX/Indices,1H,151.05,151.81,150.17,147.77,1.1578947368421506,4.315789473684264,INVALIDÉE,8.4
2025-02-06 11:34:28,GBP/CHF,FX/Indices,1H,1.1245,1.1262,1.1209,1.1142,2.117647058823514,6.058823529411627,INVALIDÉE,8.2
2025-02-06 03:49:47,AUD/JPY,FX/Indices,Journalier,95.33,95.88,94.29,91.42,1.8909090909090862,7.1090909090909395,INVALIDÉE,8.2
2025-01-31 13:34:05,DAX40 FULL0926,FX/Indices,1H,21885.0,21783.67,22038.33,22431.67,1.513174775486027,5.3949472022104885,INVALIDÉE,8.4
2025-01-31 11:33:44,USD/CAD,FX/Indices,1H,1.4495,1.4472,1.4534,1.4596,1.6956521739130728,4.3913043478261455,INVALIDÉE,8.4
2025-01-31 08:33:22,USD/CHF,FX/Indices,1H,0.9105,0.9095,0.9132,0.9214,2.7000000000000335,10.900000000000011,INVALIDÉE,7.9
2025-01-30 07:28:38,USD/CAD,FX/Indices,1H,1.4434,1.4415,1.4472,1.4534,2.0,5.263157894736811,INVALIDÉE,8.4
2025-01-24 14:33:12,GBP/USD,FX/Indices,1H,1.2427,1.2376,1.2487,1.2603,1.1764705882353224,3.450980392156954,OBJECTIF ATTEINT,8.6
2025-01-23 22:29:26,AUD/USD,FX/Indices,1H,0.6286,0.6238,0.6365,0.6414,1.6458333333333048,2.666666666666636,SEUIL PRÉSERVÉ,8.4
2025-01-23 19:37:58,GBP/JPY,FX/Indices,1H,192.69,192.4,193.03,194.56,1.1724137931034921,6.448275862069158,OBJECTIF ATTEINT,6.8
2025-01-23 17:37:41,MINI DJ30 FULL0625,FX/Indices,1H,44633.0,44415.0,,,,,SEUIL PRÉSERVÉ,8.6
2025-01-22 15:43:59,AUD/JPY,FX/Indices,1H,98.03,97.78,98.28,99.71,1.0,6.71999999999997,OBJECTIF ATTEINT,8.0
2025-01-22 08:32:22,DAX40 FULL0926,FX/Indices,1H,21306.0,20989.8,21640.0,22230.0,1.0562934851359875,2.9222011385199176,SEUIL PRÉSERVÉ,8.6
2025-01-22 05:30:07,CHF/JPY,FX/Indices,1H,171.89,171.46,172.54,173.25,1.5116279069768332,3.1627906976746094,OBJECTIF ATTEINT,8.2
2025-01-21 20:35:47,NASDAQ100 - MINI NASDAQ100 FULL0926,FX/Indices,1H,21727.0,21567.25,21953.5,22408.0,1.4178403755868545,4.262910798122066,OBJECTIF ATTEINT,7.5
2025-01-21 18:39:14,GBP/JPY,FX/Indices,1H,191.79,191.46,192.4,193.04,1.848484848484979,3.7878787878789706,OBJECTIF ATTEINT,7.3
2025-01-20 14:31:36,EUR/GBP,FX/Indices,1H,0.8459,0.844,0.8512,0.8586,2.7894736842104924,6.684210526315768,SEUIL PRÉSERVÉ,8.4
2025-01-17 20:35:46,S&P500 - MINI S&P500 FULL0926,FX/Indices,1H,6041.5,6017.5,6068.25,6169.25,1.1145833333333333,5.322916666666667,OBJECTIF ATTEINT,8.8
2025-01-17 15:39:35,MINI DJ30 FULL0625,FX/Indices,1H,43682.0,43572.0,,,,,SEUIL PRÉSERVÉ,8.6
2025-01-17 15:39:00,EUR/GBP,FX/Indices,1H,0.845,0.844,0.8463,0.8512,1.3000000000000778,6.199999999999978,INVALIDÉE,8.6
2025-01-17 12:32:11,S&P500 - MINI S&P500 FULL0926,FX/Indices,1H,5996.5,5978.05,6017.5,6045.5,1.1382113821138324,2.6558265582656087,OBJECTIF ATTEINT,8.6
2025-01-16 12:57:50,DAX40 PERF INDEX,FX/Indices,Journalier,20638.39,20426.27,20954.47,21386.13,1.4900999434282636,3.525080143315129,OBJECTIF ATTEINT,8.6
2025-01-15 04:29:22,NZD/USD,FX/Indices,1H,0.5605,0.5585,0.5631,0.5693,1.3000000000000222,4.400000000000011,OBJECTIF ATTEINT,7.3
2025-01-14 17:35:50,EUR/GBP,FX/Indices,1H,0.8443,0.8424,0.8484,0.8512,2.1578947368420867,3.631578947368347,SEUIL PRÉSERVÉ,8.8
2025-01-13 04:29:13,EUR/CHF,FX/Indices,1H,0.9373,0.9385,0.9347,0.933,2.166666666666744,3.5833333333333717,INVALIDÉE,8.4
2025-01-10 18:35:59,USD/CAD,FX/Indices,1H,1.4426,1.441,1.4442,1.4464,0.9999999999998612,2.374999999999809,OBJECTIF ATTEINT,8.0
2025-01-10 09:33:31,USD/CHF,FX/Indices,1H,0.9128,0.9106,0.9151,0.9214,1.0454545454545914,3.9090909090909687,OBJECTIF ATTEINT,8.0
2025-01-10 09:33:14,NZD/USD,FX/Indices,1H,0.558,0.5587,0.5572,0.5562,1.1428571428573016,2.5714285714288887,OBJECTIF ATTEINT,8.2
2025-01-08 14:32:05,USD/JPY,FX/Indices,1H,158.39,157.73,159.17,160.28,1.1818181818181897,2.8636363636364006,SEUIL PRÉSERVÉ,8.2
2025-01-08 08:31:48,EUR/CHF,FX/Indices,1H,0.9412,0.9402,0.9428,0.9441,1.5999999999999335,2.900000000000011,INVALIDÉE,6.1
2025-01-07 05:28:06,AUD/USD,FX/Indices,1H,0.6261,0.6247,0.6302,0.6316,2.9285714285715136,3.9285714285715927,INVALIDÉE,8.0
2025-01-06 23:41:11,USD/JPY,FX/Indices,1H,157.76,157.47,158.08,160.28,1.1034482758621738,8.689655172414067,OBJECTIF ATTEINT,7.7
2025-01-06 17:35:13,DAX40 FULL0926,FX/Indices,1H,20350.0,20168.78,20566.6,20648.0,1.1952323143140777,1.644410109259453,SEUIL PRÉSERVÉ,8.2
2025-01-06 17:09:08,GBP/JPY,FX/Indices,Journalier,197.19,195.83,199.44,202.5,1.6544117647059002,3.9044117647059267,INVALIDÉE,8.0
2025-01-06 08:31:31,AUD/JPY,FX/Indices,1H,98.43,98.28,98.74,99.58,2.066666666666509,7.66666666666632,OBJECTIF ATTEINT,8.9
2025-01-02 16:38:41,EUR/CHF,FX/Indices,1H,0.9352,0.9373,0.932,0.9278,1.5238095238095213,3.5238095238095744,SEUIL PRÉSERVÉ,8.6
2025-01-02 11:33:01,EUR/USD,FX/Indices,1H,1.0321,1.0344,1.0252,1.0129,3.0000000000000964,8.347826086956681,OBJECTIF ATTEINT,8.0
2025-01-01 18:27:12,GBP/CHF,FX/Indices,1H,1.136,1.1346,1.138,1.1458,1.4285714285715871,7.000000000000793,INVALIDÉE,8.2
2024-12-31 16:35:21,NASDAQ100 INDEX,FX/Indices,1H,21128.28,21313.27,20915.69,20675.38,1.1491972539056075,2.4482404454294495,INVALIDÉE,8.0
2024-12-31 10:30:02,USD/CHF,FX/Indices,1H,0.9044,0.9014,0.9074,0.9173,1.0,4.300000000000003,OBJECTIF ATTEINT,7.7
2024-12-31 03:51:12,GBP/CHF,FX/Indices,Journalier,1.1331,1.1233,1.1458,1.1688,1.295918367346928,3.642857142857138,INVALIDÉE,8.6
2024-12-29 22:41:49,USD/CHF,FX/Indices,Journalier,0.9019,0.8943,0.921,0.9418,2.513157894736826,5.2499999999999565,SEUIL PRÉSERVÉ,8.9
2024-12-24 14:29:24,EUR/JPY,FX/Indices,1H,163.53,162.72,164.69,166.4,1.4320987654320905,3.5432098765432056,SEUIL PRÉSERVÉ,7.9
2024-12-24 03:53:30,GBP/USD,FX/Indices,Journalier,1.2528,1.2681,1.2343,1.2044,1.2091503267973758,3.1633986928104387,OBJECTIF ATTEINT,8.4
2024-12-23 21:28:34,EUR/JPY,FX/Indices,1H,163.5,163.18,164.13,166.25,1.9687500000000278,8.593750000000183,INVALIDÉE,8.6
2024-12-23 07:31:11,EUR/JPY,FX/Indices,1H,163.51,163.18,164.13,166.25,1.8787878787879833,8.30303030303073,INVALIDÉE,8.4
2024-12-20 01:29:25,NZD/USD,FX/Indices,1H,0.5626,0.5666,0.558,0.5562,1.1499999999999833,1.599999999999989,SEUIL PRÉSERVÉ,7.9
2024-12-19 18:35:03,USD/CHF,FX/Indices,1H,0.8988,0.8941,0.9055,0.9185,1.4255319148935903,4.191489361702081,SEUIL PRÉSERVÉ,7.3
2024-12-17 10:31:35,AUD/USD,FX/Indices,1H,0.6339,0.6364,0.6294,0.6254,1.8000000000000622,3.4000000000000976,SEUIL PRÉSERVÉ,8.6
2024-12-17 00:29:01,AUD/JPY,FX/Indices,1H,98.27,98.06,98.71,99.6,2.095238095238147,6.333333333333514,INVALIDÉE,8.8
2024-12-16 23:40:51,EUR/CHF,FX/Indices,1H,0.9402,0.9387,0.9423,0.9491,1.3999999999999408,5.933333333333121,INVALIDÉE,8.6
2024-12-16 23:40:49,USD/CHF,FX/Indices,1H,0.8943,0.892,0.9009,0.9066,2.869565217391365,5.347826086956585,INVALIDÉE,8.4
2024-12-16 17:36:22,USD/JPY,FX/Indices,1H,154.23,153.8,155.11,156.48,2.046511627907135,5.232558139535146,SEUIL PRÉSERVÉ,8.4
2024-12-13 17:36:32,AUD/USD,FX/Indices,1H,0.6354,0.6365,0.6336,0.6294,1.636363636363572,5.454545454545509,INVALIDÉE,8.2
2024-12-13 04:28:26,EUR/USD,FX/Indices,1H,1.0459,1.0481,1.043,1.0307,1.318181818181887,6.909090909091019,INVALIDÉE,8.4
2024-12-12 19:38:26,USD/JPY,FX/Indices,1H,152.5,152.18,153.09,153.86,1.84375000000005,4.250000000000133,OBJECTIF ATTEINT,8.0
2024-12-12 18:35:18,NASDAQ100 INDEX,FX/Indices,1H,21710.02,21626.31,21841.79,22061.32,1.5741249552025065,4.196631226854652,OBJECTIF ATTEINT,8.4
2024-12-12 17:35:44,USD/CHF,FX/Indices,1H,0.8887,0.8853,0.8941,0.9009,1.5882352941176028,3.5882352941175704,OBJECTIF ATTEINT,8.8
2024-12-12 12:31:58,GBP/CHF,FX/Indices,1H,1.1303,1.1285,1.1347,1.1458,2.4444444444443896,8.611111111110912,SEUIL PRÉSERVÉ,8.0
2024-12-11 15:42:19,USD/JPY,FX/Indices,1H,152.43,152.18,153.09,153.86,2.6399999999999864,5.720000000000027,SEUIL PRÉSERVÉ,7.9
2024-12-11 15:41:57,GBP/JPY,FX/Indices,1H,194.33,192.88,195.83,197.25,1.0344827586206775,2.0137931034482435,SEUIL PRÉSERVÉ,7.5
2024-12-11 15:04:15,EUR/GBP,FX/Indices,Journalier,0.8232,0.83,0.8047,0.7777,2.7205882352941613,6.6911764705883305,INVALIDÉE,8.8
2024-12-10 22:28:37,USD/CAD,FX/Indices,1H,1.418,1.4099,1.4283,1.44,1.2716049382716026,2.716049382716053,SEUIL PRÉSERVÉ,8.2
2024-12-10 20:35:39,GBP/JPY,FX/Indices,1H,193.98,193.41,194.81,195.83,1.4561403508772324,3.245614035087798,INVALIDÉE,8.9
2024-12-09 21:28:36,USD/CAD,FX/Indices,1H,1.4172,1.4099,1.4283,1.44,1.5205479452054464,3.1232876712328315,SEUIL PRÉSERVÉ,8.4
2024-12-09 16:38:23,CHF/JPY,FX/Indices,1H,172.26,171.9,173.16,174.09,2.5000000000001186,5.083333333333576,SEUIL PRÉSERVÉ,8.6
2024-12-05 23:41:40,EUR/JPY,FX/Indices,1H,158.99,158.65,159.56,160.44,1.6764705882352573,4.264705882352865,INVALIDÉE,7.7
2024-12-05 20:36:12,CHF/JPY,FX/Indices,1H,170.81,170.18,171.86,173.16,1.6666666666666967,3.730158730158748,OBJECTIF ATTEINT,7.9
2024-12-05 14:32:19,USD/JPY,FX/Indices,1H,150.59,150.17,151.23,153.2,1.5238095238094336,6.2142857142854435,INVALIDÉE,7.7
2024-12-04 00:28:35,USD/CAD,FX/Indices,1H,1.4069,1.4054,1.4099,1.4145,1.999999999999852,5.066666666666508,SEUIL PRÉSERVÉ,8.4
2024-12-03 13:32:15,USD/JPY,FX/Indices,1H,149.38,150.17,147.94,146.75,1.8227848101265978,3.329113924050661,INVALIDÉE,7.5
2024-12-02 10:31:53,CHF/JPY,FX/Indices,1H,169.69,170.18,168.45,166.97,2.530612244897931,5.55102040816316,OBJECTIF ATTEINT,8.2
2024-12-02 01:28:18,EUR/GBP,FX/Indices,1H,0.8299,0.8313,0.8268,0.822,2.214285714285601,5.642857142856882,SEUIL PRÉSERVÉ,8.4
2024-11-29 17:37:31,GBP/CHF,FX/Indices,1H,1.1206,1.1193,1.1234,1.1347,2.1538461538459566,10.84615384615319,OBJECTIF ATTEINT,7.9
2024-11-28 19:26:58,EUR/USD,FX/Indices,1H,1.0554,1.053,1.0608,1.0679,2.2500000000000693,5.208333333333499,SEUIL PRÉSERVÉ,7.3
2024-11-28 14:30:33,DAX40 PERF INDEX,FX/Indices,1H,19416.62,19302.61,19563.97,19657.37,1.292430488553673,2.111656872204222,OBJECTIF ATTEINT,7.9
2024-11-26 19:34:22,GBP/JPY,FX/Indices,1H,192.21,192.88,190.84,189.92,2.04477611940303,3.4179104477612885,OBJECTIF ATTEINT,8.6
2024-11-26 11:30:16,EUR/GBP,FX/Indices,1H,0.8356,0.8347,0.8373,0.8396,1.8888888888889026,4.44444444444439,INVALIDÉE,7.5
2024-11-25 01:26:31,MINI DJ30 FULL0625,FX/Indices,1H,44631.0,44441.0,,,,,OBJECTIF ATTEINT,8.8
2024-11-22 03:27:18,NASDAQ100 - MINI NASDAQ100 FULL0926,FX/Indices,1H,20842.25,20724.33,21055.33,21134.75,1.8069877883311134,2.480495251017676,SEUIL PRÉSERVÉ,7.7
2024-11-21 17:36:30,EUR/GBP,FX/Indices,1H,0.8322,0.8335,0.83,0.8276,1.692307692307804,3.538461538461663,OBJECTIF ATTEINT,7.5
2024-11-19 22:26:28,AUD/USD,FX/Indices,1H,0.6531,0.6515,0.6558,0.6598,1.687499999999974,4.187499999999905,INVALIDÉE,8.4
2024-11-19 20:33:46,EUR/USD,FX/Indices,1H,1.0593,1.0532,1.0654,1.0679,1.0,1.4098360655737985,INVALIDÉE,7.3
2024-11-17 23:27:48,USD/CAD,FX/Indices,1H,1.4088,1.4071,1.4106,1.4241,1.058823529411757,8.999999999999739,INVALIDÉE,8.8
2024-11-14 03:43:59,USD/CAD,FX/Indices,Journalier,1.4011,1.3873,1.4257,1.4534,1.7826086956521663,3.7898550724637596,SEUIL PRÉSERVÉ,8.4
2024-11-14 00:27:11,USD/JPY,FX/Indices,1H,155.57,155.12,156.29,157.87,1.6000000000000378,5.111111111111265,SEUIL PRÉSERVÉ,8.4
2024-11-13 20:34:32,EUR/USD,FX/Indices,1H,1.0563,1.0595,1.0524,1.043,1.2187499999999696,4.1562499999999085,OBJECTIF ATTEINT,8.4
2024-11-13 18:34:09,GBP/USD,FX/Indices,1H,1.2704,1.2719,1.2681,1.2561,1.5333333333332544,9.533333333332958,OBJECTIF ATTEINT,8.2
2024-11-13 05:27:30,USD/CAD,FX/Indices,1H,1.3955,1.3925,1.4035,1.4112,2.6666666666667656,5.233333333333538,SEUIL PRÉSERVÉ,7.7
2024-11-13 01:28:09,USD/JPY,FX/Indices,1H,154.89,154.71,155.12,156.29,1.2777777777780321,7.777777777778743,OBJECTIF ATTEINT,8.8
2024-11-10 23:31:51,MINI DJ30 FULL0625,FX/Indices,1H,44180.0,43859.0,,,,,SEUIL PRÉSERVÉ,8.6
2024-11-08 19:33:50,EUR/GBP,FX/Indices,1H,0.8295,0.834,0.8227,0.8155,1.5111111111111346,3.1111111111111494,SEUIL PRÉSERVÉ,8.0
2024-11-06 08:29:47,GBP/JPY,FX/Indices,1H,198.5,198.13,199.35,199.81,2.297297297297254,3.540540540540503,OBJECTIF ATTEINT,8.6
2024-11-05 07:29:13,AUD/USD,FX/Indices,1H,0.6612,0.6596,0.6632,0.6661,1.2499999999999654,3.062499999999922,INVALIDÉE,8.4
2024-11-01 06:26:52,USD/CAD,FX/Indices,1H,1.3938,1.3891,1.4025,1.4257,1.8510638297872954,6.787234042553306,SEUIL PRÉSERVÉ,8.4
2024-10-31 14:37:28,EUR/USD,FX/Indices,1H,1.0869,1.0839,1.0953,1.0969,2.8000000000000886,3.3333333333334565,SEUIL PRÉSERVÉ,7.3
2024-10-31 14:37:28,EUR/USD,FX/Indices,1H,1.0869,1.0839,1.0953,1.0969,2.8000000000000886,3.3333333333334565,SEUIL PRÉSERVÉ,7.3
2024-10-31 11:31:23,EUR/CHF,FX/Indices,1H,0.9409,0.9388,0.9435,0.9491,1.238095238095266,3.9047619047619677,SEUIL PRÉSERVÉ,7.9
2024-10-31 08:29:56,DAX40 PERF INDEX,FX/Indices,1H,19122.19,19172.44,19009.89,18869.36,2.234825870646752,5.031442786069614,INVALIDÉE,8.0
2024-10-30 04:27:04,NZD/USD,FX/Indices,1H,0.5955,0.598,0.5901,0.5877,2.1600000000000747,3.1200000000000783,INVALIDÉE,8.2
2024-10-30 01:28:33,GBP/USD,FX/Indices,1H,1.3019,1.3002,1.3038,1.3071,1.1176470588235141,3.0588235294116264,INVALIDÉE,8.2
2024-10-29 20:27:55,EUR/JPY,FX/Indices,1H,165.92,165.02,166.82,168.63,1.0000000000000315,3.011111111111196,SEUIL PRÉSERVÉ,7.9
2024-10-29 20:27:16,USD/CAD,FX/Indices,1H,1.3919,1.3873,1.4025,1.4534,2.3043478260870236,13.36956521739151,SEUIL PRÉSERVÉ,8.8
2024-10-29 13:31:15,GBP/JPY,FX/Indices,1H,199.47,199.01,200.65,202.5,2.5652173913043184,6.586956521739019,SEUIL PRÉSERVÉ,8.6
2024-10-28 17:35:15,EUR/JPY,FX/Indices,1H,165.76,165.02,166.82,168.63,1.4324324324324729,3.878378378378486,SEUIL PRÉSERVÉ,8.4
2024-10-28 04:26:37,EUR/CHF,FX/Indices,1H,0.9381,0.9365,0.9406,0.9491,1.5624999999999218,6.874999999999809,INVALIDÉE,7.5
2024-10-28 00:26:04,GBP/JPY,FX/Indices,1H,198.59,198.13,199.12,200.65,1.1521739130434607,4.478260869565145,OBJECTIF ATTEINT,8.4
2024-10-25 21:26:23,GBP/JPY,FX/Indices,1H,197.52,197.09,198.13,200.65,1.418604651162734,7.279069767441735,OBJECTIF ATTEINT,8.6
2024-10-25 02:27:26,EUR/GBP,FX/Indices,1H,0.8346,0.8323,0.8369,0.8381,1.0,1.5217391304347805,SEUIL PRÉSERVÉ,8.4
2024-10-23 06:26:47,CHF/JPY,FX/Indices,1H,175.61,174.66,176.89,177.24,1.3473684210525787,1.715789473684175,SEUIL PRÉSERVÉ,8.8
2024-10-22 23:26:21,CHF/JPY,FX/Indices,1H,174.58,174.17,175.54,177.24,2.3414634146339535,6.487804878048377,OBJECTIF ATTEINT,8.4
2024-10-22 17:32:37,NASDAQ100 INDEX,FX/Indices,1H,20333.95,20273.3,20492.97,20675.38,2.6219291014014283,5.6295136026379575,INVALIDÉE,8.4
2024-10-22 09:28:29,AUD/JPY,FX/Indices,1H,100.84,100.69,101.05,102.52,1.3999999999999053,11.199999999999527,OBJECTIF ATTEINT,8.8
2024-10-22 00:27:19,GBP/JPY,FX/Indices,1H,195.74,195.5,196.05,198.13,1.2916666666666272,9.958333333332899,OBJECTIF ATTEINT,8.0
2024-10-21 04:27:03,USD/CAD,FX/Indices,1H,1.3807,1.3785,1.3839,1.3873,1.4545454545454086,3.0,OBJECTIF ATTEINT,8.0
2024-10-18 20:26:33,MINI DJ30 FULL0625,FX/Indices,1H,43530.0,43256.0,,,,,INVALIDÉE,7.1
2024-10-18 17:33:25,DAX40 FULL0926,FX/Indices,1H,19781.0,19730.0,19838.33,20145.67,1.1241176470588579,7.1503921568627105,INVALIDÉE,8.8
2024-10-16 21:26:37,USD/CHF,FX/Indices,1H,0.8654,0.8637,0.8702,0.877,2.823529411764848,6.823529411765044,INVALIDÉE,8.9
2024-10-15 18:33:57,USD/CHF,FX/Indices,1H,0.8628,0.8615,0.8642,0.8702,1.0769230769230704,5.692307692307804,SEUIL PRÉSERVÉ,8.2
2024-10-15 06:46:01,MINI DJ30 FULL0625,FX/Indices,Journalier,43413.0,42656.0,,,,,INVALIDÉE,8.6
2024-10-15 02:25:40,DAX40 FULL0926,FX/Indices,1H,19721.0,19612.5,19838.33,20145.67,1.0813824884792789,3.9140092165898457,INVALIDÉE,8.8
2024-10-14 19:32:58,EUR/GBP,FX/Indices,1H,0.8351,0.8364,0.8338,0.8323,0.9999999999999146,2.1538461538459566,OBJECTIF ATTEINT,7.9
2024-10-14 00:25:18,USD/CAD,FX/Indices,1H,1.3777,1.3735,1.3819,1.3873,1.0,2.2857142857143082,SEUIL PRÉSERVÉ,8.0
2024-10-10 15:35:09,USD/CAD,FX/Indices,1H,1.3759,1.3735,1.3819,1.3873,2.500000000000046,4.7500000000001155,SEUIL PRÉSERVÉ,8.8
2024-10-10 04:26:18,EUR/CHF,FX/Indices,1H,0.9417,0.9403,0.9438,0.9451,1.5000000000000397,2.428571428571553,INVALIDÉE,7.9
2024-10-09 16:34:19,EUR/USD,FX/Indices,1H,1.0945,1.101,1.0861,1.0786,1.2923076923076966,2.4461538461538685,SEUIL PRÉSERVÉ,8.4
2024-10-09 10:28:42,USD/CAD,FX/Indices,1H,1.367,1.364,1.3735,1.3819,2.1666666666667282,4.966666666666817,SEUIL PRÉSERVÉ,8.6
2024-10-08 12:28:37,USD/CAD,FX/Indices,1H,1.3645,1.3591,1.3735,1.3819,1.6666666666666254,3.2222222222221535,SEUIL PRÉSERVÉ,8.6
2024-10-07 13:28:33,CHF/JPY,FX/Indices,1H,173.29,171.67,175.02,177.24,1.0679012345679095,2.4382716049382753,SEUIL PRÉSERVÉ,7.3
2024-10-06 22:31:19,AUD/JPY,FX/Indices,1H,101.36,100.72,102.2,103.48,1.3125000000000042,3.312500000000004,INVALIDÉE,8.6
2024-10-03 09:28:56,USD/CHF,FX/Indices,1H,0.8514,0.8498,0.8547,0.8602,2.062499999999922,5.499999999999792,SEUIL PRÉSERVÉ,7.9
2024-10-03 09:28:54,S&P500 - MINI S&P500 FULL0926,FX/Indices,1H,5740.25,5754.75,5724.0,5662.92,1.1206896551724137,5.333103448275857,INVALIDÉE,8.0
2024-10-03 04:26:26,AUD/USD,FX/Indices,1H,0.6866,0.6879,0.6836,0.6818,2.307692307692367,3.692307692307804,OBJECTIF ATTEINT,8.2
2024-10-03 00:26:28,USD/CHF,FX/Indices,1H,0.8504,0.8493,0.8516,0.8547,1.0909090909090817,3.909090909090918,OBJECTIF ATTEINT,8.0
2024-10-02 15:35:36,AUD/JPY,FX/Indices,1H,100.7,100.11,101.93,103.13,2.0847457627118593,4.118644067796573,SEUIL PRÉSERVÉ,8.9
2024-10-01 13:28:21,EUR/GBP,FX/Indices,1H,0.8315,0.8326,0.83,0.8244,1.363636363636428,6.454545454545509,INVALIDÉE,8.0
2024-09-30 23:27:01,USD/CAD,FX/Indices,1H,1.3525,1.3495,1.359,1.3617,2.166666666666568,3.066666666666509,SEUIL PRÉSERVÉ,7.9
2024-09-30 07:29:42,AUD/USD,FX/Indices,1H,0.6937,0.6905,0.7022,0.7106,2.656250000000036,5.28125000000004,SEUIL PRÉSERVÉ,8.9
2024-09-29 22:31:48,NZD/USD,FX/Indices,1H,0.635,0.631,0.6398,0.6455,1.2000000000000055,2.6249999999999862,SEUIL PRÉSERVÉ,8.4
2024-09-26 22:33:50,USD/JPY,FX/Indices,1H,144.94,144.48,145.69,146.75,1.6304347826086674,3.934782608695589,INVALIDÉE,8.8
2024-09-26 09:29:01,EUR/JPY,FX/Indices,1H,161.54,161.18,162.41,164.13,2.4166666666667784,7.194444444444749,INVALIDÉE,8.2
2024-09-26 03:26:07,EUR/JPY,FX/Indices,1H,161.37,161.18,161.67,162.41,1.5789473684209818,5.473684210526339,INVALIDÉE,8.6
2024-09-25 19:32:31,CHF/JPY,FX/Indices,1H,170.24,169.97,170.55,171.43,1.148148148148113,4.407407407407232,OBJECTIF ATTEINT,8.0
2024-09-25 13:28:52,MINI DJ30 FULL0625,FX/Indices,1H,42582.0,42412.0,,,,,INVALIDÉE,7.7
2024-09-24 12:29:02,AUD/JPY,FX/Indices,1H,98.74,98.28,99.51,101.13,1.6739130434783058,5.195652173913115,SEUIL PRÉSERVÉ,8.8
2024-09-24 09:53:56,AUD/USD,FX/Indices,Journalier,0.6845,0.6795,0.6942,0.7143,1.9400000000000066,5.960000000000004,INVALIDÉE,8.8
2024-09-24 06:25:45,GBP/CHF,FX/Indices,1H,1.1314,1.1292,1.1345,1.1458,1.4090909090909687,6.545454545454591,OBJECTIF ATTEINT,8.6
2024-09-23 19:31:42,MINI DJ30 FULL0625,FX/Indices,1H,42497.0,42263.0,,,,,SEUIL PRÉSERVÉ,8.0
2024-09-23 17:30:53,AUD/USD,FX/Indices,1H,0.6846,0.6839,0.6864,0.6923,2.5714285714284806,10.999999999999524,INVALIDÉE,8.2
2024-09-23 15:34:20,AUD/JPY,FX/Indices,1H,98.6,98.28,99.51,101.13,2.8437500000000946,7.906250000000172,INVALIDÉE,8.4
2024-09-20 20:26:11,GBP/USD,FX/Indices,1H,1.3316,1.3255,1.3407,1.362,1.4918032786885438,4.983606557377088,SEUIL PRÉSERVÉ,8.0
2024-09-20 14:36:05,EUR/CHF,FX/Indices,1H,0.9478,0.9466,0.9491,0.9574,1.083333333333418,8.000000000000185,INVALIDÉE,8.6
2024-09-20 14:35:41,GBP/JPY,FX/Indices,1H,191.56,190.39,192.88,195.83,1.128205128205107,3.6495726495726086,SEUIL PRÉSERVÉ,8.6
2024-09-20 13:28:03,USD/CHF,FX/Indices,1H,0.8487,0.8477,0.8507,0.8533,2.0,4.599999999999933,OBJECTIF ATTEINT,8.2
2024-09-20 09:27:51,GBP/CHF,FX/Indices,1H,1.1282,1.1234,1.1345,1.1458,1.3124999999999567,3.666666666666528,SEUIL PRÉSERVÉ,8.2
2024-09-20 09:27:47,CHF/JPY,FX/Indices,1H,169.43,168.92,170.84,171.43,2.7647058823528297,3.921568627450832,SEUIL PRÉSERVÉ,8.2
2024-09-20 09:27:45,AUD/JPY,FX/Indices,1H,97.89,97.68,98.28,99.61,1.8571428571429152,8.19047619047643,OBJECTIF ATTEINT,8.4
2024-09-20 07:27:52,GBP/JPY,FX/Indices,1H,190.79,190.39,191.82,192.88,2.5749999999999664,5.224999999999934,OBJECTIF ATTEINT,8.4
2024-09-19 18:32:05,EUR/USD,FX/Indices,1H,1.1167,1.1146,1.1191,1.1235,1.1428571428571277,3.238095238095213,SEUIL PRÉSERVÉ,8.8
2024-09-19 17:31:03,EUR/GBP,FX/Indices,1H,0.8401,0.841,0.8377,0.83,2.6666666666665844,11.222222222222072,SEUIL PRÉSERVÉ,8.6
2024-09-19 15:34:31,GBP/USD,FX/Indices,1H,1.3271,1.3255,1.3298,1.3407,1.6875000000000433,8.499999999999792,OBJECTIF ATTEINT,8.4
2024-09-19 15:34:28,S&P500 - MINI S&P500 FULL0926,FX/Indices,1H,5777.5,5737.0,5855.83,6009.42,1.9340740740740723,5.726419753086422,SEUIL PRÉSERVÉ,8.4
2024-09-19 13:27:38,MINI DJ30 FULL0625,FX/Indices,1H,42398.0,42049.0,,,,,SEUIL PRÉSERVÉ,8.8
2024-09-19 08:27:54,EUR/JPY,FX/Indices,1H,159.27,158.73,160.0,161.26,1.3518518518517817,3.6851851851850097,SEUIL PRÉSERVÉ,8.4
2024-09-19 04:24:42,CHF/JPY,FX/Indices,1H,168.76,168.3,169.45,171.43,1.5000000000000617,5.804347826087249,INVALIDÉE,8.0
2024-09-19 04:24:18,AUD/USD,FX/Indices,1H,0.679,0.6769,0.6821,0.6864,1.4761904761904006,3.523809523809335,OBJECTIF ATTEINT,8.2
2024-09-19 02:25:29,GBP/JPY,FX/Indices,1H,189.15,188.33,189.97,191.82,1.0,3.2560975609756215,OBJECTIF ATTEINT,8.6
2024-09-19 02:25:27,GBP/CHF,FX/Indices,1H,1.1201,1.1184,1.1234,1.1345,1.9411764705881123,8.470588235293926,OBJECTIF ATTEINT,9.1
2024-09-18 18:57:54,EUR/USD,FX/Indices,Journalier,1.1165,1.1109,1.1235,1.1456,1.2499999999999702,5.196428571428508,INVALIDÉE,8.6
2024-09-18 11:27:24,AUD/JPY,FX/Indices,1H,96.19,95.69,96.71,96.99,1.039999999999992,1.5999999999999943,OBJECTIF ATTEINT,7.9
2024-09-18 09:28:05,GBP/JPY,FX/Indices,1H,187.2,186.53,188.33,189.52,1.6865671641791715,3.462686567164276,OBJECTIF ATTEINT,7.7
2024-09-18 06:39:30,AUD/USD,FX/Indices,Journalier,0.6768,0.67,0.6864,0.7143,1.411764705882378,5.514705882353021,OBJECTIF ATTEINT,8.0
2024-09-18 00:25:07,AUD/USD,FX/Indices,1H,0.6764,0.6733,0.6795,0.6864,1.0,3.2258064516129146,OBJECTIF ATTEINT,8.2
2024-09-17 15:02:49,S&P500 - MINI S&P500 FULL0926,FX/Indices,Journalier,5735.0,5621.25,5907.42,6093.08,1.5157802197802204,3.1479560439560434,SEUIL PRÉSERVÉ,8.0
2024-09-17 10:28:03,GBP/CHF,FX/Indices,1H,1.1162,1.1148,1.1179,1.1234,1.2142857142855217,5.142857142856803,INVALIDÉE,7.3
2024-09-17 09:28:11,NZD/USD,FX/Indices,1H,0.6211,0.6197,0.6226,0.6261,1.0714285714286451,3.571428571428685,INVALIDÉE,8.2
2024-09-16 20:26:04,DAX40 FULL0926,FX/Indices,1H,18724.0,18677.0,18812.0,18998.5,1.872340425531915,5.840425531914893,OBJECTIF ATTEINT,8.0
2024-09-16 19:31:52,AUD/USD,FX/Indices,1H,0.6746,0.6733,0.6767,0.6795,1.6153846153846483,3.7692307692308744,OBJECTIF ATTEINT,8.2
2024-09-16 10:49:53,MINI DJ30 FULL0625,FX/Indices,Journalier,41898.0,41433.0,,,,,SEUIL PRÉSERVÉ,7.9
2024-09-11 20:26:13,EUR/USD,FX/Indices,1H,1.1016,1.1046,1.0952,1.0892,2.1333333333332396,4.133333333333166,SEUIL PRÉSERVÉ,8.0
2024-09-11 11:47:40,AUD/JPY,FX/Indices,Journalier,94.56,96.03,93.0,87.14,1.0612244897959207,5.047619047619053,INVALIDÉE,7.7
2024-09-10 03:24:58,USD/CAD,FX/Indices,1H,1.3567,1.3546,1.3617,1.3735,2.3809523809523405,8.0,SEUIL PRÉSERVÉ,8.4
2024-09-09 16:32:58,CHF/JPY,FX/Indices,1H,168.53,169.03,167.34,166.85,2.3799999999999955,3.3600000000000136,INVALIDÉE,7.5
2024-09-09 14:37:18,EUR/JPY,FX/Indices,1H,157.5,158.1,155.9,154.81,2.6666666666666825,4.483333333333372,INVALIDÉE,8.6
2024-09-09 03:39:58,AUD/JPY,FX/Indices,Journalier,95.39,96.29,94.29,93.0,1.222222222222208,2.6555555555555395,INVALIDÉE,7.7
2024-09-08 23:41:13,EUR/JPY,FX/Indices,Journalier,157.88,160.44,154.81,149.26,1.1992187499999962,3.3671874999999987,INVALIDÉE,8.2
2024-09-06 20:26:08,MINI DJ30 FULL0625,FX/Indices,1H,40369.0,40603.0,,,,,INVALIDÉE,8.0
2024-09-06 19:31:55,EUR/GBP,FX/Indices,1H,0.8443,0.8435,0.8459,0.8468,1.9999999999998612,3.1249999999998437,SEUIL PRÉSERVÉ,8.4
2024-09-06 09:27:04,EUR/GBP,FX/Indices,1H,0.8439,0.8428,0.8459,0.8468,1.8181818181818366,2.636363636363673,INVALIDÉE,8.8
2024-09-05 16:33:12,GBP/USD,FX/Indices,1H,1.3174,1.3146,1.3222,1.3255,1.7142857142858163,2.8928571428572307,SEUIL PRÉSERVÉ,8.4
2024-09-05 13:28:19,EUR/USD,FX/Indices,1H,1.1104,1.1069,1.115,1.1191,1.3142857142856743,2.485714285714224,SEUIL PRÉSERVÉ,7.3
2024-09-04 04:24:44,EUR/GBP,FX/Indices,1H,0.8431,0.8415,0.8459,0.8476,1.7500000000000868,2.812500000000152,SEUIL PRÉSERVÉ,7.7
2024-09-03 05:25:06,USD/CAD,FX/Indices,1H,1.3528,1.351,1.3571,1.3593,2.388888888888841,3.6111111111110357,SEUIL PRÉSERVÉ,8.6
2024-09-02 18:25:13,EUR/CHF,FX/Indices,1H,0.9426,0.9388,0.9474,0.9491,1.2631578947368405,1.7105263157894783,SEUIL PRÉSERVÉ,7.9
2024-09-02 18:24:59,GBP/CHF,FX/Indices,1H,1.1193,1.1178,1.1218,1.1345,1.666666666666568,10.133333333333017,INVALIDÉE,8.6
2024-08-30 15:34:38,GBP/JPY,FX/Indices,1H,191.51,191.27,191.93,192.92,1.7500000000002072,5.875000000000459,OBJECTIF ATTEINT,8.0
2024-08-30 13:48:09,MINI DJ30 FULL0625,FX/Indices,Journalier,41578.0,41037.0,,,,,INVALIDÉE,8.4
2024-08-29 14:36:21,AUD/JPY,FX/Indices,1H,98.75,98.61,98.93,100.09,1.285714285714329,9.571428571428557,INVALIDÉE,8.6
2024-08-28 13:27:54,AUD/JPY,FX/Indices,1H,98.19,97.8,98.93,100.09,1.897435897435918,4.871794871794879,SEUIL PRÉSERVÉ,8.2
2024-08-27 16:32:22,USD/CAD,FX/Indices,1H,1.3461,1.3525,1.3385,1.3254,1.187500000000015,3.234375000000045,SEUIL PRÉSERVÉ,8.2
2024-08-27 09:27:23,AUD/USD,FX/Indices,1H,0.6783,0.6753,0.6842,0.6864,1.9666666666666703,2.699999999999996,SEUIL PRÉSERVÉ,8.0
2024-08-22 16:33:43,CHF/JPY,FX/Indices,1H,171.57,170.73,172.57,173.16,1.1904761904761856,1.8928571428571392,SEUIL PRÉSERVÉ,8.8
2024-08-22 13:27:38,DAX40 FULL0926,FX/Indices,1H,18564.0,18379.0,18861.5,19287.0,1.6081081081081081,3.908108108108108,SEUIL PRÉSERVÉ,8.6
2024-08-22 07:27:23,USD/CAD,FX/Indices,1H,1.3578,1.3605,1.3525,1.3454,1.9629629629628045,4.5925925925923305,INVALIDÉE,8.0
2024-08-21 22:32:03,NZD/USD,FX/Indices,1H,0.6161,0.6147,0.6197,0.6261,2.571428571428685,7.14285714285737,INVALIDÉE,8.4
2024-08-21 21:25:31,EUR/USD,FX/Indices,1H,1.1152,1.1108,1.1235,1.1456,1.8863636363636478,6.909090909090969,SEUIL PRÉSERVÉ,8.4
2024-08-20 15:34:48,USD/JPY,FX/Indices,1H,145.77,146.27,145.19,144.74,1.160000000000025,2.0600000000000023,OBJECTIF ATTEINT,8.0
2024-08-20 05:24:49,AUD/JPY,FX/Indices,1H,98.87,98.28,99.53,100.61,1.1186440677965979,2.9491525423728557,INVALIDÉE,8.6
2024-08-19 16:32:55,NASDAQ100 - MINI NASDAQ100 FULL0926,FX/Indices,1H,19658.0,19505.25,20020.83,20231.0,2.375319148936182,3.751227495908347,SEUIL PRÉSERVÉ,8.4
2024-08-16 08:50:19,GBP/USD,FX/Indices,Journalier,1.2891,1.2831,1.3008,1.3128,1.9500000000000055,3.9500000000000055,OBJECTIF ATTEINT,7.7
2024-08-16 05:25:03,AUD/USD,FX/Indices,1H,0.6633,0.6605,0.6672,0.67,1.3928571428571357,2.3928571428571357,OBJECTIF ATTEINT,8.4
2024-08-15 22:49:44,MINI DJ30 FULL0625,FX/Indices,Journalier,40751.0,40054.0,,,,,OBJECTIF ATTEINT,8.2
2024-08-15 20:26:12,CHF/JPY,FX/Indices,1H,170.95,170.73,171.43,172.19,2.181818181818276,5.636363636363707,INVALIDÉE,8.0
2024-08-14 09:27:57,AUD/JPY,FX/Indices,1H,97.66,97.45,98.28,99.2,2.952380952381062,7.333333333333582,INVALIDÉE,8.0
2024-08-14 09:27:20,USD/CAD,FX/Indices,1H,1.3703,1.3735,1.364,1.3569,1.9687500000000715,4.187500000000195,SEUIL PRÉSERVÉ,7.7
2024-08-13 20:26:26,EUR/JPY,FX/Indices,1H,161.5,160.23,162.82,164.13,1.0393700787401436,2.0708661417322634,SEUIL PRÉSERVÉ,8.0
2024-08-13 09:28:31,NZD/USD,FX/Indices,1H,0.6038,0.6013,0.6065,0.6075,1.0799999999999894,1.4799999999999804,OBJECTIF ATTEINT,8.4
2024-08-13 06:25:19,USD/JPY,FX/Indices,1H,147.78,146.75,148.87,150.17,1.0582524271844682,2.3203883495145474,SEUIL PRÉSERVÉ,8.4
2024-08-12 13:27:28,AUD/USD,FX/Indices,1H,0.6599,0.658,0.6632,0.67,1.7368421052631302,5.315789473684173,SEUIL PRÉSERVÉ,8.4
2024-08-12 10:28:44,GBP/CHF,FX/Indices,1H,1.1083,1.1044,1.1162,1.1181,2.025641025641023,2.5128205128205114,SEUIL PRÉSERVÉ,8.4
2024-08-12 05:24:47,DAX40 FULL0926,FX/Indices,1H,17877.0,17656.17,18197.0,18373.0,1.44907847665624,2.2460716388171718,SEUIL PRÉSERVÉ,8.0
2024-08-09 05:25:08,NZD/USD,FX/Indices,1H,0.6028,0.601,0.6065,0.6137,2.0555555555555487,6.055555555555487,INVALIDÉE,8.4
2024-08-08 21:25:12,USD/JPY,FX/Indices,1H,147.24,146.75,148.52,150.17,2.6122448979591377,5.979591836734539,INVALIDÉE,7.5
2024-08-08 21:24:59,AUD/JPY,FX/Indices,1H,97.08,96.91,97.49,98.28,2.411764705882309,7.05882352941171,INVALIDÉE,8.6
2024-08-08 05:24:29,AUD/USD,FX/Indices,1H,0.6557,0.6513,0.661,0.6632,1.2045454545454843,1.7045454545454843,SEUIL PRÉSERVÉ,7.3
2024-08-08 00:44:07,EUR/USD,FX/Indices,Journalier,1.0928,1.0862,1.1004,1.1108,1.1515151515151698,2.7272727272727546,OBJECTIF ATTEINT,8.8
2024-08-07 18:32:51,GBP/USD,FX/Indices,1H,1.2691,1.2707,1.2672,1.2623,1.1874999999998352,4.249999999999827,OBJECTIF ATTEINT,7.5
2024-08-06 12:28:06,GBP/CHF,FX/Indices,1H,1.0824,1.0847,1.0778,1.0717,2.0,4.652173913043512,INVALIDÉE,8.2
2024-08-05 07:27:20,DAX40 PERF INDEX,FX/Indices,1H,17145.44,17335.33,16786.07,16271.75,1.8925167202063995,4.601032176523169,INVALIDÉE,8.6
2024-08-05 00:25:42,USD/JPY,FX/Indices,1H,145.29,145.61,144.77,143.57,1.6249999999998335,5.374999999999634,OBJECTIF ATTEINT,8.4
2024-08-02 19:32:06,NZD/USD,FX/Indices,1H,0.5965,0.595,0.5983,0.5993,1.1999999999999704,1.8666666666666123,INVALIDÉE,7.3
2024-08-01 16:56:57,USD/CAD,FX/Indices,Journalier,1.3856,1.3736,1.4195,1.4534,2.825000000000001,5.650000000000002,INVALIDÉE,8.8
2024-08-01 15:35:29,NZD/USD,FX/Indices,1H,0.5959,0.5932,0.5993,0.6028,1.2592592592592684,2.5555555555555283,SEUIL PRÉSERVÉ,7.3
2024-07-31 18:32:49,DAX40 FULL0926,FX/Indices,1H,18631.0,18577.83,18717.0,18774.0,1.6174534511943357,2.6894865525673253,INVALIDÉE,7.9
2024-07-29 08:29:19,NZD/USD,FX/Indices,1H,0.5877,0.5906,0.5837,0.5792,1.379310344827581,2.9310344827585904,SEUIL PRÉSERVÉ,8.4
2024-07-26 14:34:38,USD/CAD,FX/Indices,1H,1.3834,1.3819,1.3849,1.3876,1.0,2.7999999999998817,INVALIDÉE,8.2
2024-07-24 17:34:23,NASDAQ100 - MINI NASDAQ100 FULL0926,FX/Indices,1H,19369.5,19750.75,18911.67,18843.85,1.2008655737704963,1.3787540983606597,SEUIL PRÉSERVÉ,8.4
2024-07-24 11:27:02,EUR/GBP,FX/Indices,1H,0.8399,0.8412,0.8386,0.83,1.0,7.615384615384819,SEUIL PRÉSERVÉ,8.6
2024-07-24 05:24:56,NZD/USD,FX/Indices,1H,0.5924,0.595,0.5878,0.5864,1.7692307692308316,2.307692307692367,SEUIL PRÉSERVÉ,8.0
2024-07-22 16:33:06,EUR/GBP,FX/Indices,1H,0.8428,0.8412,0.8445,0.8454,1.0624999999999913,1.6249999999999827,SEUIL PRÉSERVÉ,7.7
2024-07-18 22:26:27,EUR/GBP,FX/Indices,1H,0.8419,0.8397,0.8443,0.846,1.0909090909091321,1.8636363636363773,SEUIL PRÉSERVÉ,7.7
2024-07-17 18:33:03,AUD/USD,FX/Indices,1H,0.6728,0.6738,0.6714,0.67,1.3999999999999555,2.799999999999911,INVALIDÉE,7.7
2024-07-17 09:28:30,USD/CHF,FX/Indices,1H,0.889,0.8915,0.8835,0.8821,2.2000000000000712,2.7600000000000655,OBJECTIF ATTEINT,8.6
2024-07-17 05:25:24,NASDAQ100 - MINI NASDAQ100 FULL0926,FX/Indices,1H,20508.0,20615.25,20374.45,19927.25,1.2452214452214385,5.414918414918415,OBJECTIF ATTEINT,8.0
2024-07-15 06:26:16,USD/CAD,FX/Indices,1H,1.3659,1.364,1.3687,1.3736,1.4736842105265495,4.052631578947836,OBJECTIF ATTEINT,8.2
2024-07-15 04:26:36,EUR/CHF,FX/Indices,1H,0.9759,0.9732,0.9831,0.9921,2.6666666666666257,5.999999999999917,SEUIL PRÉSERVÉ,8.2
2024-07-10 07:27:57,GBP/JPY,FX/Indices,1H,206.58,205.86,208.59,210.73,2.7916666666666585,5.763888888888866,SEUIL PRÉSERVÉ,8.6
2024-07-09 04:25:27,AUD/JPY,FX/Indices,1H,108.54,108.31,108.99,109.48,1.9565217391303515,4.08695652173905,SEUIL PRÉSERVÉ,7.5
2024-07-08 13:27:17,AUD/USD,FX/Indices,1H,0.6748,0.6733,0.6789,0.6864,2.733333333333427,7.733333333333649,SEUIL PRÉSERVÉ,7.3
2024-07-08 10:29:30,EUR/USD,FX/Indices,1H,1.0835,1.0809,1.0885,1.0953,1.923076923077015,4.538461538461664,SEUIL PRÉSERVÉ,8.4
2024-07-08 10:28:39,DAX40 FULL0926,FX/Indices,1H,18712.0,18631.0,18823.0,19169.0,1.3703703703703705,5.6419753086419755,INVALIDÉE,7.9
2024-07-08 06:27:00,CHF/JPY,FX/Indices,1H,179.56,179.29,179.89,180.29,1.2222222222221168,2.7037037037035634,INVALIDÉE,8.0
2024-07-08 06:26:34,EUR/GBP,FX/Indices,1H,0.8446,0.8458,0.8433,0.8393,1.0833333333333257,4.41666666666672,SEUIL PRÉSERVÉ,8.2
2024-07-08 03:25:48,NZD/USD,FX/Indices,1H,0.615,0.6129,0.6197,0.6261,2.2380952380952657,5.285714285714309,INVALIDÉE,8.6
2024-07-07 23:42:19,NZD/USD,FX/Indices,Journalier,0.6144,0.6106,0.6197,0.6261,1.3947368421053161,3.0789473684211335,INVALIDÉE,7.9
2024-07-07 22:26:36,S&P500 - MINI S&P500 FULL0926,FX/Indices,1H,5618.0,5585.05,5664.08,5706.67,1.3984825493171527,2.6910470409711853,SEUIL PRÉSERVÉ,8.4
2024-07-05 12:29:34,EUR/CHF,FX/Indices,1H,0.9732,0.9711,0.9756,0.9831,1.1428571428571805,4.714285714285745,INVALIDÉE,8.2
2024-07-04 08:29:14,EUR/USD,FX/Indices,1H,1.0802,1.0777,1.0832,1.0953,1.1999999999999822,6.040000000000085,SEUIL PRÉSERVÉ,8.6
2024-07-04 02:44:59,GBP/USD,FX/Indices,Journalier,1.2745,1.2682,1.2835,1.3128,1.4285714285714537,6.079365079365107,OBJECTIF ATTEINT,7.3
2024-07-03 13:27:51,DAX40 PERF INDEX,FX/Indices,1H,18334.62,18213.01,18490.36,18651.7,1.2806512622317314,2.60735136913083,OBJECTIF ATTEINT,8.2
2024-07-02 23:25:53,GBP/JPY,FX/Indices,1H,204.92,204.26,206.71,207.78,2.7121212121212572,4.333333333333377,SEUIL PRÉSERVÉ,8.2
2024-07-02 22:26:36,GBP/USD,FX/Indices,1H,1.2689,1.2671,1.2718,1.2835,1.6111111111111591,8.111111111111098,OBJECTIF ATTEINT,8.9
2024-07-02 20:25:45,EUR/JPY,FX/Indices,1H,173.51,173.22,173.88,175.3,1.275862068965568,6.172413793103688,OBJECTIF ATTEINT,8.2
2024-07-02 03:41:46,USD/CAD,FX/Indices,Journalier,1.3754,1.3689,1.3819,1.3876,1.0,1.8769230769230896,INVALIDÉE,8.4
2024-07-01 20:26:25,EUR/GBP,FX/Indices,1H,0.8492,0.8482,0.8511,0.8563,1.900000000000011,7.099999999999989,INVALIDÉE,8.0
2024-07-01 12:29:04,DAX40 PERF INDEX,FX/Indices,1H,18328.06,18213.01,18490.36,18651.7,1.410691003911301,2.813037809647903,INVALIDÉE,7.3
2024-07-01 07:27:52,DAX40 PERF INDEX,FX/Indices,1H,18414.18,18362.0,18490.36,18651.7,1.4599463395937116,4.55193560751244,INVALIDÉE,8.0
2024-06-30 21:24:33,AUD/JPY,FX/Indices,1H,107.37,107.0,107.97,108.65,1.6216216216215864,3.45945945945942,SEUIL PRÉSERVÉ,8.4
2024-06-30 21:24:19,EUR/GBP,FX/Indices,1H,0.8493,0.8482,0.8511,0.8563,1.6363636363634069,6.363636363635685,INVALIDÉE,8.2
2024-06-28 21:26:18,EUR/CHF,FX/Indices,1H,0.963,0.9595,0.968,0.9691,1.4285714285714513,1.7428571428571673,OBJECTIF ATTEINT,7.9
2024-06-28 21:26:07,GBP/JPY,FX/Indices,1H,203.39,202.7,204.09,206.1,1.0144927536232164,3.9275362318840825,OBJECTIF ATTEINT,7.7
2024-06-28 20:26:59,USD/JPY,FX/Indices,1H,160.92,160.29,161.62,163.41,1.1111111111111462,3.952380952380995,OBJECTIF ATTEINT,7.3
2024-06-28 20:26:57,EUR/JPY,FX/Indices,1H,172.35,172.17,172.87,174.82,2.8888888888888364,13.722222222221696,OBJECTIF ATTEINT,7.5
2024-06-28 08:29:43,USD/CHF,FX/Indices,1H,0.8998,0.8983,0.9023,0.91,1.666666666666568,6.799999999999733,SEUIL PRÉSERVÉ,8.6
2024-06-28 04:25:30,NZD/USD,FX/Indices,1H,0.6061,0.6068,0.6053,0.5995,1.1428571428571201,9.428571428570885,INVALIDÉE,8.2
2024-06-28 00:26:35,USD/CAD,FX/Indices,1H,1.37,1.3674,1.3743,1.3765,1.6538461538460423,2.499999999999829,SEUIL PRÉSERVÉ,8.0
2024-06-27 20:26:40,GBP/CHF,FX/Indices,1H,1.1363,1.1344,1.1383,1.1458,1.0526315789473624,4.999999999999883,OBJECTIF ATTEINT,8.0
2024-06-27 18:33:38,GBP/JPY,FX/Indices,1H,203.3,202.7,204.09,206.1,1.3166666666666036,4.666666666666462,SEUIL PRÉSERVÉ,8.8
2024-06-27 03:25:57,EUR/CHF,FX/Indices,1H,0.9589,0.9573,0.9625,0.968,2.2500000000001212,5.68750000000023,SEUIL PRÉSERVÉ,7.9
2024-06-26 15:33:48,GBP/JPY,FX/Indices,1H,202.9,202.14,204.09,206.1,1.5657894736841678,4.210526315789352,SEUIL PRÉSERVÉ,8.0
2024-06-26 08:28:35,AUD/USD,FX/Indices,1H,0.6684,0.667,0.67,0.6779,1.1428571428572107,6.7857142857144614,INVALIDÉE,8.4
2024-06-26 05:26:06,USD/JPY,FX/Indices,1H,159.79,159.19,160.72,161.62,1.550000000000026,3.0500000000000496,OBJECTIF ATTEINT,8.2
2024-06-25 17:31:53,EUR/CHF,FX/Indices,1H,0.9585,0.9567,0.9625,0.9659,2.222222222222195,4.111111111111036,SEUIL PRÉSERVÉ,8.0
2024-06-25 13:27:21,GBP/CHF,FX/Indices,1H,1.1339,1.132,1.1368,1.139,1.5263157894737396,2.6842105263158262,SEUIL PRÉSERVÉ,8.2
2024-06-24 18:32:15,AUD/JPY,FX/Indices,1H,106.29,105.97,107.01,107.88,2.2499999999999445,4.968749999999852,SEUIL PRÉSERVÉ,8.2
2024-06-24 00:26:25,NZD/USD,FX/Indices,1H,0.611,0.6149,0.6069,0.6053,1.0512820512820455,1.461538461538466,SEUIL PRÉSERVÉ,8.4
2024-06-23 22:26:47,EUR/CHF,FX/Indices,1H,0.9563,0.9535,0.9625,0.9645,2.2142857142856887,2.9285714285713973,SEUIL PRÉSERVÉ,8.0
2024-06-23 22:26:45,EUR/JPY,FX/Indices,1H,170.81,169.91,171.87,172.87,1.177777777777773,2.2888888888888768,SEUIL PRÉSERVÉ,8.6
2024-06-21 14:34:13,EUR/GBP,FX/Indices,1H,0.8462,0.8444,0.8511,0.8563,2.7222222222223627,5.611111111111382,SEUIL PRÉSERVÉ,7.5
2024-06-20 19:31:25,EUR/GBP,FX/Indices,1H,0.8454,0.8444,0.8465,0.8493,1.099999999999989,3.900000000000011,OBJECTIF ATTEINT,7.7
2024-06-19 23:26:05,EUR/USD,FX/Indices,1H,1.0747,1.0733,1.0762,1.0803,1.07142857142856,3.9999999999998415,INVALIDÉE,6.6
2024-06-19 14:29:20,GBP/JPY,FX/Indices,1H,200.98,200.65,201.32,201.62,1.0303030303030902,1.9393939393940778,OBJECTIF ATTEINT,8.2
2024-06-18 07:26:51,EUR/GBP,FX/Indices,1H,0.8456,0.844,0.8498,0.8511,2.6249999999999134,3.43749999999987,SEUIL PRÉSERVÉ,7.3
2024-06-17 08:29:26,S&P500 - MINI S&P500 FULL0926,FX/Indices,1H,5509.0,5490.5,5547.67,5593.33,2.090270270270274,4.558378378378374,OBJECTIF ATTEINT,8.2
2024-06-17 02:26:04,NASDAQ100 - MINI NASDAQ100 FULL0926,FX/Indices,1H,19964.5,19761.75,20192.67,20439.08,1.1253760789149112,2.340715166461168,OBJECTIF ATTEINT,8.6
2024-06-13 10:29:26,GBP/CHF,FX/Indices,1H,1.1452,1.144,1.1483,1.1499,2.5833333333332256,3.916666666666312,INVALIDÉE,7.9
2024-06-13 00:26:30,GBP/JPY,FX/Indices,1H,200.7,199.93,202.53,204.42,2.376623376623449,4.831168831168944,SEUIL PRÉSERVÉ,7.9
2024-06-12 10:29:19,AUD/JPY,FX/Indices,1H,104.07,103.63,104.73,105.04,1.5000000000000322,2.2045454545454954,SEUIL PRÉSERVÉ,7.9
2024-06-11 13:27:23,USD/CAD,FX/Indices,1H,1.3775,1.3733,1.3819,1.3876,1.0476190476190426,2.404761904761915,SEUIL PRÉSERVÉ,8.0
2024-06-11 09:28:00,USD/CHF,FX/Indices,1H,0.8971,0.8946,0.9008,0.9036,1.4799999999999804,2.59999999999992,SEUIL PRÉSERVÉ,7.9
2024-06-10 21:25:26,GBP/JPY,FX/Indices,1H,199.91,199.23,200.65,202.53,1.0882352941176494,3.8529411764705563,SEUIL PRÉSERVÉ,8.2
2024-06-10 20:26:20,GBP/CHF,FX/Indices,1H,1.1413,1.1396,1.1432,1.1458,1.1176470588235141,2.6470588235293273,OBJECTIF ATTEINT,6.1
2024-06-07 18:32:58,USD/JPY,FX/Indices,1H,156.68,156.52,157.01,157.73,2.0624999999999445,6.562500000000034,OBJECTIF ATTEINT,7.9
2024-06-07 06:26:34,EUR/CHF,FX/Indices,1H,0.9682,0.9741,0.957,0.9491,1.8983050847457554,3.2372881355931935,SEUIL PRÉSERVÉ,7.5
2024-06-07 05:25:49,MINI DJ30 FULL0625,FX/Indices,1H,39017.0,38918.0,,,,,INVALIDÉE,7.9
2024-06-06 19:31:20,GBP/USD,FX/Indices,1H,1.2791,1.2778,1.2818,1.2835,2.0769230769234186,3.384615384615897,INVALIDÉE,8.4
2024-06-06 12:27:51,USD/CAD,FX/Indices,1H,1.37,1.3685,1.3717,1.3735,1.1333333333331657,2.333333333333136,INVALIDÉE,8.0
2024-06-05 21:25:35,NZD/USD,FX/Indices,1H,0.6193,0.6182,0.6215,0.6261,2.000000000000101,6.181818181818264,INVALIDÉE,8.4
2024-06-04 09:27:03,DAX40 PERF INDEX,FX/Indices,1H,18403.23,18492.49,18199.15,18109.12,2.286354470087312,3.2949809545148314,INVALIDÉE,7.9
2024-06-03 19:31:31,CHF/JPY,FX/Indices,1H,174.34,173.8,175.36,176.38,1.8888888888889357,3.7777777777778185,INVALIDÉE,8.2
2024-06-02 22:26:01,CHF/JPY,FX/Indices,1H,174.42,173.8,175.36,176.38,1.516129032258165,3.1612903225807796,SEUIL PRÉSERVÉ,8.6
2024-05-31 00:26:31,S&P500 - MINI S&P500 FULL0926,FX/Indices,1H,5236.75,5278.75,5187.58,5073.75,1.1707142857142874,3.880952380952381,SEUIL PRÉSERVÉ,8.0
2024-05-28 07:28:06,EUR/USD,FX/Indices,1H,1.0876,1.0868,1.0888,1.0953,1.5000000000002776,9.62500000000111,INVALIDÉE,8.8
2024-05-27 08:28:39,NZD/USD,FX/Indices,1H,0.6135,0.6127,0.6153,0.6197,2.2499999999998264,7.7499999999997575,OBJECTIF ATTEINT,8.6
2024-05-24 17:32:21,GBP/JPY,FX/Indices,1H,199.85,198.91,201.91,206.45,2.1914893617021356,7.021276595744692,SEUIL PRÉSERVÉ,8.8
2024-05-24 02:27:51,USD/CHF,FX/Indices,1H,0.9151,0.9126,0.9221,0.9248,2.7999999999999376,3.8799999999998827,SEUIL PRÉSERVÉ,7.5
2024-05-23 21:42:06,USD/CAD,FX/Indices,Journalier,1.3728,1.364,1.3819,1.3876,1.0340909090909056,1.6818181818181888,INVALIDÉE,7.9
2024-05-23 17:31:00,NASDAQ100 INDEX,FX/Indices,1H,18782.53,18589.91,18976.36,19283.23,1.0062817983594785,2.5994185442841,SEUIL PRÉSERVÉ,7.9
2024-05-22 17:33:32,USD/JPY,FX/Indices,1H,156.53,156.25,157.09,158.33,2.0,6.428571428571443,SEUIL PRÉSERVÉ,7.9
2024-05-22 14:35:23,USD/CHF,FX/Indices,1H,0.9142,0.9117,0.9176,0.9221,1.3599999999999521,3.1599999999999344,SEUIL PRÉSERVÉ,8.8
2024-05-22 12:28:45,MINI DJ30 FULL0625,FX/Indices,1H,39922.0,40032.0,,,,,OBJECTIF ATTEINT,7.5
2024-05-22 11:26:53,USD/CAD,FX/Indices,1H,1.3656,1.364,1.3676,1.3691,1.2500000000001388,2.1875000000002776,OBJECTIF ATTEINT,8.0
2024-05-22 06:26:21,EUR/CHF,FX/Indices,1H,0.9904,0.9872,0.997,1.0071,2.062500000000028,5.218750000000082,SEUIL PRÉSERVÉ,8.2
2024-05-22 05:25:31,GBP/CHF,FX/Indices,1H,1.1586,1.1556,1.1618,1.1693,1.0666666666665827,3.566666666666509,OBJECTIF ATTEINT,8.4
2024-05-22 04:27:02,GBP/JPY,FX/Indices,1H,198.71,197.81,199.88,201.91,1.2999999999999778,3.5555555555555203,SEUIL PRÉSERVÉ,8.6
2024-05-21 16:32:41,USD/CHF,FX/Indices,1H,0.9108,0.9085,0.9176,0.9221,2.9565217391302965,4.913043478260689,SEUIL PRÉSERVÉ,8.0
2024-05-17 07:27:27,NZD/USD,FX/Indices,1H,0.6119,0.6106,0.6149,0.6197,2.307692307692367,6.0000000000001705,SEUIL PRÉSERVÉ,7.7
2024-05-16 13:48:42,GBP/JPY,FX/Indices,Journalier,196.65,195.83,197.81,206.45,1.414634146341471,11.9512195121952,OBJECTIF ATTEINT,8.0
2024-05-16 12:28:15,EUR/CHF,FX/Indices,1H,0.9815,0.9804,0.9835,0.9917,1.8181818181818366,9.272727272727346,OBJECTIF ATTEINT,7.1
2024-05-16 12:28:00,GBP/CHF,FX/Indices,1H,1.1434,1.1418,1.1458,1.1471,1.4999999999999307,2.3124999999999565,OBJECTIF ATTEINT,7.0
2024-05-15 14:34:35,NZD/USD,FX/Indices,1H,0.6079,0.6064,0.6106,0.6168,1.8000000000000889,5.93333333333356,OBJECTIF ATTEINT,8.6
2024-05-14 21:25:06,AUD/USD,FX/Indices,1H,0.6626,0.6606,0.665,0.6675,1.2000000000000333,2.4500000000000055,OBJECTIF ATTEINT,8.0
2024-05-14 19:31:33,GBP/CHF,FX/Indices,1H,1.1416,1.1397,1.1458,1.1494,2.210526315789449,4.105263157894725,SEUIL PRÉSERVÉ,8.2
2024-05-14 14:59:45,EUR/CHF,FX/Indices,Journalier,0.9809,0.968,1.0071,1.0265,2.0310077519379894,3.534883720930224,SEUIL PRÉSERVÉ,7.9
2024-05-13 10:28:33,GBP/JPY,FX/Indices,1H,195.26,194.85,195.83,196.87,1.3902439024390887,3.926829268292749,OBJECTIF ATTEINT,7.9
2024-05-13 07:27:51,USD/JPY,FX/Indices,1H,155.83,154.84,156.89,157.38,1.0707070707070345,1.565656565656534,SEUIL PRÉSERVÉ,7.5
2024-05-10 10:29:01,CHF/JPY,FX/Indices,1H,171.8,171.44,172.34,173.16,1.499999999999921,3.7777777777775934,SEUIL PRÉSERVÉ,8.2
2024-05-10 02:27:16,EUR/GBP,FX/Indices,1H,0.861,0.8601,0.8627,0.8659,1.8888888888889026,5.44444444444439,INVALIDÉE,7.5
2024-05-09 18:34:12,GBP/JPY,FX/Indices,1H,194.75,194.13,195.83,196.56,1.741935483870975,2.9193548387096597,SEUIL PRÉSERVÉ,8.4
2024-05-09 03:25:33,AUD/JPY,FX/Indices,1H,102.43,101.83,103.45,104.11,1.6999999999999693,2.799999999999948,SEUIL PRÉSERVÉ,8.2
2024-05-08 00:26:34,GBP/CHF,FX/Indices,1H,1.1354,1.1384,1.1296,1.1259,1.9333333333332692,3.166666666666568,SEUIL PRÉSERVÉ,8.4
2024-05-06 17:52:57,AUD/JPY,FX/Indices,Journalier,102.01,100.6,103.45,105.04,1.0212765957446714,2.1489361702127505,OBJECTIF ATTEINT,8.0
2024-05-03 11:27:38,EUR/GBP,FX/Indices,1H,0.856,0.8546,0.8592,0.8627,2.2857142857143424,4.7857142857144614,SEUIL PRÉSERVÉ,7.7
2024-05-03 08:29:07,EUR/USD,FX/Indices,1H,1.0743,1.0729,1.0765,1.0862,1.5714285714284808,8.499999999999604,OBJECTIF ATTEINT,8.8
2024-04-29 11:28:21,NZD/USD,FX/Indices,1H,0.5978,0.5952,0.6017,0.6064,1.4999999999999787,3.3076923076922684,INVALIDÉE,8.9
2024-04-29 11:27:47,AUD/USD,FX/Indices,1H,0.6569,0.6552,0.6589,0.6631,1.176470588235271,3.6470588235293273,INVALIDÉE,8.6
2024-04-28 23:41:45,GBP/CHF,FX/Indices,Journalier,1.1428,1.123,1.1693,1.2181,1.338383838383834,3.8030303030302917,SEUIL PRÉSERVÉ,8.4
2024-04-26 21:25:30,EUR/GBP,FX/Indices,1H,0.8559,0.858,0.8536,0.8521,1.0952380952380851,1.8095238095238297,OBJECTIF ATTEINT,7.9
2024-04-26 08:27:56,NZD/USD,FX/Indices,1H,0.5964,0.5952,0.6,0.6064,2.9999999999997224,8.333333333332716,INVALIDÉE,8.0
2024-04-25 23:25:14,AUD/USD,FX/Indices,1H,0.6524,0.6504,0.6555,0.6631,1.5499999999999945,5.3500000000000165,SEUIL PRÉSERVÉ,7.9
2024-04-25 20:26:54,EUR/USD,FX/Indices,1H,1.0729,1.0708,1.0786,1.0862,2.7142857142857446,6.333333333333404,INVALIDÉE,8.0
2024-04-25 19:31:25,GBP/USD,FX/Indices,1H,1.252,1.2499,1.2548,1.2675,1.3333333333332982,7.380952380952446,SEUIL PRÉSERVÉ,7.7
2024-04-25 03:24:55,AUD/USD,FX/Indices,1H,0.65,0.649,0.653,0.6555,3.0,5.499999999999945,OBJECTIF ATTEINT,7.9
2024-04-25 00:26:10,NZD/USD,FX/Indices,1H,0.5939,0.5929,0.5952,0.5995,1.2999999999999667,5.600000000000044,INVALIDÉE,7.3
2024-04-24 20:26:10,AUD/JPY,FX/Indices,1H,100.86,100.6,101.25,102.48,1.4999999999999727,6.230769230769126,OBJECTIF ATTEINT,8.6
2024-04-24 19:36:39,EUR/USD,FX/Indices,1H,1.0704,1.069,1.0728,1.0862,1.714285714285601,11.285714285713764,OBJECTIF ATTEINT,7.9
2024-04-24 18:31:56,USD/CHF,FX/Indices,1H,0.9144,0.9131,0.9165,0.9221,1.6153846153846483,5.9230769230771,INVALIDÉE,8.4
2024-04-24 02:26:07,NZD/USD,FX/Indices,1H,0.5947,0.5929,0.5995,0.601,2.666666666666646,3.4999999999999383,INVALIDÉE,8.8
2024-04-24 00:26:37,NZD/USD,FX/Indices,1H,0.594,0.5928,0.5952,0.5969,1.0,2.4166666666667207,INVALIDÉE,8.2
2024-04-23 13:27:55,USD/JPY,FX/Indices,1H,154.84,154.46,155.27,155.94,1.1315789473684525,2.894736842105283,SEUIL PRÉSERVÉ,8.2
2024-04-22 15:33:13,USD/JPY,FX/Indices,1H,154.77,154.45,155.27,155.94,1.5624999999998945,3.656249999999714,SEUIL PRÉSERVÉ,8.2
2024-04-19 10:28:56,CHF/JPY,FX/Indices,1H,170.03,169.66,170.42,171.44,1.0540540540540042,3.8108108108107546,SEUIL PRÉSERVÉ,7.9
2024-04-18 10:28:24,GBP/CHF,FX/Indices,1H,1.1334,1.1355,1.1308,1.123,1.2380952380952128,4.952380952380957,OBJECTIF ATTEINT,8.0
2024-04-17 22:27:10,NASDAQ100 - MINI NASDAQ100 FULL0926,FX/Indices,1H,17678.0,17767.1,17517.0,17396.58,1.8069584736251698,3.158473625140324,SEUIL PRÉSERVÉ,8.2
2024-04-17 16:32:31,S&P500 - MINI S&P500 FULL0926,FX/Indices,1H,5064.25,5123.25,4981.67,4897.75,1.3996610169491512,2.8220338983050848,SEUIL PRÉSERVÉ,8.4
2024-04-17 15:33:34,EUR/JPY,FX/Indices,1H,164.54,164.13,165.18,167.66,1.5609756097561467,7.60975609756105,SEUIL PRÉSERVÉ,8.0
2024-04-17 09:27:29,CHF/JPY,FX/Indices,1H,169.75,169.41,170.42,171.44,1.9705882352940611,4.970588235294061,INVALIDÉE,8.4
2024-04-15 18:33:25,GBP/CHF,FX/Indices,1H,1.136,1.1379,1.1321,1.123,2.0526315789472456,6.842105263157796,SEUIL PRÉSERVÉ,8.2
2024-04-15 17:31:18,NZD/USD,FX/Indices,1H,0.5912,0.5935,0.587,0.5835,1.8260869565216677,3.347826086956375,SEUIL PRÉSERVÉ,8.6
2024-04-15 04:26:32,USD/CHF,FX/Indices,1H,0.9143,0.91,0.9191,0.9221,1.1162790697674556,1.8139534883721122,SEUIL PRÉSERVÉ,8.6
2024-04-12 13:49:20,GBP/USD,FX/Indices,Journalier,1.2466,1.2541,1.2315,1.2044,2.013333333333302,5.626666666666622,INVALIDÉE,7.9
2024-04-12 11:27:43,MINI DJ30 FULL0625,FX/Indices,1H,38614.0,38871.0,,,,,SEUIL PRÉSERVÉ,7.5
2024-04-12 07:28:05,GBP/USD,FX/Indices,1H,1.251,1.2541,1.2418,1.2315,2.9677419354837324,6.290322580644905,SEUIL PRÉSERVÉ,8.4
2024-04-12 07:27:49,NZD/USD,FX/Indices,1H,0.5971,0.5985,0.5952,0.5892,1.3571428571428006,5.642857142856882,OBJECTIF ATTEINT,8.0
2024-04-10 04:27:53,GBP/CHF,FX/Indices,1H,1.1457,1.1442,1.1486,1.1614,1.9333333333336293,10.466666666667852,SEUIL PRÉSERVÉ,8.2
2024-04-09 23:25:29,NZD/USD,FX/Indices,1H,0.6065,0.6047,0.6106,0.6168,2.2777777777777435,5.7222222222221335,INVALIDÉE,7.9
2024-04-09 17:30:56,DAX40 FULL0926,FX/Indices,1H,18338.0,18409.0,18198.0,17705.0,1.971830985915493,8.915492957746478,INVALIDÉE,8.2
2024-04-09 03:25:22,USD/JPY,FX/Indices,1H,151.87,151.64,152.12,152.62,1.0869565217390444,3.2608695652171336,SEUIL PRÉSERVÉ,8.0
2024-04-08 09:47:28,EUR/CHF,FX/Indices,Journalier,0.9806,0.968,1.0071,1.0265,2.1031746031746,3.642857142857122,SEUIL PRÉSERVÉ,8.2
2024-03-29 04:26:24,EUR/GBP,FX/Indices,1H,0.8536,0.8545,0.851,0.8459,2.8888888888889026,8.555555555555488,INVALIDÉE,8.6
2024-03-28 00:26:01,NZD/USD,FX/Indices,1H,0.5988,0.5996,0.5974,0.5916,1.7499999999998959,8.999999999999723,OBJECTIF ATTEINT,8.6
2024-03-27 13:28:13,AUD/USD,FX/Indices,1H,0.6516,0.6531,0.6498,0.6418,1.1999999999998965,6.533333333333032,INVALIDÉE,8.4
2024-03-27 05:27:29,EUR/GBP,FX/Indices,1H,0.8583,0.857,0.8601,0.8626,1.3846153846154372,3.3076923076924523,INVALIDÉE,8.8
2024-03-25 21:26:56,DAX40 FULL0926,FX/Indices,1H,18542.0,18484.0,18633.0,18773.0,1.5689655172413792,3.9827586206896552,OBJECTIF ATTEINT,8.0
2024-03-25 13:56:48,GBP/JPY,FX/Indices,Journalier,191.29,188.39,195.83,198.22,1.5655172413793144,2.3896551724137907,SEUIL PRÉSERVÉ,7.9
2024-03-21 14:59:14,USD/JPY,FX/Indices,Journalier,151.48,150.17,153.95,157.01,1.8854961832061028,4.22137404580152,OBJECTIF ATTEINT,8.0
2024-03-21 12:27:47,GBP/CHF,FX/Indices,1H,1.1399,1.1348,1.1458,1.156,1.156862745098069,3.156862745098113,INVALIDÉE,8.6
2024-03-21 11:28:25,DAX40 PERF INDEX,FX/Indices,1H,18083.72,17965.11,18255.92,18472.78,1.4518168788466086,3.280161875052658,SEUIL PRÉSERVÉ,8.4
2024-03-20 19:32:59,EUR/CHF,FX/Indices,1H,0.9676,0.9665,0.9704,0.981,2.545454545454591,12.181818181818265,OBJECTIF ATTEINT,8.4
2024-03-20 08:27:36,NZD/USD,FX/Indices,1H,0.604,0.6054,0.6008,0.5974,2.2857142857141612,4.714285714285443,INVALIDÉE,8.2
2024-03-20 00:25:49,USD/CHF,FX/Indices,1H,0.8888,0.8851,0.8946,0.898,1.5675675675675294,2.486486486486458,SEUIL PRÉSERVÉ,8.2
2024-03-19 20:25:55,EUR/CHF,FX/Indices,1H,0.9648,0.9629,0.968,0.9761,1.6842105263157678,5.9473684210525795,SEUIL PRÉSERVÉ,7.7
2024-03-19 17:32:09,GBP/CHF,FX/Indices,1H,1.1303,1.129,1.1336,1.1458,2.538461538461276,11.923076923076081,SEUIL PRÉSERVÉ,8.6
2024-03-19 12:27:41,GBP/JPY,FX/Indices,1H,191.09,190.16,192.64,194.77,1.666666666666636,3.9569892473118062,OBJECTIF ATTEINT,8.8
2024-03-18 14:32:41,USD/CAD,FX/Indices,1H,1.3546,1.3525,1.3591,1.3688,2.1428571428571277,6.761904761904787,SEUIL PRÉSERVÉ,7.1
2024-03-14 22:25:16,NZD/USD,FX/Indices,1H,0.6125,0.6135,0.6106,0.6068,1.900000000000011,5.700000000000033,OBJECTIF ATTEINT,8.2
2024-03-14 03:26:41,USD/JPY,FX/Indices,1H,147.82,147.46,148.28,149.33,1.2777777777778523,4.19444444444467,OBJECTIF ATTEINT,7.3
2024-03-14 00:26:59,USD/CHF,FX/Indices,1H,0.8787,0.8769,0.8826,0.8875,2.166666666666646,4.888888888888779,OBJECTIF ATTEINT,7.1
2024-03-06 14:27:33,GBP/USD,FX/Indices,1H,1.2726,1.27,1.28,1.2927,2.846153846153945,7.7307692307694245,SEUIL PRÉSERVÉ,8.4
2024-03-06 00:26:07,USD/CAD,FX/Indices,1H,1.3597,1.3566,1.3688,1.3809,2.93548387096789,6.8387096774196525,INVALIDÉE,8.0
2024-03-05 21:26:26,EUR/USD,FX/Indices,1H,1.0857,1.0838,1.0888,1.0989,1.6315789473683473,6.947368421052521,OBJECTIF ATTEINT,8.0
2024-03-05 16:32:41,EUR/GBP,FX/Indices,1H,0.8541,0.855,0.8526,0.851,1.6666666666665844,3.4444444444443896,SEUIL PRÉSERVÉ,8.4
2024-03-04 07:26:36,EUR/GBP,FX/Indices,1H,0.8566,0.8557,0.8575,0.8634,1.0,7.5555555555553635,INVALIDÉE,8.0
2024-03-01 03:25:22,EUR/GBP,FX/Indices,1H,0.8565,0.8557,0.8575,0.8634,1.2499999999999654,8.624999999999636,OBJECTIF ATTEINT,8.4
2024-02-27 18:31:00,DAX40 FULL0926,FX/Indices,1H,17592.0,17502.0,17756.67,18026.33,1.8296666666666472,4.825888888888908,SEUIL PRÉSERVÉ,8.9
2024-02-27 05:25:22,GBP/USD,FX/Indices,1H,1.2683,1.2669,1.27,1.28,1.2142857142856802,8.357142857142483,SEUIL PRÉSERVÉ,8.2
2024-02-27 00:24:28,AUD/USD,FX/Indices,1H,0.6533,0.6552,0.6498,0.6477,1.8421052631578547,2.9473684210525795,SEUIL PRÉSERVÉ,7.7
2024-02-26 12:26:58,DAX40 FULL0926,FX/Indices,1H,17472.0,17399.0,17608.33,17756.67,1.8675342465753664,3.8995890410958665,SEUIL PRÉSERVÉ,8.4
2024-02-26 10:47:53,CHF/JPY,FX/Indices,Journalier,171.29,170.42,172.59,174.73,1.4942528735632237,3.9540229885057236,INVALIDÉE,7.9
2024-02-23 12:27:30,AUD/JPY,FX/Indices,1H,98.94,98.62,99.77,105.04,2.59375000000005,19.062500000000433,INVALIDÉE,8.4
2024-02-23 08:27:50,USD/JPY,FX/Indices,1H,150.63,150.45,150.89,151.65,1.4444444444443392,5.666666666666509,INVALIDÉE,8.2
2024-02-22 07:24:54,EUR/GBP,FX/Indices,1H,0.8568,0.8557,0.8579,0.8634,1.0,6.0,INVALIDÉE,8.4
2024-02-21 21:25:34,GBP/USD,FX/Indices,1H,1.2632,1.2606,1.2669,1.269,1.4230769230767655,2.2307692307690203,OBJECTIF ATTEINT,8.2
2024-02-21 14:27:39,EUR/JPY,FX/Indices,1H,162.23,161.96,162.96,164.13,2.7037037037039533,7.037037037037532,OBJECTIF ATTEINT,8.4
2024-02-21 03:27:02,GBP/USD,FX/Indices,1H,1.2634,1.262,1.2669,1.269,2.499999999999762,3.999999999999683,INVALIDÉE,7.5
2024-02-21 03:26:51,AUD/JPY,FX/Indices,1H,98.45,98.28,98.62,99.77,1.0,7.764705882352823,SEUIL PRÉSERVÉ,8.8
2024-02-19 23:27:34,EUR/CHF,FX/Indices,1H,0.9513,0.9498,0.9535,0.9629,1.4666666666665975,7.733333333333003,SEUIL PRÉSERVÉ,8.6
2024-02-19 21:25:38,EUR/USD,FX/Indices,1H,1.0781,1.0769,1.0797,1.0856,1.3333333333332718,6.249999999999399,INVALIDÉE,7.7
2024-02-19 03:25:35,NZD/USD,FX/Indices,1H,0.614,0.6127,0.6159,0.6234,1.4615384615385074,7.230769230769382,SEUIL PRÉSERVÉ,8.4
2024-02-18 23:26:02,EUR/USD,FX/Indices,1H,1.0781,1.0769,1.0797,1.0856,1.3333333333332718,6.249999999999399,INVALIDÉE,8.2
2024-02-16 00:24:50,EUR/JPY,FX/Indices,1H,161.6,160.8,162.76,164.13,1.4500000000000266,3.162500000000069,SEUIL PRÉSERVÉ,8.4
2024-02-15 18:30:23,AUD/JPY,FX/Indices,1H,97.74,97.39,98.28,99.12,1.5428571428571858,3.9428571428572345,SEUIL PRÉSERVÉ,8.6
2024-02-14 18:32:08,EUR/JPY,FX/Indices,1H,161.44,160.8,162.76,164.13,2.0625000000000333,4.203125000000086,SEUIL PRÉSERVÉ,8.2
2024-02-14 18:31:51,AUD/JPY,FX/Indices,1H,97.68,97.39,98.28,99.12,2.068965517241315,4.965517241379195,SEUIL PRÉSERVÉ,8.6
2024-02-12 18:30:42,GBP/USD,FX/Indices,1H,1.2633,1.2599,1.2667,1.2701,0.9999999999999347,1.9999999999999347,OBJECTIF ATTEINT,8.2
2024-02-12 17:32:33,EUR/CHF,FX/Indices,1H,0.9436,0.9416,0.946,0.9535,1.1999999999999778,4.9500000000000055,OBJECTIF ATTEINT,7.7
2024-02-09 20:30:42,EUR/USD,FX/Indices,1H,1.0785,1.0764,1.0806,1.0857,1.0,3.4285714285714888,OBJECTIF ATTEINT,7.9
2024-02-09 17:32:40,EUR/CHF,FX/Indices,1H,0.9434,0.9424,0.946,0.9535,2.5999999999999335,10.099999999999989,SEUIL PRÉSERVÉ,8.6
2024-02-09 17:32:37,S&P500 - MINI S&P500 FULL0926,FX/Indices,1H,5028.75,5009.5,5079.75,5161.75,2.6493506493506493,6.909090909090909,SEUIL PRÉSERVÉ,8.4
2024-02-09 17:32:26,GBP/CHF,FX/Indices,1H,1.1049,1.102,1.1103,1.1231,1.8620689655173286,6.275862068965726,SEUIL PRÉSERVÉ,8.6
2024-02-09 00:25:22,MINI DJ30 FULL0625,FX/Indices,1H,38802.0,38664.0,,,,,SEUIL PRÉSERVÉ,8.2
2024-02-07 08:26:55,DAX40 PERF INDEX,FX/Indices,1H,17014.1,16968.39,17097.74,17190.92,1.829796543426048,3.8683001531394243,INVALIDÉE,8.9
2024-02-06 13:46:53,DAX40 PERF INDEX,FX/Indices,Journalier,16952.3,16781.89,17153.89,17404.01,1.1829704829528802,2.650724722727537,OBJECTIF ATTEINT,8.4
2024-02-06 09:27:52,NASDAQ100 - MINI NASDAQ100 FULL0926,FX/Indices,1H,17747.25,17633.54,17931.67,18130.58,1.6218450444112187,3.37111951455461,INVALIDÉE,8.0
2024-02-06 01:25:58,EUR/CHF,FX/Indices,1H,0.9353,0.9341,0.9389,0.9428,3.0,6.250000000000069,SEUIL PRÉSERVÉ,6.8
2024-02-02 20:52:00,NASDAQ100 INDEX,FX/Indices,Journalier,17649.58,16906.8,18433.3,19201.34,1.0551172621772194,2.0891246398664385,SEUIL PRÉSERVÉ,8.4
2024-02-02 17:54:27,NASDAQ100 - MINI NASDAQ100 FULL0926,FX/Indices,Journalier,17741.25,17519.6,18042.08,18647.42,1.3572298669072853,4.088292352808447,OBJECTIF ATTEINT,8.4
2024-02-01 09:28:09,GBP/CHF,FX/Indices,1H,1.092,1.094,1.09,1.0822,1.0,4.900000000000011,OBJECTIF ATTEINT,8.2
2024-02-01 06:25:49,EUR/USD,FX/Indices,1H,1.0801,1.0821,1.0764,1.0638,1.8500000000000167,8.149999999999983,INVALIDÉE,8.4
2024-02-01 06:25:22,AUD/USD,FX/Indices,1H,0.6538,0.6551,0.6501,0.6473,2.846153846153945,5.0000000000001705,INVALIDÉE,8.6
2024-01-31 00:26:02,NZD/USD,FX/Indices,1H,0.6134,0.6124,0.6149,0.6167,1.500000000000222,3.300000000000444,INVALIDÉE,7.1
2024-01-30 10:27:18,DAX40 PERF INDEX,FX/Indices,1H,16962.26,16860.05,17083.5,17205.61,1.186185304764726,2.3808824968203135,SEUIL PRÉSERVÉ,7.7
2024-01-30 05:24:54,DAX40 FULL0926,FX/Indices,1H,17098.0,17035.0,17184.67,17306.33,1.375714285714258,3.3068253968254244,SEUIL PRÉSERVÉ,8.8
2024-01-29 19:31:47,AUD/USD,FX/Indices,1H,0.6596,0.6584,0.661,0.6621,1.1666666666667438,2.0833333333334183,OBJECTIF ATTEINT,7.5
2024-01-29 12:30:07,AUD/JPY,FX/Indices,1H,97.64,97.47,97.83,98.28,1.1176470588235048,3.764705882352907,INVALIDÉE,8.4
2024-01-25 10:27:04,GBP/USD,FX/Indices,1H,1.2736,1.2721,1.2775,1.2927,2.5999999999999113,12.73333333333278,INVALIDÉE,7.5
2024-01-23 10:27:31,GBP/CHF,FX/Indices,1H,1.1052,1.102,1.1103,1.1232,1.5937500000000975,5.6250000000002345,SEUIL PRÉSERVÉ,7.7
2024-01-23 04:25:31,GBP/USD,FX/Indices,1H,1.2725,1.2687,1.2766,1.2786,1.0789473684210433,1.6052631578947245,INVALIDÉE,7.3
2024-01-19 16:33:14,EUR/CHF,FX/Indices,1H,0.9462,0.944,0.9491,0.9654,1.31818181818177,8.727272727272364,SEUIL PRÉSERVÉ,7.7
2024-01-19 01:26:13,GBP/JPY,FX/Indices,1H,188.32,187.04,189.76,190.98,1.1249999999999973,2.0781249999999956,SEUIL PRÉSERVÉ,8.6
2024-01-18 16:33:56,USD/JPY,FX/Indices,1H,148.02,147.57,148.53,150.17,1.1333333333332702,4.777777777777546,OBJECTIF ATTEINT,7.5
2024-01-17 06:25:33,MINI DJ30 FULL0625,FX/Indices,1H,37413.0,37627.0,,,,,SEUIL PRÉSERVÉ,8.0
2024-01-17 04:25:13,EUR/GBP,FX/Indices,1H,0.8611,0.8601,0.8621,0.8634,1.0,2.2999999999999665,INVALIDÉE,7.5
2024-01-16 23:27:58,EUR/CHF,FX/Indices,1H,0.937,0.932,0.944,0.9491,1.3999999999999777,2.4199999999999977,SEUIL PRÉSERVÉ,8.2
2024-01-16 17:32:15,USD/CHF,FX/Indices,1H,0.8619,0.8577,0.8681,0.8695,1.4761904761904787,1.8095238095238297,SEUIL PRÉSERVÉ,8.6
2024-01-15 12:27:39,USD/CHF,FX/Indices,1H,0.8542,0.8522,0.8566,0.8577,1.2000000000000333,1.7500000000000278,OBJECTIF ATTEINT,8.6
2024-01-14 23:25:35,USD/CAD,FX/Indices,1H,1.3408,1.3376,1.3444,1.3559,1.1249999999999827,4.7187499999999005,OBJECTIF ATTEINT,8.8
2024-01-12 10:27:25,USD/CHF,FX/Indices,1H,0.8535,0.8522,0.855,0.8577,1.1538461538460423,3.2307692307690203,INVALIDÉE,8.4
2024-01-11 22:26:18,GBP/USD,FX/Indices,1H,1.276,1.2721,1.286,1.2927,2.5641025641025568,4.28205128205125,SEUIL PRÉSERVÉ,7.3
2024-01-11 08:27:44,EUR/CHF,FX/Indices,1H,0.9338,0.932,0.9375,0.944,2.0555555555556757,5.666666666666934,SEUIL PRÉSERVÉ,6.8
2024-01-10 19:32:01,GBP/CHF,FX/Indices,1H,1.0848,1.0822,1.0909,1.0996,2.346153846153902,5.692307692307804,SEUIL PRÉSERVÉ,8.2
2024-01-09 20:30:26,NASDAQ100 - MINI NASDAQ100 FULL0926,FX/Indices,1H,16820.5,16732.08,16938.25,17113.25,1.3317122822891012,3.310902510744241,SEUIL PRÉSERVÉ,8.0
2024-01-09 20:29:56,USD/CAD,FX/Indices,1H,1.3396,1.3376,1.3444,1.3601,2.4000000000000665,10.250000000000083,INVALIDÉE,8.2
2024-01-09 03:25:55,EUR/USD,FX/Indices,1H,1.0963,1.0928,1.1005,1.1055,1.1999999999999746,2.6285714285713486,INVALIDÉE,6.8
2024-01-08 18:30:14,EUR/GBP,FX/Indices,1H,0.8595,0.8607,0.8582,0.8517,1.083333333333418,6.5000000000001386,SEUIL PRÉSERVÉ,8.0
2024-01-08 14:27:31,GBP/USD,FX/Indices,1H,1.272,1.2699,1.2772,1.2799,2.4761904761904256,3.761904761904787,SEUIL PRÉSERVÉ,7.5
2024-01-07 23:25:42,USD/CAD,FX/Indices,1H,1.3363,1.3346,1.3399,1.3444,2.117647058823514,4.764705882352842,OBJECTIF ATTEINT,7.9
2024-01-04 17:30:45,GBP/CHF,FX/Indices,1H,1.08,1.0788,1.0822,1.0846,1.8333333333331792,3.833333333332994,INVALIDÉE,8.4
2024-01-04 14:26:37,USD/CAD,FX/Indices,1H,1.3351,1.3334,1.3376,1.3444,1.4705882352940562,5.4705882352940565,SEUIL PRÉSERVÉ,7.9
2024-01-02 22:24:50,GBP/JPY,FX/Indices,1H,179.11,180.17,177.67,176.11,1.358490566037794,2.830188679245353,INVALIDÉE,8.2
2024-01-02 18:29:52,AUD/USD,FX/Indices,1H,0.677,0.6783,0.6748,0.6724,1.692307692307804,3.538461538461663,OBJECTIF ATTEINT,8.0
2024-01-02 11:27:27,EUR/USD,FX/Indices,1H,1.0984,1.1013,1.0955,1.0928,1.0000000000000766,1.9310344827587025,OBJECTIF ATTEINT,8.4
2024-01-02 03:25:20,DAX40 FULL0926,FX/Indices,1H,16947.0,16899.0,16999.0,17078.0,1.0833333333333333,2.7291666666666665,OBJECTIF ATTEINT,8.0
2023-12-29 14:27:00,EUR/GBP,FX/Indices,1H,0.8699,0.8686,0.8715,0.8749,1.2307692307692966,3.846153846153945,INVALIDÉE,8.2
2023-12-29 12:27:02,AUD/JPY,FX/Indices,1H,96.17,96.33,95.85,95.48,2.000000000000089,4.312500000000078,SEUIL PRÉSERVÉ,8.2
2023-12-29 06:41:07,GBP/USD,FX/Indices,Journalier,1.277,1.2633,1.2927,1.3128,1.1459854014598723,2.6131386861314243,SEUIL PRÉSERVÉ,8.4
2023-12-28 18:31:14,MINI DJ30 FULL0625,FX/Indices,1H,38049.0,37878.0,,,,,SEUIL PRÉSERVÉ,8.0
2023-12-28 05:25:39,S&P500 - MINI S&P500 FULL0926,FX/Indices,1H,4839.75,4806.61,4930.42,5009.5,2.7359686179842844,5.122208811104355,SEUIL PRÉSERVÉ,8.4
2023-12-27 23:27:11,NZD/USD,FX/Indices,1H,0.6342,0.6318,0.6414,0.6471,3.000000000000046,5.375000000000104,SEUIL PRÉSERVÉ,8.6
2023-12-27 07:26:02,GBP/USD,FX/Indices,1H,1.2734,1.2721,1.2762,1.279,2.1538461538459566,4.307692307691913,INVALIDÉE,8.8
2023-12-22 16:32:51,AUD/USD,FX/Indices,1H,0.6809,0.6784,0.6845,0.6878,1.4400000000000497,2.7600000000000655,SEUIL PRÉSERVÉ,8.2
2023-12-20 18:31:04,EUR/JPY,FX/Indices,1H,157.66,157.05,158.57,159.69,1.4918032786885551,3.327868852459099,INVALIDÉE,7.3
2023-12-20 18:30:33,USD/CAD,FX/Indices,1H,1.3318,1.335,1.3225,1.3113,2.906250000000145,6.406250000000319,INVALIDÉE,8.2
2023-12-20 17:32:36,NASDAQ100 - MINI NASDAQ100 FULL0926,FX/Indices,1H,17047.5,16885.0,17285.58,17519.6,1.465107692307703,2.9052307692307604,INVALIDÉE,8.4
2023-12-20 16:33:49,EUR/USD,FX/Indices,1H,1.0967,1.0944,1.1005,1.1069,1.6521739130435118,4.4347826086957065,INVALIDÉE,7.7
2023-12-20 15:33:22,EUR/GBP,FX/Indices,1H,0.8656,0.8647,0.8668,0.8749,1.3333333333332922,10.333333333333169,OBJECTIF ATTEINT,8.6
2023-12-20 14:47:59,NASDAQ100 INDEX,FX/Indices,Journalier,16774.58,16573.3,17243.38,18320.24,2.3290937996820027,7.679153418123911,INVALIDÉE,8.9
2023-12-19 05:26:10,AUD/USD,FX/Indices,1H,0.6725,0.6691,0.6772,0.6784,1.3823529411764985,1.7352941176470849,OBJECTIF ATTEINT,8.2
2023-12-14 08:27:23,EUR/GBP,FX/Indices,1H,0.8629,0.8609,0.8668,0.875,1.9500000000000055,6.0499999999999945,INVALIDÉE,8.0
2023-12-12 16:32:48,EUR/GBP,FX/Indices,1H,0.8599,0.8589,0.8614,0.8635,1.5000000000000555,3.6000000000000445,OBJECTIF ATTEINT,7.7
2023-12-10 22:23:53,EUR/GBP,FX/Indices,1H,0.8582,0.857,0.8601,0.8614,1.583333333333372,2.66666666666679,INVALIDÉE,6.6
2023-12-07 01:25:37,USD/CAD,FX/Indices,1H,1.3592,1.3573,1.3627,1.3661,1.8421052631579131,3.6315789473684643,SEUIL PRÉSERVÉ,8.0
2023-12-06 20:31:20,GBP/JPY,FX/Indices,1H,185.03,185.53,183.6,183.42,2.8600000000000136,3.2200000000000273,OBJECTIF ATTEINT,8.8
2023-12-06 08:28:06,DAX40 PERF INDEX,FX/Indices,1H,16551.18,16469.75,16720.99,17042.91,2.08534937983545,6.038683531867835,OBJECTIF ATTEINT,8.6
2023-12-06 06:26:07,EUR/CHF,FX/Indices,1H,0.9442,0.9471,0.9385,0.9312,1.9655172413793143,4.482758620689638,SEUIL PRÉSERVÉ,7.5
2023-12-05 18:30:38,EUR/USD,FX/Indices,1H,1.0787,1.0804,1.0757,1.0638,1.7647058823528412,8.764705882352711,SEUIL PRÉSERVÉ,8.6
2023-12-05 18:30:38,EUR/USD,FX/Indices,1H,1.0787,1.0804,1.0757,1.0638,1.7647058823528412,8.764705882352711,SEUIL PRÉSERVÉ,8.6
2023-12-03 21:24:23,USD/CHF,FX/Indices,1H,0.8684,0.8717,0.8639,0.8578,1.3636363636363147,3.2121212121211165,INVALIDÉE,8.2
2023-12-01 15:33:52,NZD/USD,FX/Indices,1H,0.6172,0.6163,0.6181,0.6208,1.0,4.0,OBJECTIF ATTEINT,7.9
2023-12-01 09:28:32,NZD/USD,FX/Indices,1H,0.6178,0.6163,0.6208,0.6235,1.999999999999926,3.7999999999998817,INVALIDÉE,8.6
2023-11-29 04:25:18,MINI DJ30 FULL0625,FX/Indices,1H,35502.0,35317.0,,,,,SEUIL PRÉSERVÉ,8.4
2023-11-28 22:25:19,EUR/USD,FX/Indices,1H,1.0994,1.0965,1.1069,1.1097,2.5862068965518326,3.5517241379311453,SEUIL PRÉSERVÉ,8.8
2023-11-28 21:25:47,NZD/USD,FX/Indices,1H,0.6134,0.612,0.6163,0.6236,2.071428571428645,7.2857142857145805,OBJECTIF ATTEINT,8.6
2023-11-28 17:31:19,EUR/JPY,FX/Indices,1H,162.23,162.44,161.78,161.25,2.1428571428570073,4.666666666666441,OBJECTIF ATTEINT,8.0
2023-11-28 00:25:19,GBP/USD,FX/Indices,1H,1.2633,1.2571,1.2725,1.2764,1.4838709677419193,2.1129032258064395,SEUIL PRÉSERVÉ,8.0
2023-11-27 23:26:30,AUD/USD,FX/Indices,1H,0.6608,0.659,0.6646,0.6716,2.1111111111110357,5.9999999999998765,OBJECTIF ATTEINT,8.6
2023-11-27 11:27:18,AUD/JPY,FX/Indices,1H,98.4,98.28,98.64,99.64,1.9999999999998817,10.333333333332899,INVALIDÉE,7.3
2023-11-27 11:27:15,MINI DJ30 FULL0625,FX/Indices,1H,35396.0,35098.0,,,,,SEUIL PRÉSERVÉ,7.3
2023-11-27 09:27:55,NZD/USD,FX/Indices,1H,0.6083,0.6067,0.6102,0.6163,1.1875000000000564,5.000000000000208,OBJECTIF ATTEINT,8.6
2023-11-24 10:28:24,EUR/JPY,FX/Indices,1H,163.19,162.94,163.56,163.84,1.4800000000000182,2.6000000000000227,OBJECTIF ATTEINT,8.6
2023-11-23 13:28:30,USD/JPY,FX/Indices,1H,149.54,149.2,150.17,150.78,1.8529411764705563,3.647058823529402,SEUIL PRÉSERVÉ,7.1
2023-11-23 10:26:59,DAX40 FULL0926,FX/Indices,1H,16011.0,15806.1,16368.33,16627.67,1.7439238653001492,3.009614446071251,SEUIL PRÉSERVÉ,8.4
2023-11-23 06:25:03,MINI DJ30 FULL0625,FX/Indices,1H,35335.0,35098.0,,,,,SEUIL PRÉSERVÉ,8.2
2023-11-17 20:31:23,NASDAQ100 - MINI NASDAQ100 FULL0926,FX/Indices,1H,15907.5,15796.75,16049.5,16172.05,1.2821670428893905,2.388713318284418,SEUIL PRÉSERVÉ,8.4
2023-11-17 20:30:54,AUD/USD,FX/Indices,1H,0.6514,0.6498,0.6542,0.6592,1.7500000000000868,4.875000000000217,OBJECTIF ATTEINT,8.6
2023-11-17 10:27:23,S&P500 - MINI S&P500 FULL0926,FX/Indices,1H,4533.25,4501.58,4573.5,4664.64,1.2709188506472973,4.148721187243449,SEUIL PRÉSERVÉ,8.4
2023-11-17 04:24:31,EUR/GBP,FX/Indices,1H,0.8748,0.8731,0.8766,0.8789,1.058823529411757,2.411764705882299,SEUIL PRÉSERVÉ,7.7
2023-11-15 18:50:57,USD/JPY,FX/Indices,Journalier,151.34,150.17,152.93,154.54,1.3589743589743435,2.735042735042688,INVALIDÉE,8.2
2023-11-15 08:26:39,DAX40 PERF INDEX,FX/Indices,1H,15643.34,15529.03,15951.46,16271.75,2.695477211092646,5.497419298399113,SEUIL PRÉSERVÉ,8.9
2023-11-14 11:46:36,EUR/GBP,FX/Indices,Journalier,0.8726,0.8668,0.8789,0.8855,1.0862068965517142,2.224137931034457,INVALIDÉE,8.2
2023-11-14 08:26:54,DAX40 PERF INDEX,FX/Indices,1H,15357.16,15270.05,15529.03,15951.46,1.9730226150843722,6.822408449087307,OBJECTIF ATTEINT,8.6
2023-11-14 03:25:15,EUR/CHF,FX/Indices,1H,0.9652,0.9633,0.968,0.9786,1.473684210526405,7.052631578947774,OBJECTIF ATTEINT,8.2
2023-11-13 21:26:04,CHF/JPY,FX/Indices,1H,168.23,167.99,168.75,169.56,2.1666666666668837,5.541666666667165,OBJECTIF ATTEINT,8.0
2023-11-13 20:30:58,EUR/JPY,FX/Indices,1H,162.27,161.8,163.17,164.39,1.914893617021233,4.5106382978723,OBJECTIF ATTEINT,8.0
2023-11-13 19:31:36,NASDAQ100 INDEX,FX/Indices,1H,15508.6,15239.62,15841.35,16158.2,1.2370808238530766,2.415049446055474,OBJECTIF ATTEINT,8.2
2023-11-13 04:26:09,USD/CAD,FX/Indices,1H,1.3813,1.3791,1.3871,1.3899,2.636363636363673,3.909090909090918,INVALIDÉE,7.5
2023-11-12 23:25:35,EUR/JPY,FX/Indices,1H,161.94,160.98,163.17,164.39,1.2812499999999787,2.5520833333333,SEUIL PRÉSERVÉ,8.2
2023-11-10 21:25:40,EUR/CHF,FX/Indices,1H,0.964,0.963,0.9654,0.968,1.4000000000000665,4.0,OBJECTIF ATTEINT,8.6
2023-11-09 22:24:29,EUR/GBP,FX/Indices,1H,0.8728,0.8706,0.8754,0.8789,1.1818181818181634,2.7727272727272956,OBJECTIF ATTEINT,8.0
2023-11-08 16:56:21,CHF/JPY,FX/Indices,Journalier,167.88,166.47,169.82,173.33,1.3758865248226968,3.865248226950376,OBJECTIF ATTEINT,7.9
2023-11-06 14:27:30,EUR/CHF,FX/Indices,1H,0.9649,0.963,0.968,0.9786,1.6315789473684057,7.2105263157894495,INVALIDÉE,8.2
2023-11-05 23:25:42,AUD/JPY,FX/Indices,1H,97.31,96.85,98.19,99.08,1.9130434782608265,3.8478260869564465,SEUIL PRÉSERVÉ,8.4
2023-11-02 10:27:17,GBP/USD,FX/Indices,1H,1.2191,1.2164,1.2234,1.2259,1.592592592592495,2.518518518518351,SEUIL PRÉSERVÉ,8.4
2023-11-01 19:51:42,USD/CHF,FX/Indices,Journalier,0.908,0.8946,0.9223,0.9435,1.06716417910447,2.6492537313432662,INVALIDÉE,7.9
2023-10-30 11:45:24,EUR/GBP,FX/Indices,Journalier,0.8726,0.8669,0.8789,0.8855,1.1052631578947245,2.2631578947368114,INVALIDÉE,8.6
2023-10-29 20:24:16,USD/CHF,FX/Indices,1H,0.9026,0.8991,0.9095,0.9147,1.971428571428606,3.457142857142909,SEUIL PRÉSERVÉ,7.9
2023-10-27 18:31:40,EUR/JPY,FX/Indices,1H,157.9,158.52,157.13,155.52,1.241935483870975,3.8387096774193195,INVALIDÉE,8.4
2023-10-26 18:31:41,USD/CHF,FX/Indices,1H,0.8994,0.8969,0.9032,0.9104,1.5200000000000427,4.400000000000098,SEUIL PRÉSERVÉ,7.9
2023-10-26 16:50:18,NASDAQ100 INDEX,FX/Indices,Journalier,14101.59,14472.1,13667.2,12818.17,1.172411001052601,3.463928099106635,INVALIDÉE,8.0
2023-10-26 07:27:03,MINI DJ30 FULL0625,FX/Indices,1H,33024.0,33222.0,,,,,SEUIL PRÉSERVÉ,8.2
2023-10-26 04:39:53,MINI DJ30 FULL0625,FX/Indices,Journalier,33058.0,33424.0,,,,,INVALIDÉE,8.2
2023-10-26 00:40:54,NZD/USD,FX/Indices,Journalier,0.579,0.587,0.5684,0.567,1.3249999999999917,1.5,INVALIDÉE,8.4
2023-10-25 04:25:38,NZD/USD,FX/Indices,1H,0.5853,0.5837,0.587,0.5883,1.0624999999999218,1.874999999999948,INVALIDÉE,6.6
2023-10-24 20:40:02,USD/CAD,FX/Indices,Journalier,1.374,1.3685,1.3871,1.4037,2.3818181818181356,5.3999999999999115,INVALIDÉE,8.2
2023-10-24 00:25:24,USD/CHF,FX/Indices,1H,0.8908,0.8946,0.8867,0.8835,1.0789473684210749,1.9210526315790126,SEUIL PRÉSERVÉ,8.2
2023-10-23 16:50:34,DAX40 FULL0926,FX/Indices,Journalier,14886.0,15209.0,14184.0,13861.83,2.1733746130030958,3.170804953560372,INVALIDÉE,7.9
2023-10-23 09:26:06,DAX40 FULL0926,FX/Indices,1H,14802.0,15058.33,14520.33,14173.67,1.0988569422229164,2.451254242577927,SEUIL PRÉSERVÉ,8.4
2023-10-19 23:25:18,MINI DJ30 FULL0625,FX/Indices,1H,33504.0,33617.0,,,,,SEUIL PRÉSERVÉ,7.7
2023-10-19 20:24:58,DAX40 FULL0926,FX/Indices,1H,15037.0,15209.0,14563.67,14184.0,2.7519186046511623,4.959302325581396,SEUIL PRÉSERVÉ,8.4
2023-10-19 12:46:08,DAX40 FULL0926,FX/Indices,Journalier,15161.0,15596.25,14724.0,13861.83,1.0040206777713958,2.984882251579552,INVALIDÉE,7.5
2023-10-19 09:44:55,DAX40 PERF INDEX,FX/Indices,Journalier,15046.14,15212.1,14769.64,13789.0,1.6660641118341675,7.574957821161679,INVALIDÉE,7.9
2023-10-18 22:25:56,EUR/GBP,FX/Indices,1H,0.8678,0.8668,0.8691,0.8733,1.2999999999999667,5.499999999999945,OBJECTIF ATTEINT,7.5
2023-10-18 19:30:34,DAX40 FULL0926,FX/Indices,1H,15152.0,15209.0,15067.0,14563.67,1.4912280701754386,10.321578947368419,OBJECTIF ATTEINT,8.2
2023-10-12 14:57:14,USD/CAD,FX/Indices,Journalier,1.3661,1.3601,1.3742,1.3871,1.349999999999998,3.4999999999999813,OBJECTIF ATTEINT,7.9
2023-10-12 09:27:17,DAX40 FULL0926,FX/Indices,1H,15673.0,15596.25,15812.0,16025.5,1.8110749185667752,4.592833876221499,INVALIDÉE,8.8
2023-10-12 04:26:18,S&P500 - MINI S&P500 FULL0926,FX/Indices,1H,4422.25,4367.25,4486.0,4555.03,1.1590909090909092,2.4141818181818135,SEUIL PRÉSERVÉ,8.8
2023-10-12 03:24:35,AUD/JPY,FX/Indices,1H,95.71,95.57,96.09,96.42,2.714285714285772,5.071428571428608,INVALIDÉE,8.6
2023-10-12 00:25:25,EUR/JPY,FX/Indices,1H,158.43,157.83,159.67,161.06,2.066666666666654,4.3833333333333675,INVALIDÉE,8.6
2023-10-12 00:25:14,MINI DJ30 FULL0625,FX/Indices,1H,34049.0,33906.0,,,,,INVALIDÉE,8.2
2023-10-11 20:25:51,EUR/USD,FX/Indices,1H,1.0619,1.06,1.0638,1.0793,1.0,9.15789473684197,INVALIDÉE,8.4
2023-10-11 00:25:33,NZD/USD,FX/Indices,1H,0.6051,0.6023,0.6097,0.6184,1.6428571428571457,4.74999999999995,INVALIDÉE,8.6
2023-10-10 18:31:55,NZD/USD,FX/Indices,1H,0.6035,0.6023,0.6049,0.6102,1.1666666666665433,5.583333333332855,INVALIDÉE,8.4
2023-10-06 20:25:25,AUD/USD,FX/Indices,1H,0.6386,0.6374,0.6409,0.6431,1.9166666666667669,3.7500000000001155,INVALIDÉE,8.0
2023-10-06 17:30:05,GBP/CHF,FX/Indices,1H,1.1136,1.1111,1.1164,1.1192,1.1200000000000783,2.2400000000000677,INVALIDÉE,8.2
2023-10-03 15:33:06,USD/CHF,FX/Indices,1H,0.9225,0.9195,0.9311,0.9397,2.8666666666666814,5.733333333333326,INVALIDÉE,8.4
2023-10-02 22:26:09,NASDAQ100 - MINI NASDAQ100 FULL0926,FX/Indices,1H,14996.75,14949.19,15112.0,15197.05,2.4232548359966617,4.211522287636699,INVALIDÉE,8.4
2023-10-02 10:27:03,MINI DJ30 FULL0625,FX/Indices,1H,33719.0,33815.0,,,,,OBJECTIF ATTEINT,8.0
2023-10-02 07:26:42,NASDAQ100 - MINI NASDAQ100 FULL0926,FX/Indices,1H,15001.5,14949.19,15112.0,15197.05,2.1124068055821272,3.7382909577518864,INVALIDÉE,8.2
2023-10-02 03:24:36,CHF/JPY,FX/Indices,1H,163.57,163.3,163.91,164.54,1.2592592592593568,3.5925925925928306,INVALIDÉE,7.3
2023-10-02 00:40:58,USD/CAD,FX/Indices,Journalier,1.3572,1.3511,1.364,1.3871,1.1147540983606796,4.901639344262306,OBJECTIF ATTEINT,7.1
2023-09-26 23:24:39,EUR/GBP,FX/Indices,1H,0.8702,0.8669,0.8738,0.8789,1.0909090909091155,2.636363636363673,INVALIDÉE,8.0
2023-09-26 17:30:08,EUR/USD,FX/Indices,1H,1.0573,1.0585,1.0548,1.0475,2.0833333333331328,8.166666666665895,OBJECTIF ATTEINT,7.9
2023-09-26 14:33:09,DAX40 PERF INDEX,FX/Indices,1H,15233.5,15404.11,14996.95,14769.64,1.3864955160893175,2.7188324248285505,SEUIL PRÉSERVÉ,8.4
2023-09-26 10:26:58,DAX40 FULL0926,FX/Indices,1H,15432.0,15596.25,15214.0,15047.33,1.3272450532724505,2.3419786910197873,SEUIL PRÉSERVÉ,8.4
2023-09-26 06:25:26,EUR/CHF,FX/Indices,1H,0.9669,0.9655,0.9687,0.9758,1.2857142857143424,6.357142857143066,SEUIL PRÉSERVÉ,7.7
2023-09-25 20:41:16,EUR/USD,FX/Indices,Journalier,1.0595,1.0638,1.0548,1.0378,1.0930232558139956,5.046511627907024,OBJECTIF ATTEINT,7.9
2023-09-25 13:26:59,NZD/USD,FX/Indices,1H,0.5961,0.5954,0.5974,0.5986,1.8571428571431743,3.5714285714290472,INVALIDÉE,7.7
2023-09-25 13:26:58,GBP/CHF,FX/Indices,1H,1.113,1.1111,1.116,1.1231,1.578947368421102,5.315789473684173,SEUIL PRÉSERVÉ,7.7
2023-09-25 10:27:37,NASDAQ100 - MINI NASDAQ100 FULL0926,FX/Indices,1H,14861.25,15027.5,14650.17,14384.05,1.2696541353383455,2.8703759398496285,SEUIL PRÉSERVÉ,8.2
2023-09-25 00:24:48,EUR/CHF,FX/Indices,1H,0.9663,0.9648,0.9687,0.9758,1.5999999999999113,6.333333333333062,SEUIL PRÉSERVÉ,8.4
2023-09-22 12:26:46,EUR/GBP,FX/Indices,1H,0.869,0.8669,0.8733,0.8829,2.0476190476190426,6.6190476190476595,SEUIL PRÉSERVÉ,8.0
2023-09-22 06:40:19,AUD/JPY,FX/Indices,Journalier,95.25,94.65,96.65,98.28,2.333333333333365,5.05000000000005,INVALIDÉE,8.4
2023-09-21 13:27:15,EUR/CHF,FX/Indices,1H,0.9641,0.9605,0.9685,0.9782,1.2222222222222634,3.9166666666667362,SEUIL PRÉSERVÉ,8.8
2023-09-21 04:25:56,USD/CHF,FX/Indices,1H,0.9002,0.8984,0.9031,0.9104,1.6111111111110974,5.666666666666584,OBJECTIF ATTEINT,8.8
2023-09-21 04:25:44,MINI DJ30 FULL0625,FX/Indices,1H,34669.0,34817.0,,,,,OBJECTIF ATTEINT,7.9
2023-09-20 19:30:29,S&P500 - MINI S&P500 FULL0926,FX/Indices,1H,4465.5,4494.67,4432.36,4323.18,1.136098731573543,4.878985258827541,OBJECTIF ATTEINT,8.4
2023-09-20 09:26:57,NZD/USD,FX/Indices,1H,0.5942,0.5924,0.5974,0.6,1.777777777777915,3.2222222222223937,INVALIDÉE,7.7
2023-09-20 07:45:34,GBP/CHF,FX/Indices,Journalier,1.1087,1.1191,1.0897,1.0591,1.8269230769230953,4.769230769230794,SEUIL PRÉSERVÉ,8.0
2023-09-19 14:33:41,EUR/CHF,FX/Indices,1H,0.9592,0.9573,0.964,0.9685,2.526315789473623,4.894736842105217,SEUIL PRÉSERVÉ,8.0
2023-09-15 16:31:35,GBP/CHF,FX/Indices,1H,1.111,1.1124,1.109,1.1017,1.4285714285713607,6.642857142856882,OBJECTIF ATTEINT,7.9
2023-09-13 13:26:46,AUD/JPY,FX/Indices,1H,94.6,94.33,95.32,95.63,2.6666666666667016,3.8148148148148753,SEUIL PRÉSERVÉ,8.0
2023-09-13 08:27:41,EUR/CHF,FX/Indices,1H,0.9587,0.9576,0.9598,0.9685,1.0,8.909090909091018,SEUIL PRÉSERVÉ,8.6
2023-09-12 20:25:28,USD/CAD,FX/Indices,1H,1.3557,1.3587,1.3521,1.3489,1.1999999999998965,2.2666666666665534,OBJECTIF ATTEINT,7.9
2023-09-07 08:27:46,NASDAQ100 - MINI NASDAQ100 FULL0926,FX/Indices,1H,15295.5,15361.5,15124.6,14999.8,2.589393939393934,4.480303030303041,INVALIDÉE,8.2
2023-09-06 18:30:59,USD/CAD,FX/Indices,1H,1.3658,1.364,1.3698,1.3871,2.222222222222469,11.833333333334691,INVALIDÉE,7.7
2023-09-05 16:31:25,USD/CHF,FX/Indices,1H,0.8893,0.8876,0.8941,0.8989,2.8235294117646634,5.647058823529327,SEUIL PRÉSERVÉ,8.6
2023-08-30 12:27:26,CHF/JPY,FX/Indices,1H,166.49,166.02,167.62,168.66,2.404255319148932,4.617021276595729,SEUIL PRÉSERVÉ,8.0
2023-08-29 10:26:47,USD/CAD,FX/Indices,1H,1.3607,1.3574,1.364,1.3698,1.0,2.7575757575756557,INVALIDÉE,8.4
2023-08-29 07:27:05,AUD/JPY,FX/Indices,1H,94.39,94.18,94.93,95.63,2.5714285714286778,5.904761904762056,SEUIL PRÉSERVÉ,8.6
2023-08-28 14:32:43,EUR/GBP,FX/Indices,1H,0.8587,0.8563,0.8614,0.8669,1.1249999999999827,3.4166666666665626,SEUIL PRÉSERVÉ,7.3
2023-08-28 10:27:42,GBP/CHF,FX/Indices,1H,1.1111,1.1129,1.1079,1.0952,1.7777777777776818,8.833333333333231,INVALIDÉE,8.6
2023-08-28 10:27:09,USD/CAD,FX/Indices,1H,1.3602,1.3574,1.364,1.3698,1.3571428571428006,3.428571428571202,SEUIL PRÉSERVÉ,7.7
2023-08-24 12:27:34,GBP/USD,FX/Indices,1H,1.2656,1.267,1.2615,1.2541,2.928571428571746,8.214285714286666,OBJECTIF ATTEINT,8.8
2023-08-23 03:24:27,AUD/USD,FX/Indices,1H,0.6438,0.6428,0.6458,0.6481,2.0,4.299999999999967,INVALIDÉE,6.8
2023-08-21 21:29:49,GBP/USD,FX/Indices,1H,1.2759,1.2739,1.2787,1.2819,1.3999999999999555,3.0,INVALIDÉE,8.6
2023-08-21 10:57:59,EUR/JPY,FX/Indices,Journalier,159.03,157.76,161.96,169.54,2.307086614173215,8.275590551181029,INVALIDÉE,8.0
2023-08-18 02:30:02,GBP/USD,FX/Indices,1H,1.2761,1.2739,1.2787,1.2819,1.1818181818181634,2.636363636363673,INVALIDÉE,8.0
2023-08-17 21:29:24,USD/CAD,FX/Indices,1H,1.3547,1.3496,1.364,1.3699,1.8235294117646854,2.980392156862661,SEUIL PRÉSERVÉ,8.4
2023-08-17 14:37:57,DAX40 PERF INDEX,FX/Indices,1H,15710.35,15810.7,15527.7,15200.4,1.8201295465869354,5.081714000996501,OBJECTIF ATTEINT,8.2
2023-08-17 08:32:55,GBP/USD,FX/Indices,1H,1.2734,1.2721,1.2767,1.2789,2.538461538461276,4.23076923076885,INVALIDÉE,8.4
2023-08-17 03:29:45,AUD/JPY,FX/Indices,1H,93.45,93.63,93.21,92.9,1.3333333333334385,3.055555555555665,INVALIDÉE,8.2
2023-08-16 17:35:33,AUD/USD,FX/Indices,1H,0.6431,0.6454,0.6402,0.6318,1.2608695652174144,4.913043478260926,OBJECTIF ATTEINT,8.0
2023-08-16 13:32:33,GBP/JPY,FX/Indices,1H,185.7,185.33,186.64,189.04,2.5405405405406984,9.027027027027618,SEUIL PRÉSERVÉ,8.4
2023-08-15 14:37:15,USD/CAD,FX/Indices,1H,1.3487,1.344,1.3551,1.364,1.3617021276595875,3.2553191489362407,SEUIL PRÉSERVÉ,8.4
2023-08-14 17:35:25,EUR/CHF,FX/Indices,1H,0.9583,0.9596,0.956,0.9539,1.7692307692308744,3.3846153846155227,SEUIL PRÉSERVÉ,8.0
2023-08-14 12:32:37,GBP/JPY,FX/Indices,1H,184.08,183.65,185.34,186.64,2.9302325581394673,5.953488372092868,SEUIL PRÉSERVÉ,8.4
2023-08-14 10:32:41,CHF/JPY,FX/Indices,1H,165.33,164.79,166.54,167.78,2.240740740740618,4.5370370370368445,SEUIL PRÉSERVÉ,7.1
2023-08-13 21:29:38,GBP/JPY,FX/Indices,1H,184.16,183.65,185.34,186.64,2.3137254901961333,4.862745098039282,INVALIDÉE,8.2
2023-08-11 08:32:59,GBP/JPY,FX/Indices,1H,183.72,183.23,184.25,185.34,1.0816326530612068,3.3061224489795396,OBJECTIF ATTEINT,7.3
2023-08-11 08:32:27,USD/CAD,FX/Indices,1H,1.3448,1.3409,1.3502,1.3551,1.3846153846153977,2.641025641025625,SEUIL PRÉSERVÉ,7.7
2023-08-10 21:29:38,GBP/CHF,FX/Indices,1H,1.1109,1.1126,1.1075,1.1057,2.0,3.058823529411757,INVALIDÉE,8.0
2023-08-10 00:30:02,USD/JPY,FX/Indices,1H,143.77,143.36,144.79,146.75,2.487804878048757,7.268292682926865,OBJECTIF ATTEINT,8.8
2023-08-10 00:29:52,AUD/JPY,FX/Indices,1H,93.93,93.77,94.1,94.56,1.0624999999998501,3.937499999999706,OBJECTIF ATTEINT,8.0
2023-08-09 17:35:31,CHF/JPY,FX/Indices,1H,163.86,162.88,165.07,166.11,1.2346938775509766,2.2959183673468964,SEUIL PRÉSERVÉ,8.0
2023-08-09 14:38:43,USD/CHF,FX/Indices,1H,0.8764,0.875,0.8783,0.8806,1.357142857142908,3.0000000000001585,INVALIDÉE,8.4
2023-08-08 19:35:34,CHF/JPY,FX/Indices,1H,163.82,162.73,165.07,166.11,1.1467889908256845,2.1009174311926726,SEUIL PRÉSERVÉ,8.4
2023-08-08 15:37:30,NASDAQ100 INDEX,FX/Indices,1H,15168.87,15239.3,15049.1,14924.6,1.700553741303465,3.4682663637655224,INVALIDÉE,7.9
2023-08-06 23:29:34,USD/CAD,FX/Indices,1H,1.3379,1.3319,1.3465,1.3551,1.4333333333333222,2.8666666666666445,SEUIL PRÉSERVÉ,8.6
2023-08-04 18:35:10,EUR/GBP,FX/Indices,1H,0.8634,0.8617,0.8661,0.8733,1.5882352941177393,5.823529411764978,INVALIDÉE,8.2
2023-08-01 21:29:34,EUR/GBP,FX/Indices,1H,0.8602,0.8591,0.8634,0.866,2.909090909090918,5.272727272727346,INVALIDÉE,8.4
2023-08-01 16:35:45,EUR/CHF,FX/Indices,1H,0.9613,0.9603,0.9623,0.966,1.0,4.699999999999922,OBJECTIF ATTEINT,8.0
2023-07-31 09:32:42,S&P500 - MINI S&P500 FULL0926,FX/Indices,1H,4610.5,4597.0,4634.5,4723.5,1.7777777777777777,8.37037037037037,SEUIL PRÉSERVÉ,8.4
2023-07-30 22:29:55,NASDAQ100 - MINI NASDAQ100 FULL0926,FX/Indices,1H,15884.0,15842.7,15974.8,16062.8,2.198547215496389,4.329297820823303,INVALIDÉE,8.6
2023-07-25 19:34:47,EUR/GBP,FX/Indices,1H,0.8567,0.8579,0.8534,0.8515,2.750000000000023,4.333333333333395,SEUIL PRÉSERVÉ,8.2
2023-07-25 08:32:44,AUD/JPY,FX/Indices,1H,95.71,95.49,96.18,96.65,2.136363636363707,4.272727272727349,INVALIDÉE,8.4
2023-07-21 20:29:47,DAX40 FULL0926,FX/Indices,1H,16269.0,16209.8,16341.0,16629.0,1.2162162162162014,6.081081081081006,SEUIL PRÉSERVÉ,8.4
2023-07-20 09:32:11,USD/CAD,FX/Indices,1H,1.3127,1.3147,1.3092,1.2986,1.7500000000000278,7.0499999999999945,INVALIDÉE,8.6
2023-07-20 05:29:55,GBP/JPY,FX/Indices,1H,180.3,180.57,179.82,179.48,1.7777777777779649,3.037037037037322,OBJECTIF ATTEINT,8.4
2023-07-20 02:50:35,AUD/USD,FX/Indices,Journalier,0.6825,0.6784,0.687,0.6987,1.0975609756097726,3.9512195121951272,INVALIDÉE,7.9
2023-07-17 21:29:53,EUR/USD,FX/Indices,1H,1.1238,1.1205,1.1334,1.144,2.90909090909105,6.121212121212382,SEUIL PRÉSERVÉ,7.5
2023-07-17 17:35:39,EUR/JPY,FX/Indices,1H,156.0,155.35,156.78,157.17,1.1999999999999913,1.799999999999965,SEUIL PRÉSERVÉ,8.0
2023-07-14 15:38:11,EUR/JPY,FX/Indices,1H,155.82,155.35,156.36,157.15,1.1489361702128122,2.8297872340425867,INVALIDÉE,7.7
2023-07-14 10:58:20,MINI DJ30 FULL0625,FX/Indices,Journalier,34658.0,33975.0,,,,,OBJECTIF ATTEINT,8.4
2023-07-12 18:35:53,GBP/USD,FX/Indices,1H,1.2988,1.2935,1.3094,1.3119,2.0000000000000417,2.4716981132076334,OBJECTIF ATTEINT,8.6
2023-07-12 06:30:14,NZD/USD,FX/Indices,1H,0.6223,0.6206,0.6261,0.6285,2.235294117647174,3.6470588235295653,INVALIDÉE,8.4
2023-07-12 03:30:09,CHF/JPY,FX/Indices,1H,158.89,159.25,158.24,156.98,1.805555555555424,5.305555555555345,INVALIDÉE,8.6
2023-07-11 20:29:50,AUD/USD,FX/Indices,1H,0.6687,0.6672,0.6706,0.6784,1.266666666666721,6.466666666666928,OBJECTIF ATTEINT,7.3
2023-07-11 04:29:46,AUD/USD,FX/Indices,1H,0.6689,0.6672,0.6706,0.6784,0.9999999999999347,5.588235294117505,INVALIDÉE,8.6
2023-07-11 00:30:09,GBP/USD,FX/Indices,1H,1.2867,1.2849,1.2903,1.2988,2.0,6.7222222222221335,OBJECTIF ATTEINT,8.6
2023-07-10 14:38:31,CHF/JPY,FX/Indices,1H,159.5,159.98,158.24,156.98,2.625000000000037,5.250000000000133,SEUIL PRÉSERVÉ,8.2
2023-07-10 12:33:04,EUR/JPY,FX/Indices,1H,155.98,156.37,155.38,153.83,1.5384615384614655,5.512820512820245,OBJECTIF ATTEINT,8.0
2023-07-10 09:58:52,USD/CHF,FX/Indices,Journalier,0.8892,0.8946,0.8762,0.8648,2.4074074074074274,4.5185185185185475,OBJECTIF ATTEINT,8.4
2023-07-07 17:35:42,NASDAQ100 INDEX,FX/Indices,1H,15195.24,15153.6,15239.3,15893.06,1.0581171950048056,16.758405379443072,INVALIDÉE,6.8
2023-07-05 16:35:38,GBP/JPY,FX/Indices,1H,183.79,183.1,185.15,186.42,1.9710144927536495,3.8115942028985565,INVALIDÉE,8.6
2023-07-05 16:35:37,GBP/CHF,FX/Indices,1H,1.142,1.1407,1.1453,1.1512,2.5384615384618803,7.076923076923931,SEUIL PRÉSERVÉ,8.0
2023-06-30 17:35:30,CHF/JPY,FX/Indices,1H,161.28,160.62,162.37,164.41,1.6515151515151651,4.74242424242426,SEUIL PRÉSERVÉ,8.6
2023-06-29 21:30:01,GBP/USD,FX/Indices,1H,1.2611,1.2689,1.2495,1.2418,1.487179487179531,2.4743589743590477,INVALIDÉE,7.7
2023-06-29 15:38:38,USD/CHF,FX/Indices,1H,0.8982,0.8966,0.9001,0.9013,1.187499999999974,1.9374999999999394,OBJECTIF ATTEINT,7.9
2023-06-29 15:38:33,USD/JPY,FX/Indices,1H,144.73,144.12,145.61,146.09,1.4426229508197461,2.2295081967213877,SEUIL PRÉSERVÉ,8.8
2023-06-28 16:35:15,EUR/GBP,FX/Indices,1H,0.8629,0.8614,0.8644,0.8691,1.0,4.133333333333471,SEUIL PRÉSERVÉ,9.1
2023-06-28 04:29:29,AUD/USD,FX/Indices,1H,0.6643,0.6678,0.6597,0.6577,1.3142857142857478,1.8857142857143283,OBJECTIF ATTEINT,8.4
2023-06-27 02:30:02,EUR/JPY,FX/Indices,1H,156.63,155.87,157.68,160.56,1.3815789473684525,5.171052631579018,OBJECTIF ATTEINT,8.4
2023-06-26 22:30:02,NASDAQ100 - MINI NASDAQ100 FULL0926,FX/Indices,1H,14874.0,14999.8,14548.83,14186.8,2.5848171701113034,5.462639109697971,INVALIDÉE,8.0
2023-06-26 15:38:02,CHF/JPY,FX/Indices,1H,160.5,160.01,161.27,162.37,1.5714285714285632,3.816326530612183,SEUIL PRÉSERVÉ,8.2
2023-06-25 22:29:51,GBP/JPY,FX/Indices,1H,182.8,181.86,183.79,186.82,1.053191489361684,4.276595744680842,SEUIL PRÉSERVÉ,8.6
2023-06-23 02:30:18,GBP/USD,FX/Indices,1H,1.2715,1.2739,1.2691,1.2626,1.0000000000000926,3.708333333333453,OBJECTIF ATTEINT,7.9
2023-06-21 13:32:21,EUR/GBP,FX/Indices,1H,0.8586,0.8566,0.8613,0.8681,1.3499999999999612,4.7499999999999725,OBJECTIF ATTEINT,7.9
2023-06-21 11:32:07,AUD/USD,FX/Indices,1H,0.676,0.6784,0.6717,0.6693,1.7916666666667322,2.7916666666667322,INVALIDÉE,7.5
2023-06-20 14:38:47,EUR/CHF,FX/Indices,1H,0.9807,0.9786,0.9861,0.9939,2.571428571428564,6.285714285714309,SEUIL PRÉSERVÉ,8.4
2023-06-16 14:38:47,AUD/JPY,FX/Indices,1H,97.2,96.73,98.28,105.04,2.297872340425534,16.680851063829834,SEUIL PRÉSERVÉ,8.4
2023-06-16 11:32:35,GBP/JPY,FX/Indices,1H,180.46,179.4,182.12,195.83,1.56603773584905,14.499999999999973,OBJECTIF ATTEINT,8.4
2023-06-16 05:30:02,USD/JPY,FX/Indices,1H,140.66,140.31,141.5,141.99,2.4000000000000488,3.8000000000000975,OBJECTIF ATTEINT,7.9
2023-06-15 12:33:15,EUR/USD,FX/Indices,1H,1.0865,1.0824,1.0921,1.1011,1.3658536585366,3.560975609756091,OBJECTIF ATTEINT,7.1
2023-06-15 07:32:11,AUD/USD,FX/Indices,1H,0.6808,0.6784,0.6836,0.687,1.1666666666666976,2.5833333333334183,OBJECTIF ATTEINT,8.2
2023-06-12 14:38:17,DAX40 PERF INDEX,FX/Indices,1H,16090.12,16020.0,16271.8,16331.9,2.59098687963486,3.448088990302283,OBJECTIF ATTEINT,8.6
2023-06-11 22:29:55,MINI DJ30 FULL0625,FX/Indices,1H,34213.0,34032.0,,,,,SEUIL PRÉSERVÉ,8.6
2023-06-08 17:35:01,EUR/GBP,FX/Indices,1H,0.8587,0.8598,0.8567,0.8492,1.8181818181818366,8.636363636363773,OBJECTIF ATTEINT,8.4
2023-06-07 10:32:28,USD/CAD,FX/Indices,1H,1.3383,1.3407,1.3346,1.3274,1.5416666666667092,4.541666666666802,OBJECTIF ATTEINT,8.0
2023-06-06 22:29:51,NZD/USD,FX/Indices,1H,0.608,0.6067,0.6105,0.6179,1.923076923077015,7.615384615384819,INVALIDÉE,7.3
2023-06-06 16:35:34,AUD/USD,FX/Indices,1H,0.6675,0.6639,0.6749,0.6784,2.055555555555612,3.0277777777778367,SEUIL PRÉSERVÉ,8.9
2023-06-06 11:32:45,AUD/JPY,FX/Indices,1H,92.93,92.66,93.31,94.11,1.4074074074073373,4.3703703703701775,SEUIL PRÉSERVÉ,8.6
2023-06-01 21:29:49,EUR/CHF,FX/Indices,1H,0.9758,0.9733,0.9786,0.9861,1.1200000000000339,4.120000000000078,INVALIDÉE,8.6
2023-05-31 02:29:43,NZD/USD,FX/Indices,1H,0.6012,0.6033,0.5958,0.5885,2.571428571428564,6.047619047619043,SEUIL PRÉSERVÉ,8.8
2023-05-30 16:35:27,GBP/CHF,FX/Indices,1H,1.1229,1.1201,1.1292,1.1339,2.2500000000000595,3.9285714285715136,SEUIL PRÉSERVÉ,8.8
2023-05-29 18:29:48,GBP/JPY,FX/Indices,1H,173.5,172.79,174.47,177.01,1.3661971830985746,4.943661971830918,SEUIL PRÉSERVÉ,7.1
2023-05-29 11:31:52,EUR/USD,FX/Indices,1H,1.0717,1.0749,1.0638,1.0543,2.468750000000106,5.437500000000247,SEUIL PRÉSERVÉ,7.9
2023-05-26 20:30:20,NZD/USD,FX/Indices,1H,0.6046,0.6094,0.5957,0.5885,1.8541666666666603,3.3541666666666488,SEUIL PRÉSERVÉ,8.0
2023-05-26 15:09:22,S&P500 - MINI S&P500 FULL0926,FX/Indices,Journalier,4209.25,4151.11,4286.25,4393.0,1.3243894048847535,3.1604747162022524,OBJECTIF ATTEINT,7.9
2023-05-25 15:38:13,EUR/JPY,FX/Indices,1H,149.92,149.26,150.89,152.73,1.4696969696969755,4.257575757575783,SEUIL PRÉSERVÉ,8.2
2023-05-24 20:50:33,EUR/JPY,FX/Indices,Journalier,149.88,149.26,150.89,155.64,1.6290322580644896,9.290322580645078,OBJECTIF ATTEINT,8.0
2023-05-24 12:32:26,USD/CAD,FX/Indices,1H,1.3543,1.3525,1.3568,1.3632,1.3888888888888409,4.944444444444328,OBJECTIF ATTEINT,8.6
2023-05-22 23:31:20,GBP/JPY,FX/Indices,1H,172.46,171.77,173.21,174.69,1.086956521739134,3.23188405797101,INVALIDÉE,8.2
2023-05-22 20:30:21,NZD/USD,FX/Indices,1H,0.6285,0.6261,0.6324,0.6349,1.6250000000000346,2.666666666666744,INVALIDÉE,7.3
2023-05-22 17:36:00,EUR/JPY,FX/Indices,1H,149.78,149.26,150.89,152.73,2.134615384615314,5.673076923076789,SEUIL PRÉSERVÉ,8.6
2023-05-22 11:32:19,USD/CAD,FX/Indices,1H,1.351,1.3495,1.3525,1.3551,1.0,2.7333333333332246,INVALIDÉE,8.8
2023-05-19 15:37:48,USD/CAD,FX/Indices,1H,1.3518,1.3495,1.3551,1.3632,1.4347826086957067,4.956521739130536,INVALIDÉE,8.0
2023-05-18 22:31:18,EUR/CHF,FX/Indices,1H,0.9749,0.9735,0.9786,0.9801,2.6428571428572503,3.714285714285816,INVALIDÉE,7.9
2023-05-18 22:31:05,GBP/JPY,FX/Indices,1H,172.11,171.01,174.21,176.82,1.9090909090908645,4.281818181818075,SEUIL PRÉSERVÉ,8.8
2023-05-18 19:35:27,GBP/CHF,FX/Indices,1H,1.123,1.1215,1.1248,1.126,1.1999999999999704,1.999999999999852,INVALIDÉE,8.6
2023-05-18 15:38:03,AUD/JPY,FX/Indices,1H,91.63,91.39,91.88,92.92,1.041666666666689,5.37500000000014,OBJECTIF ATTEINT,7.7
2023-05-16 20:30:13,USD/JPY,FX/Indices,1H,136.38,135.71,137.39,138.41,1.5074626865671787,3.029850746268715,OBJECTIF ATTEINT,7.9
2023-05-15 18:35:23,NASDAQ100 INDEX,FX/Indices,1H,13400.01,13246.0,13667.2,13681.71,1.7348873449775997,1.8291020063632135,OBJECTIF ATTEINT,8.6
2023-05-15 14:39:37,S&P500 - MINI S&P500 FULL0926,FX/Indices,1H,4131.5,4151.25,4097.0,4073.79,1.7468354430379747,2.922025316455698,SEUIL PRÉSERVÉ,7.7
2023-05-11 13:33:19,USD/JPY,FX/Indices,1H,133.9,134.22,133.5,132.98,1.2500000000000444,2.875000000000111,INVALIDÉE,8.2
2023-05-11 08:33:48,GBP/USD,FX/Indices,1H,1.2576,1.2601,1.2512,1.2481,2.560000000000039,3.8000000000001064,OBJECTIF ATTEINT,7.5
2023-05-11 03:30:14,S&P500 - MINI S&P500 FULL0926,FX/Indices,1H,4161.25,4145.0,4186.8,4206.25,1.5723076923077035,2.769230769230769,INVALIDÉE,8.6
2023-05-10 23:30:08,AUD/USD,FX/Indices,1H,0.6783,0.6767,0.6804,0.687,1.3124999999999567,5.43749999999987,INVALIDÉE,8.2
2023-05-10 23:30:08,AUD/USD,FX/Indices,1H,0.6783,0.6767,0.6804,0.687,1.3124999999999567,5.43749999999987,INVALIDÉE,8.2
2023-05-09 23:30:22,NZD/USD,FX/Indices,1H,0.6337,0.6316,0.636,0.6411,1.0952380952380851,3.5238095238095215,OBJECTIF ATTEINT,7.7
2023-05-09 00:51:13,EUR/GBP,FX/Indices,Journalier,0.8716,0.8761,0.8644,0.8579,1.6000000000000394,3.0444444444444896,OBJECTIF ATTEINT,8.0
2023-05-05 10:33:45,GBP/USD,FX/Indices,1H,1.2614,1.2599,1.2634,1.2721,1.333333333333284,7.133333333333018,INVALIDÉE,8.8
2023-05-04 14:38:33,NASDAQ100 - MINI NASDAQ100 FULL0926,FX/Indices,1H,13008.0,13134.0,12863.8,12800.0,1.1444444444444501,1.6507936507936507,SEUIL PRÉSERVÉ,8.6
2023-05-02 17:35:47,EUR/CHF,FX/Indices,1H,0.9824,0.984,0.9807,0.9786,1.062500000000065,2.375000000000113,OBJECTIF ATTEINT,7.9
2023-05-02 08:33:03,NZD/USD,FX/Indices,1H,0.6195,0.6188,0.6208,0.6261,1.857142857142721,9.428571428570885,OBJECTIF ATTEINT,8.2
2023-05-02 06:30:52,USD/CHF,FX/Indices,1H,0.8961,0.8946,0.8977,0.9073,1.0666666666666569,7.4666666666663755,INVALIDÉE,8.2
2023-04-28 07:33:48,USD/CHF,FX/Indices,1H,0.8948,0.892,0.8977,0.9003,1.0357142857142814,1.9642857142856789,INVALIDÉE,7.9
2023-04-27 06:30:50,EUR/GBP,FX/Indices,1H,0.8863,0.8852,0.8876,0.8959,1.1818181818181634,8.727272727272856,INVALIDÉE,8.6
2023-04-27 05:30:57,EUR/USD,FX/Indices,1H,1.1056,1.1032,1.1096,1.1112,1.6666666666666976,2.333333333333395,INVALIDÉE,8.0
2023-04-27 02:52:54,AUD/JPY,FX/Indices,Journalier,88.29,89.34,86.77,82.86,1.4476190476190613,5.171428571428592,INVALIDÉE,7.9
2023-04-26 18:37:23,MINI DJ30 FULL0625,FX/Indices,1H,33465.0,33643.0,,,,,SEUIL PRÉSERVÉ,7.7
2023-04-25 11:59:32,GBP/CHF,FX/Indices,Journalier,1.1043,1.1093,1.0938,1.0591,2.1000000000000356,9.040000000000218,INVALIDÉE,8.2
2023-04-24 06:30:33,S&P500 - MINI S&P500 FULL0926,FX/Indices,1H,4136.0,4150.95,4110.25,3998.75,1.722408026755874,9.180602006689075,INVALIDÉE,8.0
2023-04-20 08:34:07,NASDAQ100 - MINI NASDAQ100 FULL0926,FX/Indices,1H,13062.75,13138.0,12973.0,12925.5,1.1926910299003322,1.823920265780731,INVALIDÉE,8.2
2023-04-20 04:30:24,CHF/JPY,FX/Indices,1H,150.29,149.53,151.12,152.54,1.0921052631579242,2.960526315789509,SEUIL PRÉSERVÉ,8.2
2023-04-19 16:36:01,USD/JPY,FX/Indices,1H,134.78,134.22,135.45,136.84,1.1964285714285443,3.6785714285714177,SEUIL PRÉSERVÉ,8.6
2023-04-19 15:38:50,GBP/JPY,FX/Indices,1H,167.59,167.01,168.74,170.4,1.9827586206896222,4.844827586206796,SEUIL PRÉSERVÉ,8.6
2023-04-19 00:30:24,AUD/JPY,FX/Indices,1H,90.33,90.18,90.64,91.54,2.066666666666799,8.066666666667178,SEUIL PRÉSERVÉ,8.6
2023-04-18 07:33:21,S&P500 - MINI S&P500 FULL0926,FX/Indices,1H,4178.5,4170.25,4189.0,4228.0,1.2727272727272727,6.0,INVALIDÉE,8.8
2023-04-18 03:30:53,DAX40 FULL0926,FX/Indices,1H,15961.0,15899.2,16045.0,16495.0,1.3592233009708898,8.640776699029228,OBJECTIF ATTEINT,8.6
2023-04-17 07:34:34,GBP/CHF,FX/Indices,1H,1.1088,1.1139,1.1037,1.0938,1.0000000000000435,2.941176470588284,SEUIL PRÉSERVÉ,7.1
2023-04-12 19:36:38,NASDAQ100 - MINI NASDAQ100 FULL0926,FX/Indices,1H,12957.5,13059.5,12766.47,12631.5,1.8728431372549084,3.196078431372549,INVALIDÉE,8.0
2023-04-12 15:12:28,USD/CHF,FX/Indices,Journalier,0.8971,0.9073,0.8762,0.8635,2.049019607843143,3.2941176470588243,SEUIL PRÉSERVÉ,8.2
2023-04-12 14:39:13,DAX40 FULL0926,FX/Indices,1H,15857.0,15630.7,16142.33,16495.0,1.2608484312859074,2.8192664604507383,SEUIL PRÉSERVÉ,7.7
2023-04-12 07:33:23,DAX40 PERF INDEX,FX/Indices,1H,15683.85,15484.3,15982.35,16271.8,1.495865697820087,2.946379353545456,SEUIL PRÉSERVÉ,8.4
2023-04-12 00:29:51,EUR/GBP,FX/Indices,1H,0.8787,0.8776,0.881,0.8829,2.090909090909082,3.8181818181818366,OBJECTIF ATTEINT,8.4
2023-04-11 18:36:39,AUD/JPY,FX/Indices,1H,88.95,88.57,89.34,89.69,1.0263157894736596,1.9473684210525686,OBJECTIF ATTEINT,8.0
2023-04-10 06:31:16,GBP/USD,FX/Indices,1H,1.24,1.2418,1.2362,1.2329,2.1111111111110974,3.944444444444328,INVALIDÉE,8.0
2023-04-10 03:30:00,EUR/GBP,FX/Indices,1H,0.8783,0.8761,0.881,0.8829,1.2272727272727548,2.090909090909132,SEUIL PRÉSERVÉ,8.0
2023-04-06 18:36:30,NASDAQ100 INDEX,FX/Indices,1H,13072.22,12943.6,13311.0,13667.2,1.856476442232954,4.625874669569321,INVALIDÉE,7.7
2023-04-05 00:30:28,EUR/USD,FX/Indices,1H,1.0967,1.0927,1.1011,1.1112,1.099999999999989,3.6249999999999862,INVALIDÉE,8.8
2023-04-04 05:30:52,GBP/JPY,FX/Indices,1H,164.83,164.3,165.47,166.67,1.2075471698112925,3.4716981132074927,INVALIDÉE,8.8
2023-04-04 00:30:13,NASDAQ100 - MINI NASDAQ100 FULL0926,FX/Indices,1H,13244.5,13138.6,13530.77,13653.8,2.703210576015122,3.864966949952792,SEUIL PRÉSERVÉ,7.9
2023-04-03 16:36:35,AUD/JPY,FX/Indices,1H,89.89,89.69,90.13,90.82,1.1999999999999573,4.649999999999897,INVALIDÉE,8.6
2023-04-03 14:06:30,GBP/USD,FX/Indices,Journalier,1.2401,1.2257,1.2727,1.3192,2.263888888888891,5.493055555555564,SEUIL PRÉSERVÉ,8.6
2023-04-03 08:34:30,USD/JPY,FX/Indices,1H,133.56,132.99,134.22,135.48,1.157894736842113,3.3684210526315974,INVALIDÉE,8.4
2023-04-03 08:00:12,EUR/JPY,FX/Indices,Journalier,144.75,144.17,145.33,147.45,1.0,4.655172413792983,INVALIDÉE,7.9
2023-04-02 23:31:15,USD/JPY,FX/Indices,1H,133.21,132.99,133.6,134.22,1.7727272727272199,4.590909090909073,INVALIDÉE,8.4
2023-03-31 20:30:06,USD/CAD,FX/Indices,1H,1.3514,1.355,1.3471,1.3383,1.1944444444444204,3.6388888888888102,OBJECTIF ATTEINT,7.9
2023-03-31 14:40:10,USD/CHF,FX/Indices,1H,0.9126,0.9156,0.9073,0.9014,1.7666666666666555,3.733333333333326,INVALIDÉE,8.0
2023-03-31 00:30:21,MINI DJ30 FULL0625,FX/Indices,1H,33088.0,32994.0,,,,,OBJECTIF ATTEINT,7.9
2023-03-29 14:06:26,NASDAQ100 - MINI NASDAQ100 FULL0926,FX/Indices,Journalier,12906.25,12631.5,13653.8,14008.0,2.720837124658778,4.010009099181073,SEUIL PRÉSERVÉ,8.2
2023-03-29 14:05:50,NASDAQ100 INDEX,FX/Indices,Journalier,12799.31,12299.1,13311.0,13667.2,1.0229503608484465,1.735051278463051,SEUIL PRÉSERVÉ,7.9
2023-03-29 13:34:01,S&P500 - MINI S&P500 FULL0926,FX/Indices,1H,4042.25,4023.55,4073.75,4089.27,1.684491978609642,2.51443850267382,OBJECTIF ATTEINT,8.6
2023-03-29 04:30:56,MINI DJ30 FULL0625,FX/Indices,1H,32708.0,32575.0,,,,,SEUIL PRÉSERVÉ,7.3
2023-03-24 12:33:49,S&P500 - MINI S&P500 FULL0926,FX/Indices,1H,3942.25,3999.85,3883.44,3865.0,1.0210069444444452,1.3411458333333355,INVALIDÉE,8.0
2023-03-24 10:33:12,MINI DJ30 FULL0625,FX/Indices,1H,32039.0,32236.0,,,,,INVALIDÉE,8.0
2023-03-24 08:32:51,USD/CAD,FX/Indices,1H,1.3736,1.3721,1.3752,1.3773,1.0666666666668148,2.4666666666669625,OBJECTIF ATTEINT,8.6
2023-03-23 05:53:10,NASDAQ100 - MINI NASDAQ100 FULL0926,FX/Indices,Journalier,12776.0,12631.5,12982.2,13653.8,1.4269896193771676,6.074740484429061,OBJECTIF ATTEINT,8.6
2023-03-23 00:30:59,EUR/CHF,FX/Indices,1H,0.9969,0.9939,1.0024,1.0071,1.8333333333333148,3.4000000000000297,INVALIDÉE,8.0
2023-03-23 00:30:53,GBP/USD,FX/Indices,1H,1.2282,1.2258,1.2323,1.2418,1.7083333333333603,5.66666666666679,OBJECTIF ATTEINT,8.6
2023-03-22 17:36:21,EUR/GBP,FX/Indices,1H,0.8812,0.8799,0.8844,0.8864,2.4615384615385074,4.000000000000085,OBJECTIF ATTEINT,8.2
2023-03-22 13:33:27,EUR/USD,FX/Indices,1H,1.0788,1.0749,1.0857,1.089,1.7692307692307956,2.615384615384602,OBJECTIF ATTEINT,7.5
2023-03-22 04:30:15,GBP/JPY,FX/Indices,1H,162.02,161.02,163.06,163.61,1.039999999999992,1.5900000000000034,OBJECTIF ATTEINT,8.6
2023-03-21 20:31:10,GBP/JPY,FX/Indices,1H,161.94,161.71,162.19,163.06,1.0869565217391788,4.869565217391541,OBJECTIF ATTEINT,8.0
2023-03-21 04:30:21,USD/CHF,FX/Indices,1H,0.9295,0.9281,0.9313,0.9342,1.2857142857143424,3.3571428571429873,INVALIDÉE,8.8
2023-03-20 16:39:25,AUD/USD,FX/Indices,1H,0.6709,0.6696,0.6729,0.6806,1.5384615384614464,7.461538461537955,INVALIDÉE,8.4
2023-03-20 08:33:51,DAX40 PERF INDEX,FX/Indices,1H,14512.42,14664.2,14184.42,13789.0,2.161022532612983,4.7662406114112335,INVALIDÉE,7.7
2023-03-20 00:32:20,GBP/CHF,FX/Indices,1H,1.1307,1.1285,1.1333,1.1429,1.1818181818181634,5.545454545454591,INVALIDÉE,8.9
2023-03-19 23:30:33,EUR/CHF,FX/Indices,1H,0.9897,0.9881,0.9913,0.9939,0.9999999999999306,2.6249999999999134,OBJECTIF ATTEINT,8.6
2023-03-19 23:30:06,AUD/USD,FX/Indices,1H,0.6711,0.6696,0.6729,0.6806,1.1999999999999704,6.333333333333062,INVALIDÉE,7.5
2023-03-16 16:39:26,EUR/CHF,FX/Indices,1H,0.9863,0.9852,0.9895,0.9941,2.9090909090910193,7.090909090909182,SEUIL PRÉSERVÉ,7.3
2023-03-16 16:39:10,GBP/CHF,FX/Indices,1H,1.1246,1.1233,1.1281,1.1333,2.692307692307574,6.692307692307232,OBJECTIF ATTEINT,7.7
2023-03-16 10:33:57,DAX40 FULL0926,FX/Indices,1H,14816.0,14891.1,14644.1,14562.33,2.288948069240996,3.3777629826897315,INVALIDÉE,7.9
2023-03-14 21:31:29,EUR/USD,FX/Indices,1H,1.0733,1.0721,1.0749,1.0857,1.3333333333335184,10.333333333334629,INVALIDÉE,8.6
2023-03-14 21:31:05,AUD/USD,FX/Indices,1H,0.6682,0.6637,0.6729,0.6748,1.044444444444439,1.4666666666666337,INVALIDÉE,8.4
2023-03-13 16:38:29,EUR/USD,FX/Indices,1H,1.074,1.0695,1.0799,1.0857,1.3111111111110652,2.5999999999999113,SEUIL PRÉSERVÉ,8.4
2023-03-13 14:38:51,AUD/USD,FX/Indices,1H,0.667,0.6637,0.6706,0.6729,1.090909090909045,1.7878787878787492,OBJECTIF ATTEINT,8.6
2023-03-13 12:33:24,USD/JPY,FX/Indices,1H,132.7,133.45,131.87,131.41,1.1066666666666454,1.7199999999999893,INVALIDÉE,8.2
2023-03-10 05:30:49,USD/CAD,FX/Indices,1H,1.3842,1.3816,1.3881,1.4189,1.4999999999998292,13.346153846153019,INVALIDÉE,8.8
2023-03-09 21:31:29,NASDAQ100 - MINI NASDAQ100 FULL0926,FX/Indices,1H,11999.25,12029.5,11923.9,11833.1,2.4909090909091027,5.492561983471062,INVALIDÉE,7.9
2023-03-09 19:36:38,S&P500 - MINI S&P500 FULL0926,FX/Indices,1H,3957.5,3982.8,3925.0,3840.28,1.284584980237145,4.633201581027627,OBJECTIF ATTEINT,8.0
2023-03-07 06:31:15,GBP/USD,FX/Indices,1H,1.2041,1.2013,1.2089,1.2143,1.7142857142858163,3.6428571428572503,INVALIDÉE,8.0
2023-03-06 13:34:09,DAX40 PERF INDEX,FX/Indices,1H,15646.79,15529.5,15879.6,16271.8,1.9849091994202213,5.328757779861827,SEUIL PRÉSERVÉ,8.8
2023-03-02 20:36:37,AUD/JPY,FX/Indices,1H,92.06,91.88,92.29,92.55,1.2777777777777515,2.7222222222220904,INVALIDÉE,8.6
2023-03-01 19:36:19,USD/CHF,FX/Indices,1H,0.9412,0.939,0.944,0.9536,1.272727272727181,5.636363636363389,OBJECTIF ATTEINT,7.9
2023-03-01 07:31:01,EUR/JPY,FX/Indices,1H,144.65,144.17,145.22,145.58,1.1874999999999407,1.9374999999999407,OBJECTIF ATTEINT,8.0
2023-02-26 23:30:31,EUR/CHF,FX/Indices,1H,0.9924,0.9888,0.9976,1.0071,1.444444444444496,4.083333333333449,SEUIL PRÉSERVÉ,8.8
2023-02-24 21:30:50,GBP/CHF,FX/Indices,1H,1.1236,1.1203,1.1299,1.1427,1.9090909090909824,5.787878787879071,SEUIL PRÉSERVÉ,8.2
2023-02-23 21:31:09,EUR/CHF,FX/Indices,1H,0.9897,0.9887,0.9912,0.9926,1.4999999999999445,2.900000000000011,OBJECTIF ATTEINT,8.6
2023-02-21 15:39:26,AUD/JPY,FX/Indices,1H,92.86,92.74,93.05,94.34,1.5833333333332544,12.333333333332899,INVALIDÉE,8.2
2023-02-21 06:31:34,NASDAQ100 - MINI NASDAQ100 FULL0926,FX/Indices,1H,12350.25,12420.0,12266.1,12008.5,1.2064516129032206,4.899641577060932,OBJECTIF ATTEINT,7.5
2023-02-17 04:31:20,CHF/JPY,FX/Indices,1H,145.08,144.89,145.28,145.6,1.0526315789471636,2.7368421052626855,INVALIDÉE,8.4
2023-02-16 23:31:45,GBP/USD,FX/Indices,1H,1.1976,1.199,1.1961,1.1839,1.07142857142856,9.785714285713844,INVALIDÉE,8.0
2023-02-16 20:35:47,USD/CAD,FX/Indices,1H,1.3459,1.3424,1.355,1.3574,2.5999999999999237,3.285714285714186,SEUIL PRÉSERVÉ,8.6
2023-02-16 07:31:04,AUD/JPY,FX/Indices,1H,92.61,92.33,93.05,94.02,1.571428571428557,5.035714285714253,INVALIDÉE,8.6
2023-02-15 11:34:52,EUR/JPY,FX/Indices,1H,143.0,142.67,143.65,144.17,1.9696969696969122,3.545454545454373,SEUIL PRÉSERVÉ,8.8
2023-02-14 21:31:41,USD/JPY,FX/Indices,1H,133.07,132.59,134.44,135.97,2.854166666666737,6.041666666666807,SEUIL PRÉSERVÉ,8.6
2023-02-14 21:31:30,CHF/JPY,FX/Indices,1H,144.39,143.85,145.43,145.65,1.9259259259259922,2.3333333333334036,SEUIL PRÉSERVÉ,8.2
2023-02-08 15:40:22,NASDAQ100 INDEX,FX/Indices,1H,12641.59,12558.7,12885.3,13311.0,2.940161660031377,8.075883701290923,INVALIDÉE,7.7
2023-02-08 14:33:37,DAX40 PERF INDEX,FX/Indices,1H,15432.41,15364.7,15521.0,15860.78,1.308373947718229,6.3265396544086006,INVALIDÉE,8.2
2023-02-07 18:05:37,S&P500 - MINI S&P500 FULL0926,FX/Indices,Journalier,4166.75,4113.75,4228.0,4356.5,1.1556603773584906,3.580188679245283,INVALIDÉE,8.2
2023-02-07 15:40:29,NZD/USD,FX/Indices,1H,0.6284,0.6306,0.6261,0.6182,1.0454545454544881,4.6363636363634395,INVALIDÉE,7.7
2023-02-06 17:36:56,USD/CAD,FX/Indices,1H,1.3448,1.3428,1.3472,1.355,1.1999999999999778,5.099999999999989,INVALIDÉE,8.8
2023-02-01 22:31:14,CHF/JPY,FX/Indices,1H,141.85,141.56,142.25,143.22,1.3793103448276436,4.724137931034628,INVALIDÉE,8.4
2023-01-31 12:33:15,USD/JPY,FX/Indices,1H,130.43,130.29,130.61,131.12,1.2857142857141988,4.928571428570892,INVALIDÉE,8.4
2023-01-30 23:30:15,GBP/CHF,FX/Indices,1H,1.1429,1.1389,1.1535,1.1696,2.6499999999999835,6.67499999999998,INVALIDÉE,8.6
2023-01-30 12:59:35,NZD/USD,FX/Indices,Journalier,0.6496,0.6451,0.6559,0.6838,1.4000000000000346,7.6000000000000885,INVALIDÉE,8.2
2023-01-27 18:36:03,EUR/GBP,FX/Indices,1H,0.8768,0.8787,0.8722,0.869,2.4210526315789567,4.105263157894725,INVALIDÉE,7.5
2023-01-26 21:30:23,DAX40 FULL0926,FX/Indices,1H,15223.0,15172.3,15331.6,15659.33,2.142011834319503,8.606114398421965,INVALIDÉE,8.8
2023-01-26 06:30:12,MINI DJ30 FULL0625,FX/Indices,1H,33888.0,33788.0,,,,,SEUIL PRÉSERVÉ,8.6
2023-01-25 18:03:48,GBP/USD,FX/Indices,Journalier,1.2385,1.2258,1.2727,1.3208,2.6929133858267864,6.480314960629959,INVALIDÉE,8.4
2023-01-25 01:51:56,EUR/USD,FX/Indices,Journalier,1.0891,1.0655,1.1169,1.1561,1.177966101694914,2.8389830508474474,SEUIL PRÉSERVÉ,8.8
2023-01-24 20:36:31,AUD/USD,FX/Indices,1H,0.7044,0.7024,0.7064,0.7122,1.0,3.900000000000011,OBJECTIF ATTEINT,8.2
2023-01-24 18:36:14,NZD/USD,FX/Indices,1H,0.6509,0.6496,0.6531,0.6559,1.6923076923075742,3.846153846153616,INVALIDÉE,7.9
2023-01-24 06:30:13,USD/CAD,FX/Indices,1H,1.3354,1.3369,1.3321,1.3281,2.1999999999998225,4.86666666666639,INVALIDÉE,6.8
2023-01-24 05:30:18,NZD/USD,FX/Indices,1H,0.6505,0.6496,0.6531,0.6559,2.8888888888889026,6.0,INVALIDÉE,8.4
2023-01-23 19:36:05,GBP/CHF,FX/Indices,1H,1.1413,1.1355,1.1471,1.1557,1.0,2.482758620689638,SEUIL PRÉSERVÉ,7.5
2023-01-23 06:30:38,USD/JPY,FX/Indices,1H,130.01,129.5,130.61,131.41,1.1764705882353597,2.7450980392157462,OBJECTIF ATTEINT,7.7
2023-01-20 17:10:47,EUR/CHF,FX/Indices,Journalier,0.9991,0.9936,1.0071,1.0259,1.4545454545454894,4.872727272727326,INVALIDÉE,8.2
2023-01-19 23:30:50,EUR/GBP,FX/Indices,1H,0.8741,0.8761,0.869,0.8583,2.5499999999999945,7.900000000000011,INVALIDÉE,7.7
2023-01-19 09:58:27,EUR/USD,FX/Indices,Journalier,1.0824,1.0774,1.0899,1.1169,1.4999999999999778,6.899999999999836,INVALIDÉE,8.0
2023-01-17 21:31:05,GBP/USD,FX/Indices,1H,1.2288,1.2263,1.2355,1.246,2.6800000000001174,6.880000000000188,OBJECTIF ATTEINT,8.6
2023-01-17 21:30:40,DAX40 FULL0926,FX/Indices,1H,15246.0,15098.0,15545.0,15877.0,2.02027027027027,4.263513513513513,SEUIL PRÉSERVÉ,8.6
2023-01-16 04:30:09,S&P500 - MINI S&P500 FULL0926,FX/Indices,1H,4024.25,3973.25,4113.75,4228.0,1.7549019607843137,3.9950980392156863,SEUIL PRÉSERVÉ,8.9
2023-01-16 03:52:31,EUR/JPY,FX/Indices,Journalier,138.27,138.86,136.54,135.37,2.9322033898305224,4.915254237288117,INVALIDÉE,7.5
2023-01-16 03:52:22,GBP/JPY,FX/Indices,Journalier,156.22,157.03,155.23,148.37,1.22222222222223,9.691358024691324,INVALIDÉE,8.0
2023-01-15 21:29:59,GBP/USD,FX/Indices,1H,1.2223,1.221,1.2258,1.246,2.692307692308034,18.23076923077128,INVALIDÉE,8.2
2023-01-12 18:35:14,EUR/GBP,FX/Indices,1H,0.8877,0.885,0.8912,0.8961,1.2962962962962596,3.111111111111056,SEUIL PRÉSERVÉ,8.2
2023-01-11 12:57:31,EUR/GBP,FX/Indices,Journalier,0.8868,0.8813,0.8961,0.9041,1.6909090909090678,3.1454545454545078,INVALIDÉE,8.8
2023-01-11 09:32:19,MINI DJ30 FULL0625,FX/Indices,1H,33912.0,33811.0,,,,,OBJECTIF ATTEINT,8.4
2023-01-11 05:30:01,CHF/JPY,FX/Indices,1H,143.55,143.24,144.35,145.57,2.580645161290249,6.516129032257958,INVALIDÉE,8.4
2023-01-10 00:29:56,GBP/CHF,FX/Indices,1H,1.1222,1.1193,1.1269,1.145,1.6206896551723187,7.86206896551688,SEUIL PRÉSERVÉ,7.0
2023-01-09 14:33:09,EUR/JPY,FX/Indices,1H,141.47,140.77,142.49,142.91,1.4571428571428955,2.057142857142887,SEUIL PRÉSERVÉ,8.8
2023-01-06 09:33:15,S&P500 - MINI S&P500 FULL0926,FX/Indices,1H,3827.0,3839.54,3804.5,3788.5,1.7942583732057469,3.0701754385965003,INVALIDÉE,7.9
2023-01-06 08:32:13,AUD/JPY,FX/Indices,1H,90.73,90.43,91.06,91.39,1.1000000000000048,2.2000000000000095,OBJECTIF ATTEINT,8.4
2023-01-06 07:29:35,GBP/JPY,FX/Indices,1H,159.58,158.96,160.52,162.34,1.5161290322580496,4.451612903225759,SEUIL PRÉSERVÉ,8.0
2023-01-06 03:31:56,EUR/JPY,FX/Indices,1H,141.03,140.77,141.52,142.27,1.8846153846154856,4.769230769230971,INVALIDÉE,8.8
2023-01-05 12:31:49,AUD/USD,FX/Indices,1H,0.6835,0.6801,0.687,0.6887,1.0294117647059122,1.5294117647058958,INVALIDÉE,7.5
2023-01-04 10:58:26,DAX40 PERF INDEX,FX/Indices,Journalier,14351.28,14185.9,14545.2,14973.3,1.1725722578304443,3.7611561252871857,OBJECTIF ATTEINT,8.0
2023-01-03 19:34:42,USD/CAD,FX/Indices,1H,1.3681,1.3647,1.3752,1.3881,2.0882352941175704,5.88235294117629,INVALIDÉE,8.6
2023-01-03 03:28:59,EUR/GBP,FX/Indices,1H,0.8839,0.8822,0.8861,0.8877,1.2941176470587852,2.2352941176470282,INVALIDÉE,8.9
2023-01-01 21:29:02,EUR/USD,FX/Indices,1H,1.0699,1.067,1.0774,1.0895,2.5862068965515577,6.758620689654826,INVALIDÉE,8.6
2022-12-30 10:30:53,EUR/GBP,FX/Indices,1H,0.8861,0.8834,0.8924,0.8961,2.333333333333292,3.703703703703658,SEUIL PRÉSERVÉ,8.9
2022-12-30 04:29:02,CHF/JPY,FX/Indices,1H,143.74,143.24,144.88,145.57,2.2799999999999727,3.659999999999968,INVALIDÉE,8.6
2022-12-29 20:34:23,CHF/JPY,FX/Indices,1H,144.1,143.78,144.46,145.57,1.1250000000000666,4.593750000000094,INVALIDÉE,8.6
2022-12-29 12:30:30,EUR/GBP,FX/Indices,1H,0.8849,0.8834,0.8864,0.8961,0.999999999999926,7.4666666666663755,SEUIL PRÉSERVÉ,8.9
2022-12-28 23:30:05,CHF/JPY,FX/Indices,1H,144.54,143.76,145.57,146.43,1.32051282051282,2.4230769230769384,SEUIL PRÉSERVÉ,8.6
2022-12-28 22:29:48,EUR/JPY,FX/Indices,1H,142.65,141.53,144.17,145.53,1.3571428571428354,2.571428571428557,SEUIL PRÉSERVÉ,8.6
2022-12-28 21:31:13,USD/JPY,FX/Indices,1H,134.46,133.61,135.76,136.79,1.5294117647058725,2.741176470588235,INVALIDÉE,8.8
2022-12-28 12:31:02,USD/JPY,FX/Indices,1H,133.65,133.18,134.33,135.76,1.446808510638316,4.489361702127639,OBJECTIF ATTEINT,8.8
2022-12-28 01:29:11,EUR/JPY,FX/Indices,1H,142.26,141.53,144.17,144.87,2.616438356164416,3.5753424657534936,SEUIL PRÉSERVÉ,8.6
2022-12-28 01:29:02,CHF/JPY,FX/Indices,1H,143.86,143.24,145.57,146.24,2.758064516128979,3.8387096774193195,SEUIL PRÉSERVÉ,8.6
2022-12-27 18:59:37,EUR/CHF,FX/Indices,Journalier,0.9894,0.9852,0.9936,1.0098,1.0000000000000264,4.8571428571428985,OBJECTIF ATTEINT,7.9
2022-12-27 16:37:01,USD/JPY,FX/Indices,1H,133.48,133.19,134.33,135.76,2.9310344827587795,7.862068965517461,OBJECTIF ATTEINT,8.8
2022-12-27 15:36:27,EUR/GBP,FX/Indices,1H,0.8842,0.8813,0.8924,0.8961,2.8275862068965334,4.103448275862057,SEUIL PRÉSERVÉ,8.9
2022-12-27 12:31:10,AUD/JPY,FX/Indices,1H,89.69,89.29,90.27,91.39,1.4500000000000266,4.250000000000098,OBJECTIF ATTEINT,7.7
2022-12-27 10:31:03,GBP/JPY,FX/Indices,1H,160.91,160.52,161.9,162.3,2.5384615384616507,3.564102564102727,INVALIDÉE,7.7
2022-12-26 19:30:32,EUR/CHF,FX/Indices,1H,0.991,0.9898,0.9936,0.999,2.166666666666744,6.66666666666679,INVALIDÉE,8.0
2022-12-25 21:29:26,USD/CHF,FX/Indices,1H,0.9343,0.9327,0.9377,0.944,2.1249999999999134,6.062499999999783,INVALIDÉE,8.2
2022-12-25 21:29:07,EUR/GBP,FX/Indices,1H,0.8815,0.8761,0.8893,0.8961,1.4444444444444604,2.7037037037037344,SEUIL PRÉSERVÉ,8.4
2022-12-21 08:31:31,NZD/USD,FX/Indices,1H,0.6294,0.6319,0.6261,0.6207,1.3199999999999574,3.4799999999998916,SEUIL PRÉSERVÉ,8.2
2022-12-16 17:34:52,MINI DJ30 FULL0625,FX/Indices,1H,32939.0,33242.0,,,,,SEUIL PRÉSERVÉ,8.0
2022-12-16 07:29:41,EUR/CHF,FX/Indices,1H,0.9886,0.9874,0.9901,0.9917,1.249999999999977,2.5833333333333717,OBJECTIF ATTEINT,8.2
2022-12-15 18:36:06,AUD/JPY,FX/Indices,1H,92.24,92.41,91.84,91.62,2.3529411764705146,3.6470588235293184,OBJECTIF ATTEINT,7.5
2022-12-15 00:29:27,NZD/USD,FX/Indices,1H,0.6457,0.645,0.6469,0.6514,1.714285714285601,8.142857142856645,INVALIDÉE,8.0
2022-12-12 23:29:30,AUD/JPY,FX/Indices,1H,92.88,92.71,93.07,93.33,1.1176470588235048,2.647058823529402,OBJECTIF ATTEINT,8.0
2022-12-12 12:53:55,GBP/JPY,FX/Indices,Journalier,168.26,166.67,171.39,178.1,1.9685534591194898,6.188679245283008,INVALIDÉE,8.2
2022-12-12 11:31:47,USD/CHF,FX/Indices,1H,0.9316,0.9336,0.9283,0.923,1.6499999999999833,4.299999999999967,INVALIDÉE,7.9
2022-12-11 21:29:19,CHF/JPY,FX/Indices,1H,146.24,145.57,146.91,148.58,0.9999999999999576,3.492537313432758,OBJECTIF ATTEINT,7.9
2022-12-08 22:29:30,CHF/JPY,FX/Indices,1H,145.92,145.57,146.27,146.93,1.0000000000000813,2.885714285714388,OBJECTIF ATTEINT,8.4
2022-12-08 05:29:26,GBP/JPY,FX/Indices,1H,167.0,166.67,167.42,168.79,1.2727272727271866,5.424242424242195,INVALIDÉE,8.6
2022-12-08 04:29:31,EUR/JPY,FX/Indices,1H,144.02,143.63,144.85,146.69,2.128205128205007,6.8461538461535545,SEUIL PRÉSERVÉ,7.7
2022-12-08 04:29:05,USD/CAD,FX/Indices,1H,1.3687,1.3646,1.3752,1.3881,1.5853658536585273,4.731707317073146,INVALIDÉE,8.8
2022-12-05 17:35:19,EUR/CHF,FX/Indices,1H,0.989,0.9871,0.9936,1.0021,2.4210526315789567,6.894736842105217,SEUIL PRÉSERVÉ,7.1
2022-12-05 03:29:37,EUR/CHF,FX/Indices,1H,0.9888,0.9871,0.9936,1.0021,2.8235294117646634,7.823529411764533,INVALIDÉE,8.4
2022-12-05 01:29:27,GBP/USD,FX/Indices,1H,1.2317,1.2258,1.2429,1.2575,1.8983050847457366,4.372881355932199,INVALIDÉE,8.4
2022-12-02 21:29:43,EUR/USD,FX/Indices,1H,1.0539,1.0497,1.0583,1.0655,1.0476190476190426,2.7619047619047343,OBJECTIF ATTEINT,8.2
2022-12-02 17:35:35,EUR/CHF,FX/Indices,1H,0.9867,0.9852,0.9891,0.9936,1.5999999999999113,4.599999999999837,OBJECTIF ATTEINT,8.0
2022-12-02 05:29:46,EUR/CHF,FX/Indices,1H,0.9868,0.9852,0.9891,0.9936,1.4374999999999394,4.249999999999896,INVALIDÉE,8.8
2022-12-01 17:35:25,EUR/USD,FX/Indices,1H,1.0507,1.0449,1.0583,1.0655,1.3103448275862095,2.5517241379310094,SEUIL PRÉSERVÉ,8.6
2022-11-29 21:29:34,NASDAQ100 - MINI NASDAQ100 FULL0926,FX/Indices,1H,11512.25,11607.0,11340.93,11220.5,1.808126649076514,3.079155672823219,SEUIL PRÉSERVÉ,8.0
2022-11-29 14:31:48,EUR/CHF,FX/Indices,1H,0.986,0.9835,0.9891,0.997,1.240000000000023,4.400000000000098,SEUIL PRÉSERVÉ,8.4
2022-11-29 00:29:23,CHF/JPY,FX/Indices,1H,146.12,146.34,145.57,144.93,2.5000000000000644,5.409090909090927,INVALIDÉE,8.0
2022-11-25 14:31:53,EUR/GBP,FX/Indices,1H,0.8581,0.864,0.8506,0.8497,1.2711864406779543,1.4237288135593118,SEUIL PRÉSERVÉ,7.7
2022-11-24 01:29:06,DAX40 FULL0926,FX/Indices,1H,14480.0,14354.4,14613.0,15028.0,1.0589171974522262,4.363057324840752,SEUIL PRÉSERVÉ,7.9
2022-11-23 18:35:01,GBP/CHF,FX/Indices,1H,1.1365,1.1324,1.1463,1.1557,2.3902439024390363,4.682926829268273,SEUIL PRÉSERVÉ,8.8
2022-11-23 11:56:12,GBP/JPY,FX/Indices,Journalier,168.98,166.67,171.39,179.88,1.0432900432900407,4.718614718614717,INVALIDÉE,7.7
2022-11-23 11:33:16,EUR/JPY,FX/Indices,1H,145.97,145.54,146.82,147.45,1.976744186046467,3.441860465116201,INVALIDÉE,8.2
2022-11-21 18:35:11,USD/CHF,FX/Indices,1H,0.9595,0.9573,0.963,0.9692,1.5909090909090817,4.409090909090918,INVALIDÉE,8.4
2022-11-21 16:37:09,GBP/JPY,FX/Indices,1H,167.42,166.67,168.33,168.79,1.2133333333333667,1.8266666666666727,SEUIL PRÉSERVÉ,8.6
2022-11-21 10:31:55,EUR/GBP,FX/Indices,1H,0.8671,0.869,0.8634,0.8581,1.9473684210526376,4.73684210526313,SEUIL PRÉSERVÉ,7.5
2022-11-18 16:38:51,DAX40 PERF INDEX,FX/Indices,1H,14417.34,14273.8,14832.33,14973.3,2.8911104918489428,3.8732060749616535,SEUIL PRÉSERVÉ,8.8
2022-11-18 10:31:28,NZD/USD,FX/Indices,1H,0.6178,0.6168,0.6204,0.6261,2.5999999999999335,8.299999999999967,INVALIDÉE,8.6
2022-11-18 09:31:45,GBP/CHF,FX/Indices,1H,1.1344,1.1332,1.1361,1.1415,1.4166666666665895,5.916666666666127,INVALIDÉE,8.6
2022-11-16 23:29:59,GBP/USD,FX/Indices,1H,1.1917,1.1855,1.2024,1.2222,1.7258064516128968,4.919354838709686,INVALIDÉE,8.0
2022-11-15 13:32:27,EUR/USD,FX/Indices,1H,1.0432,1.0378,1.0507,1.0571,1.3888888888889392,2.5740740740741503,INVALIDÉE,8.6
2022-11-15 12:32:16,NASDAQ100 - MINI NASDAQ100 FULL0926,FX/Indices,1H,11879.25,11713.5,12232.87,12379.4,2.1334539969834134,3.017496229260933,SEUIL PRÉSERVÉ,8.8
2022-11-15 12:32:02,NZD/USD,FX/Indices,1H,0.6153,0.613,0.6209,0.6261,2.434782608695707,4.695652173913121,SEUIL PRÉSERVÉ,8.8
2022-11-11 17:35:13,AUD/JPY,FX/Indices,1H,92.98,93.43,92.21,91.92,1.711111111111123,2.355555555555546,INVALIDÉE,8.0
2022-11-11 12:32:01,USD/JPY,FX/Indices,1H,139.42,139.65,138.98,135.78,1.9130434782607084,15.826086956520427,OBJECTIF ATTEINT,8.0
2022-11-08 21:29:45,EUR/CHF,FX/Indices,1H,0.9929,0.9915,0.9944,0.9956,1.0714285714285658,1.9285714285715136,INVALIDÉE,8.8
2022-11-08 20:35:26,NZD/USD,FX/Indices,1H,0.5968,0.5946,0.6002,0.6073,1.545454545454541,4.772727272727296,INVALIDÉE,8.6
2022-11-07 23:29:44,AUD/JPY,FX/Indices,1H,94.97,94.7,95.3,95.57,1.2222222222222339,2.222222222222234,SEUIL PRÉSERVÉ,8.2
2022-11-07 20:35:37,EUR/CHF,FX/Indices,1H,0.9907,0.9893,0.9923,0.9944,1.1428571428570409,2.6428571428569616,INVALIDÉE,7.9
2022-11-07 17:35:10,AUD/USD,FX/Indices,1H,0.6473,0.6464,0.6496,0.6522,2.555555555555487,5.44444444444439,INVALIDÉE,8.2
2022-11-03 07:29:35,AUD/USD,FX/Indices,1H,0.6322,0.6337,0.6304,0.6272,1.1999999999999704,3.33333333333321,OBJECTIF ATTEINT,8.0
2022-10-28 08:31:44,GBP/CHF,FX/Indices,1H,1.1463,1.1434,1.1496,1.1572,1.137931034482661,3.75862068965498,OBJECTIF ATTEINT,7.7
2022-10-26 14:37:13,DAX40 PERF INDEX,FX/Indices,1H,13144.21,13029.8,13387.9,13789.0,2.1299711563674575,5.6357835853509455,SEUIL PRÉSERVÉ,8.6
2022-10-26 07:31:55,USD/JPY,FX/Indices,1H,147.4,148.55,146.2,145.51,1.043478260869575,1.64347826086957,OBJECTIF ATTEINT,8.0
2022-10-26 02:29:50,EUR/JPY,FX/Indices,1H,147.6,147.17,148.4,149.26,1.8604651162790666,3.8604651162790007,SEUIL PRÉSERVÉ,8.4
2022-10-26 02:29:24,DAX40 FULL0926,FX/Indices,1H,13093.0,12989.0,13381.7,13690.0,2.7759615384615453,5.740384615384615,SEUIL PRÉSERVÉ,8.6
2022-10-25 21:29:43,EUR/CHF,FX/Indices,1H,0.9924,0.9893,0.9963,1.0021,1.2580645161290402,3.129032258064538,SEUIL PRÉSERVÉ,8.6
2022-10-25 19:35:10,NZD/USD,FX/Indices,1H,0.5757,0.5742,0.5793,0.5906,2.4000000000001185,9.933333333333708,INVALIDÉE,8.8
2022-10-24 22:29:53,EUR/USD,FX/Indices,1H,0.9883,0.9846,0.9985,1.0094,2.7567567567568387,5.702702702702849,SEUIL PRÉSERVÉ,8.6
2022-10-24 04:51:02,EUR/JPY,FX/Indices,Journalier,146.58,144.17,149.26,154.14,1.1120331950207263,3.1369294605808693,INVALIDÉE,8.4
2022-10-21 09:31:47,GBP/USD,FX/Indices,1H,1.114,1.1182,1.1057,1.0964,1.9761904761905316,4.1904761904762236,INVALIDÉE,8.4
2022-10-21 06:29:57,USD/JPY,FX/Indices,1H,150.41,150.09,151.21,153.56,2.500000000000089,9.843750000000227,INVALIDÉE,8.2
2022-10-21 00:29:41,USD/CHF,FX/Indices,1H,1.0047,1.0034,1.0074,1.0173,2.0769230769234186,9.692307692308887,INVALIDÉE,8.2
2022-10-19 16:35:04,EUR/CHF,FX/Indices,1H,0.9823,0.9809,0.9852,0.998,2.071428571428645,11.214285714286094,SEUIL PRÉSERVÉ,8.6
2022-10-19 12:55:03,USD/CHF,FX/Indices,Journalier,1.0038,0.9835,1.0299,1.0549,1.2857142857142874,2.517241379310343,INVALIDÉE,8.2
2022-10-19 02:29:32,AUD/JPY,FX/Indices,1H,94.33,93.77,94.9,95.24,1.017857142857152,1.6249999999999873,SEUIL PRÉSERVÉ,8.2
2022-10-18 20:29:39,USD/JPY,FX/Indices,1H,149.21,148.57,149.93,151.21,1.1249999999999722,3.124999999999928,SEUIL PRÉSERVÉ,7.5
2022-10-17 21:29:19,EUR/CHF,FX/Indices,1H,0.98,0.9766,0.9852,0.998,1.5294117647058958,5.294117647058893,SEUIL PRÉSERVÉ,8.4
2022-10-17 08:31:31,DAX40 FULL0926,FX/Indices,1H,12504.0,12430.2,12587.0,12674.0,1.1246612466124772,2.303523035230375,OBJECTIF ATTEINT,8.4
2022-10-17 05:29:28,GBP/CHF,FX/Indices,1H,1.1291,1.1233,1.1358,1.1428,1.1551724137930857,2.362068965517238,OBJECTIF ATTEINT,8.2
2022-10-17 03:29:45,GBP/JPY,FX/Indices,1H,166.93,166.67,167.29,168.56,1.384615384615225,6.269230769230286,OBJECTIF ATTEINT,7.7
2022-10-13 21:30:12,NZD/USD,FX/Indices,1H,0.5636,0.5617,0.5658,0.5684,1.1578947368420869,2.526315789473681,INVALIDÉE,8.0
2022-10-11 23:30:47,GBP/CHF,FX/Indices,1H,1.0941,1.1003,1.0874,1.0813,1.0806451612903498,2.064516129032287,INVALIDÉE,7.9
2022-10-11 07:31:46,GBP/JPY,FX/Indices,1H,160.65,161.42,159.43,159.21,1.5844155844156205,1.8701298701299114,INVALIDÉE,7.7
2022-10-07 14:36:34,EUR/GBP,FX/Indices,1H,0.8795,0.8761,0.8873,0.8961,2.2941176470588602,4.882352941176547,SEUIL PRÉSERVÉ,8.0
2022-10-05 22:31:32,MINI DJ30 FULL0625,FX/Indices,1H,30334.0,30113.0,,,,,SEUIL PRÉSERVÉ,8.2
2022-10-04 03:29:37,EUR/USD,FX/Indices,1H,0.9828,0.9813,0.9853,0.9908,1.666666666666568,5.333333333333136,OBJECTIF ATTEINT,8.4
2022-10-03 22:30:24,EUR/JPY,FX/Indices,1H,142.07,141.63,143.02,144.1,2.159090909090959,4.61363636363639,OBJECTIF ATTEINT,7.7
2022-10-03 17:35:02,EUR/GBP,FX/Indices,1H,0.8695,0.8761,0.8591,0.8498,1.5757575757576017,2.98484848484852,SEUIL PRÉSERVÉ,7.9
2022-10-03 11:31:08,EUR/GBP,FX/Indices,1H,0.8726,0.8761,0.869,0.8589,1.0285714285714576,3.914285714285786,OBJECTIF ATTEINT,8.0
2022-09-30 02:30:00,USD/JPY,FX/Indices,1H,144.72,144.46,145.39,145.9,2.576923076923119,4.538461538461723,INVALIDÉE,8.4
2022-09-29 13:31:37,EUR/JPY,FX/Indices,1H,140.69,140.27,141.92,143.02,2.9285714285714914,5.547619047619243,OBJECTIF ATTEINT,7.9
2022-09-28 03:31:02,EUR/JPY,FX/Indices,1H,138.31,138.67,137.38,135.17,2.5833333333334583,8.722222222222621,INVALIDÉE,8.0
2022-09-27 18:34:50,USD/CHF,FX/Indices,1H,0.992,0.9887,0.9966,1.0034,1.3939393939394216,3.4545454545455097,INVALIDÉE,7.5
2022-09-25 20:29:04,USD/CAD,FX/Indices,1H,1.3611,1.3544,1.3724,1.3752,1.6865671641791355,2.1044776119403212,OBJECTIF ATTEINT,8.6
2022-09-23 09:53:49,DAX40 FULL0926,FX/Indices,Journalier,12384.0,12728.0,11927.33,11515.3,1.327529069767442,2.525290697674421,INVALIDÉE,8.0
2022-09-22 05:30:49,DAX40 FULL0926,FX/Indices,1H,12535.0,12728.0,12319.5,12124.67,1.116580310880829,2.126062176165803,SEUIL PRÉSERVÉ,7.7
2022-09-22 00:29:44,EUR/JPY,FX/Indices,1H,141.67,142.51,140.36,139.61,1.559523809523772,2.4523809523809112,INVALIDÉE,7.7
2022-09-21 06:29:34,GBP/CHF,FX/Indices,1H,1.0955,1.099,1.0914,1.0811,1.1714285714285497,4.114285714285637,OBJECTIF ATTEINT,7.3
2022-09-21 06:29:14,AUD/USD,FX/Indices,1H,0.6672,0.6705,0.6619,0.6521,1.6060606060606122,4.575757575757619,OBJECTIF ATTEINT,8.2
2022-09-20 04:29:48,EUR/CHF,FX/Indices,1H,0.9675,0.9665,0.9691,0.9746,1.5999999999999335,7.099999999999989,INVALIDÉE,8.2
2022-09-19 09:30:51,DAX40 FULL0926,FX/Indices,1H,12683.0,12728.0,12628.0,12319.5,1.2222222222222223,8.077777777777778,INVALIDÉE,7.7
2022-09-16 07:31:47,GBP/USD,FX/Indices,1H,1.141,1.1451,1.1304,1.1202,2.5853658536585273,5.073170731707309,SEUIL PRÉSERVÉ,8.2
2022-09-15 02:49:29,USD/CAD,FX/Indices,Journalier,1.3164,1.2986,1.3348,1.3752,1.0337078651685356,3.3033707865168447,OBJECTIF ATTEINT,8.6
2022-09-12 13:31:23,CHF/JPY,FX/Indices,1H,149.61,148.83,150.65,151.02,1.3333333333333213,1.8076923076923006,SEUIL PRÉSERVÉ,8.4
2022-09-12 13:31:22,AUD/JPY,FX/Indices,1H,98.21,97.92,98.64,99.78,1.4827586206897194,5.41379310344845,INVALIDÉE,8.2
2022-09-12 13:30:58,AUD/USD,FX/Indices,1H,0.6879,0.687,0.6904,0.6984,2.777777777778148,11.666666666668023,INVALIDÉE,8.6
2022-09-12 02:30:55,EUR/USD,FX/Indices,1H,1.0092,1.0079,1.0113,1.0255,1.6153846153845102,12.538461538460764,OBJECTIF ATTEINT,7.7
2022-09-09 19:34:46,AUD/JPY,FX/Indices,1H,97.65,97.5,97.84,99.65,1.2666666666666035,13.333333333332828,OBJECTIF ATTEINT,7.9
2022-09-09 08:32:27,NASDAQ100 - MINI NASDAQ100 FULL0926,FX/Indices,1H,12519.75,12379.4,12732.9,13133.9,1.5187032418952553,4.375846099038105,OBJECTIF ATTEINT,8.4
2022-09-09 00:29:16,EUR/GBP,FX/Indices,1H,0.8697,0.867,0.8761,0.8798,2.3703703703703245,3.7407407407406903,INVALIDÉE,7.9
2022-09-08 22:29:39,EUR/USD,FX/Indices,1H,1.0003,0.9982,1.0027,1.0055,1.1428571428571277,2.476190476190532,OBJECTIF ATTEINT,7.9
2022-09-07 13:31:49,GBP/USD,FX/Indices,1H,1.1432,1.1444,1.1418,1.1324,1.1666666666666359,8.99999999999926,INVALIDÉE,7.9
2022-09-07 03:49:56,NZD/USD,FX/Indices,Journalier,0.6004,0.6108,0.586,0.5684,1.384615384615397,3.07692307692309,INVALIDÉE,8.0
2022-09-06 09:31:32,AUD/JPY,FX/Indices,1H,95.98,95.77,96.21,96.67,1.095238095238005,3.2857142857141506,OBJECTIF ATTEINT,8.4
2022-09-05 19:29:57,AUD/JPY,FX/Indices,1H,95.57,95.44,95.77,95.93,1.538461538461614,2.7692307692309712,OBJECTIF ATTEINT,8.9
2022-09-05 05:29:51,USD/CHF,FX/Indices,1H,0.9834,0.9808,0.986,0.9887,0.9999999999999573,2.038461538461491,INVALIDÉE,8.8
2022-09-01 06:50:05,CHF/JPY,FX/Indices,Journalier,142.73,140.96,144.75,147.23,1.1412429378531248,2.5423728813559583,OBJECTIF ATTEINT,8.0
2022-09-01 00:30:07,EUR/JPY,FX/Indices,1H,139.9,139.61,140.74,141.38,2.896551724138022,5.103448275862173,INVALIDÉE,8.9
2022-08-31 22:31:01,AUD/USD,FX/Indices,1H,0.684,0.687,0.6765,0.6733,2.5000000000000187,3.566666666666678,SEUIL PRÉSERVÉ,7.9
2022-08-31 20:31:45,NASDAQ100 - MINI NASDAQ100 FULL0926,FX/Indices,1H,12305.5,12376.5,12132.5,11707.5,2.436619718309859,8.422535211267606,OBJECTIF ATTEINT,7.9
2022-08-31 19:35:28,EUR/USD,FX/Indices,1H,1.0046,1.0027,1.007,1.009,1.2631578947368114,2.3157894736841738,INVALIDÉE,8.8
2022-08-30 18:36:51,EUR/USD,FX/Indices,1H,1.0025,0.9999,1.009,1.0146,2.5000000000000426,4.653846153846269,INVALIDÉE,8.2
2022-08-30 14:38:57,EUR/CHF,FX/Indices,1H,0.9745,0.9698,0.9798,0.9852,1.12765957446807,2.2765957446808183,SEUIL PRÉSERVÉ,8.8
2022-08-29 05:31:13,GBP/JPY,FX/Indices,1H,161.85,161.55,162.3,162.77,1.500000000000142,3.0666666666668942,OBJECTIF ATTEINT,7.3
2022-08-29 02:50:24,EUR/USD,FX/Indices,Journalier,0.9927,1.0027,0.9692,0.9432,2.3500000000000316,4.950000000000049,INVALIDÉE,8.0
2022-08-26 13:31:24,USD/CAD,FX/Indices,1H,1.2917,1.2937,1.2895,1.2859,1.099999999999989,2.900000000000011,INVALIDÉE,8.0
2022-08-26 11:31:51,GBP/USD,FX/Indices,1H,1.1831,1.1793,1.1878,1.1923,1.2368421052631302,2.421052631578898,INVALIDÉE,7.5
2022-08-26 11:31:12,AUD/USD,FX/Indices,1H,0.6976,0.6964,0.6995,0.704,1.583333333333372,5.333333333333395,INVALIDÉE,8.4
2022-08-25 06:29:31,USD/CAD,FX/Indices,1H,1.2919,1.2937,1.288,1.2827,2.166666666666646,5.111111111111097,INVALIDÉE,7.9
2022-08-25 00:29:43,AUD/USD,FX/Indices,1H,0.6919,0.6899,0.6964,0.6995,2.2500000000000275,3.800000000000022,OBJECTIF ATTEINT,7.5
2022-08-24 02:31:42,USD/CHF,FX/Indices,1H,0.9654,0.9619,0.9693,0.9734,1.1142857142857,2.2857142857142496,SEUIL PRÉSERVÉ,8.4
2022-08-22 23:30:35,USD/JPY,FX/Indices,1H,137.59,137.23,138.62,138.98,2.861111111111006,3.861111111110927,INVALIDÉE,8.4
2022-08-22 23:30:26,AUD/JPY,FX/Indices,1H,94.63,94.3,95.24,96.14,1.8484848484848564,4.575757575757615,SEUIL PRÉSERVÉ,7.5
2022-08-22 20:30:57,USD/CAD,FX/Indices,1H,1.3051,1.3009,1.3108,1.3164,1.3571428571428723,2.690476190476223,INVALIDÉE,8.8
2022-08-22 06:34:43,DAX40 FULL0926,FX/Indices,1H,13465.0,13505.2,13348.8,12963.7,2.8905472636815577,12.4701492537311,OBJECTIF ATTEINT,8.2
2022-08-19 14:42:31,EUR/JPY,FX/Indices,1H,137.76,137.4,138.4,139.61,1.7777777777778918,5.138888888889163,INVALIDÉE,8.0
2022-08-19 00:35:14,NZD/USD,FX/Indices,1H,0.623,0.6261,0.6145,0.6108,2.7419354838709595,3.9354838709677487,SEUIL PRÉSERVÉ,8.2
2022-08-18 20:34:54,USD/CAD,FX/Indices,1H,1.2952,1.2937,1.2986,1.3108,2.266666666666963,10.400000000001183,OBJECTIF ATTEINT,8.8
2022-08-18 09:36:48,GBP/JPY,FX/Indices,1H,162.94,162.77,163.37,163.67,2.5294117647061087,4.294117647059079,INVALIDÉE,7.7
2022-08-16 15:37:23,DAX40 PERF INDEX,FX/Indices,1H,13910.71,13789.0,14084.2,14278.05,1.4254375154054955,3.01815791635858,INVALIDÉE,8.8
2022-08-16 14:36:54,EUR/GBP,FX/Indices,1H,0.8414,0.8442,0.8378,0.8364,1.2857142857143424,1.7857142857143424,SEUIL PRÉSERVÉ,7.3
2022-08-15 20:31:03,DAX40 FULL0926,FX/Indices,1H,13846.0,13797.0,13975.0,14195.4,2.63265306122449,7.130612244897952,SEUIL PRÉSERVÉ,7.7
2022-08-15 12:31:35,GBP/JPY,FX/Indices,1H,160.53,161.07,159.79,158.3,1.3703703703704073,4.1296296296296715,SEUIL PRÉSERVÉ,8.2
2022-08-12 20:30:09,AUD/USD,FX/Indices,1H,0.7122,0.7109,0.7137,0.7163,1.1538461538460423,3.1538461538459566,INVALIDÉE,8.6
2022-08-12 15:36:52,NASDAQ100 INDEX,FX/Indices,1H,13451.27,13306.2,13632.18,14003.1,1.2470531467567396,3.8038877783139244,OBJECTIF ATTEINT,8.4
2022-08-12 09:55:37,AUD/JPY,FX/Indices,Journalier,94.94,93.45,96.67,99.82,1.1610738255033624,3.2751677852349075,OBJECTIF ATTEINT,7.9
2022-08-12 09:31:53,S&P500 - MINI S&P500 FULL0926,FX/Indices,1H,4231.25,4202.75,4260.5,4283.05,1.0263157894736843,1.8175438596491291,OBJECTIF ATTEINT,7.9
2022-08-12 09:31:37,MINI DJ30 FULL0625,FX/Indices,1H,33461.0,33373.0,,,,,OBJECTIF ATTEINT,7.9
2022-08-11 20:30:19,EUR/GBP,FX/Indices,1H,0.8466,0.8453,0.8498,0.8589,2.4615384615385074,9.461538461538678,SEUIL PRÉSERVÉ,8.8
2022-08-11 08:32:11,EUR/USD,FX/Indices,1H,1.032,1.0294,1.0378,1.0446,2.2307692307692966,4.846153846153944,SEUIL PRÉSERVÉ,8.6
2022-08-10 04:29:50,NZD/USD,FX/Indices,1H,0.6292,0.6283,0.6303,0.6329,1.2222222222221948,4.111111111111097,OBJECTIF ATTEINT,8.6
2022-08-09 06:29:42,EUR/GBP,FX/Indices,1H,0.8449,0.8423,0.8498,0.8589,1.8846153846154372,5.384615384615523,SEUIL PRÉSERVÉ,8.4
2022-08-08 00:30:02,USD/CHF,FX/Indices,1H,0.9635,0.9623,0.9652,0.9734,1.416666666666628,8.250000000000162,INVALIDÉE,8.9
2022-08-08 00:30:01,EUR/JPY,FX/Indices,1H,137.72,137.18,138.44,139.61,1.3333333333333508,3.500000000000079,SEUIL PRÉSERVÉ,8.4
2022-08-08 00:29:52,GBP/JPY,FX/Indices,1H,163.35,162.77,163.95,165.3,1.0344827586207082,3.3620689655173632,SEUIL PRÉSERVÉ,8.6
2022-08-08 00:29:50,CHF/JPY,FX/Indices,1H,140.65,140.44,141.06,142.02,1.9523809523808622,6.523809523809298,OBJECTIF ATTEINT,8.6
2022-08-08 00:29:49,AUD/JPY,FX/Indices,1H,93.53,93.33,93.77,94.85,1.1999999999999573,6.599999999999872,OBJECTIF ATTEINT,8.8
2022-08-04 17:36:06,EUR/CHF,FX/Indices,1H,0.9783,0.9765,0.9805,0.9852,1.2222222222223318,3.8333333333335284,SEUIL PRÉSERVÉ,8.2
2022-08-03 08:31:07,EUR/GBP,FX/Indices,1H,0.8351,0.8392,0.831,0.8243,1.0,2.6341463414634,SEUIL PRÉSERVÉ,7.9
2022-08-01 04:29:49,GBP/JPY,FX/Indices,1H,161.4,161.97,160.46,158.6,1.6491228070175596,4.912280701754464,SEUIL PRÉSERVÉ,8.0
2022-07-29 20:30:19,USD/CHF,FX/Indices,1H,0.951,0.9542,0.944,0.9353,2.187499999999939,4.906249999999839,SEUIL PRÉSERVÉ,7.7
2022-07-29 20:30:17,EUR/USD,FX/Indices,1H,1.0226,1.0203,1.0257,1.0278,1.3478260869565848,2.2608695652174626,OBJECTIF ATTEINT,8.4
2022-07-28 23:29:19,AUD/USD,FX/Indices,1H,0.6998,0.6913,0.7093,0.7207,1.1176470588235432,2.458823529411782,SEUIL PRÉSERVÉ,8.6
2022-07-28 10:55:24,EUR/CHF,FX/Indices,Journalier,0.9738,0.9852,0.9586,0.9227,1.3333333333333366,4.482456140350894,OBJECTIF ATTEINT,7.7
2022-07-26 14:37:14,S&P500 - MINI S&P500 FULL0926,FX/Indices,1H,3937.0,3964.25,3908.75,3820.25,1.036697247706422,4.284403669724771,SEUIL PRÉSERVÉ,7.1
2022-07-26 02:29:45,USD/JPY,FX/Indices,1H,136.35,136.79,135.89,135.57,1.045454545454569,1.7727272727272845,INVALIDÉE,8.4
2022-07-25 15:36:17,AUD/USD,FX/Indices,1H,0.6958,0.6931,0.6996,0.7093,1.407407407407456,5.000000000000164,SEUIL PRÉSERVÉ,8.6
2022-07-25 09:31:38,NZD/USD,FX/Indices,1H,0.6262,0.6242,0.6304,0.6396,2.099999999999989,6.699999999999978,SEUIL PRÉSERVÉ,7.7
2022-07-22 12:30:50,USD/CAD,FX/Indices,1H,1.2862,1.2896,1.2766,1.2644,2.8235294117646634,6.411764705882234,INVALIDÉE,7.9
2022-07-22 00:29:29,MINI DJ30 FULL0625,FX/Indices,1H,31941.0,31615.0,,,,,SEUIL PRÉSERVÉ,8.2
2022-07-20 10:56:04,GBP/JPY,FX/Indices,Journalier,165.48,162.43,168.56,174.89,1.0098360655737801,3.0852459016393605,INVALIDÉE,7.7
2022-07-20 02:30:02,GBP/JPY,FX/Indices,1H,166.04,165.29,167.17,168.56,1.5066666666666606,3.3600000000000136,SEUIL PRÉSERVÉ,8.4
2022-07-20 00:50:08,EUR/JPY,FX/Indices,Journalier,141.64,139.64,144.1,149.26,1.230000000000004,3.8100000000000023,INVALIDÉE,7.3
2022-07-19 18:35:29,EUR/GBP,FX/Indices,1H,0.8533,0.8514,0.8554,0.8589,1.1052631578948475,2.94736842105281,INVALIDÉE,8.6
2022-07-19 16:35:50,EUR/JPY,FX/Indices,1H,141.29,140.8,141.83,143.61,1.1020408163266158,4.734693877551251,OBJECTIF ATTEINT,8.8
2022-07-19 04:30:54,AUD/JPY,FX/Indices,1H,94.4,94.26,94.64,95.75,1.714285714285671,9.642857142857062,OBJECTIF ATTEINT,8.2
2022-07-15 20:38:47,EUR/JPY,FX/Indices,1H,139.74,139.17,141.27,141.83,2.68421052631569,3.6666666666665337,SEUIL PRÉSERVÉ,8.4
2022-07-15 16:08:48,AUD/JPY,FX/Indices,Journalier,94.09,92.08,96.67,99.08,1.2835820895522347,2.482587064676608,SEUIL PRÉSERVÉ,7.9
2022-07-15 10:41:04,GBP/CHF,FX/Indices,1H,1.1599,1.1612,1.1568,1.1533,2.3846153846151483,5.076923076922722,SEUIL PRÉSERVÉ,8.2
2022-07-14 21:39:27,AUD/JPY,FX/Indices,1H,93.8,93.69,93.97,95.42,1.545454545454569,14.727272727272844,INVALIDÉE,8.4
2022-07-14 11:40:57,NASDAQ100 - MINI NASDAQ100 FULL0926,FX/Indices,1H,11644.0,11753.6,11529.5,11391.6,1.0447080291970767,2.302919708029186,INVALIDÉE,7.9
2022-07-12 04:39:26,USD/CHF,FX/Indices,1H,0.9836,0.9787,0.9887,0.9945,1.0408163265306076,2.2244897959183647,SEUIL PRÉSERVÉ,8.9
2022-07-12 04:01:00,GBP/USD,FX/Indices,Journalier,1.1878,1.2035,1.1554,1.1492,2.0636942675159164,2.4585987261146403,INVALIDÉE,8.0
2022-07-08 20:38:52,S&P500 - MINI S&P500 FULL0926,FX/Indices,1H,3905.5,3875.0,3949.78,4048.25,1.451803278688531,4.680327868852459,INVALIDÉE,7.9
2022-07-08 17:43:39,AUD/JPY,FX/Indices,1H,93.15,92.97,93.47,93.97,1.7777777777776724,4.555555555555345,INVALIDÉE,8.2
2022-07-08 16:44:00,USD/JPY,FX/Indices,1H,136.15,136.0,136.38,136.57,1.533333333333207,2.7999999999998106,OBJECTIF ATTEINT,8.4
2022-07-07 18:43:50,USD/JPY,FX/Indices,1H,136.05,135.78,136.38,136.57,1.2222222222221168,1.9259259259257855,INVALIDÉE,8.4
2022-07-07 03:38:56,S&P500 - MINI S&P500 FULL0926,FX/Indices,1H,3854.0,3811.56,3900.61,3922.5,1.098256361922716,1.614043355325163,OBJECTIF ATTEINT,8.8
2022-07-06 13:40:14,EUR/GBP,FX/Indices,1H,0.8544,0.8578,0.8498,0.8464,1.352941176470619,2.352941176470619,SEUIL PRÉSERVÉ,8.0
2022-07-06 05:39:18,AUD/JPY,FX/Indices,1H,91.8,92.01,91.42,90.81,1.8095238095237194,4.714285714285511,INVALIDÉE,8.0
2022-07-05 22:12:36,USD/CAD,FX/Indices,Journalier,1.3026,1.2767,1.3348,1.3752,1.2432432432432419,2.8030888030887993,SEUIL PRÉSERVÉ,8.4
2022-06-30 13:06:16,DAX40 FULL0926,FX/Indices,Journalier,12687.0,12925.0,12225.67,11480.3,1.9383613445378147,5.070168067226894,INVALIDÉE,8.4
2022-06-28 22:38:23,EUR/GBP,FX/Indices,1H,0.8636,0.8612,0.869,0.8761,2.249999999999919,5.208333333333166,SEUIL PRÉSERVÉ,7.3
2022-06-28 10:41:00,S&P500 - MINI S&P500 FULL0926,FX/Indices,1H,3922.5,3900.61,3948.0,4090.75,1.1649154865235336,7.68615806304253,INVALIDÉE,8.4
2022-06-28 08:41:03,EUR/USD,FX/Indices,1H,1.0594,1.0582,1.0615,1.0655,1.7500000000003701,5.083333333333888,INVALIDÉE,8.2
2022-06-27 23:11:23,EUR/GBP,FX/Indices,Journalier,0.8625,0.859,0.869,0.8761,1.857142857142812,3.885714285714205,INVALIDÉE,8.4
2022-06-27 17:43:55,GBP/CHF,FX/Indices,1H,1.1735,1.1764,1.1679,1.1513,1.9310344827587025,7.65517241379336,SEUIL PRÉSERVÉ,7.9
2022-06-23 13:31:23,MINI DJ30 FULL0625,FX/Indices,1H,30591.0,30335.0,,,,,SEUIL PRÉSERVÉ,7.1
2022-06-23 10:31:43,S&P500 - MINI S&P500 FULL0926,FX/Indices,1H,3776.25,3749.75,3843.0,3900.61,2.518867924528302,4.69283018867925,SEUIL PRÉSERVÉ,8.0
2022-06-22 15:45:44,USD/CHF,FX/Indices,1H,0.9604,0.9632,0.9573,0.9536,1.1071428571428883,2.4285714285715136,INVALIDÉE,8.2
2022-06-22 06:11:50,DAX40 FULL0926,FX/Indices,Journalier,13067.0,13356.0,12633.0,11480.3,1.5017301038062283,5.490311418685124,OBJECTIF ATTEINT,7.9
2022-06-22 05:38:32,AUD/USD,FX/Indices,1H,0.692,0.6943,0.6897,0.687,0.9999999999999517,2.173913043478139,OBJECTIF ATTEINT,8.2
2022-06-14 18:44:30,GBP/JPY,FX/Indices,1H,161.67,162.25,160.61,160.09,1.8275862068964672,2.7241379310343965,INVALIDÉE,8.0
2022-06-13 15:18:04,NASDAQ100 INDEX,FX/Indices,Journalier,11337.86,11769.8,10833.3,10499.31,1.1681252025744382,1.9413575959624105,INVALIDÉE,7.9
2022-06-13 09:08:11,NASDAQ100 - MINI NASDAQ100 FULL0926,FX/Indices,Journalier,11509.25,11800.0,10837.5,10497.47,2.310404127257094,3.479896818572659,INVALIDÉE,8.4
2022-06-13 09:08:10,S&P500 - MINI S&P500 FULL0926,FX/Indices,Journalier,3804.25,3899.5,3576.08,3305.25,2.3954855643044626,5.238845144356955,INVALIDÉE,8.6
2022-06-13 06:01:30,MINI DJ30 FULL0625,FX/Indices,Journalier,30968.0,32467.0,,,,,SEUIL PRÉSERVÉ,8.8
2022-06-09 00:02:37,USD/CHF,FX/Indices,Journalier,0.979,0.9734,0.9887,0.9997,1.7321428571428836,3.6964285714286214,OBJECTIF ATTEINT,7.7
2022-06-08 21:39:01,USD/CHF,FX/Indices,1H,0.9781,0.9734,0.9887,0.9997,2.2553191489362168,4.5957446808511495,SEUIL PRÉSERVÉ,8.0
2022-06-08 19:35:09,EUR/CHF,FX/Indices,1H,1.0484,1.0437,1.0597,1.0757,2.4042553191489926,5.808510638297985,INVALIDÉE,8.8
2022-06-07 14:46:15,GBP/CHF,FX/Indices,1H,1.2215,1.2187,1.2282,1.2423,2.392857142857001,7.428571428571043,SEUIL PRÉSERVÉ,8.4
2022-06-06 07:41:16,GBP/JPY,FX/Indices,1H,163.64,163.32,164.11,166.45,1.4687500000001166,8.781250000000194,OBJECTIF ATTEINT,8.4
2022-06-05 23:39:33,EUR/GBP,FX/Indices,1H,0.8585,0.8558,0.864,0.8714,2.0370370370369915,4.777777777777682,INVALIDÉE,8.6
2022-06-03 12:08:10,EUR/GBP,FX/Indices,Journalier,0.8543,0.8501,0.859,0.864,1.1190476190476328,2.3095238095238297,OBJECTIF ATTEINT,7.5
2022-06-02 17:44:55,EUR/GBP,FX/Indices,1H,0.8541,0.8529,0.8573,0.859,2.6666666666666976,4.083333333333418,SEUIL PRÉSERVÉ,8.2
2022-05-31 22:39:12,EUR/JPY,FX/Indices,1H,138.18,137.72,139.41,139.61,2.6739130434781924,3.108695652173874,SEUIL PRÉSERVÉ,8.6
2022-05-30 19:39:14,NZD/USD,FX/Indices,1H,0.6558,0.6539,0.6594,0.6654,1.894736842105217,5.052631578947304,INVALIDÉE,7.9
2022-05-30 15:07:15,EUR/JPY,FX/Indices,Journalier,137.51,136.55,139.61,145.6,2.18750000000007,8.427083333333517,OBJECTIF ATTEINT,8.4
2022-05-30 08:41:40,EUR/USD,FX/Indices,1H,1.0754,1.0698,1.0816,1.0866,1.1071428571428883,2.0000000000000795,SEUIL PRÉSERVÉ,8.4
2022-05-30 08:41:04,AUD/USD,FX/Indices,1H,0.7185,0.7127,0.7252,0.7283,1.1551724137930857,1.6896551724137714,SEUIL PRÉSERVÉ,8.4
2022-05-30 06:39:20,GBP/USD,FX/Indices,1H,1.2646,1.26,1.2723,1.2907,1.6739130434782923,5.673913043478341,SEUIL PRÉSERVÉ,8.6
2022-05-27 20:39:16,CHF/JPY,FX/Indices,1H,132.79,132.24,134.29,136.54,2.727272727272812,6.81818181818203,SEUIL PRÉSERVÉ,8.6
2022-05-27 11:41:12,NZD/USD,FX/Indices,1H,0.6526,0.6514,0.6539,0.6665,1.083333333333418,11.583333333333558,OBJECTIF ATTEINT,8.9
2022-05-26 17:44:53,EUR/JPY,FX/Indices,1H,136.34,136.16,136.55,136.8,1.1666666666666667,2.555555555555503,INVALIDÉE,8.6
2022-05-26 00:39:32,S&P500 - MINI S&P500 FULL0926,FX/Indices,1H,3983.75,3949.8,4042.75,4095.0,1.7378497790869019,3.2768777614138616,OBJECTIF ATTEINT,8.6
2022-05-26 00:39:24,NZD/USD,FX/Indices,1H,0.6493,0.6467,0.6539,0.6665,1.7692307692308316,6.615384615384777,INVALIDÉE,8.4
2022-05-26 00:39:22,CHF/JPY,FX/Indices,1H,132.45,132.24,132.76,134.29,1.4761904761906308,8.761904761905631,INVALIDÉE,8.8
2022-05-25 15:39:41,S&P500 - MINI S&P500 FULL0926,FX/Indices,1H,3962.75,3949.8,3981.45,4042.75,1.4440154440154502,6.177606177606265,INVALIDÉE,7.7
2022-05-24 13:06:10,EUR/GBP,FX/Indices,Journalier,0.8572,0.8527,0.864,0.8875,1.5111111111111346,6.733333333333409,INVALIDÉE,8.4
2022-05-23 18:44:45,CHF/JPY,FX/Indices,1H,132.43,132.24,132.76,134.29,1.736842105263095,9.789473684210567,INVALIDÉE,8.8
2022-05-22 22:39:14,EUR/USD,FX/Indices,1H,1.0572,1.0555,1.0607,1.0655,2.058823529412026,4.882352941176993,OBJECTIF ATTEINT,7.9
2022-05-16 11:41:45,USD/CHF,FX/Indices,1H,1.0045,0.9997,1.0162,1.0273,2.437500000000052,4.7500000000001155,SEUIL PRÉSERVÉ,8.4
2022-05-13 10:40:56,EUR/CHF,FX/Indices,1H,1.0389,1.0408,1.0362,1.0338,1.421052631578898,2.6842105263157094,INVALIDÉE,7.9
2022-05-13 08:41:21,DAX40 FULL0926,FX/Indices,1H,13914.0,13809.1,14083.1,14236.0,1.6120114394661673,3.069590085796007,OBJECTIF ATTEINT,8.4
2022-05-11 23:39:05,MINI DJ30 FULL0625,FX/Indices,1H,31793.0,31981.0,,,,,OBJECTIF ATTEINT,7.7
2022-05-11 11:41:36,GBP/JPY,FX/Indices,1H,160.21,160.74,159.65,158.19,1.0566037735849076,3.8113207547169923,OBJECTIF ATTEINT,8.0
2022-05-09 17:45:20,S&P500 - MINI S&P500 FULL0926,FX/Indices,1H,4012.5,4062.0,3912.5,3769.0,2.0202020202020203,4.91919191919192,SEUIL PRÉSERVÉ,8.0
2022-05-09 17:44:51,EUR/GBP,FX/Indices,1H,0.8557,0.8546,0.8587,0.864,2.7272727272727546,7.545454545454591,SEUIL PRÉSERVÉ,8.4
2022-05-09 08:56:59,S&P500 - MINI S&P500 FULL0926,FX/Indices,Journalier,4059.5,4156.0,3808.33,3497.92,2.6027979274611406,5.819481865284973,OBJECTIF ATTEINT,8.2
2022-05-09 06:03:27,MINI DJ30 FULL0625,FX/Indices,Journalier,32456.0,33522.0,,,,,OBJECTIF ATTEINT,7.9
2022-05-05 10:41:01,EUR/GBP,FX/Indices,1H,0.8446,0.8431,0.8466,0.8498,1.333333333333284,3.466666666666524,OBJECTIF ATTEINT,8.2
2022-05-04 00:39:27,EUR/CHF,FX/Indices,1H,1.0305,1.0292,1.0338,1.0353,2.5384615384614464,3.692307692307574,OBJECTIF ATTEINT,8.6
2022-05-03 21:39:50,USD/CHF,FX/Indices,1H,0.9785,0.9759,0.9812,0.9887,1.0384615384614908,3.9230769230768474,OBJECTIF ATTEINT,7.9
2022-05-02 13:42:13,EUR/CHF,FX/Indices,1H,1.0265,1.0244,1.0292,1.0338,1.2857142857142556,3.476190476190532,OBJECTIF ATTEINT,7.3
2022-04-27 23:13:58,NASDAQ100 - MINI NASDAQ100 FULL0926,FX/Indices,Journalier,13163.5,13447.93,12648.5,12275.7,1.8106388215026525,3.1213303800583567,OBJECTIF ATTEINT,7.9
2022-04-27 15:39:37,NZD/USD,FX/Indices,1H,0.6536,0.6561,0.6503,0.6379,1.3199999999999574,6.27999999999983,OBJECTIF ATTEINT,7.9
2022-04-27 14:46:24,AUD/USD,FX/Indices,1H,0.7112,0.7135,0.7076,0.6996,1.5652173913043899,5.043478260869658,INVALIDÉE,8.0
2022-04-27 00:40:00,USD/CHF,FX/Indices,1H,0.9629,0.9583,0.9701,0.9734,1.5652173913043657,2.282608695652219,OBJECTIF ATTEINT,8.8
2022-04-26 18:44:57,USD/CAD,FX/Indices,1H,1.2799,1.2766,1.2832,1.2891,0.9999999999999327,2.787878787878682,OBJECTIF ATTEINT,8.8
2022-04-26 12:41:48,USD/JPY,FX/Indices,1H,127.41,128.05,126.69,126.24,1.1249999999999722,1.8281249999999605,SEUIL PRÉSERVÉ,7.7
2022-04-26 10:41:36,USD/CAD,FX/Indices,1H,1.2737,1.2715,1.2766,1.2832,1.3181818181817861,4.318181818181786,OBJECTIF ATTEINT,7.5
2022-04-25 21:40:00,USD/CHF,FX/Indices,1H,0.9592,0.9553,0.9635,0.9734,1.1025641025640909,3.641025641025625,SEUIL PRÉSERVÉ,8.2
2022-04-25 15:46:26,CHF/JPY,FX/Indices,1H,133.13,133.42,132.45,131.04,2.3448275862069843,7.2068965517243475,INVALIDÉE,8.2
2022-04-21 20:39:51,GBP/CHF,FX/Indices,1H,1.242,1.2383,1.2496,1.2593,2.0540540540540477,4.675675675675655,INVALIDÉE,8.4
2022-04-21 17:45:16,EUR/CHF,FX/Indices,1H,1.0347,1.0333,1.037,1.0427,1.6428571428573016,5.714285714286349,INVALIDÉE,8.6
2022-04-20 14:46:59,S&P500 - MINI S&P500 FULL0926,FX/Indices,1H,4472.25,4446.83,4499.5,4519.0,1.0719905586152605,1.839103068450034,SEUIL PRÉSERVÉ,8.2
2022-04-18 17:35:38,USD/CHF,FX/Indices,1H,0.9446,0.9412,0.9545,0.9645,2.911764705882394,5.852941176470668,SEUIL PRÉSERVÉ,8.2
2022-04-18 06:40:10,USD/JPY,FX/Indices,1H,126.64,126.32,127.44,128.39,2.4999999999999334,5.4687499999998295,OBJECTIF ATTEINT,8.2
2022-04-15 10:40:08,AUD/JPY,FX/Indices,1H,93.71,93.35,94.17,95.43,1.2777777777778019,4.777777777777821,INVALIDÉE,8.6
2022-04-13 18:45:04,EUR/JPY,FX/Indices,1H,136.65,136.2,137.13,137.24,1.0666666666666036,1.311111111111069,INVALIDÉE,8.4
2022-04-13 14:46:37,GBP/JPY,FX/Indices,1H,163.86,163.32,164.91,166.13,1.9444444444443392,4.2037037037035105,SEUIL PRÉSERVÉ,8.2
2022-04-12 22:39:54,USD/CAD,FX/Indices,1H,1.264,1.2619,1.2661,1.2766,1.0,6.0,INVALIDÉE,7.1
2022-04-11 13:41:49,USD/CAD,FX/Indices,1H,1.2616,1.2595,1.2647,1.2766,1.4761904761904259,7.142857142857128,OBJECTIF ATTEINT,8.6
2022-04-10 23:40:12,NASDAQ100 - MINI NASDAQ100 FULL0926,FX/Indices,1H,14348.5,14465.2,14025.67,13507.0,2.766323907454995,7.21079691516705,SEUIL PRÉSERVÉ,8.2
2022-04-10 21:40:04,EUR/JPY,FX/Indices,1H,135.43,135.14,135.88,136.3,1.5517241379308857,2.999999999999804,OBJECTIF ATTEINT,8.0
2022-04-08 02:40:13,NZD/USD,FX/Indices,1H,0.6877,0.6895,0.6838,0.6809,2.166666666666646,3.7777777777777435,OBJECTIF ATTEINT,7.7
2022-04-07 09:42:27,EUR/USD,FX/Indices,1H,1.0887,1.0899,1.0875,1.0817,1.0,5.833333333332809,INVALIDÉE,7.9
2022-04-06 04:40:05,GBP/CHF,FX/Indices,1H,1.2169,1.2146,1.2219,1.2293,2.1739130434780343,5.391304347825625,OBJECTIF ATTEINT,7.9
2022-04-04 19:45:07,NASDAQ100 INDEX,FX/Indices,1H,15137.38,14865.7,15503.68,15675.8,1.3482773851590222,1.9818168433451233,INVALIDÉE,8.6
2022-04-04 17:45:22,USD/JPY,FX/Indices,1H,122.76,122.45,123.18,123.81,1.3548387096774148,3.3870967741935143,SEUIL PRÉSERVÉ,8.0
2022-04-03 22:39:50,USD/CAD,FX/Indices,1H,1.2525,1.251,1.2553,1.2577,1.8666666666666865,3.4666666666665975,INVALIDÉE,8.6
2022-03-31 07:41:33,AUD/JPY,FX/Indices,1H,90.86,91.14,90.53,89.03,1.1785714285714177,6.535714285714253,INVALIDÉE,7.7
2022-03-30 23:40:05,EUR/GBP,FX/Indices,1H,0.8495,0.8482,0.8528,0.8588,2.538461538461361,7.1538461538457,INVALIDÉE,8.2
2022-03-29 00:40:05,MINI DJ30 FULL0625,FX/Indices,1H,34838.0,34219.0,,,,,SEUIL PRÉSERVÉ,8.2
2022-03-28 22:40:09,CHF/JPY,FX/Indices,1H,132.64,131.67,134.29,136.89,1.7010309278350595,4.381443298969077,SEUIL PRÉSERVÉ,7.9
2022-03-27 22:32:17,USD/JPY,FX/Indices,1H,122.21,121.19,123.32,124.56,1.0882352941176507,2.303921568627468,OBJECTIF ATTEINT,8.0
2022-03-25 18:36:56,AUD/JPY,FX/Indices,1H,91.8,90.94,93.41,96.67,1.8720930232558146,5.662790697674428,OBJECTIF ATTEINT,7.5
2022-03-25 14:52:23,GBP/JPY,FX/Indices,1H,161.21,160.07,162.91,195.83,1.4912280701754093,30.368421052631188,OBJECTIF ATTEINT,8.4
2022-03-25 04:30:05,AUD/USD,FX/Indices,1H,0.7526,0.7498,0.7585,0.7593,2.107142857142805,2.392857142857096,SEUIL PRÉSERVÉ,8.6
2022-03-24 12:33:24,USD/JPY,FX/Indices,1H,121.68,121.42,122.03,125.57,1.3461538461537979,14.961538461538115,OBJECTIF ATTEINT,8.6
2022-03-23 23:31:03,CHF/JPY,FX/Indices,1H,130.13,129.61,131.25,136.95,2.153846153846238,13.11538461538506,OBJECTIF ATTEINT,8.6
2022-03-22 16:48:33,NZD/USD,FX/Indices,1H,0.695,0.691,0.699,0.7049,1.0,2.4750000000000028,SEUIL PRÉSERVÉ,8.8
2022-03-22 08:42:22,MINI DJ30 FULL0625,FX/Indices,1H,34550.0,34391.0,,,,,SEUIL PRÉSERVÉ,7.7
2022-03-21 23:41:35,EUR/JPY,FX/Indices,1H,131.76,131.17,132.43,133.29,1.1355932203390036,2.5932203389830377,OBJECTIF ATTEINT,8.6
2022-03-21 19:46:11,AUD/JPY,FX/Indices,1H,88.36,87.81,89.62,90.89,2.290909090909112,4.600000000000025,OBJECTIF ATTEINT,7.7
2022-03-21 14:47:53,USD/CAD,FX/Indices,1H,1.2592,1.2646,1.2498,1.2391,1.740740740740803,3.722222222222327,SEUIL PRÉSERVÉ,7.5
2022-03-21 00:40:42,EUR/JPY,FX/Indices,1H,131.68,131.17,132.43,133.29,1.470588235294062,3.1568627450978908,SEUIL PRÉSERVÉ,8.0
2022-03-21 00:40:35,NZD/USD,FX/Indices,1H,0.6912,0.6876,0.6968,0.699,1.5555555555555178,2.1666666666666154,SEUIL PRÉSERVÉ,8.2
2022-03-18 16:48:11,USD/CHF,FX/Indices,1H,0.9323,0.9336,0.9295,0.9258,2.153846153846226,5.0000000000001705,OBJECTIF ATTEINT,7.7
2022-03-18 05:40:40,GBP/JPY,FX/Indices,1H,156.27,155.46,157.24,157.94,1.1975308641975262,2.0617283950617074,SEUIL PRÉSERVÉ,8.4
2022-03-18 03:40:01,CHF/JPY,FX/Indices,1H,126.79,126.47,127.47,127.7,2.124999999999928,2.8437499999999236,OBJECTIF ATTEINT,8.6
2022-03-15 15:48:06,DAX40 FULL0926,FX/Indices,1H,13927.0,13778.5,14086.0,14349.0,1.0707070707070707,2.8417508417508417,OBJECTIF ATTEINT,8.0
2022-03-15 09:33:15,NASDAQ100 - MINI NASDAQ100 FULL0926,FX/Indices,1H,12959.0,13106.2,12647.07,12411.5,2.119089673913035,3.7194293478260687,INVALIDÉE,7.9
2022-03-15 05:40:35,USD/CHF,FX/Indices,1H,0.9396,0.9353,0.9472,0.9593,1.7674418604651403,4.581395348837253,SEUIL PRÉSERVÉ,8.8
2022-03-14 20:41:04,GBP/USD,FX/Indices,1H,1.3006,1.3082,1.2884,1.2741,1.6052631578947245,3.4868421052631304,SEUIL PRÉSERVÉ,7.9
2022-03-14 19:36:46,USD/CAD,FX/Indices,Journalier,1.2826,1.2767,1.2937,1.3348,1.8813559322034032,8.847457627118624,INVALIDÉE,8.4
2022-03-14 06:40:30,EUR/JPY,FX/Indices,1H,128.64,128.44,129.04,130.27,2.000000000000142,8.150000000000583,OBJECTIF ATTEINT,8.2
2022-03-11 11:33:32,USD/CHF,FX/Indices,1H,0.9313,0.9273,0.9353,0.938,1.0,1.6749999999999805,OBJECTIF ATTEINT,8.4
2022-03-10 22:40:21,USD/JPY,FX/Indices,1H,116.14,115.94,116.72,117.38,2.89999999999995,6.1999999999998865,OBJECTIF ATTEINT,8.2
2022-03-09 00:40:42,USD/CHF,FX/Indices,1H,0.9299,0.9285,0.9313,0.9353,1.0000000000000793,3.8571428571430273,INVALIDÉE,8.6
2022-03-08 19:18:37,USD/JPY,FX/Indices,Journalier,115.72,114.59,118.31,118.41,2.2920353982301007,2.380530973451335,OBJECTIF ATTEINT,8.4
2022-03-07 17:46:23,S&P500 - MINI S&P500 FULL0926,FX/Indices,1H,4231.25,4287.89,4153.5,4101.89,1.3727048022598791,2.2838983050847266,OBJECTIF ATTEINT,7.7
2022-03-07 17:46:10,MINI DJ30 FULL0625,FX/Indices,1H,32924.0,33066.0,,,,,OBJECTIF ATTEINT,7.9
2022-03-07 00:39:41,AUD/JPY,FX/Indices,1H,84.96,84.83,85.14,85.89,1.3846153846154856,7.153846153846456,INVALIDÉE,8.4
2022-03-07 00:39:25,EUR/GBP,FX/Indices,1H,0.8232,0.8264,0.8139,0.8047,2.9062500000000444,5.781250000000058,INVALIDÉE,7.9
2022-03-04 01:39:40,EUR/GBP,FX/Indices,1H,0.8265,0.8294,0.8235,0.8179,1.0344827586206857,2.9655172413793145,OBJECTIF ATTEINT,7.9
2022-03-03 06:39:28,USD/CAD,FX/Indices,1H,1.2616,1.2653,1.2558,1.2499,1.5675675675675595,3.1621621621621427,INVALIDÉE,8.2
2022-03-03 04:39:58,AUD/USD,FX/Indices,1H,0.73,0.7283,0.7349,0.7392,2.882352941176421,5.411764705882234,SEUIL PRÉSERVÉ,8.2
2022-02-28 12:42:18,NASDAQ100 - MINI NASDAQ100 FULL0926,FX/Indices,1H,14048.75,13985.2,14115.1,14295.3,1.0440597954366817,3.879622344610576,OBJECTIF ATTEINT,7.5
2022-02-25 16:48:37,USD/JPY,FX/Indices,1H,115.62,115.4,116.17,116.75,2.5,5.136363636363642,SEUIL PRÉSERVÉ,8.6
2022-02-25 11:42:28,USD/CHF,FX/Indices,1H,0.9264,0.9243,0.9289,0.9313,1.1904761904761703,2.333333333333351,SEUIL PRÉSERVÉ,7.7
2022-02-25 11:41:54,USD/CAD,FX/Indices,1H,1.2808,1.2783,1.2848,1.2878,1.6000000000000356,2.8000000000001064,INVALIDÉE,7.9
2022-02-22 21:39:40,USD/CAD,FX/Indices,1H,1.2766,1.275,1.2784,1.2855,1.1249999999999827,5.562499999999922,INVALIDÉE,8.4
2022-02-21 19:40:35,EUR/USD,FX/Indices,1H,1.1311,1.1323,1.128,1.1211,2.5833333333332256,8.333333333332716,INVALIDÉE,8.4
2022-02-21 18:40:24,EUR/JPY,FX/Indices,1H,130.02,130.62,129.16,128.44,1.4333333333333695,2.633333333333379,SEUIL PRÉSERVÉ,8.0
2022-02-21 16:22:01,DAX40 PERF INDEX,FX/Indices,Journalier,14775.56,14973.3,14237.06,13789.0,2.723272984727423,4.9891777081015505,OBJECTIF ATTEINT,8.4
2022-02-21 04:15:43,DAX40 FULL0926,FX/Indices,Journalier,15088.0,15423.6,14100.0,13778.5,2.943980929678185,3.9019666269368254,OBJECTIF ATTEINT,8.0
2022-02-21 03:40:46,USD/CHF,FX/Indices,1H,0.9199,0.923,0.914,0.9097,1.9032258064516232,3.290322580645202,SEUIL PRÉSERVÉ,7.9
2022-02-18 12:42:03,AUD/USD,FX/Indices,1H,0.7213,0.7178,0.7249,0.7283,1.0285714285713932,1.9999999999999365,INVALIDÉE,8.6
2022-02-18 05:40:31,NZD/USD,FX/Indices,1H,0.671,0.6694,0.6733,0.6793,1.4374999999999394,5.187499999999835,INVALIDÉE,8.2
2022-02-17 11:42:11,AUD/USD,FX/Indices,1H,0.7204,0.7178,0.7249,0.7283,1.7307692307691798,3.038461538461448,SEUIL PRÉSERVÉ,8.0
2022-02-15 10:11:35,GBP/JPY,FX/Indices,Journalier,156.79,156.04,158.11,162.27,1.7600000000000289,7.306666666666691,INVALIDÉE,8.4
2022-02-14 19:46:30,EUR/USD,FX/Indices,1H,1.1293,1.1309,1.1267,1.1211,1.6249999999999132,5.124999999999844,INVALIDÉE,8.0
2022-02-11 20:45:48,USD/CAD,FX/Indices,1H,1.2742,1.2721,1.2767,1.2788,1.1904761904761703,2.1904761904761703,OBJECTIF ATTEINT,7.7
2022-02-11 08:42:24,USD/CHF,FX/Indices,1H,0.9278,0.9263,0.9297,0.9353,1.266666666666721,5.000000000000222,INVALIDÉE,8.6
2022-02-10 03:40:46,USD/JPY,FX/Indices,1H,115.53,115.39,115.68,116.17,1.0714285714286076,4.571428571428557,OBJECTIF ATTEINT,8.0
2022-02-09 16:47:52,CHF/JPY,FX/Indices,1H,125.1,124.81,125.47,126.8,1.275862068965568,5.862068965517412,OBJECTIF ATTEINT,8.4
2022-02-09 01:40:40,USD/CHF,FX/Indices,1H,0.9253,0.923,0.929,0.9306,1.6086956521739508,2.304347826086975,INVALIDÉE,8.6
2022-02-08 22:40:37,EUR/JPY,FX/Indices,1H,131.94,131.71,132.2,132.75,1.1304347826087064,3.5217391304349492,SEUIL PRÉSERVÉ,8.0
2022-02-06 22:04:11,GBP/JPY,FX/Indices,Journalier,156.05,155.03,157.41,158.11,1.3333333333333055,2.019607843137237,INVALIDÉE,7.5
2022-02-04 04:39:57,AUD/JPY,FX/Indices,1H,82.15,81.99,82.43,82.85,1.749999999999889,4.374999999999634,INVALIDÉE,8.2
2022-02-04 00:40:41,GBP/USD,FX/Indices,1H,1.3604,1.3587,1.3648,1.3714,2.5882352941175704,6.470588235293926,INVALIDÉE,8.8
2022-02-03 21:43:57,CHF/JPY,FX/Indices,1H,124.94,124.61,125.47,126.8,1.6060606060606177,5.636363636363663,INVALIDÉE,8.0
2022-02-03 20:46:35,GBP/CHF,FX/Indices,1H,1.2523,1.2509,1.2551,1.2593,2.0,4.999999999999841,INVALIDÉE,8.6
2022-02-02 19:40:36,CHF/JPY,FX/Indices,1H,124.55,124.33,124.85,125.01,1.3636363636363578,2.090909090909138,OBJECTIF ATTEINT,7.5
2022-02-01 23:41:14,EUR/JPY,FX/Indices,1H,129.33,129.16,129.53,130.09,1.1764705882351172,4.470588235293645,SEUIL PRÉSERVÉ,8.6
2022-02-01 07:40:11,DAX40 FULL0926,FX/Indices,1H,15569.0,15423.6,15743.3,15975.0,1.1987620357634092,2.7922971114167883,SEUIL PRÉSERVÉ,8.6
2022-01-31 17:18:35,USD/JPY,FX/Indices,Journalier,115.15,114.51,116.17,118.31,1.5937499999999925,4.93749999999999,OBJECTIF ATTEINT,7.1
2022-01-31 03:40:47,USD/JPY,FX/Indices,1H,115.53,115.41,115.69,116.17,1.3333333333332544,5.333333333333136,INVALIDÉE,8.4
2022-01-28 07:39:47,GBP/CHF,FX/Indices,1H,1.2479,1.2458,1.2505,1.2593,1.2380952380952128,5.428571428571489,OBJECTIF ATTEINT,8.4
2022-01-28 05:39:57,EUR/GBP,FX/Indices,1H,0.8315,0.8358,0.825,0.8087,1.5116279069767689,5.302325581395395,SEUIL PRÉSERVÉ,8.0
2022-01-27 14:42:31,GBP/JPY,FX/Indices,1H,154.6,154.28,155.03,155.4,1.34375000000005,2.500000000000089,INVALIDÉE,8.0
2022-01-27 11:42:27,GBP/CHF,FX/Indices,1H,1.2441,1.2426,1.2458,1.2485,1.1333333333333135,2.933333333333195,OBJECTIF ATTEINT,8.2
2022-01-27 08:42:23,GBP/USD,FX/Indices,1H,1.3415,1.3437,1.3357,1.3209,2.6363636363635723,9.363636363636427,SEUIL PRÉSERVÉ,8.0
