date_creation,ticker,asset_class,timeframe,prix_entree,stop_loss_init,tp1_init,tp2_init,rr_tp1,rr_tp2,statut_final,score_force
2026-08-17 19:15:48,EUR/ZAR,FX/Indices,1H,18.7914,18.7683,18.8251,18.8741,1.4588744588744769,3.580086580086626,OBJECTIF ATTEINT,8.2
2026-08-17 19:15:47,GBP/ZAR,FX/Indices,1H,21.9796,21.9217,22.0406,22.0995,1.0535405872193415,2.0708117443868317,SEUIL PRÉSERVÉ,8.6
2026-08-17 08:18:34,USD/HUF,FX/Indices,1H,312.14,312.94,310.12,308.9,2.5249999999999413,4.049999999999954,INVALIDÉE,8.4
2026-08-13 22:19:36,USD/MXN,FX/Indices,1H,17.0263,17.0787,16.9329,16.7732,1.782442748091509,4.830152671755518,SEUIL PRÉSERVÉ,8.6
2026-08-12 04:16:03,USD/SEK,FX/Indices,1H,9.5348,9.5227,9.5595,9.5803,2.0413223140494896,3.7603305785122254,INVALIDÉE,8.2
2026-08-11 12:18:20,USD/MXN,FX/Indices,1H,17.1247,17.1562,17.0926,16.9329,1.019047619047689,6.0888888888893655,OBJECTIF ATTEINT,7.9
2026-08-06 11:19:05,EUR/ZAR,FX/Indices,1H,18.8333,18.8806,18.7382,18.5416,2.0105708245243634,6.167019027484206,SEUIL PRÉSERVÉ,8.0
2026-08-05 15:21:27,USD/ZAR,FX/Indices,1H,16.3135,16.3682,16.1914,16.0109,2.232175502742207,5.53199268738573,SEUIL PRÉSERVÉ,8.0
2026-08-04 05:15:28,USD/MXN,FX/Indices,1H,17.3052,17.3468,17.2603,17.1562,1.0793269230768188,3.5817307692305738,OBJECTIF ATTEINT,8.2
2026-07-31 20:17:58,USD/MXN,FX/Indices,1H,17.3214,17.3766,17.2097,17.1562,2.023550724637691,2.992753623188487,SEUIL PRÉSERVÉ,7.9
2026-07-23 16:20:21,USD/SEK,FX/Indices,1H,9.7653,9.7247,9.8751,9.942,2.704433497536975,4.352216748768531,INVALIDÉE,8.9
2026-07-22 18:17:41,GBP/ZAR,FX/Indices,1H,21.9374,22.0011,21.8673,21.826,1.1004709576138025,1.748822605965438,SEUIL PRÉSERVÉ,7.7
2026-07-22 09:18:37,USD/HUF,FX/Indices,1H,318.82,318.48,319.36,324.04,1.5882352941178242,15.352941176471798,INVALIDÉE,9.1
2026-07-21 17:16:49,USD/SEK,FX/Indices,1H,9.6983,9.6761,9.729,9.7574,1.3828828828828745,2.662162162162226,SEUIL PRÉSERVÉ,8.8
2026-07-20 21:12:48,USD/ZAR,FX/Indices,1H,16.5197,16.4845,16.5686,16.7548,1.3892045454545503,6.678977272727312,INVALIDÉE,7.5
2026-07-20 19:17:04,USD/SEK,FX/Indices,1H,9.6884,9.6719,9.7065,9.743,1.0969696969698006,3.309090909091179,INVALIDÉE,8.4
2026-07-19 23:17:44,GBP/ZAR,FX/Indices,1H,22.2681,22.2085,22.3808,22.4657,1.8909395973154512,3.3154362416107204,INVALIDÉE,8.9
2026-07-17 10:24:36,EUR/ZAR,FX/Indices,1H,18.8759,18.8109,19.0578,19.1638,2.7984615384614657,4.429230769230635,SEUIL PRÉSERVÉ,8.8
2026-07-15 20:15:55,GBP/ZAR,FX/Indices,1H,22.0981,22.0242,22.245,22.4657,1.9878213802436486,4.9742895805143155,SEUIL PRÉSERVÉ,8.8
2026-07-15 18:17:43,USD/NOK,FX/Indices,1H,9.647,9.6802,9.5991,9.4895,1.4427710843374009,4.7439759036146185,SEUIL PRÉSERVÉ,8.0
2026-07-15 18:17:43,USD/MXN,FX/Indices,1H,17.3647,17.4179,17.2882,17.1562,1.4379699248120081,3.9191729323308158,INVALIDÉE,8.0
2026-07-08 15:21:37,EUR/ZAR,FX/Indices,1H,18.7656,18.7422,18.8117,18.937,1.9700854700855381,7.3247863247868,INVALIDÉE,8.6
2026-07-08 15:21:34,USD/HUF,FX/Indices,1H,316.41,315.44,317.46,323.79,1.0824742268040464,7.6082474226801935,INVALIDÉE,8.9
2026-07-02 02:16:51,EUR/ZAR,FX/Indices,1H,18.6405,18.703,18.5416,18.4474,1.582400000000007,3.0896000000000186,SEUIL PRÉSERVÉ,8.6
2026-07-01 20:18:00,USD/HUF,FX/Indices,1H,312.79,312.07,313.77,315.03,1.361111111111006,3.111111111110927,INVALIDÉE,8.2
2026-06-29 23:14:01,USD/SEK,FX/Indices,1H,9.7071,9.7644,9.6314,9.5856,1.3211169284467998,2.1204188481675694,SEUIL PRÉSERVÉ,7.0
2026-06-26 11:22:31,USD/NOK,FX/Indices,1H,9.8972,9.8311,9.9693,10.103,1.0907715582450859,3.1134644478063307,SEUIL PRÉSERVÉ,8.9
2026-06-25 03:56:34,USD/SEK,FX/Indices,Journalier,9.7412,9.5856,9.942,10.1636,1.2904884318766152,2.7146529562982145,SEUIL PRÉSERVÉ,8.8
2026-06-24 12:17:08,USD/CNH,FX/Indices,1H,6.8154,6.79795,6.86652,6.92033,2.9295128939827797,6.01318051575922,SEUIL PRÉSERVÉ,8.8
2026-06-24 08:16:52,USD/ZAR,FX/Indices,1H,16.6366,16.5898,16.7702,16.841,2.854700854700741,4.367521367521261,INVALIDÉE,8.9
2026-06-23 19:19:45,USD/ZAR,FX/Indices,1H,16.5544,16.5311,16.5898,16.7702,1.5193133047208305,9.2618025751062,OBJECTIF ATTEINT,8.8
2026-06-23 04:16:18,USD/SEK,FX/Indices,1H,9.6336,9.5856,9.6995,9.8104,1.3729166666666854,3.6833333333333313,OBJECTIF ATTEINT,8.6
2026-06-22 11:19:44,USD/SEK,FX/Indices,1H,9.6011,9.5856,9.6319,9.8104,1.9870967741933503,13.503225806450516,OBJECTIF ATTEINT,8.4
2026-06-18 19:18:20,USD/HUF,FX/Indices,1H,308.12,307.51,309.87,310.79,2.8688524590163293,4.377049180327797,INVALIDÉE,8.8
2026-06-18 17:18:21,USD/CNH,FX/Indices,1H,6.77574,6.76878,6.78468,6.86652,1.2844827586206269,13.043103448275376,OBJECTIF ATTEINT,8.2
2026-06-18 10:22:13,USD/ZAR,FX/Indices,1H,16.424,16.3962,16.4854,16.5387,2.208633093525211,4.125899280575633,OBJECTIF ATTEINT,8.6
2026-06-18 09:16:59,USD/SEK,FX/Indices,1H,9.5559,9.5384,9.5856,9.7037,1.6971428571428537,8.44571428571426,OBJECTIF ATTEINT,8.9
2026-06-17 19:00:14,USD/SEK,FX/Indices,Journalier,9.4611,9.4071,9.5856,9.942,2.3055555555555327,8.905555555555512,OBJECTIF ATTEINT,8.0
2026-06-17 16:16:28,USD/MXN,FX/Indices,1H,17.1971,17.2392,17.1373,16.9768,1.4204275534441153,5.232779097386961,INVALIDÉE,8.0
2026-06-16 04:14:16,USD/NOK,FX/Indices,1H,9.5617,9.5354,9.6397,9.7498,2.9657794676804867,7.152091254752627,INVALIDÉE,8.9
2026-06-15 19:16:11,USD/NOK,FX/Indices,1H,9.5416,9.5301,9.5574,9.6397,1.3739130434779547,8.530434782607385,INVALIDÉE,8.9
2026-06-14 22:18:07,GBP/ZAR,FX/Indices,1H,21.7717,21.8168,21.6619,21.4939,2.4345898004433772,6.159645232815745,SEUIL PRÉSERVÉ,8.0
2026-06-14 22:18:06,USD/ZAR,FX/Indices,1H,16.1968,16.2247,16.1219,15.9516,2.684587813620158,8.788530465950178,SEUIL PRÉSERVÉ,8.2
2026-06-12 11:19:46,USD/NOK,FX/Indices,1H,9.5362,9.4895,9.639,9.7498,2.201284796573903,4.573875802997935,SEUIL PRÉSERVÉ,8.9
2026-06-10 03:52:09,USD/SEK,FX/Indices,Journalier,9.4708,9.4071,9.5856,9.942,1.8021978021977636,7.397174254317018,INVALIDÉE,8.4
2026-06-09 20:20:20,USD/NOK,FX/Indices,1H,9.5135,9.4895,9.5493,9.639,1.4916666666666123,5.22916666666642,INVALIDÉE,8.6
2026-06-07 21:10:35,GBP/ZAR,FX/Indices,1H,22.1198,22.0914,22.1713,22.3937,1.813380281689959,9.644366197182567,INVALIDÉE,8.2
2026-06-05 17:18:46,USD/ZAR,FX/Indices,1H,16.5571,16.4875,16.738,16.841,2.599137931034587,4.079022988505923,INVALIDÉE,8.6
2026-06-05 06:22:50,USD/NOK,FX/Indices,1H,9.3543,9.3138,9.4066,9.4895,1.2913580246913385,3.338271604938275,INVALIDÉE,8.4
2026-06-03 17:18:04,USD/SEK,FX/Indices,1H,9.4096,9.3772,9.4999,9.5856,2.787037037037144,5.432098765432255,INVALIDÉE,8.4
2026-06-03 00:15:45,USD/HUF,FX/Indices,1H,305.37,303.63,307.7,310.48,1.3390804597700987,2.936781609195395,SEUIL PRÉSERVÉ,6.6
2026-06-02 21:16:00,USD/NOK,FX/Indices,1H,9.2867,9.2711,9.3147,9.4066,1.7948717948719204,7.68589743589781,OBJECTIF ATTEINT,8.4
2026-06-02 17:17:44,USD/SEK,FX/Indices,1H,9.3187,9.3066,9.3328,9.3539,1.1652892561983992,2.9090909090908292,OBJECTIF ATTEINT,8.4
2026-05-25 16:16:47,EUR/ZAR,FX/Indices,1H,18.9723,19.0396,18.7704,18.7371,3.000000000000053,3.4947994056463716,INVALIDÉE,8.2
2026-05-25 02:14:52,USD/HUF,FX/Indices,1H,307.31,307.92,306.27,305.34,1.7049180327868807,3.229508196721284,OBJECTIF ATTEINT,8.2
2026-05-21 18:20:00,USD/ZAR,FX/Indices,1H,16.4174,16.4388,16.3734,16.3106,2.056074766355176,4.990654205607498,INVALIDÉE,7.9
2026-05-21 11:20:45,USD/NOK,FX/Indices,1H,9.2323,9.2447,9.2021,9.1659,2.43548387096789,5.354838709677609,INVALIDÉE,7.7
2026-05-19 21:14:41,GBP/ZAR,FX/Indices,1H,22.4023,22.3537,22.4657,22.6791,1.304526748971139,5.695473251028715,INVALIDÉE,8.4
2026-05-15 12:20:46,USD/HUF,FX/Indices,1H,309.68,309.0,311.42,313.06,2.5588235294117525,4.970588235294061,OBJECTIF ATTEINT,8.0
2026-05-13 11:20:34,USD/SEK,FX/Indices,1H,9.3199,9.29,9.3854,9.4071,2.19063545150492,2.916387959866063,SEUIL PRÉSERVÉ,8.8
2026-05-13 09:21:29,USD/HUF,FX/Indices,1H,307.46,307.11,308.15,311.39,1.971428571428757,11.228571428572542,INVALIDÉE,7.9
2026-05-07 21:15:42,USD/NOK,FX/Indices,1H,9.3024,9.2925,9.3195,9.3461,1.7272727272726458,4.414141414141345,INVALIDÉE,8.4
2026-04-29 15:22:21,USD/ZAR,FX/Indices,1H,16.7382,16.6481,16.841,17.0906,1.1409544950055763,3.9112097669256474,OBJECTIF ATTEINT,8.9
2026-04-29 15:22:19,USD/SEK,FX/Indices,1H,9.295,9.257,9.3722,9.4071,2.031578947368394,2.9499999999999766,SEUIL PRÉSERVÉ,8.6
2026-04-29 14:24:04,EUR/ZAR,FX/Indices,1H,19.5435,19.482,19.634,19.7859,1.4715447154470775,3.941463414633996,OBJECTIF ATTEINT,8.9
2026-04-29 14:24:02,GBP/ZAR,FX/Indices,1H,22.5434,22.4657,22.6882,22.7922,1.8635778635778617,3.202059202059234,OBJECTIF ATTEINT,8.9
2026-04-26 22:17:18,EUR/ZAR,FX/Indices,1H,19.4178,19.3711,19.4821,19.5593,1.3768736616701835,3.029978586723698,INVALIDÉE,7.5
2026-04-26 22:17:16,GBP/ZAR,FX/Indices,1H,22.4157,22.366,22.4657,22.6882,1.0060362173037372,5.482897384305625,INVALIDÉE,7.7
2026-04-24 05:16:21,USD/MXN,FX/Indices,1H,17.4338,17.4093,17.4906,17.7772,2.318367346938762,14.016326530612352,INVALIDÉE,8.9
2026-04-23 21:16:22,USD/CNH,FX/Indices,1H,6.83548,6.82973,6.84384,6.86652,1.4539130434783831,5.398260869565438,SEUIL PRÉSERVÉ,7.9
2026-04-23 21:16:20,GBP/ZAR,FX/Indices,1H,22.4027,22.366,22.4657,22.6294,1.7166212534059753,6.177111716621326,INVALIDÉE,8.9
2026-04-23 21:16:17,USD/HUF,FX/Indices,1H,313.88,311.81,317.19,320.29,1.5990338164251272,3.096618357487945,INVALIDÉE,8.4
2026-04-23 07:17:10,USD/MXN,FX/Indices,1H,17.3813,17.36,17.4097,17.4433,1.333333333333389,2.9107981220657693,INVALIDÉE,7.5
2026-04-23 03:15:20,GBP/ZAR,FX/Indices,1H,22.2997,22.276,22.366,22.4657,2.797468354430116,7.004219409282091,INVALIDÉE,8.8
2026-04-23 02:17:08,USD/SEK,FX/Indices,1H,9.2266,9.2078,9.2626,9.2951,1.9148936170214697,3.643617021276837,OBJECTIF ATTEINT,8.0
2026-04-22 18:19:33,USD/HUF,FX/Indices,1H,311.52,310.58,314.15,317.47,2.797872340425534,6.329787234042617,SEUIL PRÉSERVÉ,8.2
2026-04-22 15:25:13,USD/CNH,FX/Indices,1H,6.83038,6.82248,6.84384,6.86652,1.7037974683544101,4.574683544303722,SEUIL PRÉSERVÉ,7.1
2026-04-13 22:16:08,USD/NOK,FX/Indices,1H,9.4492,9.4849,9.41,9.2876,1.0980392156862442,4.526610644257666,OBJECTIF ATTEINT,8.4
2026-03-24 17:16:00,GBP/ZAR,FX/Indices,1H,22.8699,22.8342,22.9316,23.2471,1.7282913165264635,10.565826330531559,INVALIDÉE,8.6
2026-03-24 05:14:23,USD/SEK,FX/Indices,1H,9.3791,9.3635,9.4071,9.4287,1.7948717948719204,3.17948717948734,INVALIDÉE,8.0
2026-03-22 23:17:51,GBP/ZAR,FX/Indices,1H,22.7981,22.7371,22.977,23.1731,2.9327868852458834,6.1475409836065635,INVALIDÉE,8.8
2026-03-22 21:09:39,USD/MXN,FX/Indices,1H,17.946,17.8979,18.0687,18.2931,2.5509355509354306,7.216216216215927,INVALIDÉE,8.6
2026-03-20 20:17:23,EUR/ZAR,FX/Indices,1H,19.7585,19.6408,19.8957,19.8979,1.16567544604925,1.184367034834283,INVALIDÉE,8.9
2026-03-19 19:23:11,USD/NOK,FX/Indices,1H,9.4899,9.5178,9.4155,9.3502,2.666666666666794,5.0071684587816,INVALIDÉE,8.8
2026-03-15 23:16:01,USD/ZAR,FX/Indices,1H,16.9409,16.841,17.158,17.2808,2.173173173173235,3.402402402402468,INVALIDÉE,8.4
2026-03-13 18:16:40,USD/MXN,FX/Indices,1H,17.8938,17.7798,18.0243,18.0662,1.1447368421053032,1.51228070175442,SEUIL PRÉSERVÉ,8.0
2026-03-09 06:15:45,EUR/ZAR,FX/Indices,1H,19.4287,19.3652,19.5593,19.8026,2.0566929133859206,5.888188976378209,INVALIDÉE,8.8
2026-03-09 03:21:53,USD/CNH,FX/Indices,1H,6.92453,6.9129,6.94373,6.98072,1.6509028374892636,4.831470335339532,INVALIDÉE,8.8
2026-03-09 03:21:50,EUR/ZAR,FX/Indices,1H,19.3971,19.3652,19.4349,19.5593,1.1849529780565713,5.084639498433193,INVALIDÉE,8.8
2026-03-09 03:21:48,USD/ZAR,FX/Indices,1H,16.8313,16.7551,16.9187,16.9398,1.1469816272966182,1.423884514435733,INVALIDÉE,8.8
2026-03-09 03:21:46,USD/SEK,FX/Indices,1H,9.2801,9.2549,9.3511,9.4071,2.8174603174603896,5.039682539682588,INVALIDÉE,8.9
2026-03-09 03:21:45,USD/HUF,FX/Indices,1H,343.24,342.15,345.0,346.18,1.6146788990825134,2.6972477064219373,OBJECTIF ATTEINT,8.9
2026-03-08 23:20:15,USD/CNH,FX/Indices,1H,6.92014,6.9129,6.92864,6.94373,1.1740331491711755,3.25828729281758,INVALIDÉE,8.6
2026-03-08 23:19:59,USD/ZAR,FX/Indices,1H,16.7979,16.7551,16.841,16.9187,1.0070093457944593,2.8224299065421365,OBJECTIF ATTEINT,8.0
2026-03-05 18:21:33,EUR/ZAR,FX/Indices,1H,19.3647,19.2824,19.5593,19.6317,2.364520048602687,3.2442284325637827,INVALIDÉE,8.9
2026-03-04 01:17:32,USD/CNH,FX/Indices,1H,6.92372,6.91329,6.93753,6.98072,1.324065196548315,5.465004793863605,INVALIDÉE,9.1
2026-03-04 01:17:29,USD/ZAR,FX/Indices,1H,16.514,16.3552,16.6866,16.841,1.0869017632241804,2.0591939546599685,INVALIDÉE,9.1
2026-03-04 01:17:28,USD/SEK,FX/Indices,1H,9.284,9.2254,9.407,9.5856,2.0989761092149983,5.146757679180848,INVALIDÉE,8.8
2026-03-02 11:24:33,USD/SEK,FX/Indices,1H,9.1177,9.0954,9.1797,9.2268,2.7802690582960734,4.892376681614519,OBJECTIF ATTEINT,9.1
2026-02-27 09:20:47,USD/NOK,FX/Indices,1H,9.5059,9.5178,9.4903,9.4642,1.3109243697480986,3.5042016806726326,OBJECTIF ATTEINT,8.6
2026-02-26 05:50:12,EUR/ZAR,FX/Indices,Journalier,18.7186,18.8507,18.5416,17.9526,1.3398940196820437,5.798637395912121,INVALIDÉE,7.7
2026-02-26 05:50:12,EUR/ZAR,FX/Indices,Journalier,18.7186,18.8507,18.5416,17.9526,1.3398940196820437,5.798637395912121,INVALIDÉE,7.7
2026-02-24 00:49:39,GBP/ZAR,FX/Indices,Journalier,21.6039,22.0957,21.0744,20.5174,1.0766571777145126,2.2092313948759617,INVALIDÉE,8.0
2026-02-20 13:19:39,USD/CNH,FX/Indices,1H,6.90301,6.89666,6.91096,6.91953,1.2519685039369681,2.6015748031494628,INVALIDÉE,7.9
2026-02-18 17:22:43,USD/SEK,FX/Indices,1H,9.0005,8.9762,9.0359,9.0657,1.456790123456745,2.683127572016398,OBJECTIF ATTEINT,8.2
2026-02-16 13:22:15,USD/SEK,FX/Indices,1H,8.9587,8.9384,9.0188,9.031,2.960591133004844,3.5615763546797012,SEUIL PRÉSERVÉ,8.9
2026-02-05 21:19:36,USD/SEK,FX/Indices,1H,9.063,9.0153,9.1211,9.2268,1.2180293501047943,3.4339622641508933,SEUIL PRÉSERVÉ,8.8
2026-02-02 14:17:27,USD/SEK,FX/Indices,1H,8.9684,8.947,9.0024,9.0641,1.5887850467287998,4.471962616822041,INVALIDÉE,8.0
2026-01-28 23:13:56,USD/ZAR,FX/Indices,1H,15.7535,15.8542,15.5676,15.4394,1.8460774577954375,3.1191658391261394,SEUIL PRÉSERVÉ,8.0
2026-01-27 23:14:39,USD/CNH,FX/Indices,1H,6.93336,6.94372,6.90884,6.86652,2.366795366795559,6.451737451737776,INVALIDÉE,8.4
2026-01-27 18:19:54,GBP/ZAR,FX/Indices,1H,22.0312,21.9788,22.0931,22.224,1.1812977099237207,3.679389312977228,INVALIDÉE,8.4
2026-01-25 23:16:09,USD/NOK,FX/Indices,1H,9.7148,9.757,9.6496,9.5314,1.5450236966825075,4.345971563981125,INVALIDÉE,8.6
2026-01-23 18:17:58,USD/NOK,FX/Indices,1H,9.8077,9.8334,9.757,9.6936,1.9727626459145282,4.439688715953548,OBJECTIF ATTEINT,8.2
2026-01-21 13:23:08,USD/SEK,FX/Indices,1H,9.0862,9.1022,9.0651,8.9438,1.318750000000034,8.900000000000011,INVALIDÉE,8.2
2026-01-21 13:23:06,USD/MXN,FX/Indices,1H,17.4994,17.5825,17.3716,17.1299,1.5379061371841563,4.446450060168595,SEUIL PRÉSERVÉ,8.6
2026-01-20 08:15:20,GBP/ZAR,FX/Indices,1H,22.1063,22.0481,22.1787,22.2592,1.243986254295516,2.6271477663230343,OBJECTIF ATTEINT,8.4
2026-01-20 07:13:54,GBP/ZAR,FX/Indices,1H,22.0275,21.9648,22.0941,22.1787,1.0622009569378246,2.411483253588524,OBJECTIF ATTEINT,7.1
2026-01-19 20:14:59,USD/MXN,FX/Indices,1H,17.5838,17.6206,17.4906,17.3716,2.5326086956521947,5.7663043478261455,INVALIDÉE,8.4
2026-01-19 04:13:59,USD/CNH,FX/Indices,1H,6.95816,6.96724,6.9425,6.86652,1.7246696035242832,10.092511013215878,SEUIL PRÉSERVÉ,8.8
2026-01-15 11:17:19,USD/CNH,FX/Indices,1H,6.96309,6.98072,6.93815,6.86652,1.4146341463414942,5.477595008508342,SEUIL PRÉSERVÉ,8.4
2026-01-14 17:21:02,USD/NOK,FX/Indices,1H,10.0473,10.068,10.0037,9.9068,2.106280193236726,6.787439613526633,INVALIDÉE,7.7
2026-01-09 18:17:10,USD/NOK,FX/Indices,1H,10.1043,10.0829,10.1304,10.2323,1.2196261682242866,5.981308411214997,INVALIDÉE,8.6
2026-01-09 10:16:56,USD/HUF,FX/Indices,1H,331.41,330.07,332.94,336.45,1.141791044776072,3.7611940298506297,SEUIL PRÉSERVÉ,8.8
2026-01-08 17:16:56,USD/MXN,FX/Indices,1H,17.989,17.964,18.0148,18.0332,1.0319999999999228,1.76799999999985,OBJECTIF ATTEINT,8.2
2026-01-08 12:17:34,USD/HUF,FX/Indices,1H,329.66,328.33,332.94,336.45,2.466165413533738,5.105263157894552,SEUIL PRÉSERVÉ,7.1
2026-01-08 05:13:51,USD/MXN,FX/Indices,1H,17.9865,17.964,18.0148,18.0332,1.2577777777777988,2.0755555555555345,INVALIDÉE,7.9
2026-01-07 15:24:51,USD/CNH,FX/Indices,1H,6.98957,6.98072,7.00249,7.0152,1.45988700564978,2.8960451977402326,SEUIL PRÉSERVÉ,7.9
2026-01-06 19:15:52,USD/HUF,FX/Indices,1H,329.05,328.33,329.82,330.54,1.0694444444443787,2.0694444444443785,OBJECTIF ATTEINT,8.0
2026-01-02 09:19:51,EUR/ZAR,FX/Indices,1H,19.378,19.4194,19.2584,19.0738,2.888888888888889,7.34782608695666,SEUIL PRÉSERVÉ,8.4
2026-01-02 01:15:07,USD/HUF,FX/Indices,1H,326.89,327.36,325.57,322.87,2.8085106382976948,8.553191489361167,SEUIL PRÉSERVÉ,8.4
2025-12-31 20:16:20,USD/MXN,FX/Indices,1H,18.0166,18.0024,18.0404,18.1576,1.6760563380283982,9.929577464789391,INVALIDÉE,8.4
2025-12-31 08:14:15,USD/NOK,FX/Indices,1H,10.0611,10.0235,10.1012,10.1216,1.0664893617021627,1.609042553191544,OBJECTIF ATTEINT,7.9
2025-12-29 22:14:30,USD/HUF,FX/Indices,1H,328.22,329.75,325.57,322.87,1.7320261437909028,3.496732026143868,SEUIL PRÉSERVÉ,8.2
2025-12-29 21:20:15,USD/CNH,FX/Indices,1H,6.99763,7.00855,6.98072,6.95349,1.5485347985348743,4.0421245421246565,SEUIL PRÉSERVÉ,8.0
2025-12-29 21:20:12,USD/MXN,FX/Indices,1H,17.9761,17.9291,18.0404,18.1576,1.3680851063830233,3.8617021276595205,SEUIL PRÉSERVÉ,7.9
2025-12-23 03:16:12,USD/NOK,FX/Indices,1H,10.099,10.1219,10.0685,10.0513,1.3318777292576454,2.0829694323144503,OBJECTIF ATTEINT,8.4
2025-12-22 00:14:12,USD/MXN,FX/Indices,1H,18.0228,18.0002,18.0777,18.1564,2.42920353982294,5.911504424778656,INVALIDÉE,7.5
2025-12-19 18:18:07,USD/SEK,FX/Indices,1H,9.2582,9.2807,9.2268,9.1055,1.3955555555555974,6.7866666666669975,OBJECTIF ATTEINT,8.9
2025-12-19 04:51:03,GBP/ZAR,FX/Indices,Journalier,22.4019,22.7404,22.0064,21.5836,1.1683899556868602,2.4174298375184673,OBJECTIF ATTEINT,8.2
2025-12-17 06:14:26,USD/HUF,FX/Indices,1H,328.99,328.33,330.22,331.14,1.8636363636363207,3.2575757575755997,OBJECTIF ATTEINT,8.9
2025-12-15 17:19:10,GBP/ZAR,FX/Indices,1H,22.4654,22.5091,22.3438,22.1787,2.782608695652036,6.560640732265263,INVALIDÉE,8.4
2025-12-11 15:01:27,USD/ZAR,FX/Indices,Journalier,16.8985,17.158,16.5695,16.2246,1.2678227360308039,2.596917148362207,OBJECTIF ATTEINT,8.6
2025-12-09 17:19:30,USD/NOK,FX/Indices,1H,10.1495,10.1223,10.1851,10.214,1.308823529411757,2.3713235294117405,SEUIL PRÉSERVÉ,8.2
2025-12-05 21:17:43,USD/HUF,FX/Indices,1H,328.25,327.41,329.43,330.08,1.4047619047619546,2.1785714285714746,OBJECTIF ATTEINT,7.0
2025-12-05 20:21:31,USD/CNH,FX/Indices,1H,7.07069,7.05404,7.09747,7.10699,1.60840840840841,2.180180180180131,SEUIL PRÉSERVÉ,7.1
2025-12-03 04:14:42,USD/SEK,FX/Indices,1H,9.4153,9.4675,9.3185,9.2268,1.85440613026823,3.6111111111111605,SEUIL PRÉSERVÉ,8.6
2025-12-02 23:14:56,USD/CNH,FX/Indices,1H,7.06574,7.08182,7.03665,6.98072,1.8090796019900928,5.2873134328359415,SEUIL PRÉSERVÉ,8.2
2025-11-28 18:56:23,USD/HUF,FX/Indices,Journalier,328.78,332.76,317.86,300.27,2.743718592964801,7.163316582914538,SEUIL PRÉSERVÉ,7.9
2025-11-25 01:12:39,USD/MXN,FX/Indices,1H,18.5113,18.4209,18.6714,18.8856,1.7710176991150643,4.140486725663784,INVALIDÉE,8.4
2025-11-21 18:17:46,USD/HUF,FX/Indices,1H,333.73,332.59,335.96,338.36,1.956140350877085,4.061403508771772,INVALIDÉE,7.9
2025-11-19 21:16:17,USD/NOK,FX/Indices,1H,10.1981,10.1853,10.2192,10.2818,1.6484374999999967,6.539062499999838,INVALIDÉE,8.6
2025-11-19 12:18:59,USD/NOK,FX/Indices,1H,10.1388,10.1227,10.1853,10.2192,2.8881987577640134,4.993788819875901,OBJECTIF ATTEINT,7.9
2025-11-18 01:14:43,USD/SEK,FX/Indices,1H,9.4812,9.4403,9.5225,9.5595,1.009779951100309,1.9144254278729274,SEUIL PRÉSERVÉ,7.9
2025-11-18 01:14:41,USD/MXN,FX/Indices,1H,18.443,18.4073,18.5292,18.6602,2.414565826330338,6.084033613444978,INVALIDÉE,8.2
2025-11-17 23:16:04,GBP/ZAR,FX/Indices,1H,22.5982,22.5577,22.6647,22.7825,1.64197530864209,4.550617283950853,OBJECTIF ATTEINT,8.0
2025-11-17 23:16:02,USD/ZAR,FX/Indices,1H,17.1772,17.1306,17.3137,17.4074,2.929184549356385,4.939914163090342,SEUIL PRÉSERVÉ,8.0
2025-11-17 21:17:45,USD/NOK,FX/Indices,1H,10.1084,10.0726,10.1626,10.2196,1.5139664804469195,3.1061452513966485,SEUIL PRÉSERVÉ,8.4
2025-11-14 05:13:34,GBP/ZAR,FX/Indices,1H,22.3859,22.4657,22.3038,22.0551,1.0288220551378668,4.1453634085213675,INVALIDÉE,8.6
2025-11-12 08:14:55,USD/NOK,FX/Indices,1H,10.0523,10.0766,10.0157,9.909,1.5061728395062686,5.897119341564165,INVALIDÉE,8.2
2025-11-10 10:15:41,GBP/ZAR,FX/Indices,1H,22.6394,22.6717,22.5764,22.4657,1.9504643962846195,5.377708978327699,OBJECTIF ATTEINT,8.6
2025-11-10 07:14:44,USD/ZAR,FX/Indices,1H,17.2423,17.3137,17.157,17.0837,1.194677871148452,2.2212885154061426,OBJECTIF ATTEINT,8.2
2025-11-05 01:16:38,GBP/ZAR,FX/Indices,1H,22.8636,22.8027,23.0336,23.1731,2.791461412151029,5.082101806239721,INVALIDÉE,8.0
2025-11-04 18:17:14,USD/CNH,FX/Indices,1H,7.13476,7.12303,7.15015,7.19041,1.3120204603580554,4.744245524296666,SEUIL PRÉSERVÉ,8.8
2025-11-04 17:17:11,USD/HUF,FX/Indices,1H,338.03,337.13,340.25,345.21,2.466666666666759,7.977777777777987,INVALIDÉE,8.4
2025-11-04 13:20:16,USD/SEK,FX/Indices,1H,9.5595,9.511,9.6155,9.7199,1.1546391752577356,3.3072164948453366,SEUIL PRÉSERVÉ,8.8
2025-11-04 10:16:16,USD/HUF,FX/Indices,1H,337.47,337.13,338.29,340.25,2.4117647058821072,8.176470588234448,OBJECTIF ATTEINT,8.8
2025-11-04 06:12:27,USD/SEK,FX/Indices,1H,9.5031,9.4722,9.5539,9.7199,1.64401294498389,7.016181229773713,OBJECTIF ATTEINT,8.0
2025-11-04 06:12:26,USD/NOK,FX/Indices,1H,10.1491,10.1032,10.2502,10.3691,2.202614379084876,4.793028322439918,SEUIL PRÉSERVÉ,8.8
2025-11-04 06:12:24,USD/HUF,FX/Indices,1H,336.47,335.87,337.13,338.29,1.0999999999999053,3.033333333333207,OBJECTIF ATTEINT,8.6
2025-11-03 18:16:50,USD/CNH,FX/Indices,1H,7.12606,7.11781,7.15015,7.19041,2.9200000000002237,7.80000000000056,SEUIL PRÉSERVÉ,8.6
2025-10-31 19:19:39,USD/HUF,FX/Indices,1H,336.4,335.81,337.14,338.39,1.2542372881356618,3.372881355932362,SEUIL PRÉSERVÉ,8.8
2025-10-31 16:21:19,USD/ZAR,FX/Indices,1H,17.3504,17.2922,17.4294,17.4853,1.3573883161512283,2.3178694158075555,SEUIL PRÉSERVÉ,8.4
2025-10-30 13:19:10,USD/MXN,FX/Indices,1H,18.569,18.5292,18.6646,18.7222,2.402010050251305,3.849246231155861,INVALIDÉE,8.9
2025-10-29 19:20:54,USD/MXN,FX/Indices,1H,18.4786,18.4394,18.5292,18.5554,1.2908163265305614,1.9591836734693027,OBJECTIF ATTEINT,8.4
2025-10-29 11:18:03,USD/ZAR,FX/Indices,1H,17.105,17.1378,17.0243,16.841,2.460365853658681,8.048780487805308,INVALIDÉE,8.6
2025-10-29 09:17:24,USD/MXN,FX/Indices,1H,18.4591,18.4394,18.4906,18.5292,1.5989847715736425,3.55837563451772,INVALIDÉE,8.4
2025-10-29 00:50:04,USD/CNH,FX/Indices,Journalier,7.09302,7.15015,6.98072,6.71021,1.96569228076318,6.700682653597072,SEUIL PRÉSERVÉ,8.8
2025-10-29 00:50:01,GBP/ZAR,FX/Indices,Journalier,22.7608,22.8786,22.4657,21.5836,2.5050933786078433,9.993208828522997,OBJECTIF ATTEINT,7.9
2025-10-23 02:13:52,USD/HUF,FX/Indices,1H,335.88,335.31,336.46,338.39,1.017543859649107,4.403508771929861,OBJECTIF ATTEINT,8.4
2025-10-17 08:20:05,EUR/ZAR,FX/Indices,1H,20.4469,20.3606,20.5966,20.83,1.7346465816918082,4.439165701042973,INVALIDÉE,8.9
2025-10-17 08:20:02,GBP/ZAR,FX/Indices,1H,23.4421,23.3579,23.5698,23.7669,1.5166270783848228,3.8574821852731946,INVALIDÉE,8.9
2025-10-16 04:13:49,EUR/ZAR,FX/Indices,1H,20.2258,20.0995,20.3606,20.5966,1.0673000791765754,2.9358669833729025,SEUIL PRÉSERVÉ,8.4
2025-10-15 15:52:41,GBP/ZAR,FX/Indices,1H,23.2308,23.1804,23.3579,23.5698,2.521825396825452,6.726190476190549,SEUIL PRÉSERVÉ,8.2
2025-10-14 12:21:21,USD/SEK,FX/Indices,1H,9.5464,9.5326,9.5622,9.6711,1.1449275362319344,9.036231884058015,INVALIDÉE,8.9
2025-10-14 12:21:19,USD/NOK,FX/Indices,1H,10.1861,10.1417,10.2853,10.3943,2.234234234234251,4.68918918918923,INVALIDÉE,8.9
2025-10-09 09:16:55,USD/SEK,FX/Indices,1H,9.4723,9.447,9.5428,9.672,2.786561264821942,7.89328063241062,OBJECTIF ATTEINT,8.6
2025-10-08 20:21:38,USD/ZAR,FX/Indices,1H,17.1438,17.2396,16.9924,16.841,1.5803757828809812,3.1607515657619625,SEUIL PRÉSERVÉ,8.4
2025-10-08 00:17:44,USD/SEK,FX/Indices,1H,9.4124,9.3961,9.4292,9.447,1.0306748466258056,2.1226993865031134,OBJECTIF ATTEINT,8.8
2025-10-07 19:17:55,USD/HUF,FX/Indices,1H,337.43,337.05,337.88,338.73,1.1842105263157738,3.4210526315790184,OBJECTIF ATTEINT,8.8
2025-10-07 08:21:20,USD/HUF,FX/Indices,1H,334.95,334.02,336.14,337.05,1.2795698924731065,2.25806451612904,OBJECTIF ATTEINT,8.9
2025-10-05 20:08:53,USD/CNH,FX/Indices,1H,7.13721,7.1321,7.14316,7.19041,1.1643835616440665,10.410958904111123,OBJECTIF ATTEINT,8.0
2025-09-29 07:13:30,EUR/ZAR,FX/Indices,1H,20.2409,20.3271,20.0995,19.9632,1.6403712296983552,3.22157772621803,SEUIL PRÉSERVÉ,8.4
2025-09-24 04:51:26,GBP/ZAR,FX/Indices,Journalier,23.2867,23.7506,22.794,22.4626,1.0620823453330468,1.7764604440612275,SEUIL PRÉSERVÉ,8.2
2025-09-21 23:11:10,USD/MXN,FX/Indices,1H,18.4164,18.3932,18.4696,18.5292,2.2931034482759545,4.862068965517405,INVALIDÉE,7.1
2025-09-19 15:22:29,USD/NOK,FX/Indices,1H,9.9394,9.92,9.9617,10.0064,1.1494845360825898,3.4536082474228325,SEUIL PRÉSERVÉ,8.6
2025-09-16 21:13:49,EUR/ZAR,FX/Indices,1H,20.5886,20.5275,20.6724,20.7509,1.3715220949263582,2.656301145662891,SEUIL PRÉSERVÉ,8.6
2025-09-16 14:23:20,USD/NOK,FX/Indices,1H,9.7845,9.8178,9.7226,9.5956,1.8588588588588166,5.672672672672587,SEUIL PRÉSERVÉ,8.2
2025-09-15 12:16:57,USD/NOK,FX/Indices,1H,9.8232,9.8627,9.7226,9.5956,2.546835443037955,5.762025316455668,SEUIL PRÉSERVÉ,8.4
2025-09-12 03:50:29,USD/MXN,FX/Indices,Journalier,18.4906,18.8856,17.9799,17.323,1.2929113924050646,2.9559493670886114,SEUIL PRÉSERVÉ,8.4
2025-09-11 22:59:09,USD/ZAR,FX/Indices,Journalier,17.3614,17.6832,16.841,16.251,1.6171535114978224,3.4505904288377867,SEUIL PRÉSERVÉ,8.0
2025-09-11 10:20:38,USD/HUF,FX/Indices,1H,336.41,335.51,337.32,339.09,1.0111111111110374,2.9777777777776095,INVALIDÉE,7.9
2025-09-10 04:13:44,EUR/ZAR,FX/Indices,1H,20.5147,20.5675,20.4507,20.2842,1.2121212121212652,4.3655303030305435,OBJECTIF ATTEINT,8.0
2025-09-08 13:17:48,USD/NOK,FX/Indices,1H,9.9735,9.9957,9.92,9.8265,2.409909909909919,6.621621621621699,INVALIDÉE,8.6
2025-09-05 09:15:38,USD/HUF,FX/Indices,1H,335.97,337.15,333.64,332.76,1.974576271186559,2.7203389830509934,OBJECTIF ATTEINT,8.0
2025-09-04 16:18:05,USD/ZAR,FX/Indices,1H,17.7971,17.7225,17.9784,18.1865,2.430294906166216,5.219839142091116,INVALIDÉE,8.6
2025-09-01 06:50:43,USD/SEK,FX/Indices,Journalier,9.4391,9.5807,9.1956,8.9308,1.7196327683615713,3.5896892655367147,OBJECTIF ATTEINT,8.6
2025-08-29 09:19:29,EUR/ZAR,FX/Indices,1H,20.7471,20.6984,20.8044,20.9443,1.176591375770046,4.0492813141683355,INVALIDÉE,8.4
2025-08-22 13:18:18,GBP/ZAR,FX/Indices,1H,23.6405,23.701,23.4817,23.3608,2.6247933884296937,4.623140495867656,SEUIL PRÉSERVÉ,8.4
2025-08-21 20:20:25,USD/SEK,FX/Indices,1H,9.6235,9.6074,9.6612,9.7309,2.341614906832279,6.670807453416249,INVALIDÉE,8.8
2025-08-21 05:13:24,USD/ZAR,FX/Indices,1H,17.7134,17.6832,17.7551,17.7975,1.3807947019866824,2.784768211920448,OBJECTIF ATTEINT,7.9
2025-08-20 04:16:20,EUR/ZAR,FX/Indices,1H,20.6129,20.5863,20.6461,20.6971,1.248120300751984,3.1654135338347453,OBJECTIF ATTEINT,8.4
2025-08-18 15:22:45,EUR/ZAR,FX/Indices,1H,20.6053,20.5629,20.6527,20.6971,1.1179245283018615,2.1650943396225895,SEUIL PRÉSERVÉ,7.7
2025-08-13 05:42:08,USD/ZAR,FX/Indices,Journalier,17.5815,17.7058,17.3055,16.841,2.2204344328237826,5.957361222847848,SEUIL PRÉSERVÉ,7.9
2025-08-11 18:21:03,USD/CNH,FX/Indices,1H,7.1953,7.18803,7.20574,7.21457,1.4360385144430705,2.650618982118656,SEUIL PRÉSERVÉ,8.9
2025-08-08 17:19:59,USD/HUF,FX/Indices,1H,338.89,339.61,338.01,336.5,1.2222222222221697,3.3194444444443,INVALIDÉE,8.0
2025-08-07 12:19:08,EUR/ZAR,FX/Indices,1H,20.6259,20.6527,20.5629,20.5049,2.3507462686569864,4.5149253731347585,INVALIDÉE,8.6
2025-08-06 10:21:10,GBP/ZAR,FX/Indices,1H,23.739,23.7926,23.6488,23.3608,1.682835820895529,7.055970149253801,SEUIL PRÉSERVÉ,8.0
2025-08-01 18:18:51,USD/MXN,FX/Indices,1H,18.9224,18.8387,19.013,19.1449,1.0824372759856828,2.6583034647550687,INVALIDÉE,8.2
2025-07-31 23:15:54,USD/MXN,FX/Indices,1H,18.8703,18.8388,18.9063,19.1449,1.1428571428571428,8.717460317459972,OBJECTIF ATTEINT,8.6
2025-07-30 21:17:52,USD/SEK,FX/Indices,1H,9.7997,9.7224,9.8771,9.942,1.001293661060822,1.84087968952137,SEUIL PRÉSERVÉ,9.1
2025-07-30 21:17:49,USD/NOK,FX/Indices,1H,10.336,10.2932,10.3943,10.3955,1.3621495327102688,1.3901869158878566,INVALIDÉE,9.1
2025-07-28 16:22:46,USD/CNH,FX/Indices,1H,7.18212,7.1751,7.19041,7.22841,1.1809116809115199,6.5940170940164355,SEUIL PRÉSERVÉ,8.9
2025-07-28 00:31:48,EUR/ZAR,FX/Indices,Journalier,20.8723,20.5718,21.1943,21.5445,1.071547420965057,2.2369384359401034,INVALIDÉE,8.0
2025-07-25 12:22:41,GBP/ZAR,FX/Indices,1H,23.8664,23.8322,23.9252,23.9603,1.7192982456141572,2.7456140350878853,INVALIDÉE,7.3
2025-07-24 17:23:46,USD/HUF,FX/Indices,1H,337.69,338.3,336.47,332.76,1.9999999999999067,8.081967213114584,INVALIDÉE,8.0
2025-07-23 21:18:09,USD/MXN,FX/Indices,1H,18.5469,18.6024,18.4028,18.3572,2.596396396396494,3.418018018018143,SEUIL PRÉSERVÉ,8.4
2025-07-23 14:33:18,USD/MXN,FX/Indices,1H,18.5931,18.625,18.5269,18.3572,2.075235109717804,7.3949843260187755,OBJECTIF ATTEINT,8.2
2025-07-21 20:23:32,USD/ZAR,FX/Indices,1H,17.6104,17.664,17.4727,17.3055,2.569029850746104,5.688432835820579,SEUIL PRÉSERVÉ,8.4
2025-07-17 14:30:04,USD/SEK,FX/Indices,1H,9.7633,9.7361,9.7989,9.893,1.3088235294118424,4.768382352941445,INVALIDÉE,8.6
2025-07-16 14:24:03,USD/SEK,FX/Indices,1H,9.79,9.7361,9.893,9.942,1.910946196660556,2.820037105751477,INVALIDÉE,8.4
2025-07-16 10:17:53,USD/ZAR,FX/Indices,1H,17.9209,17.8746,17.9733,18.065,1.1317494600432,3.1123110151189155,INVALIDÉE,8.9
2025-07-15 16:19:09,USD/SEK,FX/Indices,1H,9.7207,9.6611,9.893,9.942,2.890939597315365,3.7130872483220485,SEUIL PRÉSERVÉ,8.9
2025-07-15 16:19:07,USD/MXN,FX/Indices,1H,18.8286,18.7716,18.9775,19.1449,2.6122807017542446,5.549122807017302,SEUIL PRÉSERVÉ,8.4
2025-07-15 16:19:04,USD/HUF,FX/Indices,1H,345.0,343.93,346.33,349.42,1.2429906542056006,4.130841121495369,SEUIL PRÉSERVÉ,8.9
2025-07-15 13:16:02,USD/HUF,FX/Indices,1H,343.1,342.44,343.93,346.33,1.2575757575756858,4.89393939393915,OBJECTIF ATTEINT,8.8
2025-07-15 10:18:14,USD/NOK,FX/Indices,1H,10.1563,10.1364,10.1763,10.276,1.005025125628129,6.015075376884476,OBJECTIF ATTEINT,8.6
2025-07-15 07:12:50,GBP/ZAR,FX/Indices,1H,23.9475,24.0012,23.8466,23.6488,1.8789571694600447,5.562383612663029,INVALIDÉE,8.4
2025-07-14 16:18:50,USD/SEK,FX/Indices,1H,9.6328,9.6078,9.7038,9.893,2.839999999999949,10.407999999999896,SEUIL PRÉSERVÉ,8.4
2025-07-14 15:23:18,USD/MXN,FX/Indices,1H,18.7545,18.7068,18.8441,18.9775,1.8784067085954452,4.675052410901547,INVALIDÉE,8.8
2025-07-13 23:14:03,USD/NOK,FX/Indices,1H,10.1586,10.1364,10.2119,10.276,2.400900900900931,5.2882882882883395,INVALIDÉE,8.6
2025-07-13 22:15:26,USD/SEK,FX/Indices,1H,9.5781,9.5682,9.6078,9.7038,3.0,12.696969696969687,OBJECTIF ATTEINT,8.6
2025-07-11 12:49:32,EUR/ZAR,FX/Indices,Journalier,20.9393,20.6127,21.5445,21.9505,1.8530312308634465,3.0961420698101807,INVALIDÉE,8.6
2025-07-08 19:20:49,USD/MXN,FX/Indices,1H,18.5922,18.6619,18.4219,18.3572,2.443328550932497,3.371592539454751,SEUIL PRÉSERVÉ,8.2
2025-07-08 15:22:06,USD/CNH,FX/Indices,1H,7.18195,7.17422,7.19041,7.22841,1.094437257438658,6.01034928848683,SEUIL PRÉSERVÉ,8.8
2025-07-08 15:22:01,USD/ZAR,FX/Indices,1H,17.8226,17.8031,17.8768,17.9344,2.779487179486973,5.733333333333054,INVALIDÉE,8.2
2025-07-07 21:15:28,USD/NOK,FX/Indices,1H,10.137,10.1012,10.1845,10.2748,1.3268156424580826,3.849162011173189,INVALIDÉE,7.9
2025-07-07 19:19:20,GBP/ZAR,FX/Indices,1H,24.3143,24.1475,24.5276,24.6174,1.2787769784172793,1.817146282973641,INVALIDÉE,9.1
2025-07-07 17:21:06,USD/HUF,FX/Indices,1H,341.86,340.39,343.64,344.99,1.2108843537414555,2.1292517006802294,INVALIDÉE,8.2
2025-07-07 08:18:16,USD/CNH,FX/Indices,1H,7.17684,7.1713,7.19041,7.22841,2.4494584837541082,9.308664259926491,SEUIL PRÉSERVÉ,8.2
2025-07-03 14:22:32,USD/SEK,FX/Indices,1H,9.5619,9.512,9.6645,9.7457,2.056112224448946,3.68336673346699,SEUIL PRÉSERVÉ,8.6
2025-07-03 08:20:02,USD/CNH,FX/Indices,1H,7.1575,7.16481,7.14133,7.09101,2.21203830369343,9.095759233925657,INVALIDÉE,8.8
2025-07-03 07:14:57,USD/ZAR,FX/Indices,1H,17.5377,17.5771,17.4807,17.3055,1.446700507614248,5.893401015228406,SEUIL PRÉSERVÉ,8.4
2025-07-03 03:35:06,USD/CNH,FX/Indices,Journalier,7.16215,7.22841,7.09101,6.98104,1.0736492604889687,2.7333232719589144,SEUIL PRÉSERVÉ,7.9
2025-07-01 10:19:19,USD/MXN,FX/Indices,1H,18.6921,18.8833,18.4621,18.3572,1.2029288702928989,1.7515690376569233,SEUIL PRÉSERVÉ,8.6
2025-06-30 02:13:03,USD/MXN,FX/Indices,1H,18.8175,18.8833,18.6431,18.4621,2.650455927051673,5.401215805471165,SEUIL PRÉSERVÉ,8.2
2025-06-29 23:31:39,USD/MXN,FX/Indices,Journalier,18.8107,19.1449,18.3572,18.1128,1.356971873129871,2.088270496708565,SEUIL PRÉSERVÉ,7.9
2025-06-27 12:14:27,USD/HUF,FX/Indices,1H,340.44,341.85,337.58,337.06,2.028368794326215,2.3971631205673303,SEUIL PRÉSERVÉ,8.0
2025-06-26 14:21:24,GBP/ZAR,FX/Indices,1H,24.351,24.2938,24.4183,24.5276,1.1765734265734555,3.087412587412697,OBJECTIF ATTEINT,8.8
2025-06-26 03:12:49,USD/ZAR,FX/Indices,1H,17.689,17.7734,17.5371,17.3471,1.799763033175398,4.050947867298628,INVALIDÉE,8.6
2025-06-25 18:19:03,USD/SEK,FX/Indices,1H,9.5056,9.5621,9.4347,9.4071,1.2548672566371726,1.743362831858407,OBJECTIF ATTEINT,7.9
2025-06-24 09:15:33,USD/ZAR,FX/Indices,1H,17.7015,17.8029,17.5371,17.3471,1.621301775147907,3.495069033530496,SEUIL PRÉSERVÉ,8.0
2025-06-23 11:16:09,USD/NOK,FX/Indices,1H,10.177,10.1336,10.3058,10.3943,2.9677419354838643,5.006912442396297,INVALIDÉE,8.9
2025-06-20 17:17:51,USD/NOK,FX/Indices,1H,10.1021,10.0793,10.1332,10.3052,1.3640350877193044,8.907894736842008,OBJECTIF ATTEINT,8.8
2025-06-20 11:15:03,EUR/ZAR,FX/Indices,1H,20.7838,20.7173,20.8547,20.9443,1.0661654135338963,2.413533834586531,SEUIL PRÉSERVÉ,8.8
2025-06-19 12:14:59,USD/NOK,FX/Indices,1H,10.0526,10.0059,10.1012,10.1327,1.04068522483942,1.7152034261242113,SEUIL PRÉSERVÉ,8.2
2025-06-19 06:12:02,USD/ZAR,FX/Indices,1H,18.1006,18.0789,18.1409,18.2967,1.8571428571428572,9.036866359447412,INVALIDÉE,7.7
2025-06-19 03:12:56,USD/HUF,FX/Indices,1H,352.11,351.66,353.37,358.83,2.8000000000000504,14.933333333333644,INVALIDÉE,8.2
2025-06-18 23:14:23,USD/MXN,FX/Indices,1H,19.0212,18.9822,19.1064,19.1449,2.1846153846153116,3.1717948717947384,OBJECTIF ATTEINT,8.2
2025-06-18 18:18:25,USD/CNH,FX/Indices,1H,7.19229,7.18761,7.20035,7.22841,1.7222222222224648,7.717948717949501,SEUIL PRÉSERVÉ,8.6
2025-06-17 21:11:07,USD/ZAR,FX/Indices,1H,18.026,17.9996,18.0789,18.2967,2.0037878787880046,10.253787878788374,INVALIDÉE,8.9
2025-06-13 04:12:28,GBP/ZAR,FX/Indices,1H,24.3375,24.2611,24.5276,24.546,2.4882198952879855,2.729057591623062,SEUIL PRÉSERVÉ,8.9
2025-06-11 18:19:33,USD/ZAR,FX/Indices,1H,17.6913,17.7992,17.5151,17.3055,1.6329935125115538,3.575532900834077,INVALIDÉE,8.4
2025-06-10 04:13:15,EUR/ZAR,FX/Indices,1H,20.2215,20.2521,20.1841,20.1542,1.2222222222221706,2.1993464052287597,SEUIL PRÉSERVÉ,7.9
2025-06-09 03:11:48,USD/MXN,FX/Indices,1H,19.0879,19.1449,18.9914,18.6424,1.6929824561404356,7.815789473684449,SEUIL PRÉSERVÉ,8.6
2025-05-30 16:33:37,USD/CNH,FX/Indices,1H,7.20537,7.1939,7.22841,7.27346,2.0087183958151495,5.936355710549191,SEUIL PRÉSERVÉ,8.2
2025-05-28 23:27:55,USD/SEK,FX/Indices,1H,9.669,9.6484,9.7063,9.8047,1.810679611650495,6.587378640776711,INVALIDÉE,8.2
2025-05-28 18:33:39,USD/HUF,FX/Indices,1H,357.56,356.7,358.86,360.52,1.5116279069767333,3.441860465116201,INVALIDÉE,8.2
2025-05-27 23:28:19,EUR/ZAR,FX/Indices,1H,20.3524,20.3308,20.3746,20.4103,1.0277777777778783,2.680555555555633,INVALIDÉE,7.7
2025-05-27 23:28:12,GBP/ZAR,FX/Indices,1H,24.2638,24.234,24.3449,24.5276,2.721476510067268,8.852348993289164,INVALIDÉE,7.9
2025-05-26 02:29:59,GBP/ZAR,FX/Indices,1H,24.1952,24.1673,24.2722,24.3877,2.759856630824541,6.899641577061162,SEUIL PRÉSERVÉ,8.4
2025-05-23 04:28:49,USD/CNH,FX/Indices,1H,7.19877,7.20403,7.19116,7.17876,1.4467680608362448,3.804182509505207,OBJECTIF ATTEINT,8.4
2025-05-20 18:33:46,USD/HUF,FX/Indices,1H,356.79,358.86,354.31,351.66,1.1980676328502542,2.4782608695652235,OBJECTIF ATTEINT,8.0
2025-05-20 04:28:54,USD/CNH,FX/Indices,1H,7.22145,7.2035,7.24159,7.25287,1.1220055710306736,1.7504178272980466,SEUIL PRÉSERVÉ,8.8
2025-05-19 02:28:12,USD/CNH,FX/Indices,1H,7.21613,7.20324,7.22978,7.24159,1.0589604344453498,1.975174553917878,SEUIL PRÉSERVÉ,8.4
2025-05-16 18:35:08,EUR/ZAR,FX/Indices,1H,20.1315,20.1807,20.0258,19.8268,2.1483739837397007,6.193089430893993,INVALIDÉE,8.0
2025-05-12 16:33:39,USD/SEK,FX/Indices,1H,9.8126,9.7555,9.8967,9.942,1.472854640980721,2.2661996497373043,INVALIDÉE,8.8
2025-05-12 05:28:21,USD/SEK,FX/Indices,1H,9.7362,9.7202,9.7555,9.805,1.2062499999999632,4.299999999999967,OBJECTIF ATTEINT,8.0
2025-05-08 14:41:03,USD/HUF,FX/Indices,1H,359.5,358.86,360.42,365.08,1.4375000000000555,8.718750000000162,OBJECTIF ATTEINT,8.2
2025-05-06 18:34:36,GBP/ZAR,FX/Indices,1H,24.2901,24.3914,24.0156,23.7609,2.709772951628771,5.224086870681039,INVALIDÉE,7.1
2025-05-02 12:00:19,USD/NOK,FX/Indices,Journalier,10.3663,10.5516,10.0443,9.7212,1.737722611980579,3.4813815434430753,SEUIL PRÉSERVÉ,8.0
2025-05-01 17:35:31,USD/HUF,FX/Indices,1H,358.22,357.15,359.29,361.29,0.9999999999999468,2.8691588785045323,INVALIDÉE,7.9
2025-05-01 14:34:07,USD/SEK,FX/Indices,1H,9.7573,9.7404,9.7921,9.9015,2.059171597632888,8.532544378697462,INVALIDÉE,8.4
2025-04-22 09:29:43,USD/ZAR,FX/Indices,1H,18.5948,18.6357,18.524,18.4099,1.731051344743212,4.520782396087927,SEUIL PRÉSERVÉ,8.8
2025-04-14 08:29:23,USD/SEK,FX/Indices,1H,9.6826,9.7431,9.6031,9.4208,1.3140495867768944,4.32727272727279,INVALIDÉE,8.6
2025-04-10 12:32:24,USD/SEK,FX/Indices,1H,9.8993,9.942,9.8096,9.7431,2.100702576112427,3.6580796252927463,OBJECTIF ATTEINT,8.6
2025-04-09 04:27:46,USD/MXN,FX/Indices,1H,20.9164,20.8577,21.0009,21.0355,1.439522998296501,2.0289608177172607,INVALIDÉE,8.9
2025-04-09 03:27:01,EUR/ZAR,FX/Indices,1H,21.7435,21.5066,22.0372,22.9229,1.2397636133389405,4.978471929083947,INVALIDÉE,8.2
2025-04-08 15:36:30,USD/HUF,FX/Indices,1H,373.4,372.67,374.8,376.67,1.9178082191782304,4.479452054794811,INVALIDÉE,8.4
2025-04-08 10:31:00,USD/HUF,FX/Indices,1H,373.55,372.67,374.8,376.67,1.4204545454545527,3.545454545454569,INVALIDÉE,8.2
2025-04-06 23:27:00,EUR/ZAR,FX/Indices,1H,21.1874,20.9443,21.5066,22.0372,1.3130399012751794,3.4956807897984032,SEUIL PRÉSERVÉ,8.8
2025-04-04 14:36:05,USD/ZAR,FX/Indices,1H,19.1108,18.9743,19.3869,19.8086,2.0227106227105955,5.112087912087832,OBJECTIF ATTEINT,8.8
2025-04-02 00:29:36,EUR/ZAR,FX/Indices,1H,19.9699,19.9272,20.0962,20.2102,2.9578454332552844,5.627634660421581,OBJECTIF ATTEINT,8.8
2025-04-01 21:28:07,USD/ZAR,FX/Indices,1H,18.472,18.4293,18.5392,18.6934,1.5737704918032733,5.185011709601858,OBJECTIF ATTEINT,8.2
2025-04-01 05:27:48,USD/MXN,FX/Indices,1H,20.4901,20.4478,20.5647,20.7626,1.7635933806145412,6.442080378250392,INVALIDÉE,8.6
2025-03-27 20:29:09,USD/SEK,FX/Indices,1H,9.9936,10.0223,9.942,9.8525,1.7979094076655966,4.916376306620463,INVALIDÉE,8.6
2025-03-27 14:38:19,USD/CNH,FX/Indices,1H,7.27639,7.26103,7.3054,7.36556,1.8886718749999376,5.80533854166658,SEUIL PRÉSERVÉ,7.9
2025-03-26 23:31:13,USD/ZAR,FX/Indices,1H,18.2807,18.2474,18.3315,18.4293,1.5255255255254656,4.462462462462444,INVALIDÉE,7.3
2025-03-26 05:27:10,USD/ZAR,FX/Indices,1H,18.2873,18.2474,18.3315,18.4293,1.1077694235589148,3.5588972431079,INVALIDÉE,8.6
2025-03-26 04:28:29,USD/HUF,FX/Indices,1H,370.27,369.42,372.67,377.34,2.8235294117648593,8.317647058823855,OBJECTIF ATTEINT,8.4
2025-03-26 03:32:04,USD/CNH,FX/Indices,1H,7.27328,7.26103,7.3054,7.36556,2.622040816326552,7.533061224489923,SEUIL PRÉSERVÉ,9.1
2025-03-24 18:35:24,USD/ZAR,FX/Indices,1H,18.2431,18.1689,18.3612,18.4186,1.5916442048518287,2.3652291105122476,INVALIDÉE,8.0
2025-03-24 07:27:34,USD/NOK,FX/Indices,1H,10.517,10.5441,10.4855,10.3943,1.1623616236161807,4.527675276752636,OBJECTIF ATTEINT,8.2
2025-03-21 06:28:07,USD/HUF,FX/Indices,1H,368.45,367.86,370.04,372.67,2.6949152542374564,7.1525423728817055,INVALIDÉE,8.2
2025-03-21 05:28:30,USD/ZAR,FX/Indices,1H,18.1996,18.175,18.2456,18.3723,1.8699186991870036,7.02032520325213,OBJECTIF ATTEINT,7.3
2025-03-20 12:31:59,USD/CNH,FX/Indices,1H,7.24953,7.24137,7.26968,7.3054,2.4693627450980022,6.846813725490012,SEUIL PRÉSERVÉ,8.9
2025-03-20 12:31:54,USD/MXN,FX/Indices,1H,20.1566,20.0952,20.2731,20.4053,1.8973941368077138,4.050488599348356,SEUIL PRÉSERVÉ,8.6
2025-03-18 19:34:59,USD/HUF,FX/Indices,1H,363.37,364.03,362.46,360.28,1.3787878787879833,4.681818181818456,INVALIDÉE,8.0
2025-03-13 13:32:18,USD/ZAR,FX/Indices,1H,18.4089,18.2905,18.5392,18.6934,1.1005067567567945,2.402871621621681,INVALIDÉE,9.1
2025-03-12 10:31:38,EUR/ZAR,FX/Indices,1H,20.059,19.9882,20.2102,20.5715,2.1355932203389143,7.2387005649715395,INVALIDÉE,9.1
2025-03-12 05:27:38,EUR/ZAR,FX/Indices,1H,19.9107,19.8526,19.9882,20.2102,1.3339070567986422,5.154905335628295,OBJECTIF ATTEINT,7.1
2025-03-07 11:33:05,USD/NOK,FX/Indices,1H,10.8262,10.8823,10.6869,10.616,2.4830659536541653,3.746880570409942,SEUIL PRÉSERVÉ,8.2
2025-03-07 09:33:18,USD/CNH,FX/Indices,1H,7.23057,7.2421,7.19741,7.14516,2.875975715524864,7.4076322636603145,INVALIDÉE,8.6
2025-03-06 20:35:14,USD/MXN,FX/Indices,1H,20.2782,20.3736,20.1345,20.0905,1.5062893081760673,1.9675052410901113,SEUIL PRÉSERVÉ,8.2
2025-03-04 06:46:34,GBP/ZAR,FX/Indices,Journalier,23.6399,23.1686,24.2611,24.5276,1.3180564396350498,1.8835136855506047,SEUIL PRÉSERVÉ,8.8
2025-03-03 07:31:00,USD/CNH,FX/Indices,1H,7.30152,7.28653,7.32278,7.36556,1.4182788525683623,4.272181454302873,SEUIL PRÉSERVÉ,8.8
2025-02-27 19:36:19,USD/NOK,FX/Indices,1H,11.2393,11.2169,11.289,11.3705,2.218750000000052,5.857142857143027,SEUIL PRÉSERVÉ,8.2
2025-02-27 10:32:24,USD/CNH,FX/Indices,1H,7.27563,7.26789,7.2865,7.32278,1.4043927648581054,6.091731266150538,OBJECTIF ATTEINT,8.2
2025-02-27 01:31:30,GBP/ZAR,FX/Indices,1H,23.3462,23.3166,23.3973,23.6502,1.7263513513514952,10.270270270270855,INVALIDÉE,8.4
2025-02-26 05:31:08,USD/MXN,FX/Indices,1H,20.4923,20.4411,20.5471,20.6477,1.070312499999973,3.035156249999917,INVALIDÉE,7.9
2025-02-24 15:40:39,USD/MXN,FX/Indices,1H,20.4664,20.4326,20.5604,20.649,2.781065088757482,5.4023668639054465,SEUIL PRÉSERVÉ,8.6
2025-02-24 12:31:42,USD/MXN,FX/Indices,1H,20.4233,20.3979,20.4792,20.5604,2.2007874015746056,5.397637795275345,OBJECTIF ATTEINT,8.2
2025-02-19 13:00:26,GBP/ZAR,FX/Indices,Journalier,23.309,23.1731,23.6559,24.2611,2.5526122148638657,7.005886681383383,OBJECTIF ATTEINT,8.0
2025-02-19 00:28:58,GBP/ZAR,FX/Indices,1H,23.2394,23.1731,23.3096,23.3583,1.05882352941179,1.7933634992458996,INVALIDÉE,8.4
2025-02-18 20:36:18,EUR/ZAR,FX/Indices,1H,19.2116,19.2619,19.0961,18.9853,2.2962226640159202,4.499005964214749,INVALIDÉE,8.0
2025-02-13 18:37:22,EUR/ZAR,FX/Indices,1H,19.3632,19.3429,19.4138,19.5269,2.492610837438528,8.064039408867549,INVALIDÉE,8.8
2025-02-13 18:37:19,GBP/ZAR,FX/Indices,1H,23.2565,23.1731,23.3583,23.4303,1.2206235011990871,2.083932853717089,INVALIDÉE,8.9
2025-02-13 18:37:15,USD/ZAR,FX/Indices,1H,18.5681,18.5094,18.683,18.7404,1.9574105621804982,2.9352640545143913,INVALIDÉE,8.9
2025-02-13 13:32:35,USD/ZAR,FX/Indices,1H,18.5282,18.5094,18.5665,18.683,2.037234042553485,8.234042553192092,INVALIDÉE,5.7
2025-02-13 10:32:22,USD/NOK,FX/Indices,1H,11.2571,11.2169,11.3148,11.3705,1.4353233830846372,2.8208955223881618,INVALIDÉE,6.8
2025-02-13 01:29:31,GBP/ZAR,FX/Indices,1H,23.0724,22.9969,23.1731,23.2403,1.3337748344371636,2.2238410596027447,OBJECTIF ATTEINT,8.0
2025-02-12 22:29:38,USD/ZAR,FX/Indices,1H,18.5358,18.5101,18.5644,18.683,1.112840466926235,5.72762645914471,INVALIDÉE,7.9
2025-02-12 20:37:20,EUR/ZAR,FX/Indices,1H,19.2526,19.1928,19.3706,19.4138,1.973244147157076,2.6956521739128756,SEUIL PRÉSERVÉ,8.0
2025-02-06 19:37:04,USD/SEK,FX/Indices,1H,10.8993,10.9142,10.8729,10.8419,1.771812080537072,3.852348993288806,OBJECTIF ATTEINT,8.2
2025-02-04 06:49:53,GBP/ZAR,FX/Indices,Journalier,23.3047,23.1731,23.6559,24.2611,2.668693009118554,7.26747720364747,INVALIDÉE,7.3
2025-02-02 21:25:44,USD/HUF,FX/Indices,1H,399.84,398.34,402.22,404.1,1.5866666666667015,2.840000000000032,INVALIDÉE,7.9
2025-01-31 11:34:26,USD/SEK,FX/Indices,1H,11.0655,11.0375,11.1068,11.1331,1.4749999999999635,2.4142857142856933,OBJECTIF ATTEINT,8.2
2025-01-24 18:35:30,GBP/ZAR,FX/Indices,1H,22.9926,22.9391,23.0518,23.1722,1.1065420560747843,3.357009345794426,OBJECTIF ATTEINT,8.4
2025-01-23 13:32:33,USD/HUF,FX/Indices,1H,393.92,395.53,391.32,386.42,1.614906832298194,4.658385093167827,OBJECTIF ATTEINT,8.2
2025-01-15 14:33:18,USD/CNH,FX/Indices,1H,7.3379,7.35147,7.32432,7.31308,1.000736919675793,1.8290346352248141,SEUIL PRÉSERVÉ,8.2
2025-01-13 13:58:29,USD/ZAR,FX/Indices,Journalier,19.1102,18.9658,19.2866,19.8086,1.2216066481994747,4.836565096952992,INVALIDÉE,8.9
2025-01-13 07:49:28,USD/NOK,FX/Indices,Journalier,11.4862,11.4389,11.572,11.7586,1.8139534883720756,5.758985200845664,INVALIDÉE,8.2
2025-01-10 20:35:53,USD/SEK,FX/Indices,1H,11.2138,11.166,11.3092,11.37,1.9958158995815627,3.267782426778173,OBJECTIF ATTEINT,8.4
2025-01-10 19:39:00,USD/HUF,FX/Indices,1H,403.36,401.99,404.81,407.8,1.0583941605839298,3.2408759124087467,OBJECTIF ATTEINT,8.4
2025-01-10 18:36:29,USD/MXN,FX/Indices,1H,20.7314,20.6705,20.8161,20.9078,1.3908045977011125,2.896551724137939,OBJECTIF ATTEINT,8.8
2025-01-10 03:28:52,EUR/ZAR,FX/Indices,1H,19.5067,19.4694,19.5593,19.6445,1.4101876675604317,3.694369973190571,OBJECTIF ATTEINT,7.5
2025-01-10 00:29:57,USD/SEK,FX/Indices,1H,11.1664,11.1332,11.203,11.3092,1.1024096385542488,4.301204819277271,OBJECTIF ATTEINT,8.2
2025-01-09 20:31:06,USD/ZAR,FX/Indices,1H,18.9364,18.9151,18.9658,19.1704,1.3802816901409578,10.98591549295778,OBJECTIF ATTEINT,7.9
2025-01-08 21:31:02,GBP/ZAR,FX/Indices,1H,23.3876,23.3286,23.4759,23.5523,1.4966101694915934,2.7915254237289293,INVALIDÉE,7.5
2025-01-06 04:43:39,USD/MXN,FX/Indices,Journalier,20.6522,20.2579,21.1449,21.3651,1.249556175500882,1.8080142023839691,OBJECTIF ATTEINT,8.2
2025-01-02 16:38:16,USD/SEK,FX/Indices,1H,11.1563,11.1266,11.2365,11.37,2.7003367003366816,7.195286195286158,SEUIL PRÉSERVÉ,8.9
2025-01-02 13:31:15,USD/SEK,FX/Indices,1H,11.0805,11.0677,11.1021,11.1266,1.6874999999999045,3.60156249999983,OBJECTIF ATTEINT,8.2
2024-12-31 18:57:12,USD/MXN,FX/Indices,Journalier,20.8617,20.6705,21.3651,21.9231,2.632845188284554,5.55125523012558,INVALIDÉE,8.9
2024-12-31 16:36:00,USD/ZAR,FX/Indices,1H,18.8737,18.8386,18.9644,19.2657,2.5840455840456413,11.168091168091182,INVALIDÉE,8.6
2024-12-31 16:35:56,USD/HUF,FX/Indices,1H,397.15,395.53,399.44,400.22,1.413580246913589,1.8950617283950872,SEUIL PRÉSERVÉ,8.9
2024-12-31 14:29:11,EUR/ZAR,FX/Indices,1H,19.6013,19.5269,19.6899,19.847,1.1908602150538512,3.302419354838876,INVALIDÉE,8.4
2024-12-30 18:01:05,USD/MXN,FX/Indices,Journalier,20.6017,20.3543,20.8634,21.3651,1.057801131770392,3.0856911883589047,INVALIDÉE,8.0
2024-12-30 06:27:14,USD/HUF,FX/Indices,1H,393.88,395.53,391.99,390.68,1.145454545454553,1.9393939393939592,INVALIDÉE,6.6
2024-12-24 14:29:13,EUR/ZAR,FX/Indices,1H,19.4015,19.3407,19.5269,19.6816,2.0625000000000293,4.606907894736826,OBJECTIF ATTEINT,8.6
2024-12-23 17:59:35,USD/ZAR,FX/Indices,Journalier,18.5667,18.1865,18.9644,19.2866,1.0460284061020468,1.8934771173066678,OBJECTIF ATTEINT,8.9
2024-12-20 05:51:10,USD/HUF,FX/Indices,Journalier,400.15,392.89,411.86,415.2,1.6129476584022109,2.0730027548209407,SEUIL PRÉSERVÉ,8.2
2024-12-20 00:29:04,EUR/ZAR,FX/Indices,1H,19.1013,19.0121,19.2115,19.3247,1.2354260089686635,2.504484304932805,SEUIL PRÉSERVÉ,8.2
2024-12-19 13:33:19,EUR/ZAR,FX/Indices,1H,19.0345,19.0121,19.0941,19.2115,2.6607142857141413,7.901785714285314,OBJECTIF ATTEINT,8.4
2024-12-19 00:28:58,GBP/ZAR,FX/Indices,1H,23.0527,23.0251,23.0957,23.1722,1.5579710144925474,4.329710144926987,INVALIDÉE,8.6
2024-12-18 20:59:20,USD/ZAR,FX/Indices,Journalier,18.3315,18.1865,18.4964,18.9637,1.1372413793103684,4.36000000000002,OBJECTIF ATTEINT,7.7
2024-12-18 14:31:06,USD/CNH,FX/Indices,1H,7.29621,7.28506,7.32265,7.36556,2.371300448430355,6.21973094170367,OBJECTIF ATTEINT,8.6
2024-12-16 14:31:52,USD/CNH,FX/Indices,1H,7.292,7.28419,7.30638,7.36556,1.8412291933418548,9.418693982074215,SEUIL PRÉSERVÉ,8.6
2024-12-11 15:42:03,GBP/ZAR,FX/Indices,1H,22.5943,22.6392,22.4677,22.0738,2.8195991091315005,11.592427616926964,OBJECTIF ATTEINT,8.2
2024-12-04 23:36:50,USD/ZAR,FX/Indices,1H,18.1693,18.1416,18.238,18.267,2.480144404332176,3.527075812274434,INVALIDÉE,8.6
2024-11-29 01:28:35,USD/CNH,FX/Indices,1H,7.23515,7.24234,7.22504,7.19041,1.4061196105701526,6.222531293462733,INVALIDÉE,8.6
2024-11-22 14:30:25,USD/HUF,FX/Indices,1H,395.37,392.89,400.72,405.26,2.1572580645161223,3.987903225806417,INVALIDÉE,7.7
2024-11-22 08:57:07,USD/HUF,FX/Indices,Journalier,393.39,383.51,405.26,415.2,1.201417004048584,2.2074898785425114,SEUIL PRÉSERVÉ,8.6
2024-11-22 00:27:05,USD/CNH,FX/Indices,1H,7.25612,7.24898,7.26656,7.27455,1.4621848739496415,2.581232492997237,OBJECTIF ATTEINT,8.4
2024-11-18 21:26:53,USD/NOK,FX/Indices,1H,10.9961,11.0299,10.9384,10.88,1.707100591716023,3.4349112426035955,INVALIDÉE,8.0
2024-11-18 16:37:03,USD/MXN,FX/Indices,1H,20.2934,20.3543,20.1258,20.0023,2.75205254515593,4.779967159277434,SEUIL PRÉSERVÉ,7.9
2024-11-15 06:27:01,EUR/ZAR,FX/Indices,1H,19.2666,19.2118,19.3428,19.5269,1.3905109489051057,4.75,INVALIDÉE,7.7
2024-11-14 00:27:04,EUR/ZAR,FX/Indices,1H,19.2705,19.2118,19.3845,19.5269,1.9420783645656605,4.367972742759978,SEUIL PRÉSERVÉ,8.4
2024-11-13 21:27:05,USD/NOK,FX/Indices,1H,11.1401,11.1175,11.1725,11.2169,1.4336283185839915,3.398230088495501,INVALIDÉE,8.6
2024-11-13 16:36:38,USD/MXN,FX/Indices,1H,20.592,20.4851,20.6997,20.8634,1.0074836295603526,2.5388213283442562,SEUIL PRÉSERVÉ,8.6
2024-11-12 22:46:21,USD/MXN,FX/Indices,Journalier,20.6015,20.3543,20.8634,21.6039,1.0594660194174514,4.055016181229717,INVALIDÉE,9.1
2024-11-12 22:46:19,USD/HUF,FX/Indices,Journalier,386.94,383.51,392.89,405.26,1.7346938775510137,5.341107871720104,OBJECTIF ATTEINT,9.1
2024-11-07 01:43:45,EUR/ZAR,FX/Indices,Journalier,18.93,19.2118,18.3832,17.1461,1.9403832505322929,6.3303761533001985,INVALIDÉE,7.7
2024-11-06 12:30:05,USD/SEK,FX/Indices,1H,10.8942,10.8419,10.959,11.0183,1.2390057361376927,2.3728489483748167,INVALIDÉE,8.8
2024-11-06 11:30:49,USD/HUF,FX/Indices,1H,383.83,380.86,391.62,392.89,2.6228956228956557,3.0505050505050817,SEUIL PRÉSERVÉ,8.8
2024-11-06 06:27:23,USD/SEK,FX/Indices,1H,10.8738,10.8419,10.959,11.0183,2.670846394984465,4.529780564263561,INVALIDÉE,8.6
2024-11-04 18:34:06,EUR/ZAR,FX/Indices,1H,19.0629,19.099,19.008,18.9293,1.520775623268649,3.7008310249305687,OBJECTIF ATTEINT,8.0
2024-11-01 20:27:10,USD/NOK,FX/Indices,1H,11.0631,11.0446,11.1175,11.2169,2.9405405405405816,8.313513513513751,INVALIDÉE,8.8
2024-10-31 03:26:47,USD/HUF,FX/Indices,1H,376.02,374.8,377.99,383.4,1.6147540983607171,6.049180327868996,SEUIL PRÉSERVÉ,8.2
2024-10-30 13:31:27,USD/MXN,FX/Indices,1H,20.2091,20.0955,20.3543,20.4795,1.27816901408452,2.380281690140903,SEUIL PRÉSERVÉ,8.9
2024-10-30 13:31:26,USD/HUF,FX/Indices,1H,377.68,376.33,379.04,383.4,1.0074074074074006,4.237037037036944,INVALIDÉE,8.8
2024-10-30 04:27:09,GBP/ZAR,FX/Indices,1H,23.0089,22.9598,23.069,23.1373,1.2240325865580326,2.615071283095746,INVALIDÉE,7.5
2024-10-29 22:28:21,USD/MXN,FX/Indices,1H,20.0616,20.0286,20.0955,20.2876,1.027272727272881,6.848484848485406,OBJECTIF ATTEINT,8.6
2024-10-29 13:31:18,USD/HUF,FX/Indices,1H,376.01,374.74,379.04,383.4,2.385826771653601,5.818897637795348,INVALIDÉE,8.8
2024-10-28 20:27:11,USD/SEK,FX/Indices,1H,10.6478,10.6188,10.7034,10.7408,1.9172413793103538,3.2068965517241463,SEUIL PRÉSERVÉ,8.9
2024-10-21 19:32:50,EUR/ZAR,FX/Indices,1H,19.0454,19.1147,18.8691,18.7288,2.5440115440116218,4.568542568542693,SEUIL PRÉSERVÉ,8.8
2024-10-21 18:35:05,USD/NOK,FX/Indices,1H,10.9505,10.9387,10.9658,11.0299,1.2966101694916083,6.728813559322496,INVALIDÉE,8.6
2024-10-21 04:45:12,USD/MXN,FX/Indices,Journalier,19.9156,19.6321,20.3543,20.8634,1.5474426807760038,3.3432098765431992,OBJECTIF ATTEINT,8.6
2024-10-14 16:34:10,USD/HUF,FX/Indices,1H,367.67,365.94,371.09,372.67,1.9768786127167186,2.8901734104045937,SEUIL PRÉSERVÉ,8.2
2024-10-07 11:51:16,GBP/ZAR,FX/Indices,Journalier,22.732,22.9995,22.4575,21.7195,1.0261682242990573,3.785046728971934,INVALIDÉE,8.8
2024-10-03 03:26:44,USD/ZAR,FX/Indices,1H,17.396,17.3688,17.4307,17.4868,1.2757352941176519,3.338235294117505,INVALIDÉE,7.3
2024-10-02 20:27:05,USD/CNH,FX/Indices,1H,7.03578,7.02659,7.05333,7.06964,1.9096844396082122,3.684439608269733,OBJECTIF ATTEINT,8.2
2024-10-02 15:35:45,USD/HUF,FX/Indices,1H,362.66,360.2,365.17,367.95,1.0203252032520138,2.150406504064994,SEUIL PRÉSERVÉ,8.8
2024-09-29 22:32:15,USD/MXN,FX/Indices,1H,19.7144,19.6853,19.7524,19.839,1.3058419243986485,4.281786941580712,INVALIDÉE,8.9
2024-09-27 19:33:10,USD/HUF,FX/Indices,1H,355.56,354.95,356.44,360.2,1.4426229508196324,7.606557377048988,INVALIDÉE,8.2
2024-09-27 06:25:56,USD/HUF,FX/Indices,1H,354.96,354.19,355.87,356.44,1.1818181818182423,1.922077922077991,OBJECTIF ATTEINT,8.2
2024-09-20 09:27:54,USD/MXN,FX/Indices,1H,19.4572,19.4046,19.5686,19.839,2.117870722433384,7.258555133079574,INVALIDÉE,8.2
2024-09-18 12:49:26,USD/SEK,FX/Indices,Journalier,10.1912,10.4312,9.941,9.6959,1.042499999999997,2.0637499999999993,SEUIL PRÉSERVÉ,8.2
2024-09-17 07:27:54,EUR/ZAR,FX/Indices,1H,19.6044,19.7038,19.4567,19.2111,1.4859154929576726,3.956740442655823,SEUIL PRÉSERVÉ,7.7
2024-09-10 17:32:39,USD/ZAR,FX/Indices,1H,17.9342,17.8936,18.0239,18.1865,2.209359605911273,6.21428571428547,INVALIDÉE,8.8
2024-09-04 09:27:47,USD/NOK,FX/Indices,1H,10.7181,10.6916,10.7623,10.8853,1.6679245283018616,6.309433962264095,INVALIDÉE,8.4
2024-09-03 08:29:56,USD/ZAR,FX/Indices,1H,17.8825,17.8527,17.9325,18.0167,1.6778523489932222,4.50335570469774,OBJECTIF ATTEINT,7.5
2024-08-29 09:48:32,USD/CNH,FX/Indices,Journalier,7.09231,7.14586,6.98157,6.71021,2.0679738562091816,7.135387488328732,SEUIL PRÉSERVÉ,8.8
2024-08-29 02:26:08,USD/MXN,FX/Indices,1H,19.6866,19.5997,19.7952,20.0139,1.2497123130034835,3.766398158803235,OBJECTIF ATTEINT,8.2
2024-08-27 00:41:11,USD/MXN,FX/Indices,Journalier,19.386,19.1917,19.5997,20.5315,1.0998455995882714,5.895522388059761,INVALIDÉE,8.0
2024-08-19 09:27:41,GBP/ZAR,FX/Indices,1H,23.0499,23.087,22.9573,22.7133,2.495956873315469,9.072776280323762,OBJECTIF ATTEINT,8.2
2024-08-13 12:28:23,USD/SEK,FX/Indices,1H,10.5423,10.5103,10.6047,10.6889,1.9500000000001139,4.581250000000287,INVALIDÉE,7.5
2024-08-01 09:27:55,USD/NOK,FX/Indices,1H,10.8818,10.935,10.7441,10.6904,2.588345864661648,3.5977443609022277,INVALIDÉE,7.5
2024-07-31 10:29:29,USD/SEK,FX/Indices,1H,10.7258,10.7811,10.6442,10.6045,1.4755877034357816,2.1934900542495117,SEUIL PRÉSERVÉ,7.7
2024-07-24 17:58:47,USD/MXN,FX/Indices,Journalier,18.3005,18.1469,18.7596,19.5997,2.988932291666646,8.45833333333328,OBJECTIF ATTEINT,7.9
2024-07-24 08:48:21,USD/MXN,FX/Indices,Journalier,18.2424,18.1469,18.3572,18.7596,1.2020942408376691,5.415706806282641,OBJECTIF ATTEINT,7.9
2024-07-22 07:27:59,USD/MXN,FX/Indices,1H,18.1008,18.0736,18.1469,18.3572,1.6948529411764044,9.426470588235075,INVALIDÉE,8.4
2024-07-19 06:25:44,USD/ZAR,FX/Indices,1H,18.3054,18.2211,18.4099,18.5769,1.2396204033215055,3.220640569395054,INVALIDÉE,8.8
2024-07-16 18:33:31,USD/MXN,FX/Indices,1H,17.6558,17.7008,17.6046,17.4395,1.1377777777776883,4.806666666666493,INVALIDÉE,8.4
2024-07-15 02:26:06,USD/NOK,FX/Indices,1H,10.7512,10.7365,10.7751,10.8138,1.625850340135871,4.258503401360161,OBJECTIF ATTEINT,8.9
2024-07-12 19:33:04,USD/MXN,FX/Indices,1H,17.6266,17.7008,17.4137,17.2048,2.869272237196737,5.684636118598308,INVALIDÉE,8.6
2024-07-07 22:26:27,EUR/ZAR,FX/Indices,1H,19.6562,19.7564,19.5269,19.3472,1.2904191616766052,3.083832335329287,SEUIL PRÉSERVÉ,7.5
2024-07-02 09:28:18,USD/MXN,FX/Indices,1H,18.4569,18.3572,18.5988,18.7596,1.4232698094282514,3.03610832497484,INVALIDÉE,8.2
2024-07-02 04:25:21,USD/CNH,FX/Indices,1H,7.30625,7.29467,7.34081,7.36556,2.9844559585491215,5.121761658030923,SEUIL PRÉSERVÉ,8.6
2024-06-17 09:27:47,EUR/ZAR,FX/Indices,1H,19.509,19.5593,19.3684,19.062,2.7952286282305994,8.88667992047712,INVALIDÉE,8.4
2024-06-11 09:27:43,USD/MXN,FX/Indices,1H,18.452,18.3572,18.6595,18.9297,2.188818565400773,5.039029535864811,SEUIL PRÉSERVÉ,7.7
2024-06-09 22:26:31,USD/CNH,FX/Indices,1H,7.26542,7.26077,7.27495,7.34081,2.0494623655914372,16.212903225807185,SEUIL PRÉSERVÉ,8.6
2024-05-31 04:26:47,USD/MXN,FX/Indices,1H,17.0565,17.0351,17.0826,17.133,1.2196261682242866,3.5747663551401794,INVALIDÉE,8.4
2024-05-23 22:27:50,USD/SEK,FX/Indices,1H,10.7368,10.7083,10.768,10.8081,1.0947368421052257,2.5017543859647833,INVALIDÉE,8.0
2024-05-23 20:27:03,USD/CNH,FX/Indices,1H,7.25789,7.24956,7.27428,7.34081,1.9675870348139797,9.954381752701208,SEUIL PRÉSERVÉ,8.6
2024-05-22 02:26:16,USD/NOK,FX/Indices,1H,10.652,10.6959,10.5847,10.5251,1.5330296127562273,2.8906605922550583,INVALIDÉE,8.2
2024-05-20 16:31:54,USD/MXN,FX/Indices,1H,16.5609,16.6804,16.3953,16.328,1.385774058577433,1.9489539748954268,SEUIL PRÉSERVÉ,8.0
2024-05-17 17:32:05,USD/ZAR,FX/Indices,1H,18.1701,18.2995,18.0201,17.8886,1.1591962905719149,2.1754250386399385,SEUIL PRÉSERVÉ,8.4
2024-05-16 16:54:17,EUR/ZAR,FX/Indices,Journalier,19.7752,19.8926,19.5593,19.1111,1.8390119250426014,5.6567291311754815,INVALIDÉE,8.2
2024-05-15 13:27:43,GBP/ZAR,FX/Indices,1H,23.1892,23.1015,23.279,23.3326,1.0239452679589767,1.6351197263398272,SEUIL PRÉSERVÉ,7.5
2024-05-14 11:27:41,USD/HUF,FX/Indices,1H,357.79,358.98,355.96,352.09,1.5378151260504576,4.7899159663866016,SEUIL PRÉSERVÉ,8.4
2024-05-06 12:29:00,USD/SEK,FX/Indices,1H,10.7662,10.7844,10.7348,10.5532,1.7252747252746856,11.70329670329652,INVALIDÉE,8.0
2024-05-02 21:26:01,USD/HUF,FX/Indices,1H,362.97,363.9,361.65,358.99,1.4193548387098076,4.279569892473368,OBJECTIF ATTEINT,8.0
2024-05-02 06:26:39,USD/CNH,FX/Indices,1H,7.22553,7.23476,7.19934,7.17908,2.8374864572048506,5.032502708559261,OBJECTIF ATTEINT,8.6
2024-04-30 20:42:55,USD/SEK,FX/Indices,Journalier,11.0228,10.9214,11.1738,11.37,1.4891518737672573,3.4240631163708017,INVALIDÉE,8.6
2024-04-30 11:27:25,USD/HUF,FX/Indices,1H,364.0,364.65,363.08,358.99,1.4153846153846894,7.707692307692564,INVALIDÉE,8.4
2024-04-29 18:33:31,GBP/ZAR,FX/Indices,1H,23.3942,23.514,23.2555,23.1426,1.1577629382304047,2.1001669449082154,SEUIL PRÉSERVÉ,8.4
2024-04-29 02:26:07,USD/MXN,FX/Indices,1H,17.1987,17.1498,17.3093,17.636,2.2617586912065892,8.94274028629863,INVALIDÉE,8.0
2024-04-23 19:31:02,USD/NOK,FX/Indices,1H,10.9184,10.9482,10.8853,10.8584,1.110738255033538,2.013422818791975,INVALIDÉE,8.0
2024-04-22 22:26:36,USD/SEK,FX/Indices,1H,10.887,10.9278,10.8252,10.7451,1.5147058823529727,3.4779411764706607,OBJECTIF ATTEINT,7.3
2024-04-19 00:27:07,USD/NOK,FX/Indices,1H,11.0669,11.0489,11.1107,11.2211,2.433333333333195,8.566666666666311,INVALIDÉE,8.9
2024-04-18 10:49:43,USD/HUF,FX/Indices,Journalier,369.45,367.86,373.73,379.97,2.6918238993711303,6.61635220125799,INVALIDÉE,8.2
2024-04-17 18:32:27,EUR/ZAR,FX/Indices,1H,20.2793,20.2531,20.3459,20.4817,2.541984732824534,7.725190839694883,OBJECTIF ATTEINT,8.6
2024-04-16 16:31:49,USD/SEK,FX/Indices,1H,10.9512,10.8937,11.0424,11.1738,1.5860869565217715,3.871304347826138,SEUIL PRÉSERVÉ,8.4
2024-04-15 20:27:15,USD/SEK,FX/Indices,1H,10.8865,10.8724,10.9214,11.0424,2.4751773049647214,11.056737588653235,OBJECTIF ATTEINT,8.0
2024-04-15 16:32:44,USD/MXN,FX/Indices,1H,16.6691,16.6188,16.7457,16.8377,1.5228628230616121,3.351888667992075,OBJECTIF ATTEINT,8.2
2024-04-15 00:49:16,USD/NOK,FX/Indices,Journalier,10.8758,10.6959,11.0702,11.2211,1.0806003335186212,1.9193996664813788,OBJECTIF ATTEINT,8.4
2024-04-12 16:32:55,USD/NOK,FX/Indices,1H,10.8948,10.8548,10.9732,11.1014,1.9599999999999609,5.164999999999878,SEUIL PRÉSERVÉ,8.8
2024-04-12 07:27:54,EUR/ZAR,FX/Indices,1H,19.9912,20.0113,19.9506,19.694,2.019900497512392,14.786069651741785,INVALIDÉE,8.4
2024-04-08 15:33:18,USD/HUF,FX/Indices,1H,358.99,360.17,356.44,355.38,2.1610169491525397,3.059322033898299,SEUIL PRÉSERVÉ,8.4
2024-03-27 01:26:21,USD/SEK,FX/Indices,1H,10.5981,10.5523,10.6479,10.7303,1.0873362445414754,2.8864628820960627,SEUIL PRÉSERVÉ,8.6
2024-03-27 00:25:31,USD/NOK,FX/Indices,1H,10.7617,10.6959,10.8509,10.8853,1.3556231003039627,1.8784194528875773,SEUIL PRÉSERVÉ,8.8
2024-03-20 11:29:20,USD/CNH,FX/Indices,1H,7.21386,7.2049,7.22965,7.2699,1.762276785714267,6.254464285714167,SEUIL PRÉSERVÉ,7.3
2024-03-18 14:33:21,USD/NOK,FX/Indices,1H,10.6274,10.5995,10.6959,10.7767,2.4551971326165902,5.351254480286952,OBJECTIF ATTEINT,8.2
2024-03-15 18:31:18,USD/ZAR,FX/Indices,1H,18.7717,18.7023,18.8479,18.9522,1.0979827089337477,2.6008645533142216,OBJECTIF ATTEINT,7.9
2024-03-13 14:33:28,USD/MXN,FX/Indices,1H,16.7496,16.7734,16.6804,16.4427,2.90756302521044,12.894957983194557,OBJECTIF ATTEINT,8.2
2024-03-08 11:27:55,USD/HUF,FX/Indices,1H,359.76,360.31,359.09,357.89,1.218181818181822,3.399999999999938,INVALIDÉE,8.0
2024-03-07 10:27:57,EUR/ZAR,FX/Indices,1H,20.4755,20.5953,20.2808,20.1711,1.6252086811352138,2.540901502504152,SEUIL PRÉSERVÉ,7.9
2024-03-05 11:27:51,USD/ZAR,FX/Indices,1H,18.9837,19.0037,18.954,18.8966,1.484999999999946,4.355000000000069,OBJECTIF ATTEINT,8.0
2024-03-05 00:25:00,USD/HUF,FX/Indices,1H,364.98,363.94,366.13,369.17,1.105769230769187,4.0288461538460725,INVALIDÉE,8.0
2024-02-29 21:26:43,USD/SEK,FX/Indices,1H,10.373,10.3543,10.3961,10.4312,1.2352941176471874,3.1122994652408607,INVALIDÉE,8.0
2024-02-29 21:26:42,USD/NOK,FX/Indices,1H,10.6262,10.5601,10.6959,10.773,1.05446293494703,2.2208774583963367,INVALIDÉE,8.6
2024-02-26 11:27:43,USD/CNH,FX/Indices,1H,7.20766,7.19863,7.22342,7.23138,1.745293466223705,2.626799557032084,SEUIL PRÉSERVÉ,7.5
2024-02-21 04:24:49,USD/CNH,FX/Indices,1H,7.18399,7.19607,7.16239,7.13993,1.7880794701986122,3.6473509933774553,INVALIDÉE,8.6
2024-02-20 12:27:24,USD/HUF,FX/Indices,1H,359.6,360.12,359.02,358.25,1.115384615384733,2.596153846153981,OBJECTIF ATTEINT,8.6
2024-02-09 14:27:19,EUR/ZAR,FX/Indices,1H,20.4867,20.4417,20.5953,20.7199,2.413333333333492,5.182222222222436,SEUIL PRÉSERVÉ,8.6
2024-02-01 05:25:58,USD/NOK,FX/Indices,1H,10.5177,10.4994,10.549,10.6823,1.7103825136611974,8.994535519125696,INVALIDÉE,8.2
2024-01-31 15:33:23,USD/SEK,FX/Indices,1H,10.349,10.3671,10.3129,10.2237,1.9944751381214618,6.9226519337015455,INVALIDÉE,8.6
2024-01-31 13:28:11,USD/SEK,FX/Indices,1H,10.3815,10.3919,10.3671,10.3129,1.3846153846155553,6.596153846154572,INVALIDÉE,8.8
2024-01-28 21:24:31,USD/HUF,FX/Indices,1H,357.58,357.07,359.04,363.08,2.862745098039338,10.784313725490389,OBJECTIF ATTEINT,8.0
2024-01-25 10:26:50,USD/SEK,FX/Indices,1H,10.4101,10.4312,10.3671,10.3129,2.0379146919430386,4.6066350710898805,INVALIDÉE,7.0
2024-01-24 17:32:03,USD/NOK,FX/Indices,1H,10.4357,10.4683,10.3917,10.3159,1.3496932515338138,3.67484662576707,INVALIDÉE,7.9
2024-01-18 10:27:35,USD/HUF,FX/Indices,1H,350.72,349.73,352.08,355.96,1.3737373737373175,5.2929292929291964,OBJECTIF ATTEINT,8.0
2024-01-16 17:32:05,USD/HUF,FX/Indices,1H,349.31,348.43,351.77,355.96,2.7954545454545365,7.556818181818195,SEUIL PRÉSERVÉ,8.2
2024-01-16 10:47:09,EUR/ZAR,FX/Indices,Journalier,20.5476,20.3517,20.8849,21.2427,1.7217968351199702,3.548238897396664,INVALIDÉE,8.0
2024-01-16 00:25:39,USD/CNH,FX/Indices,1H,7.18796,7.16562,7.21729,7.2704,1.312891674127079,3.6902417188897725,OBJECTIF ATTEINT,8.0
2024-01-15 14:27:20,USD/SEK,FX/Indices,1H,10.2956,10.2834,10.3118,10.3271,1.3278688524589806,2.5819672131147087,OBJECTIF ATTEINT,8.4
2024-01-15 13:27:48,USD/HUF,FX/Indices,1H,346.74,346.3,347.43,348.9,1.568181818181821,4.909090909090862,INVALIDÉE,8.0
2024-01-12 21:26:29,USD/SEK,FX/Indices,1H,10.2893,10.2789,10.3129,10.3494,2.2692307692306377,5.778846153845658,INVALIDÉE,8.4
2024-01-11 19:32:20,EUR/ZAR,FX/Indices,1H,20.4868,20.422,20.5969,20.8012,1.6990740740741639,4.851851851852029,INVALIDÉE,8.2
2024-01-11 13:28:00,USD/SEK,FX/Indices,1H,10.1884,10.2032,10.1638,10.0922,1.6621621621620128,6.4999999999995195,INVALIDÉE,8.0
2024-01-08 17:31:04,USD/HUF,FX/Indices,1H,344.02,344.58,342.98,339.0,1.8571428571427846,8.964285714285646,INVALIDÉE,8.2
2024-01-08 13:27:36,USD/HUF,FX/Indices,1H,344.82,345.28,343.77,342.98,2.2826086956523,4.0000000000001235,OBJECTIF ATTEINT,8.2
2024-01-05 10:27:20,EUR/ZAR,FX/Indices,1H,20.4807,20.4417,20.5969,20.6504,2.9794871794874083,4.351282051282344,INVALIDÉE,7.3
2024-01-04 21:25:48,USD/CNH,FX/Indices,1H,7.17688,7.16361,7.19041,7.2704,1.019593067068638,7.047475508666511,INVALIDÉE,8.8
2024-01-02 16:32:21,USD/HUF,FX/Indices,1H,348.31,347.21,350.47,351.16,1.9636363636363459,2.590909090909058,SEUIL PRÉSERVÉ,7.1
2023-12-22 19:32:01,USD/CNH,FX/Indices,1H,7.15617,7.14072,7.17641,7.19041,1.3100323624594716,2.2161812297733787,INVALIDÉE,8.4
2023-12-14 16:32:38,GBP/ZAR,FX/Indices,1H,23.3786,23.5443,23.2109,23.1145,1.0120700060349963,1.593844296922133,OBJECTIF ATTEINT,8.2
2023-12-13 22:26:01,USD/MXN,FX/Indices,1H,17.2369,17.2759,17.1599,16.9769,1.974358974358853,6.666666666666363,INVALIDÉE,8.0
2023-12-12 17:31:47,USD/NOK,FX/Indices,1H,10.974,10.9448,11.0081,11.0432,1.16780821917812,2.3698630136986876,OBJECTIF ATTEINT,8.8
2023-12-07 04:25:16,USD/ZAR,FX/Indices,1H,18.9903,18.9704,19.0236,19.1116,1.6733668341707197,6.09547738693463,INVALIDÉE,8.8
2023-12-06 14:27:22,USD/CNH,FX/Indices,1H,7.17227,7.1573,7.19041,7.23055,1.211756847027382,3.893119572478301,SEUIL PRÉSERVÉ,8.6
2023-11-29 04:25:26,EUR/ZAR,FX/Indices,1H,20.4274,20.4642,20.3824,20.2284,1.22282608695637,5.407608695651673,INVALIDÉE,7.1
2023-11-28 11:27:31,USD/CNH,FX/Indices,1H,7.16054,7.14072,7.1817,7.20974,1.0676084762865734,2.4823410696266137,INVALIDÉE,6.1
2023-11-27 06:25:31,USD/CNH,FX/Indices,1H,7.15892,7.13993,7.1817,7.20974,1.1995787256450456,2.6761453396523702,SEUIL PRÉSERVÉ,6.1
2023-11-24 15:33:54,EUR/ZAR,FX/Indices,1H,20.6389,20.5843,20.8014,20.944,2.976190476190467,5.587912087912012,INVALIDÉE,8.6
2023-11-22 08:26:54,USD/HUF,FX/Indices,1H,349.95,348.63,351.82,354.28,1.4166666666666774,3.280303030303035,SEUIL PRÉSERVÉ,8.0
2023-11-21 12:27:06,EUR/ZAR,FX/Indices,1H,20.1146,20.0766,20.1682,20.2284,1.410526315789449,2.9947368421052754,OBJECTIF ATTEINT,8.4
2023-11-20 15:33:30,EUR/ZAR,FX/Indices,1H,20.1255,20.0742,20.2284,20.3789,2.0058479532164992,4.939571150097742,INVALIDÉE,8.6
2023-11-20 09:28:03,USD/SEK,FX/Indices,1H,10.4795,10.5104,10.4312,10.341,1.5631067961164424,4.482200647249089,OBJECTIF ATTEINT,8.4
2023-11-16 23:26:19,USD/MXN,FX/Indices,1H,17.2358,17.3052,17.1343,17.0749,1.4625360230548157,2.3184438040346675,SEUIL PRÉSERVÉ,8.2
2023-11-13 17:30:58,GBP/ZAR,FX/Indices,1H,22.9716,22.9002,23.0701,23.1741,1.379551820728368,2.836134453781639,OBJECTIF ATTEINT,8.2
2023-11-13 13:27:44,USD/SEK,FX/Indices,1H,10.8731,10.9073,10.8387,10.7303,1.0058479532164648,4.175438596491451,OBJECTIF ATTEINT,8.2
2023-11-10 00:24:27,USD/HUF,FX/Indices,1H,355.65,353.48,357.95,359.04,1.0599078341014077,1.5622119815668696,INVALIDÉE,7.1
2023-11-08 17:30:47,EUR/ZAR,FX/Indices,1H,19.7699,19.7042,19.8592,19.9764,1.3592085235921152,3.1430745814307914,OBJECTIF ATTEINT,8.4
2023-11-01 19:51:35,GBP/ZAR,FX/Indices,Journalier,22.5152,22.6326,22.2129,21.7215,2.574957410562172,6.760647359454868,INVALIDÉE,8.6
2023-10-31 18:30:27,USD/ZAR,FX/Indices,1H,18.6771,18.7713,18.4248,18.2418,2.678343949044546,4.621019108280198,SEUIL PRÉSERVÉ,8.2
2023-10-26 17:31:14,GBP/ZAR,FX/Indices,1H,22.9819,23.0968,22.8562,22.7827,1.0939947780678498,1.7336814621409686,OBJECTIF ATTEINT,8.6
2023-10-23 22:25:31,GBP/ZAR,FX/Indices,1H,23.2184,23.1741,23.3256,23.429,2.4198645598194792,4.753950338600462,INVALIDÉE,8.0
2023-10-20 07:26:54,USD/ZAR,FX/Indices,1H,19.0736,19.0395,19.1116,19.288,1.114369501466326,6.287390029325792,INVALIDÉE,7.3
2023-10-16 10:27:58,EUR/ZAR,FX/Indices,1H,19.8667,19.9345,19.7252,19.4643,2.087020648967613,5.935103244837908,SEUIL PRÉSERVÉ,8.4
2023-10-16 09:26:47,GBP/ZAR,FX/Indices,1H,22.9733,23.102,22.8008,22.6326,1.3403263403263148,2.6472416472415916,SEUIL PRÉSERVÉ,8.2
2023-10-05 20:26:16,USD/MXN,FX/Indices,1H,18.2733,18.2165,18.4124,18.6562,2.448943661971918,6.7411971830986905,INVALIDÉE,8.6
2023-10-05 00:24:45,EUR/ZAR,FX/Indices,1H,20.3432,20.2738,20.4631,20.6546,1.7276657060519374,4.487031700288291,OBJECTIF ATTEINT,8.4
2023-10-02 13:44:48,USD/ZAR,FX/Indices,Journalier,19.1517,18.9599,19.4517,19.8086,1.5641293013555586,3.424921793534904,INVALIDÉE,8.2
2023-09-26 19:30:16,USD/NOK,FX/Indices,1H,10.827,10.7973,10.8853,10.9921,1.9629629629629894,5.558922558922571,INVALIDÉE,8.0
2023-09-25 12:27:35,USD/MXN,FX/Indices,1H,17.2474,17.219,17.2914,17.3367,1.5492957746480265,3.144366197183399,OBJECTIF ATTEINT,8.0
2023-09-24 21:24:04,USD/MXN,FX/Indices,1H,17.206,17.1815,17.2506,17.2914,1.8204081632652878,3.485714285714319,OBJECTIF ATTEINT,7.3
2023-09-21 02:40:31,USD/HUF,FX/Indices,Journalier,362.29,359.04,367.85,374.94,1.7107692307692315,3.892307692307685,OBJECTIF ATTEINT,8.4
2023-09-20 21:25:12,USD/CNH,FX/Indices,1H,7.30729,7.2923,7.34266,7.36821,2.3595730486991466,4.064042695130091,SEUIL PRÉSERVÉ,7.9
2023-09-20 09:26:59,USD/SEK,FX/Indices,1H,11.1127,11.1404,11.0849,11.0638,1.0036101083033049,1.7653429602888373,OBJECTIF ATTEINT,7.5
2023-09-15 16:31:38,USD/NOK,FX/Indices,1H,10.77,10.7461,10.8347,10.8853,2.7071129707113775,4.82426778242696,OBJECTIF ATTEINT,8.6
2023-09-14 17:30:21,USD/NOK,FX/Indices,1H,10.7395,10.7259,10.7648,10.8853,1.8602941176469954,10.720588235293992,INVALIDÉE,8.4
2023-09-14 05:24:52,USD/ZAR,FX/Indices,1H,18.7683,18.8259,18.6745,18.4838,1.6284722222222294,4.939236111111068,INVALIDÉE,7.5
2023-09-12 21:25:12,USD/CNH,FX/Indices,1H,7.30074,7.31896,7.26981,7.25478,1.6975850713502463,2.522502744237177,OBJECTIF ATTEINT,8.0
2023-09-06 11:26:57,GBP/ZAR,FX/Indices,1H,24.1846,24.0062,24.4088,24.507,1.2567264573991024,1.807174887892388,INVALIDÉE,8.2
2023-08-30 18:31:10,USD/CNH,FX/Indices,1H,7.30195,7.29458,7.31697,7.33618,2.0379918588875103,4.6445047489824365,INVALIDÉE,7.7
2023-08-27 20:24:07,USD/SEK,FX/Indices,1H,11.0604,11.0345,11.0994,11.2445,1.5057915057914923,7.10810810810813,INVALIDÉE,8.4
2023-08-21 17:35:28,USD/MXN,FX/Indices,1H,17.002,17.0323,16.9654,16.9109,1.2079207920791895,3.0066006600658737,OBJECTIF ATTEINT,8.0
2023-08-17 21:29:40,USD/NOK,FX/Indices,1H,10.6058,10.5707,10.6419,10.6944,1.0284900284900127,2.5242165242165187,INVALIDÉE,7.1
2023-08-16 22:30:06,USD/NOK,FX/Indices,1H,10.6106,10.5407,10.6944,10.7148,1.198855507868376,1.4907010014306115,SEUIL PRÉSERVÉ,8.4
2023-08-16 21:29:45,USD/MXN,FX/Indices,1H,17.1371,17.1192,17.1886,17.2847,2.877094972066935,8.245810055865535,INVALIDÉE,8.2
2023-08-16 17:35:56,USD/HUF,FX/Indices,1H,355.26,352.87,357.69,359.04,1.0167364016736489,1.5815899581590172,SEUIL PRÉSERVÉ,7.3
2023-08-08 07:32:39,USD/HUF,FX/Indices,1H,352.31,354.01,347.78,345.38,2.6647058823529766,4.076470588235326,INVALIDÉE,7.9
2023-08-02 06:30:06,USD/NOK,FX/Indices,1H,10.2245,10.2066,10.2657,10.3936,2.3016759776535083,9.446927374301108,INVALIDÉE,8.0
2023-08-01 15:37:58,USD/NOK,FX/Indices,1H,10.2241,10.2062,10.2657,10.3936,2.3240223463688685,9.469273743017178,INVALIDÉE,8.6
2023-07-28 06:29:56,USD/SEK,FX/Indices,1H,10.5421,10.4772,10.6092,10.7303,1.033898305084749,2.8998459167950834,SEUIL PRÉSERVÉ,8.6
2023-07-27 23:29:43,USD/NOK,FX/Indices,1H,10.1849,10.1579,10.2657,10.3529,2.9925925925924783,6.222222222221959,SEUIL PRÉSERVÉ,8.6
2023-07-17 08:32:54,USD/HUF,FX/Indices,1H,332.37,334.77,326.53,319.49,2.4333333333333695,5.366666666666716,SEUIL PRÉSERVÉ,8.0
2023-07-10 17:35:45,USD/SEK,FX/Indices,1H,10.7695,10.802,10.7303,10.6068,1.2061538461539194,5.00615384615405,OBJECTIF ATTEINT,7.9
2023-07-04 19:30:01,USD/HUF,FX/Indices,1H,344.65,342.44,347.08,349.05,1.0995475113122304,1.9909502262443777,OBJECTIF ATTEINT,8.4
2023-07-03 14:03:42,USD/SEK,FX/Indices,Journalier,10.8188,10.7303,10.9145,11.0788,1.0813559322034012,2.937853107344637,INVALIDÉE,7.7
2023-06-29 15:38:22,USD/CNH,FX/Indices,1H,7.26396,7.24632,7.29101,7.34266,1.533446712018133,4.461451247165532,SEUIL PRÉSERVÉ,8.6
2023-06-29 03:30:05,USD/CNH,FX/Indices,1H,7.25692,7.24632,7.26919,7.34266,1.1575471698113031,8.088679245282927,OBJECTIF ATTEINT,8.0
2023-06-27 03:30:06,USD/MXN,FX/Indices,1H,17.1124,17.1368,17.0792,17.0244,1.3606557377049515,3.6065573770492234,OBJECTIF ATTEINT,8.0
2023-06-26 14:38:15,USD/CNH,FX/Indices,1H,7.2443,7.22864,7.29101,7.34266,2.98275862068974,6.280970625798416,INVALIDÉE,8.9
2023-06-15 17:35:40,USD/NOK,FX/Indices,1H,10.4907,10.5031,10.4671,10.2676,1.9032258064516914,17.991935483871703,INVALIDÉE,8.6
2023-06-14 14:38:39,USD/ZAR,FX/Indices,1H,18.2879,18.4201,18.1224,18.0401,1.2518910741301081,1.8744326777609661,SEUIL PRÉSERVÉ,8.4
2023-06-14 08:32:58,USD/MXN,FX/Indices,1H,17.1884,17.241,17.0416,16.8237,2.7908745247149715,6.9334600760459155,SEUIL PRÉSERVÉ,7.9
2023-06-09 14:04:32,USD/MXN,FX/Indices,Journalier,17.2962,17.4906,16.7166,14.3324,2.9814814814814516,15.245884773662414,SEUIL PRÉSERVÉ,8.6
2023-06-08 12:32:42,USD/HUF,FX/Indices,1H,343.1,343.95,341.19,339.0,2.2470588235295312,4.823529411764926,SEUIL PRÉSERVÉ,8.2
2023-06-07 23:29:37,USD/CNH,FX/Indices,1H,7.14961,7.12579,7.19041,7.24632,1.71284634760707,4.060033585222542,INVALIDÉE,8.8
2023-05-31 06:30:07,USD/CNH,FX/Indices,1H,7.11395,7.09858,7.1447,7.19041,2.000650618087216,4.974625894599906,SEUIL PRÉSERVÉ,8.4
2023-05-30 10:32:56,USD/SEK,FX/Indices,1H,10.8482,10.789,10.9331,11.0579,1.4341216216215957,3.5422297297296907,OBJECTIF ATTEINT,8.2
2023-05-29 05:30:07,GBP/ZAR,FX/Indices,1H,24.3126,24.2529,24.4326,24.507,2.0100502512563176,3.2562814070352357,SEUIL PRÉSERVÉ,8.4
2023-05-29 00:30:53,USD/SEK,FX/Indices,1H,10.817,10.7966,10.8469,10.9331,1.465686274509754,5.691176470588091,INVALIDÉE,8.6
2023-05-26 19:35:22,USD/NOK,FX/Indices,1H,11.0843,10.9991,11.1705,11.3913,1.0117370892018713,3.603286384976493,SEUIL PRÉSERVÉ,8.4
2023-05-25 20:02:52,EUR/ZAR,FX/Indices,Journalier,21.2113,20.8014,21.6418,21.8746,1.0502561600390294,1.618199560868502,INVALIDÉE,8.6
2023-05-24 15:38:17,USD/CNH,FX/Indices,1H,7.0661,7.05831,7.07496,7.13805,1.137355584082202,9.236200256739476,OBJECTIF ATTEINT,8.0
2023-05-22 00:30:50,USD/MXN,FX/Indices,1H,17.7692,17.6667,17.9165,17.9701,1.4370731707316478,1.959999999999921,OBJECTIF ATTEINT,8.6
2023-05-17 00:51:53,USD/NOK,FX/Indices,Journalier,10.7226,10.5836,10.8853,11.0871,1.1705035971223146,2.6223021582733907,OBJECTIF ATTEINT,7.7
2023-05-14 23:30:32,USD/SEK,FX/Indices,1H,10.3895,10.3489,10.4312,10.5681,1.027093596059138,4.39901477832516,INVALIDÉE,8.6
2023-05-05 15:38:37,USD/SEK,FX/Indices,1H,10.1674,10.2021,10.0806,10.0531,2.5014409221902754,3.2939481268012436,SEUIL PRÉSERVÉ,8.6
2023-04-28 00:52:03,USD/NOK,FX/Indices,Journalier,10.6135,10.5425,10.7612,10.8853,2.0802816901408585,3.8281690140845317,OBJECTIF ATTEINT,8.8
2023-04-14 18:36:46,GBP/ZAR,FX/Indices,1H,22.4641,22.5423,22.2912,22.169,2.2109974424551533,3.773657289002411,INVALIDÉE,8.0
2023-04-13 16:37:10,USD/MXN,FX/Indices,1H,18.0187,18.0678,17.962,17.7319,1.1547861507128343,5.841140529531646,INVALIDÉE,7.9
2023-04-13 16:37:09,USD/HUF,FX/Indices,1H,337.72,339.0,335.32,328.28,1.8750000000000666,7.3750000000002,SEUIL PRÉSERVÉ,8.0
2023-04-10 08:52:38,USD/ZAR,FX/Indices,Journalier,18.3376,18.0793,18.6361,19.1116,1.1556329849012872,2.9965156794425307,SEUIL PRÉSERVÉ,8.4
2023-04-09 22:53:01,GBP/ZAR,FX/Indices,Journalier,22.6621,22.1469,23.2647,23.6066,1.1696428571428616,1.8332686335403752,OBJECTIF ATTEINT,8.2
2023-04-09 20:29:54,USD/NOK,FX/Indices,1H,10.5083,10.4741,10.5819,10.6931,2.1520467836256874,5.403508771929764,INVALIDÉE,8.2
2023-04-05 11:34:28,USD/HUF,FX/Indices,1H,342.98,344.65,339.78,339.0,1.9161676646707329,2.383233532934201,INVALIDÉE,7.7
2023-04-03 03:30:26,USD/NOK,FX/Indices,1H,10.4732,10.4432,10.5509,10.5876,2.5899999999999053,3.8133333333331834,INVALIDÉE,7.9
2023-03-30 17:36:22,GBP/ZAR,FX/Indices,1H,22.0815,22.164,21.9531,21.7215,1.5563636363635676,4.363636363636191,OBJECTIF ATTEINT,8.2
2023-03-29 13:33:53,USD/CNH,FX/Indices,1H,6.89332,6.88471,6.90695,6.98157,1.583042973286878,10.249709639953476,INVALIDÉE,8.6
2023-03-20 04:30:58,EUR/ZAR,FX/Indices,1H,19.6301,19.6028,19.6704,19.7203,1.476190476190532,3.3040293040293727,OBJECTIF ATTEINT,8.4
2023-03-17 00:31:04,GBP/ZAR,FX/Indices,1H,22.3092,22.2129,22.4132,22.625,1.079958463136032,3.2793354101765466,OBJECTIF ATTEINT,8.6
2023-03-16 04:30:17,GBP/ZAR,FX/Indices,1H,22.2408,22.2129,22.2947,22.625,1.9318996415770897,13.770609318996941,INVALIDÉE,8.6
2023-03-15 22:30:59,GBP/ZAR,FX/Indices,1H,22.2483,22.2129,22.294,22.625,1.290960451977432,10.641242937853333,INVALIDÉE,8.6
2023-03-13 18:35:35,USD/NOK,FX/Indices,1H,10.5465,10.5819,10.4955,10.3991,1.4406779661017315,4.1638418079096775,INVALIDÉE,6.8
2023-03-13 16:38:15,USD/MXN,FX/Indices,1H,18.8773,18.7709,19.0322,19.1562,1.4558270676691427,2.6212406015037097,OBJECTIF ATTEINT,8.6
2023-03-09 22:31:09,EUR/ZAR,FX/Indices,1H,19.641,19.6028,19.7245,19.9601,2.1858638743455825,8.353403141361365,INVALIDÉE,8.4
2023-03-08 22:30:30,EUR/ZAR,FX/Indices,1H,19.6254,19.6028,19.6575,19.9601,1.4203539823008369,14.809734513273998,OBJECTIF ATTEINT,7.3
2023-03-08 22:30:28,GBP/ZAR,FX/Indices,1H,22.0333,21.9676,22.1427,22.2129,1.6651445966514675,2.733637747336402,OBJECTIF ATTEINT,8.4
2023-03-02 03:31:40,USD/NOK,FX/Indices,1H,10.408,10.3833,10.4432,10.54,1.4251012145749273,5.344129554656013,OBJECTIF ATTEINT,8.9
2023-02-23 12:33:42,USD/CNH,FX/Indices,1H,6.9022,6.86652,6.94982,6.98157,1.3346412556054146,2.224495515695111,SEUIL PRÉSERVÉ,7.5
2023-02-21 20:37:08,USD/HUF,FX/Indices,1H,359.96,358.84,362.74,364.78,2.4821428571428736,4.303571428571405,INVALIDÉE,8.2
2023-02-21 18:36:33,USD/ZAR,FX/Indices,1H,18.2849,18.2276,18.4099,18.6488,2.1815008726002936,6.350785340313991,INVALIDÉE,8.4
2023-02-16 21:31:46,USD/NOK,FX/Indices,1H,10.2608,10.1881,10.3581,10.3689,1.3383768913342713,1.486932599724915,OBJECTIF ATTEINT,8.8
2023-02-09 18:38:12,USD/ZAR,FX/Indices,1H,17.7427,17.6867,17.8275,17.8611,1.5142857142857125,2.1142857142856997,OBJECTIF ATTEINT,7.7
2023-02-07 17:36:36,USD/NOK,FX/Indices,1H,10.3997,10.3689,10.4432,10.4758,1.4123376623376915,2.470779220779288,INVALIDÉE,8.4
2023-02-06 18:36:44,USD/CNH,FX/Indices,1H,6.80752,6.78516,6.8434,6.86652,1.6046511627906885,2.6386404293381185,SEUIL PRÉSERVÉ,7.9
2023-02-01 00:30:55,USD/HUF,FX/Indices,1H,360.19,359.78,360.79,362.74,1.4634146341463077,6.2195121951216,INVALIDÉE,7.7
2023-01-27 21:30:00,GBP/ZAR,FX/Indices,1H,21.335,21.2651,21.4275,21.621,1.3233190271816437,4.091559370529266,OBJECTIF ATTEINT,7.9
2023-01-27 04:30:03,USD/SEK,FX/Indices,1H,10.2915,10.2785,10.3291,10.3813,2.892307692307806,6.907692307692385,OBJECTIF ATTEINT,7.3
2023-01-23 21:30:53,EUR/ZAR,FX/Indices,1H,18.718,18.6767,18.8039,18.9337,2.0799031476997443,5.222760290556986,INVALIDÉE,8.4
2023-01-23 08:33:00,USD/SEK,FX/Indices,1H,10.2328,10.2789,10.1684,9.9808,1.3969631236442048,5.466377440346939,SEUIL PRÉSERVÉ,8.0
2023-01-20 20:36:52,USD/HUF,FX/Indices,1H,362.18,362.74,360.72,355.93,2.60714285714281,11.16071428571424,INVALIDÉE,8.0
2023-01-15 23:30:41,USD/SEK,FX/Indices,1H,10.3666,10.4312,10.2465,10.179,1.8591331269349838,2.9040247678018343,INVALIDÉE,7.9
2023-01-12 01:30:07,USD/ZAR,FX/Indices,1H,16.9078,16.943,16.8529,16.7797,1.5596590909091037,3.6392045454546764,OBJECTIF ATTEINT,7.9
2023-01-08 21:29:40,EUR/ZAR,FX/Indices,1H,18.2385,18.2129,18.2935,18.3958,2.148437500000364,6.14453125000079,INVALIDÉE,8.2
2022-12-19 14:32:09,USD/HUF,FX/Indices,1H,379.54,380.29,377.91,374.35,2.173333333333327,6.919999999999997,INVALIDÉE,8.2
2022-12-19 03:49:08,USD/HUF,FX/Indices,Journalier,382.42,392.89,366.31,362.83,1.5386819484240744,1.871060171919779,OBJECTIF ATTEINT,7.1
2022-12-09 19:59:49,GBP/ZAR,FX/Indices,Journalier,21.2961,21.0744,21.7215,22.1101,1.9188092016238283,3.6716283265674594,INVALIDÉE,8.6
2022-12-09 15:36:44,USD/HUF,FX/Indices,1H,396.84,396.12,398.91,402.96,2.8750000000001874,8.500000000000355,INVALIDÉE,8.2
2022-12-07 14:31:40,USD/ZAR,FX/Indices,1H,17.1272,17.1878,17.066,16.8529,1.0099009900989866,4.526402640263906,INVALIDÉE,7.9
2022-11-30 21:49:30,GBP/ZAR,FX/Indices,Journalier,20.7556,20.5115,21.0744,21.7215,1.3060221220811148,3.956984842277753,OBJECTIF ATTEINT,7.1
2022-11-29 18:34:59,USD/NOK,FX/Indices,1H,10.0115,9.9891,10.0766,10.1192,2.906250000000057,4.808035714285839,INVALIDÉE,7.5
2022-11-25 07:49:25,GBP/ZAR,FX/Indices,Journalier,20.637,20.5115,20.8034,21.0744,1.3258964143426373,3.4852589641434606,INVALIDÉE,7.7
2022-11-23 22:29:35,GBP/ZAR,FX/Indices,1H,20.4577,20.5115,20.3906,20.239,1.2472118959107212,4.065055762081563,INVALIDÉE,8.0
2022-11-21 01:29:38,USD/NOK,FX/Indices,1H,10.2227,10.1913,10.2646,10.3604,1.3343949044586152,4.3853503184714056,OBJECTIF ATTEINT,8.8
2022-11-18 04:29:39,GBP/ZAR,FX/Indices,1H,20.6576,20.622,20.7632,20.9355,2.966292134831638,7.806179775281244,INVALIDÉE,8.8
2022-11-17 09:33:08,USD/CNH,FX/Indices,1H,7.14546,7.11139,7.19259,7.21708,1.3833284414440963,2.1021426474904787,SEUIL PRÉSERVÉ,8.0
2022-11-16 22:29:27,GBP/ZAR,FX/Indices,1H,20.582,20.5115,20.7198,20.9355,1.9546099290780186,5.014184397163189,OBJECTIF ATTEINT,7.7
2022-11-15 13:32:13,EUR/ZAR,FX/Indices,1H,17.9134,17.8939,17.9456,18.0679,1.6512820512819664,7.923076923076741,OBJECTIF ATTEINT,8.4
2022-11-14 11:33:01,GBP/ZAR,FX/Indices,1H,20.444,20.4076,20.5115,20.7198,1.8543956043956527,7.576923076922994,INVALIDÉE,7.9
2022-11-03 05:29:49,EUR/ZAR,FX/Indices,1H,17.9082,18.005,17.769,17.5494,1.4380165289256714,3.706611570248025,SEUIL PRÉSERVÉ,7.7
2022-10-28 02:50:45,USD/MXN,FX/Indices,Journalier,19.8329,19.9856,19.611,18.9084,1.4531761624099129,6.05435494433517,OBJECTIF ATTEINT,7.9
2022-10-20 22:50:13,GBP/ZAR,FX/Indices,Journalier,20.5568,20.2232,20.9867,21.7215,1.288669064748199,3.4913069544364443,OBJECTIF ATTEINT,8.4
2022-10-20 15:36:51,GBP/ZAR,FX/Indices,1H,20.5728,20.5115,20.6534,20.7632,1.3148450244698442,3.1060358890701907,INVALIDÉE,8.6
2022-10-19 21:29:33,EUR/ZAR,FX/Indices,1H,17.9022,17.8379,18.0051,18.1556,1.600311041990657,3.940902021772966,SEUIL PRÉSERVÉ,8.2
2022-10-19 14:38:23,EUR/ZAR,FX/Indices,1H,17.8632,17.8379,17.8939,18.1556,1.2134387351779476,11.55731225296542,OBJECTIF ATTEINT,7.7
2022-10-13 00:49:10,GBP/ZAR,FX/Indices,Journalier,20.3185,20.2233,20.5115,20.9879,2.027310924369721,7.031512605041868,OBJECTIF ATTEINT,8.8
2022-10-12 20:30:17,USD/NOK,FX/Indices,1H,10.782,10.6952,10.9131,10.9409,1.5103686635944664,1.8306451612903083,INVALIDÉE,8.6
2022-10-11 22:30:31,USD/NOK,FX/Indices,1H,10.7462,10.7154,10.7899,10.9131,1.418831168831183,5.418831168831298,INVALIDÉE,8.4
2022-10-10 19:34:35,USD/MXN,FX/Indices,1H,19.9557,20.0434,19.8301,19.611,1.4321550741163205,3.930444697833603,SEUIL PRÉSERVÉ,7.9
2022-10-07 16:59:28,EUR/ZAR,FX/Indices,Journalier,17.6839,17.4946,17.8939,18.3958,1.1093502377178768,3.7606973058636504,OBJECTIF ATTEINT,8.2
2022-09-28 08:31:30,USD/HUF,FX/Indices,1H,428.86,426.16,435.86,436.35,2.5925925925926037,2.7740740740740892,INVALIDÉE,8.4
2022-09-27 22:29:45,USD/NOK,FX/Indices,1H,10.8119,10.7899,10.859,10.9592,2.140909090909084,6.695454545454451,OBJECTIF ATTEINT,7.9
2022-09-26 22:30:14,USD/NOK,FX/Indices,1H,10.8475,10.7899,10.9592,11.2617,1.9392361111110685,7.190972222222114,INVALIDÉE,8.4
2022-09-21 23:29:31,GBP/ZAR,FX/Indices,1H,19.9358,19.9972,19.8344,19.654,1.651465798045657,4.589576547231353,OBJECTIF ATTEINT,8.2
2022-09-21 16:59:35,USD/HUF,FX/Indices,Journalier,412.29,409.44,417.65,436.35,1.8807017543859348,8.442105263157828,OBJECTIF ATTEINT,7.9
2022-09-21 06:29:36,USD/ZAR,FX/Indices,1H,17.7422,17.7086,17.7933,17.889,1.5208333333332849,4.369047619047606,INVALIDÉE,7.3
2022-09-19 13:31:30,USD/ZAR,FX/Indices,1H,17.7678,17.7086,17.889,18.1708,2.0472972972972467,6.807432432432343,INVALIDÉE,8.4
2022-09-19 11:31:26,USD/SEK,FX/Indices,1H,10.814,10.7345,10.9096,10.9633,1.2025157232704389,1.8779874213836631,SEUIL PRÉSERVÉ,8.4
2022-09-16 16:36:11,USD/ZAR,FX/Indices,1H,17.6958,17.5978,17.7966,18.0478,1.028571428571471,3.5918367346939184,SEUIL PRÉSERVÉ,8.2
2022-09-13 16:05:15,USD/CNH,FX/Indices,Journalier,6.97832,6.92319,7.07039,7.19259,1.670052602938499,3.8866315980409847,OBJECTIF ATTEINT,8.4
2022-09-12 07:31:41,USD/NOK,FX/Indices,1H,9.8136,9.8415,9.7468,9.6789,2.394265232974809,4.827956989247144,INVALIDÉE,7.9
2022-09-06 23:30:44,USD/HUF,FX/Indices,1H,408.02,407.09,409.44,411.54,1.5268817204301135,3.7849462365591537,INVALIDÉE,8.4
2022-09-06 18:00:53,USD/ZAR,FX/Indices,Journalier,17.294,17.1444,17.7086,18.5181,2.77139037433156,8.182486631016069,OBJECTIF ATTEINT,8.8
2022-09-04 23:29:48,USD/CNH,FX/Indices,1H,6.92049,6.90944,6.93267,6.98157,1.1022624434389008,5.527601809954711,OBJECTIF ATTEINT,8.6
2022-09-02 07:32:05,EUR/ZAR,FX/Indices,1H,17.2746,17.2469,17.312,17.4926,1.3501805054152518,7.870036101083204,INVALIDÉE,8.4
2022-09-02 02:29:50,GBP/ZAR,FX/Indices,1H,19.969,19.9331,20.0384,20.1246,1.9331476323118395,4.334261838439911,INVALIDÉE,8.6
2022-09-01 06:29:51,USD/SEK,FX/Indices,1H,10.7097,10.6836,10.7405,10.7639,1.1800766283525501,2.0766283524904483,OBJECTIF ATTEINT,7.9
2022-09-01 00:29:59,USD/SEK,FX/Indices,1H,10.6945,10.6837,10.7126,10.7405,1.6759259259260142,4.259259259259484,OBJECTIF ATTEINT,8.2
2022-09-01 00:29:58,USD/MXN,FX/Indices,1H,20.2033,20.158,20.2671,20.4583,1.408388520971393,5.629139072848055,OBJECTIF ATTEINT,8.6
2022-08-31 12:31:53,USD/MXN,FX/Indices,1H,20.2074,20.158,20.2671,20.4583,1.2085020242915216,5.078947368421231,INVALIDÉE,7.7
2022-08-26 16:07:08,USD/SEK,FX/Indices,Journalier,10.6271,10.4312,10.8802,11.0748,1.2919857069933636,2.2853496681980574,OBJECTIF ATTEINT,8.6
2022-08-25 02:50:10,USD/ZAR,FX/Indices,Journalier,16.8914,16.7108,17.1444,17.7086,1.4008859357696428,4.524916943521546,OBJECTIF ATTEINT,8.6
2022-08-24 12:31:59,USD/CNH,FX/Indices,1H,6.88256,6.86652,6.9143,6.98157,1.978802992518785,6.172693266833142,INVALIDÉE,8.8
2022-08-22 16:35:41,USD/NOK,FX/Indices,1H,9.8271,9.7965,9.9044,10.0061,2.5261437908497286,5.849673202614438,INVALIDÉE,8.4
2022-08-19 05:35:02,USD/NOK,FX/Indices,1H,9.7654,9.7495,9.7965,9.9946,1.9559748427672872,14.41509433962245,OBJECTIF ATTEINT,8.6
2022-08-18 21:34:59,USD/CNH,FX/Indices,1H,6.80392,6.78545,6.82377,6.86652,1.07471575527884,3.389279913373116,OBJECTIF ATTEINT,8.4
2022-08-18 21:34:55,USD/MXN,FX/Indices,1H,20.1384,20.0921,20.2546,20.3044,2.509719222462065,3.58531317494584,OBJECTIF ATTEINT,8.4
2022-08-18 07:36:48,USD/MXN,FX/Indices,1H,20.0463,20.0095,20.0921,20.158,1.2445652173913169,3.035326086956633,INVALIDÉE,8.6
2022-08-17 06:29:52,GBP/ZAR,FX/Indices,1H,19.8723,19.7789,20.0283,20.1329,1.6702355460385863,2.7901498929336492,OBJECTIF ATTEINT,8.2
2022-08-15 21:29:57,USD/MXN,FX/Indices,1H,19.8335,19.9054,19.6286,19.4084,2.849791376912431,5.912378303198943,INVALIDÉE,7.9
2022-08-10 15:37:26,USD/ZAR,FX/Indices,1H,16.1788,16.2676,15.9889,15.6223,2.1385135135134465,6.266891891891702,SEUIL PRÉSERVÉ,8.2
2022-08-10 09:31:36,EUR/ZAR,FX/Indices,1H,16.8904,16.9143,16.859,16.8117,1.3138075313806015,3.2928870292886008,OBJECTIF ATTEINT,8.2
2022-08-09 09:31:52,USD/MXN,FX/Indices,1H,20.2134,20.2393,20.158,19.9029,2.1389961389960894,11.988416988417015,INVALIDÉE,7.9
2022-08-03 14:37:29,EUR/ZAR,FX/Indices,1H,17.1203,17.0893,17.1797,17.3991,1.9161290322581421,8.993548387097134,INVALIDÉE,8.2
2022-08-01 12:31:58,USD/SEK,FX/Indices,1H,10.1221,10.1555,10.0685,9.9835,1.6047904191616442,4.149700598802364,INVALIDÉE,8.2
2022-07-29 04:31:22,USD/NOK,FX/Indices,1H,9.7072,9.7217,9.6813,9.6539,1.7862068965517317,3.675862068965537,INVALIDÉE,7.0
2022-07-28 03:29:40,USD/MXN,FX/Indices,1H,20.3797,20.4002,20.357,20.3172,1.1073170731706445,3.0487804878045863,INVALIDÉE,7.7
2022-07-20 21:30:41,GBP/ZAR,FX/Indices,1H,20.5503,20.4807,20.6375,20.8566,1.2528735632183585,4.400862068965444,INVALIDÉE,7.7
2022-07-19 22:29:56,GBP/ZAR,FX/Indices,1H,20.514,20.4807,20.5508,20.6375,1.1051051051050718,3.7087087087086457,INVALIDÉE,8.0
2022-07-18 18:35:02,EUR/ZAR,FX/Indices,1H,17.4119,17.3381,17.5338,17.7294,1.6517615176152105,4.302168021680289,SEUIL PRÉSERVÉ,8.8
2022-07-18 15:36:58,USD/NOK,FX/Indices,1H,10.0568,10.0698,10.0424,9.9199,1.1076923076923308,10.530769230769364,INVALIDÉE,8.0
2022-07-13 13:40:59,USD/CNH,FX/Indices,1H,6.73454,6.72468,6.75328,6.78366,1.9006085192698439,4.981744421906844,INVALIDÉE,8.2
2022-07-08 20:38:47,EUR/ZAR,FX/Indices,1H,17.2047,17.1797,17.2561,17.4802,2.056000000000157,11.020000000000666,INVALIDÉE,8.8
2022-07-04 04:39:03,USD/MXN,FX/Indices,1H,20.3377,20.2658,20.4662,20.5419,1.787204450625781,2.8400556328232014,SEUIL PRÉSERVÉ,8.4
2022-07-01 04:39:04,USD/NOK,FX/Indices,1H,9.9239,9.8949,9.9655,10.0242,1.4344827586207196,3.4586206896552074,OBJECTIF ATTEINT,8.6
2022-06-30 05:39:02,EUR/ZAR,FX/Indices,1H,17.0041,16.9634,17.0623,17.124,1.4299754299753769,2.9459459459458115,INVALIDÉE,8.2
2022-06-30 04:39:01,GBP/ZAR,FX/Indices,1H,19.7233,19.6853,19.7781,19.9084,1.4421052631580247,4.871052631579424,OBJECTIF ATTEINT,7.9
2022-06-30 00:39:03,USD/CNH,FX/Indices,1H,6.70757,6.69979,6.72578,6.73429,2.3406169665812344,3.4344473007714593,INVALIDÉE,8.8
2022-06-24 17:43:42,GBP/ZAR,FX/Indices,1H,19.3951,19.4516,19.2987,19.1537,1.7061946902654785,4.27256637168141,INVALIDÉE,8.0
2022-06-23 16:36:32,USD/MXN,FX/Indices,1H,19.9902,20.0476,19.932,19.8589,1.013937282230057,2.2874564459931777,SEUIL PRÉSERVÉ,7.9
2022-06-23 07:54:27,USD/NOK,FX/Indices,Journalier,9.9916,9.8949,10.2026,10.5206,2.1820062047569784,5.470527404343316,INVALIDÉE,8.6
2022-06-20 05:30:32,EUR/ZAR,FX/Indices,1H,16.8387,16.7447,16.9634,17.24,1.3265957446808918,4.2691489361703105,SEUIL PRÉSERVÉ,8.2
2022-06-17 20:30:38,USD/NOK,FX/Indices,1H,10.0143,9.9388,10.0944,10.2026,1.06092715231788,2.49403973509934,INVALIDÉE,8.4
2022-06-14 21:38:56,USD/NOK,FX/Indices,1H,10.0382,9.9388,10.1648,10.2026,1.2736418511066474,1.6539235412475026,INVALIDÉE,8.8
2022-06-14 17:44:10,USD/SEK,FX/Indices,1H,10.2015,10.1555,10.2516,10.3586,1.0891304347826338,3.41521739130439,INVALIDÉE,7.5
2022-06-09 17:44:11,USD/CNH,FX/Indices,1H,6.69679,6.6784,6.71522,6.72894,1.0021750951604276,1.7482327351821345,OBJECTIF ATTEINT,7.7
2022-05-23 18:44:48,USD/SEK,FX/Indices,1H,9.8073,9.8443,9.7408,9.6154,1.797297297297246,5.186486486486384,INVALIDÉE,8.0
2022-05-23 06:39:17,USD/SEK,FX/Indices,1H,9.8777,9.8905,9.8443,9.7408,2.609375000000312,10.695312500001231,OBJECTIF ATTEINT,7.9
2022-05-16 20:39:19,USD/HUF,FX/Indices,1H,373.77,372.23,376.15,379.66,1.545454545454579,3.824675324675443,INVALIDÉE,8.8
2022-05-16 18:44:34,USD/MXN,FX/Indices,1H,20.0456,20.071,20.0,19.8637,1.7952755905511084,7.161417322834262,OBJECTIF ATTEINT,8.2
2022-05-13 05:39:40,GBP/ZAR,FX/Indices,1H,19.5438,19.6522,19.3642,19.2715,1.6568265682656946,2.5119926199262204,INVALIDÉE,8.0
2022-05-12 13:41:41,EUR/ZAR,FX/Indices,1H,16.8635,16.9634,16.7377,16.5575,1.2592592592592198,3.063063063062986,OBJECTIF ATTEINT,7.7
2022-05-10 15:46:41,USD/CNH,FX/Indices,1H,6.75567,6.73806,6.77664,6.81062,1.1908006814309904,3.1203861442361585,SEUIL PRÉSERVÉ,8.2
2022-05-09 09:41:16,USD/NOK,FX/Indices,1H,9.5743,9.5254,9.6465,9.8027,1.4764826175869303,4.670756646216808,OBJECTIF ATTEINT,8.8
2022-05-09 04:39:47,EUR/ZAR,FX/Indices,1H,16.9467,16.8491,17.1387,17.2477,1.9672131147541019,3.0840163934426092,OBJECTIF ATTEINT,8.2
2022-04-28 19:45:15,USD/ZAR,FX/Indices,1H,16.0328,15.9872,16.0972,16.2842,1.4122807017543022,5.513157894736518,INVALIDÉE,8.2
2022-04-26 20:39:51,USD/CNH,FX/Indices,1H,6.59141,6.57671,6.60924,6.67873,1.21292517006807,5.940136054421979,SEUIL PRÉSERVÉ,8.9
2022-04-26 13:41:47,USD/HUF,FX/Indices,1H,351.38,350.26,353.99,359.21,2.3303571428571455,6.991071428571386,OBJECTIF ATTEINT,8.6
2022-04-22 13:41:53,USD/MXN,FX/Indices,1H,20.3392,20.2532,20.5104,20.86,1.9906976744185438,6.055813953488199,INVALIDÉE,8.8
2022-04-18 23:40:11,USD/SEK,FX/Indices,1H,9.6046,9.5765,9.665,9.8326,2.149466192170785,8.113879003558642,INVALIDÉE,8.6
2022-04-18 16:45:15,USD/ZAR,FX/Indices,1H,14.7128,14.6821,14.7488,14.8129,1.17263843648209,3.260586319218332,INVALIDÉE,8.9
2022-04-18 04:39:41,USD/MXN,FX/Indices,1H,19.9806,19.9472,20.0276,20.1237,1.4071856287425195,4.284431137724524,INVALIDÉE,8.4
2022-04-15 14:04:01,USD/HUF,FX/Indices,Journalier,348.03,339.0,357.22,362.74,1.017718715393143,1.6290143964562658,OBJECTIF ATTEINT,8.2
2022-04-12 21:39:43,USD/SEK,FX/Indices,1H,9.5227,9.4955,9.5975,9.665,2.7499999999999347,5.231617647058671,SEUIL PRÉSERVÉ,8.6
2022-04-12 07:41:54,EUR/ZAR,FX/Indices,1H,15.8271,15.8462,15.802,15.6709,1.314136125654464,8.178010471204239,OBJECTIF ATTEINT,7.3
2022-04-06 21:39:53,USD/ZAR,FX/Indices,1H,14.6904,14.6484,14.7383,14.9287,1.140476190476202,5.673809523809521,OBJECTIF ATTEINT,7.3
2022-04-05 21:40:14,USD/CNH,FX/Indices,1H,6.37895,6.37237,6.3871,6.39841,1.2386018237083676,2.957446808510897,INVALIDÉE,8.6
2022-04-05 18:45:22,USD/SEK,FX/Indices,1H,9.4268,9.3734,9.5077,9.5558,1.5149812734082382,2.4157303370786485,SEUIL PRÉSERVÉ,7.7
2022-04-04 10:42:18,USD/MXN,FX/Indices,1H,19.8275,19.8643,19.7469,19.611,2.19021739130439,5.883152173913121,OBJECTIF ATTEINT,7.7
2022-03-24 21:30:58,USD/SEK,FX/Indices,1H,9.403,9.4192,9.3656,9.3182,2.308641975308699,5.234567901234795,INVALIDÉE,7.9
2022-03-22 18:46:18,USD/CNH,FX/Indices,1H,6.37649,6.36247,6.39782,6.41044,1.5213980028530165,2.4215406562053525,SEUIL PRÉSERVÉ,8.0
2022-03-17 11:41:52,USD/NOK,FX/Indices,1H,8.8518,8.8774,8.8133,8.7712,1.503906250000095,3.1484375000001457,OBJECTIF ATTEINT,7.7
2022-03-14 22:39:54,USD/NOK,FX/Indices,1H,9.0405,9.0219,9.0813,9.1847,2.1935483870969037,7.752688172043291,INVALIDÉE,8.6
2022-03-11 17:19:45,USD/NOK,FX/Indices,Journalier,8.9909,8.9467,9.0419,9.1847,1.1538461538461569,4.384615384615373,INVALIDÉE,8.4
2022-03-07 21:40:45,USD/NOK,FX/Indices,1H,9.0593,9.0419,9.0906,9.1847,1.7988505747126056,7.2068965517239585,INVALIDÉE,8.8
2022-03-04 04:40:20,USD/MXN,FX/Indices,1H,20.733,20.6753,20.7978,20.8617,1.1230502599652963,2.2305025996533328,OBJECTIF ATTEINT,8.8
2022-03-02 20:46:26,EUR/ZAR,FX/Indices,1H,17.0394,17.0817,16.99,16.7951,1.1678486997636186,5.775413711583781,OBJECTIF ATTEINT,8.0
2022-03-01 13:42:01,GBP/ZAR,FX/Indices,1H,20.6444,20.611,20.6872,20.779,1.2814371257484827,4.029940119760409,INVALIDÉE,7.3
2022-02-27 23:41:12,USD/HUF,FX/Indices,1H,329.56,326.79,334.06,334.51,1.6245487364621045,1.7870036101083109,SEUIL PRÉSERVÉ,8.0
2022-02-23 07:03:46,EUR/ZAR,FX/Indices,Journalier,17.0441,17.1721,16.7951,16.3342,1.9453124999999887,5.546093750000003,INVALIDÉE,8.4
2022-02-22 01:39:48,USD/ZAR,FX/Indices,1H,15.1655,15.1035,15.2498,15.3854,1.3596774193548635,3.546774193548436,INVALIDÉE,8.0
2022-02-21 13:42:13,USD/SEK,FX/Indices,1H,9.3968,9.3779,9.4307,9.5667,1.7936507936507147,8.989417989417825,OBJECTIF ATTEINT,8.6
2022-02-18 18:26:27,USD/NOK,FX/Indices,Journalier,8.992,8.9467,9.0419,9.1847,1.1015452538630919,4.25386313465771,INVALIDÉE,8.6
2022-02-18 06:39:52,GBP/ZAR,FX/Indices,1H,20.3614,20.3942,20.3221,20.2318,1.198170731707278,3.951219512194913,INVALIDÉE,7.9
2022-02-15 23:40:53,USD/NOK,FX/Indices,1H,8.9098,8.882,8.9467,9.0419,1.3273381294963318,4.751798561150899,INVALIDÉE,8.4
2022-02-13 22:40:23,USD/NOK,FX/Indices,1H,8.8616,8.8468,8.882,8.9467,1.3783783783784758,5.75000000000033,OBJECTIF ATTEINT,8.2
2022-02-13 21:40:24,USD/SEK,FX/Indices,1H,9.3323,9.3182,9.3528,9.4307,1.4539007092197795,6.9787234042548665,OBJECTIF ATTEINT,8.2
2022-01-27 18:46:49,GBP/ZAR,FX/Indices,1H,20.7092,20.6242,20.8566,20.9701,1.7341176470588189,3.0694117647058454,OBJECTIF ATTEINT,7.5
2022-01-27 16:48:37,USD/ZAR,FX/Indices,1H,15.4187,15.3978,15.4529,15.5725,1.636363636363706,7.358851674641429,OBJECTIF ATTEINT,8.0
2022-01-21 16:48:00,USD/HUF,FX/Indices,1H,316.26,315.02,318.38,320.48,1.7096774193548299,3.40322580645161,SEUIL PRÉSERVÉ,8.0
2022-01-20 12:56:50,USD/SEK,FX/Indices,Journalier,9.1395,9.0282,9.3182,9.665,1.6055705300988254,4.721473495058396,OBJECTIF ATTEINT,8.4
2022-01-18 00:40:35,USD/MXN,FX/Indices,1H,20.2905,20.3441,20.1632,19.9786,2.375000000000058,5.819029850746357,INVALIDÉE,7.7
2022-01-14 03:30:36,USD/MXN,FX/Indices,1H,20.3222,20.4155,20.1632,20.0866,1.7041800643086185,2.5251875669881128,SEUIL PRÉSERVÉ,7.9
2022-01-12 14:33:07,USD/ZAR,FX/Indices,1H,15.3758,15.4529,15.2152,14.874,2.083009079118043,6.50843060959794,SEUIL PRÉSERVÉ,8.2
2022-01-07 12:32:54,EUR/ZAR,FX/Indices,1H,17.6614,17.7093,17.6,17.3006,1.2818371607515853,7.532359081419884,SEUIL PRÉSERVÉ,7.7
2022-01-07 10:32:54,USD/ZAR,FX/Indices,1H,15.6405,15.6657,15.5696,15.5198,2.8134920634920744,4.789682539682535,OBJECTIF ATTEINT,7.7
2022-01-06 18:36:21,USD/NOK,FX/Indices,1H,8.9035,8.8748,8.9467,9.0499,1.5052264808363178,5.101045296167449,INVALIDÉE,8.2
2022-01-06 14:33:04,USD/HUF,FX/Indices,1H,318.15,320.48,315.02,313.4,1.343347639484953,2.0386266094420242,SEUIL PRÉSERVÉ,7.7
2022-01-03 04:50:32,EUR/ZAR,FX/Indices,Journalier,18.1191,17.8949,18.3579,18.9337,1.0651204281891236,3.633363068688685,INVALIDÉE,8.6
2022-01-02 22:30:25,EUR/ZAR,FX/Indices,1H,18.1884,18.113,18.3579,18.593,2.2480106100795094,5.3660477453579345,INVALIDÉE,8.8
2021-12-29 11:33:07,USD/ZAR,FX/Indices,1H,15.863,15.8367,15.9168,15.9672,2.045627376425953,3.961977186311942,OBJECTIF ATTEINT,8.4
2021-12-28 10:32:50,USD/NOK,FX/Indices,1H,8.8184,8.8359,8.7947,8.736,1.3542857142856992,4.708571428571398,OBJECTIF ATTEINT,8.0
2021-12-15 19:36:38,USD/SEK,FX/Indices,1H,9.1528,9.1406,9.1807,9.2347,2.286885245901699,6.713114754098447,INVALIDÉE,8.0
2021-12-15 14:33:02,USD/ZAR,FX/Indices,1H,16.1803,16.095,16.2842,16.6001,1.2180539273153488,4.921453692848786,INVALIDÉE,7.7
2021-12-15 09:33:15,EUR/ZAR,FX/Indices,1H,18.2009,18.1779,18.2306,18.3579,1.2913043478260298,6.826086956521833,OBJECTIF ATTEINT,8.6
2021-12-15 08:33:18,EUR/ZAR,FX/Indices,1H,18.1983,18.1779,18.2306,18.3579,1.5833333333334059,7.823529411765279,OBJECTIF ATTEINT,8.6
2021-12-15 08:33:16,GBP/ZAR,FX/Indices,1H,21.4144,21.3919,21.4711,21.7215,2.519999999999874,13.6488888888883,OBJECTIF ATTEINT,8.8
2021-12-14 20:36:30,USD/HUF,FX/Indices,1H,326.77,324.47,329.32,333.08,1.10869565217394,2.7434782608696207,OBJECTIF ATTEINT,8.6
2021-12-14 14:33:04,USD/ZAR,FX/Indices,1H,16.0814,16.0404,16.1476,16.2842,1.6146341463416385,4.946341463415015,OBJECTIF ATTEINT,8.8
2021-12-14 10:32:47,GBP/ZAR,FX/Indices,1H,21.2262,21.1645,21.3099,21.3698,1.356564019448989,2.3273905996759607,OBJECTIF ATTEINT,8.9
2021-12-14 04:30:41,USD/SEK,FX/Indices,1H,9.111,9.0915,9.1406,9.1587,1.5179487179485844,2.4461538461537002,INVALIDÉE,8.9
2021-12-14 01:30:34,USD/ZAR,FX/Indices,1H,16.0272,16.011,16.0555,16.1476,1.746913580246647,7.432098765431495,OBJECTIF ATTEINT,8.6
2021-12-10 19:37:45,EUR/ZAR,FX/Indices,1H,18.1027,18.0768,18.1779,18.2577,2.9034749034749914,5.984555984556021,INVALIDÉE,7.9
2021-12-08 18:36:22,USD/SEK,FX/Indices,1H,9.0342,9.0503,8.9936,8.9175,2.5217391304347876,7.248447204969031,INVALIDÉE,7.9
2021-12-06 16:38:25,USD/HUF,FX/Indices,1H,323.88,323.02,325.39,328.33,1.7558139534883337,5.174418604651067,SEUIL PRÉSERVÉ,8.4
2021-12-03 07:30:44,USD/NOK,FX/Indices,1H,9.1343,9.107,9.2158,9.324,2.9853479853479548,6.948717948717873,INVALIDÉE,9.1
2021-11-30 06:30:48,USD/NOK,FX/Indices,1H,9.0661,9.0419,9.1067,9.2158,1.6776859504131727,6.185950413222997,OBJECTIF ATTEINT,8.4
2021-11-29 09:33:08,USD/NOK,FX/Indices,1H,9.0741,9.0419,9.1075,9.2158,1.0372670807453657,4.400621118012487,INVALIDÉE,7.5
2021-11-28 23:31:33,USD/SEK,FX/Indices,1H,9.1538,9.1426,9.1837,9.2533,2.6696428571426916,8.883928571428054,INVALIDÉE,9.1
2021-11-25 11:32:58,USD/NOK,FX/Indices,1H,8.9745,8.9467,9.0419,9.1356,2.4244604316545675,5.79496402877676,OBJECTIF ATTEINT,7.7
2021-11-24 03:30:36,GBP/ZAR,FX/Indices,1H,21.2134,21.0674,21.3986,21.4711,1.2684931506849126,1.7650684931506742,SEUIL PRÉSERVÉ,8.4
2021-11-23 13:32:53,USD/ZAR,FX/Indices,1H,15.8746,15.8356,15.9612,16.19,2.220512820512855,8.087179487179604,SEUIL PRÉSERVÉ,8.0
2021-11-23 12:57:24,EUR/ZAR,FX/Indices,Journalier,17.8932,17.6549,18.3579,18.9337,1.9500629458665666,4.366344943348747,OBJECTIF ATTEINT,8.6
2021-11-23 11:33:05,USD/NOK,FX/Indices,1H,8.9748,8.9467,9.0419,9.1356,2.3879003558718637,5.722419928825577,INVALIDÉE,8.9
2021-11-19 19:36:37,USD/NOK,FX/Indices,1H,8.9085,8.8793,8.9467,9.0419,1.3082191780822092,4.568493150685017,OBJECTIF ATTEINT,8.8
2021-11-19 04:51:26,EUR/ZAR,FX/Indices,Journalier,17.7574,17.6549,17.8954,18.3579,1.3463414634146271,5.858536585365905,OBJECTIF ATTEINT,8.6
2021-11-18 12:57:12,GBP/ZAR,FX/Indices,Journalier,21.0953,20.8499,21.4711,22.6765,1.5313773431132764,6.443357783211078,OBJECTIF ATTEINT,8.6
2021-11-18 09:57:08,GBP/ZAR,FX/Indices,Journalier,20.9467,20.8499,21.0674,21.4711,1.2469008264462973,5.417355371900926,OBJECTIF ATTEINT,8.0
2021-11-17 03:30:34,USD/HUF,FX/Indices,1H,322.83,322.28,323.41,328.02,1.054545454545507,9.436363636363437,OBJECTIF ATTEINT,8.6
2021-11-12 03:31:06,USD/MXN,FX/Indices,1H,20.6436,20.5368,20.8011,20.8576,1.4747191011236211,2.0037453183520846,INVALIDÉE,7.9
2021-11-11 21:30:51,USD/MXN,FX/Indices,1H,20.6656,20.6449,20.7086,20.8016,2.0772946859901524,6.570048309178232,INVALIDÉE,8.6
2021-11-11 06:51:36,USD/MXN,FX/Indices,Journalier,20.613,20.3687,20.8576,21.4993,1.0012279983626806,3.627916496111361,OBJECTIF ATTEINT,8.2
2021-11-11 03:51:28,EUR/ZAR,FX/Indices,Journalier,17.7378,17.6549,17.8954,18.3579,1.901085645355865,7.480096501809541,INVALIDÉE,8.6
2021-11-11 03:51:26,USD/ZAR,FX/Indices,Journalier,15.4522,14.9809,15.9558,16.5835,1.0685338425631257,2.4003819223424627,OBJECTIF ATTEINT,8.6
2021-11-01 08:33:08,USD/ZAR,FX/Indices,1H,15.3494,15.2934,15.4529,15.7564,1.84821428571432,7.2678571428572525,OBJECTIF ATTEINT,8.4
2021-11-01 05:50:32,USD/MXN,FX/Indices,Journalier,20.6009,20.3687,20.8624,21.4993,1.126184323858755,3.8690783807063167,INVALIDÉE,8.4
2021-10-27 15:09:16,USD/ZAR,FX/Indices,Journalier,15.0254,14.8328,15.2929,15.4529,1.3888888888888982,2.2196261682243144,OBJECTIF ATTEINT,7.3
2021-10-27 14:38:54,USD/ZAR,FX/Indices,1H,15.0244,15.0008,15.0643,15.1659,1.690677966101664,5.995762711864416,OBJECTIF ATTEINT,8.8
2021-10-27 09:32:26,USD/SEK,FX/Indices,1H,8.6279,8.6125,8.6462,8.6716,1.1883116883117153,2.837662337662366,INVALIDÉE,8.2
2021-10-27 08:56:41,GBP/ZAR,FX/Indices,Journalier,20.5818,20.4792,20.8499,21.0518,2.613060428849844,4.580896686159723,OBJECTIF ATTEINT,8.4
2021-10-22 19:36:23,USD/HUF,FX/Indices,1H,313.4,312.67,314.15,315.02,1.0273972602740271,2.2191780821919047,OBJECTIF ATTEINT,8.8
2021-10-20 18:36:24,USD/ZAR,FX/Indices,1H,14.3685,14.4426,14.2764,14.1522,1.2429149797570418,2.919028340080898,INVALIDÉE,8.2
2021-10-18 15:38:13,USD/MXN,FX/Indices,1H,20.3535,20.4612,20.1506,19.9324,1.8839368616527141,3.9099350046424726,SEUIL PRÉSERVÉ,7.3
2021-10-15 15:38:24,USD/MXN,FX/Indices,1H,20.4549,20.5062,20.3666,20.1506,1.7212475633527904,5.931773879142114,OBJECTIF ATTEINT,7.9
2021-10-15 07:32:57,USD/ZAR,FX/Indices,1H,14.7059,14.7563,14.5648,14.3299,2.7996031746031824,7.460317460317482,SEUIL PRÉSERVÉ,6.8
2021-10-11 14:38:22,USD/MXN,FX/Indices,1H,20.7862,20.7289,20.8976,21.1534,1.9441535776613765,6.408376963350629,OBJECTIF ATTEINT,8.4
2021-10-06 10:56:18,USD/SEK,FX/Indices,Journalier,8.819,8.7321,8.9836,9.3182,1.8941311852704068,5.744533947065575,INVALIDÉE,8.9
2021-10-06 10:56:17,USD/HUF,FX/Indices,Journalier,311.52,310.25,315.02,324.92,2.755905511811063,10.551181102362383,INVALIDÉE,8.9
2021-10-01 08:32:32,GBP/ZAR,FX/Indices,1H,20.2133,20.2563,20.1021,19.8927,2.5860465116279556,7.455813953488474,INVALIDÉE,7.5
2021-09-29 18:36:43,EUR/ZAR,FX/Indices,1H,17.6305,17.5944,17.6678,17.8939,1.0332409972298384,7.296398891966453,INVALIDÉE,7.7
2021-09-23 17:36:28,USD/SEK,FX/Indices,1H,8.6207,8.652,8.5659,8.5437,1.7507987220447407,2.460063897763586,INVALIDÉE,7.5
2021-09-23 09:33:56,USD/NOK,FX/Indices,1H,8.5978,8.6253,8.5683,8.4595,1.0727272727272328,5.029090909090906,OBJECTIF ATTEINT,8.4
2021-09-22 17:36:24,USD/HUF,FX/Indices,1H,303.11,301.68,305.47,306.21,1.650349650349652,2.1678321678321337,SEUIL PRÉSERVÉ,8.4
2021-09-22 00:31:28,GBP/ZAR,FX/Indices,1H,20.3008,20.2516,20.3563,20.5503,1.12804878048787,5.071138211382238,INVALIDÉE,8.6
2021-09-21 18:37:37,EUR/ZAR,FX/Indices,1H,17.3987,17.3398,17.4822,17.7796,1.4176570458403297,6.466893039049042,INVALIDÉE,8.4
2021-09-21 18:37:34,USD/ZAR,FX/Indices,1H,14.8343,14.7464,15.0007,15.2247,1.893060295790639,4.441410693970356,SEUIL PRÉSERVÉ,8.4
2021-09-21 14:42:53,USD/MXN,FX/Indices,1H,20.1478,20.1083,20.2042,20.366,1.4278481012658115,5.524050632911337,INVALIDÉE,7.7
2021-09-20 18:40:26,USD/MXN,FX/Indices,1H,20.1918,20.1185,20.366,20.4367,2.376534788540242,3.3410641200545523,INVALIDÉE,8.2
2021-09-20 04:37:15,GBP/ZAR,FX/Indices,1H,20.3389,20.2109,20.5503,20.8122,1.6515625000000074,3.697656250000011,INVALIDÉE,8.4
2021-09-20 04:37:13,USD/SEK,FX/Indices,1H,8.7031,8.6897,8.7321,8.8101,2.164179104477905,7.985074626866368,OBJECTIF ATTEINT,8.0
2021-09-20 02:31:48,USD/ZAR,FX/Indices,1H,14.8225,14.7145,15.0007,15.2247,1.649999999999995,3.7240740740740605,SEUIL PRÉSERVÉ,8.9
2021-09-15 21:32:59,EUR/ZAR,FX/Indices,1H,17.046,16.9992,17.1196,17.1797,1.5726495726495155,2.8568376068375643,OBJECTIF ATTEINT,8.4
2021-09-08 16:43:40,EUR/ZAR,FX/Indices,1H,16.8173,16.8775,16.6499,16.3597,2.780730897009894,7.601328903654246,SEUIL PRÉSERVÉ,8.2
2021-09-06 12:33:38,USD/ZAR,FX/Indices,1H,14.2548,14.3156,14.1236,13.9704,2.1578947368420867,4.677631578947333,SEUIL PRÉSERVÉ,7.5
2021-09-02 09:33:09,GBP/ZAR,FX/Indices,1H,19.7954,19.8927,19.6505,19.3603,1.489208633093514,4.471736896197321,INVALIDÉE,7.5
2021-08-31 14:42:26,EUR/ZAR,FX/Indices,1H,17.1021,17.1797,16.938,16.5445,2.1146907216494912,7.185567010309257,SEUIL PRÉSERVÉ,8.0
2021-08-30 11:33:23,GBP/ZAR,FX/Indices,1H,20.1524,20.2024,20.1021,19.8927,1.005999999999986,5.1939999999999005,OBJECTIF ATTEINT,7.5
2021-08-26 11:34:55,USD/NOK,FX/Indices,1H,8.8052,8.8379,8.7288,8.6663,2.3363914373088432,4.247706422018314,INVALIDÉE,7.5
2021-08-25 23:31:02,USD/SEK,FX/Indices,1H,8.6867,8.6968,8.6747,8.6478,1.1881188118812855,3.8514851485150152,INVALIDÉE,7.7
2021-08-24 11:33:06,USD/HUF,FX/Indices,1H,297.57,298.2,296.33,294.54,1.9682539682539968,4.809523809523801,OBJECTIF ATTEINT,7.5
2021-08-24 10:34:16,USD/NOK,FX/Indices,1H,8.8643,8.8986,8.8238,8.7813,1.1807580174927044,2.419825072886303,OBJECTIF ATTEINT,7.9
2021-08-19 18:39:22,USD/HUF,FX/Indices,1H,300.67,300.27,301.64,302.79,2.424999999999719,5.299999999999559,SEUIL PRÉSERVÉ,7.3
2021-08-19 09:33:56,USD/HUF,FX/Indices,1H,300.9,300.27,301.64,302.79,1.1746031746031975,3.00000000000009,INVALIDÉE,8.6
2021-08-18 16:41:11,USD/MXN,FX/Indices,1H,20.0175,19.9854,20.0505,20.0972,1.0280373831776155,2.4828660436138024,OBJECTIF ATTEINT,8.4
2021-08-17 05:52:34,EUR/ZAR,FX/Indices,Journalier,17.5296,17.1797,18.041,18.3579,1.4615604458416822,2.3672477850814713,INVALIDÉE,8.0
2021-08-16 19:10:24,GBP/ZAR,FX/Indices,Journalier,20.5292,20.1021,20.983,21.4711,1.0625146335752793,2.205338328260365,INVALIDÉE,8.6
2021-08-10 02:52:00,USD/SEK,FX/Indices,Journalier,8.7084,8.6127,8.8101,8.9254,1.062695924764912,2.2675026123302273,OBJECTIF ATTEINT,8.6
2021-08-09 23:31:02,USD/MXN,FX/Indices,1H,20.0765,20.0333,20.1684,20.4289,2.1273148148148504,8.157407407407621,SEUIL PRÉSERVÉ,8.0
2021-08-08 23:30:56,USD/NOK,FX/Indices,1H,8.9267,8.904,8.9826,9.0041,2.4625550660792266,3.409691629955846,INVALIDÉE,9.1
2021-08-06 15:29:10,EUR/ZAR,FX/Indices,1H,17.2256,17.1797,17.288,17.4025,1.3594771241830232,3.854030501089354,SEUIL PRÉSERVÉ,7.9
2021-08-05 20:30:36,USD/SEK,FX/Indices,1H,8.6164,8.5959,8.6544,8.6681,1.8536585365853617,2.521951219512187,OBJECTIF ATTEINT,8.4
2021-08-04 22:34:31,USD/SEK,FX/Indices,1H,8.6127,8.5959,8.6544,8.6713,2.4821428571428985,3.4880952380952657,SEUIL PRÉSERVÉ,8.4
2021-08-04 00:30:51,USD/SEK,FX/Indices,1H,8.6062,8.596,8.6199,8.6544,1.3431372549020546,4.725490196078879,INVALIDÉE,8.0
2021-07-27 15:42:23,EUR/ZAR,FX/Indices,1H,17.5486,17.4965,17.6658,17.8414,2.249520153550899,5.619961612284132,INVALIDÉE,8.4
2021-07-21 13:33:08,USD/SEK,FX/Indices,1H,8.717,8.7081,8.7335,8.8101,1.853932584269414,10.460674157302666,INVALIDÉE,8.0
2021-07-21 07:32:36,USD/NOK,FX/Indices,1H,9.0521,9.0046,9.105,9.228,1.1136842105263514,3.703157894736895,INVALIDÉE,8.6
2021-07-21 06:31:30,USD/HUF,FX/Indices,1H,305.92,305.16,306.84,310.25,1.2105263157894344,5.697368421052679,INVALIDÉE,8.9
2021-07-21 03:30:28,USD/SEK,FX/Indices,1H,8.7092,8.6883,8.7335,8.8101,1.1626794258373723,4.827751196172474,OBJECTIF ATTEINT,7.3
2021-07-21 00:30:37,EUR/ZAR,FX/Indices,1H,17.2496,17.227,17.3162,17.3805,2.9469026548670674,5.79203539822995,OBJECTIF ATTEINT,8.8
2021-07-20 20:30:43,USD/MXN,FX/Indices,1H,20.171,20.082,20.3151,20.5931,1.6191011235955493,4.74269662921356,SEUIL PRÉSERVÉ,8.6
2021-07-19 00:30:41,USD/NOK,FX/Indices,1H,8.856,8.8331,8.9179,9.0046,2.703056768558945,6.4890829694323395,OBJECTIF ATTEINT,8.4
2021-07-15 10:35:38,USD/HUF,FX/Indices,1H,303.89,303.54,304.7,308.62,2.3142857142859463,13.514285714287084,INVALIDÉE,6.1
2021-07-12 16:36:31,USD/MXN,FX/Indices,1H,19.835,19.8681,19.7733,19.583,1.8640483383687791,7.6132930513601735,INVALIDÉE,7.9
2021-07-02 07:36:30,USD/HUF,FX/Indices,1H,297.04,295.79,299.11,300.27,1.6559999999999946,2.583999999999969,SEUIL PRÉSERVÉ,8.9
2021-07-01 15:45:17,USD/MXN,FX/Indices,1H,20.0286,19.9536,20.1764,20.3312,1.9706666666666874,4.034666666666681,SEUIL PRÉSERVÉ,8.0
2021-07-01 00:31:31,USD/SEK,FX/Indices,1H,8.5579,8.5201,8.6118,8.6406,1.425925925925912,2.1878306878306226,SEUIL PRÉSERVÉ,8.6
2021-06-28 19:37:07,USD/SEK,FX/Indices,1H,8.5147,8.4768,8.565,8.6004,1.327176781002684,2.261213720316726,SEUIL PRÉSERVÉ,8.6
2021-06-24 18:36:59,USD/MXN,FX/Indices,1H,19.8239,19.9491,19.658,19.583,1.3250798722044166,1.9241214057507505,SEUIL PRÉSERVÉ,8.4
2021-06-21 02:32:33,EUR/ZAR,FX/Indices,1H,17.0478,16.9634,17.1985,17.3556,1.7855450236967159,3.6469194312796804,INVALIDÉE,8.6
2021-06-21 00:30:34,GBP/ZAR,FX/Indices,1H,19.8189,19.7451,19.8927,20.211,1.0000000000000482,5.313008130081396,SEUIL PRÉSERVÉ,8.6
2021-06-17 10:33:38,GBP/ZAR,FX/Indices,1H,19.6722,19.6466,19.7141,19.8927,1.6367187499998856,8.613281249999803,OBJECTIF ATTEINT,8.8
2021-06-17 07:32:41,USD/SEK,FX/Indices,1H,8.5043,8.4603,8.6071,8.7072,2.336363636363616,4.611363636363578,SEUIL PRÉSERVÉ,8.6
2021-06-16 09:32:22,USD/NOK,FX/Indices,1H,8.3444,8.3284,8.3615,8.3841,1.0687499999999508,2.481249999999988,OBJECTIF ATTEINT,8.8
2021-06-14 09:33:34,GBP/ZAR,FX/Indices,1H,19.401,19.3389,19.4813,19.5504,1.2930756843800313,2.405797101449239,SEUIL PRÉSERVÉ,8.4
2021-06-11 05:37:21,USD/SEK,FX/Indices,1H,8.2381,8.2648,8.1842,8.1263,2.018726591760256,4.187265917602959,INVALIDÉE,7.9
2021-05-27 09:33:23,USD/ZAR,FX/Indices,1H,13.7079,13.7425,13.5487,13.447,4.6011560693642615,7.540462427745854,INVALIDÉE,8.0
2021-05-25 08:33:53,GBP/ZAR,FX/Indices,1H,19.6322,19.6803,19.5338,19.1516,2.0457380457381626,9.991683991684454,SEUIL PRÉSERVÉ,8.0
2021-05-24 10:31:42,USD/MXN,FX/Indices,1H,19.96,19.8621,20.062,20.106,1.0418794688457726,1.491317671092972,INVALIDÉE,7.5
2021-05-24 10:31:41,USD/HUF,FX/Indices,1H,284.62,285.01,283.13,280.05,3.8205128205129775,11.71794871794911,SEUIL PRÉSERVÉ,8.4
2021-05-20 18:36:29,USD/HUF,FX/Indices,1H,285.9,287.5,281.75,274.41,2.593749999999949,7.181249999999868,SEUIL PRÉSERVÉ,8.2
2021-05-18 10:36:27,USD/NOK,FX/Indices,1H,8.2087,8.2174,8.1742,8.0496,3.965517241379592,18.28735632184068,INVALIDÉE,8.4
2021-05-14 08:34:31,EUR/ZAR,FX/Indices,1H,17.1353,17.0717,17.2455,17.3497,1.7327044025156801,3.3710691823898484,SEUIL PRÉSERVÉ,8.8
2021-05-14 08:34:29,GBP/ZAR,FX/Indices,1H,19.8776,19.7909,20.0018,20.0679,1.4325259515570665,2.194925028835059,SEUIL PRÉSERVÉ,8.9
2021-05-11 10:36:58,USD/ZAR,FX/Indices,1H,13.9719,14.0456,13.8876,13.7189,1.1438263229307777,3.4328358208954985,INVALIDÉE,7.9
2021-05-06 09:34:36,EUR/ZAR,FX/Indices,1H,17.1926,17.2191,17.145,16.9634,1.7962264150941611,8.649056603772824,OBJECTIF ATTEINT,7.7
2021-05-05 07:32:59,USD/SEK,FX/Indices,1H,8.5033,8.4807,8.5722,8.6721,3.0486725663718848,7.469026548672991,SEUIL PRÉSERVÉ,7.1
2021-05-05 07:32:58,USD/NOK,FX/Indices,1H,8.3439,8.3317,8.3628,8.3908,1.5491803278688836,3.844262295082039,INVALIDÉE,7.7
2021-05-04 18:44:38,GBP/ZAR,FX/Indices,1H,20.1144,20.064,20.3272,20.5398,4.222222222222269,8.440476190476224,INVALIDÉE,8.4
2021-05-04 08:41:10,USD/MXN,FX/Indices,1H,20.2492,20.2268,20.2784,20.3173,1.3035714285717062,3.040178571428958,OBJECTIF ATTEINT,8.0
2021-05-04 06:41:53,GBP/ZAR,FX/Indices,1H,20.0664,20.027,20.1147,20.3272,1.2258883248730177,6.619289340101424,OBJECTIF ATTEINT,8.0
2021-05-04 06:41:51,USD/NOK,FX/Indices,1H,8.3019,8.2878,8.3318,8.3908,2.1205673758866292,6.304964539007535,OBJECTIF ATTEINT,8.2
2021-04-30 09:34:37,USD/MXN,FX/Indices,1H,20.122,20.086,20.1637,20.7645,1.1583333333332544,17.847222222221596,INVALIDÉE,7.9
2021-04-28 11:34:27,USD/NOK,FX/Indices,1H,8.269,8.2878,8.2469,7.7053,1.1755319148935803,29.984042553190534,OBJECTIF ATTEINT,7.3
2021-04-28 00:36:41,USD/ZAR,FX/Indices,1H,14.3922,14.3635,14.4366,14.5224,1.5470383275260837,4.536585365853511,INVALIDÉE,8.6
2021-04-27 12:33:29,USD/NOK,FX/Indices,1H,8.2912,8.3125,8.2469,7.7053,2.0798122065727505,27.507042253520986,SEUIL PRÉSERVÉ,7.1
2021-04-26 19:37:39,EUR/ZAR,FX/Indices,1H,17.2658,17.1845,17.3613,17.3982,1.1746617466174987,1.6285362853628838,OBJECTIF ATTEINT,8.4
2021-04-22 09:01:07,USD/NOK,FX/Indices,Journalier,8.3314,8.3908,8.0865,8.0802,4.122895622895635,4.228956228956233,SEUIL PRÉSERVÉ,7.7
