date_creation,ticker,asset_class,timeframe,prix_entree,stop_loss_init,tp1_init,tp2_init,rr_tp1,rr_tp2,statut_final,score_force,case,tp1_time,sl_time,resolution_time,resolution_verifiee,resolution_time_est,payoff_bucket,r_realiste,r_trailing
2021-04-23 12:43:32,GOLD - AUD,FX/Indices,1H,2317.85,2311.15,2329.52,2416.97,1.7417910447761775,14.794029850746654,INVALIDÉE,8.4,hors_couverture_historique,,,,False,2021-04-23 21:21:28,,-1.0,-1.0
2021-04-28 06:31:52,GOLD - USD,FX/Indices,1H,1768.74,1773.57,1763.66,1748.55,1.0517598343685308,4.180124223602559,OBJECTIF ATTEINT,8.0,hors_couverture_historique,,,,False,2021-04-28 15:09:48,hors_couverture,1.0517598343685308,1.0517598343685308
2021-04-28 07:33:46,GOLD - GBP,FX/Indices,1H,1274.07,1277.55,1267.78,1260.97,1.807471264367796,3.764367816091908,INVALIDÉE,7.7,hors_couverture_historique,,,,False,2021-04-28 16:11:42,,-1.0,-1.0
2021-05-10 10:32:53,SILVER - USD,FX/Indices,1H,27.76,27.59,28.15,28.53,2.294117647058783,4.529411764705834,INVALIDÉE,8.0,hors_couverture_historique,,,,False,2021-05-10 19:10:49,,-1.0,-1.0
2021-05-11 21:31:02,GOLD - AUD,FX/Indices,1H,2342.82,2330.67,2355.28,2416.97,1.0255144032921764,6.102880658436138,OBJECTIF ATTEINT,7.7,hors_couverture_historique,,,,False,2021-05-12 06:08:58,hors_couverture,1.0255144032921764,1.0255144032921764
2021-05-14 19:42:30,GOLD - GBP,FX/Indices,1H,1307.2,1303.45,1320.16,1331.95,3.4560000000000097,6.6,OBJECTIF ATTEINT,8.6,hors_couverture_historique,,,,False,2021-05-15 04:20:26,hors_couverture,3.4560000000000097,3.4560000000000097
2021-05-20 04:31:59,GOLD - EUR,FX/Indices,1H,1540.37,1534.24,1550.88,1587.72,1.7145187601958272,7.72430668841779,INVALIDÉE,7.9,hors_couverture_historique,,,,False,2021-05-20 13:09:55,,-1.0,-1.0
2021-05-26 07:35:33,GOLD - GBP,FX/Indices,1H,1348.12,1343.66,1366.75,1433.61,4.177130044843253,19.1681614349784,INVALIDÉE,8.4,hors_couverture_historique,,,,False,2021-05-26 16:13:29,,-1.0,-1.0
2021-05-26 13:38:48,GOLD - AUD,FX/Indices,1H,2458.98,2452.28,2482.34,2529.19,3.486567164179218,10.47910447761223,INVALIDÉE,8.6,hors_couverture_historique,,,,False,2021-05-26 22:16:44,,-1.0,-1.0
2021-05-31 19:32:56,SILVER - USD,FX/Indices,1H,28.04,27.9,28.26,29.77,1.5714285714285825,12.35714285714281,OBJECTIF ATTEINT,8.2,hors_couverture_historique,,,,False,2021-06-01 04:10:52,hors_couverture,1.5714285714285825,1.5714285714285825
2021-06-01 02:30:10,GOLD - EUR,FX/Indices,1H,1563.83,1557.62,1587.72,1646.97,3.847020933977449,13.38808373590976,INVALIDÉE,7.9,hors_couverture_historique,,,,False,2021-06-01 11:08:06,,-1.0,-1.0
2021-06-01 12:32:56,SILVER - USD,FX/Indices,1H,28.31,28.14,29.15,29.77,4.941176470588288,8.588235294117746,INVALIDÉE,8.4,hors_couverture_historique,,,,False,2021-06-01 21:10:52,,-1.0,-1.0
2021-06-08 12:33:00,GOLD - GBP,FX/Indices,1H,1343.71,1340.17,1349.54,1384.03,1.646892655367228,11.389830508474676,INVALIDÉE,8.6,hors_couverture_historique,,,,False,2021-06-08 21:10:56,,-1.0,-1.0
2021-06-10 18:38:46,SILVER - AUD,FX/Indices,1H,36.02,35.91,36.35,36.66,2.9999999999998064,5.818181818181413,OBJECTIF ATTEINT,8.6,hors_couverture_historique,,,,False,2021-06-11 03:16:42,hors_couverture,2.9999999999998064,2.9999999999998064
2021-06-11 06:31:59,SILVER - EUR,FX/Indices,1H,23.14,23.03,23.25,23.37,1.0,2.090909090909105,OBJECTIF ATTEINT,8.9,hors_couverture_historique,,,,False,2021-06-11 15:09:55,hors_couverture,1.0,1.0
2021-06-11 06:31:59,GOLD - GBP,FX/Indices,1H,1341.77,1339.15,1345.75,1384.03,1.519083969465719,16.12977099236708,INVALIDÉE,8.9,hors_couverture_historique,,,,False,2021-06-11 15:09:55,,-1.0,-1.0
2021-06-14 03:30:56,GOLD - EUR,FX/Indices,1H,1540.72,1546.33,1531.11,1490.79,1.7130124777184133,8.9001782531196,OBJECTIF ATTEINT,8.4,hors_couverture_historique,,,,False,2021-06-14 12:08:52,hors_couverture,1.7130124777184133,1.7130124777184133
2021-06-16 20:36:44,GOLD - GBP,FX/Indices,1H,1301.84,1307.61,1293.1,1268.48,1.5147313691507862,5.781629116117852,OBJECTIF ATTEINT,8.4,hors_couverture_historique,,,,False,2021-06-17 05:14:40,hors_couverture,1.5147313691507862,1.5147313691507862
2021-06-17 06:31:27,GOLD - AUD,FX/Indices,1H,2377.86,2390.94,2343.49,2281.81,2.6276758409786343,7.343272171253877,OBJECTIF ATTEINT,7.9,hors_couverture_historique,,,,False,2021-06-17 15:09:23,hors_couverture,2.6276758409786343,2.6276758409786343
2021-06-17 06:31:28,SILVER - AUD,FX/Indices,1H,35.38,35.54,35.0,34.19,2.3750000000000666,7.437500000000189,OBJECTIF ATTEINT,8.0,hors_couverture_historique,,,,False,2021-06-17 15:09:24,hors_couverture,2.3750000000000666,2.3750000000000666
2021-06-18 20:30:29,SILVER - EUR,FX/Indices,1H,21.76,21.86,21.57,21.0,1.9000000000000528,7.600000000000177,OBJECTIF ATTEINT,7.9,hors_couverture_historique,,,,False,2021-06-19 05:08:25,hors_couverture,1.9000000000000528,1.9000000000000528
2021-06-28 07:32:53,SILVER - USD,FX/Indices,1H,26.17,26.03,26.35,26.62,1.2857142857142785,3.214285714285696,INVALIDÉE,7.1,hors_couverture_historique,,,,False,2021-06-28 16:10:49,,-1.0,-1.0
2021-07-02 08:33:37,GOLD - EUR,FX/Indices,1H,1506.67,1502.65,1512.9,1543.52,1.549751243781106,9.166666666666686,OBJECTIF ATTEINT,8.8,hors_couverture_historique,,,,False,2021-07-02 17:11:33,hors_couverture,1.549751243781106,1.549751243781106
2021-07-02 08:33:40,SILVER - AUD,FX/Indices,1H,35.03,34.93,35.17,35.28,1.3999999999999857,2.4999999999999645,OBJECTIF ATTEINT,7.9,hors_couverture_historique,,,,False,2021-07-02 17:11:36,hors_couverture,1.3999999999999857,1.3999999999999857
2021-07-06 03:33:41,GOLD - GBP,FX/Indices,1H,1294.53,1290.11,1302.39,1312.5,1.7782805429864248,4.065610859728446,OBJECTIF ATTEINT,8.8,hors_couverture_historique,,,,False,2021-07-06 12:11:37,hors_couverture,1.7782805429864248,1.7782805429864248
2021-07-06 04:38:15,SILVER - USD,FX/Indices,1H,26.56,26.35,27.01,27.58,2.142857142857184,4.857142857142917,INVALIDÉE,8.4,hors_couverture_historique,,,,False,2021-07-06 13:16:11,,-1.0,-1.0
2021-07-08 12:33:19,GOLD - EUR,FX/Indices,1H,1534.05,1525.03,1543.52,1585.9,1.0498891352549942,5.74833702882486,INVALIDÉE,8.4,hors_couverture_historique,,,,False,2021-07-08 21:11:15,,-1.0,-1.0
2021-07-14 08:33:37,GOLD - USD,FX/Indices,1H,1814.68,1807.79,1827.86,1869.9,1.912917271407786,8.014513788098581,OBJECTIF ATTEINT,8.2,hors_couverture_historique,,,,False,2021-07-14 17:11:33,hors_couverture,1.912917271407786,1.912917271407786
2021-07-14 09:32:36,SILVER - EUR,FX/Indices,1H,22.11,22.01,22.21,22.38,1.0000000000000355,2.700000000000053,OBJECTIF ATTEINT,8.4,hors_couverture_historique,,,,False,2021-07-14 18:10:32,hors_couverture,1.0000000000000355,1.0000000000000355
2021-07-15 03:31:39,SILVER - EUR,FX/Indices,1H,22.19,22.13,22.32,22.4,2.166666666666568,3.4999999999998224,OBJECTIF ATTEINT,8.6,hors_couverture_historique,,,,False,2021-07-15 12:09:35,hors_couverture,2.166666666666568,2.166666666666568
2021-07-15 13:36:18,SILVER - EUR,FX/Indices,1H,22.28,22.21,22.4,22.61,1.714285714285671,4.714285714285671,OBJECTIF ATTEINT,8.0,hors_couverture_historique,,,,False,2021-07-15 22:14:14,hors_couverture,1.714285714285671,1.714285714285671
2021-07-15 22:30:58,GOLD - EUR,FX/Indices,1H,1548.61,1543.52,1562.56,1585.9,2.7406679764244144,7.326129666011943,INVALIDÉE,8.0,hors_couverture_historique,,,,False,2021-07-16 07:08:54,,-1.0,-1.0
2021-07-21 07:32:24,GOLD - AUD,FX/Indices,1H,2480.64,2469.12,2496.71,2531.67,1.394965277777794,4.429687500000024,INVALIDÉE,8.8,hors_couverture_historique,,,,False,2021-07-21 16:10:20,,-1.0,-1.0
2021-08-13 06:33:18,GOLD - GBP,FX/Indices,1H,1274.13,1270.84,1281.36,1299.01,2.1975683890575595,7.562310030394662,OBJECTIF ATTEINT,8.0,hors_couverture_historique,,,,False,2021-08-13 15:11:14,hors_couverture,2.1975683890575595,2.1975683890575595
2021-08-18 00:55:47,GOLD - AUD,FX/Indices,Journalier,2462.58,2433.86,2531.67,2626.05,2.4056406685236986,5.691852367688071,INVALIDÉE,8.0,hors_couverture_historique,,,,False,2021-08-18 09:33:43,,-1.0,-1.0
2021-08-18 03:34:31,SILVER - EUR,FX/Indices,1H,20.29,20.1,20.49,20.74,1.0526315789473772,2.368421052631604,INVALIDÉE,7.9,hors_couverture_historique,,,,False,2021-08-18 12:12:27,,-1.0,-1.0
2021-08-18 03:34:31,SILVER - EUR,FX/Indices,1H,20.29,20.1,20.49,20.74,1.0526315789473772,2.368421052631604,INVALIDÉE,7.9,hors_couverture_historique,,,,False,2021-08-18 12:12:27,,-1.0,-1.0
2021-08-23 00:30:24,SILVER - AUD,FX/Indices,1H,32.2,32.37,32.0,31.55,1.176470588235348,3.82352941176484,INVALIDÉE,7.7,hors_couverture_historique,,,,False,2021-08-23 09:08:20,,-1.0,-1.0
2021-08-30 11:33:28,SILVER - USD,FX/Indices,1H,24.15,24.02,24.43,24.77,2.153846153846179,4.769230769230814,INVALIDÉE,8.4,hors_couverture_historique,,,,False,2021-08-30 20:11:24,,-1.0,-1.0
2021-08-31 03:32:13,GOLD - AUD,FX/Indices,1H,2486.67,2478.32,2498.58,2515.91,1.4263473053892195,3.501796407185641,INVALIDÉE,7.7,hors_couverture_historique,,,,False,2021-08-31 12:10:09,,-1.0,-1.0
2021-08-31 04:33:00,GOLD - USD,FX/Indices,1H,1814.84,1809.64,1823.3,1829.29,1.6269230769231409,2.77884615384626,INVALIDÉE,7.7,hors_couverture_historique,,,,False,2021-08-31 13:10:56,,-1.0,-1.0
2021-09-14 04:33:21,GOLD - AUD,FX/Indices,1H,2437.63,2424.4,2451.37,2462.82,1.0385487528344493,1.9040060468631912,OBJECTIF ATTEINT,6.3,hors_couverture_historique,,,,False,2021-09-14 13:11:17,hors_couverture,1.0385487528344493,1.0385487528344493
2021-09-14 10:36:20,GOLD - GBP,FX/Indices,1H,1288.66,1294.87,1272.32,1248.2,2.631239935587866,6.515297906602461,INVALIDÉE,8.2,hors_couverture_historique,,,,False,2021-09-14 19:14:16,,-1.0,-1.0
2021-09-14 12:32:50,SILVER - USD,FX/Indices,1H,23.62,23.85,23.38,22.65,1.0434782608695718,4.217391304347829,INVALIDÉE,7.9,hors_couverture_historique,,,,False,2021-09-14 21:10:46,,-1.0,-1.0
2021-09-17 05:51:55,SILVER - AUD,FX/Indices,Journalier,31.41,32.17,30.24,27.8,1.5394736842105254,4.749999999999989,OBJECTIF ATTEINT,8.4,hors_couverture_historique,,,,False,2021-09-17 14:29:51,hors_couverture,1.5394736842105254,1.5394736842105254
2021-10-04 16:36:31,SILVER - EUR,FX/Indices,1H,19.52,19.4,19.69,20.49,1.4166666666666692,8.083333333333258,INVALIDÉE,8.6,hors_couverture_historique,,,,False,2021-10-05 01:14:27,,-1.0,-1.0
2021-10-04 19:36:52,SILVER - USD,FX/Indices,1H,22.6,22.45,22.85,23.14,1.666666666666643,3.5999999999999432,INVALIDÉE,7.3,hors_couverture_historique,,,,False,2021-10-05 04:14:48,,-1.0,-1.0
2021-10-05 23:30:31,SILVER - EUR,FX/Indices,1H,19.5,19.4,19.69,20.49,1.8999999999999857,9.899999999999844,INVALIDÉE,8.2,hors_couverture_historique,,,,False,2021-10-06 08:08:27,,-1.0,-1.0
2021-10-07 10:32:58,SILVER - USD,FX/Indices,1H,22.71,22.65,22.78,24.02,1.1666666666666272,21.833333333332483,OBJECTIF ATTEINT,8.0,hors_couverture_historique,,,,False,2021-10-07 19:10:54,hors_couverture,1.1666666666666272,1.1666666666666272
2021-10-11 02:31:17,SILVER - EUR,FX/Indices,1H,19.67,19.54,20.05,21.0,2.923076923076858,10.230769230769017,INVALIDÉE,7.5,hors_couverture_historique,,,,False,2021-10-11 11:09:13,,-1.0,-1.0
2021-10-13 08:32:46,GOLD - EUR,FX/Indices,1H,1529.66,1524.76,1541.05,1562.56,2.324489795918298,6.714285714285562,OBJECTIF ATTEINT,8.2,hors_couverture_historique,,,,False,2021-10-13 17:10:42,hors_couverture,2.324489795918298,2.324489795918298
2021-10-14 07:32:21,SILVER - EUR,FX/Indices,1H,19.94,19.85,20.09,21.0,1.6666666666666534,11.777777777777782,OBJECTIF ATTEINT,8.6,hors_couverture_historique,,,,False,2021-10-14 16:10:17,hors_couverture,1.6666666666666534,1.6666666666666534
2021-10-20 06:30:57,SILVER - EUR,FX/Indices,1H,20.49,20.34,20.71,21.0,1.4666666666666968,3.4000000000000425,OBJECTIF ATTEINT,8.4,hors_couverture_historique,,,,False,2021-10-20 15:08:53,hors_couverture,1.4666666666666968,1.4666666666666968
2021-10-20 06:30:58,SILVER - AUD,FX/Indices,1H,31.86,31.56,32.33,33.19,1.566666666666659,4.433333333333318,OBJECTIF ATTEINT,8.4,hors_couverture_historique,,,,False,2021-10-20 15:08:54,hors_couverture,1.566666666666659,1.566666666666659
2021-10-20 09:32:53,SILVER - USD,FX/Indices,1H,23.89,23.81,24.02,24.74,1.62499999999995,10.624999999999728,OBJECTIF ATTEINT,7.7,hors_couverture_historique,,,,False,2021-10-20 18:10:49,hors_couverture,1.62499999999995,1.62499999999995
2021-10-21 19:36:13,GOLD - GBP,FX/Indices,1H,1293.61,1288.76,1301.61,1307.53,1.6494845360825052,2.870103092783574,OBJECTIF ATTEINT,7.7,hors_couverture_historique,,,,False,2021-10-22 04:14:09,hors_couverture,1.6494845360825052,1.6494845360825052
2021-10-21 22:30:42,GOLD - EUR,FX/Indices,1H,1534.27,1529.28,1541.05,1552.16,1.3587174348697315,3.585170340681376,OBJECTIF ATTEINT,8.4,hors_couverture_historique,,,,False,2021-10-22 07:08:38,hors_couverture,1.3587174348697315,1.3587174348697315
2021-10-21 23:30:39,GOLD - USD,FX/Indices,1H,1785.48,1778.85,1796.23,1829.56,1.6214177978883595,6.648567119155234,OBJECTIF ATTEINT,8.0,hors_couverture_historique,,,,False,2021-10-22 08:08:35,hors_couverture,1.6214177978883595,1.6214177978883595
2021-10-22 02:30:26,SILVER - AUD,FX/Indices,1H,32.38,32.28,32.63,33.19,2.4999999999999645,8.099999999999836,OBJECTIF ATTEINT,7.9,hors_couverture_historique,,,,False,2021-10-22 11:08:22,hors_couverture,2.4999999999999645,2.4999999999999645
2021-10-22 12:32:24,GOLD - AUD,FX/Indices,1H,2399.97,2393.5,2406.93,2419.77,1.0757341576507344,3.06027820710986,OBJECTIF ATTEINT,6.8,hors_couverture_historique,,,,False,2021-10-22 21:10:20,hors_couverture,1.0757341576507344,1.0757341576507344
2021-11-10 03:31:47,SILVER - AUD,FX/Indices,1H,33.03,32.79,33.75,34.19,2.9999999999999702,4.833333333333279,OBJECTIF ATTEINT,8.8,hors_couverture_historique,,,,False,2021-11-10 12:09:43,hors_couverture,2.9999999999999702,2.9999999999999702
2021-11-11 04:30:28,SILVER - AUD,FX/Indices,1H,33.85,33.72,34.19,34.7,2.6153846153845355,6.538461538461421,OBJECTIF ATTEINT,7.9,hors_couverture_historique,,,,False,2021-11-11 13:08:24,hors_couverture,2.6153846153845355,2.6153846153845355
2021-11-11 05:31:24,SILVER - USD,FX/Indices,1H,24.79,24.55,25.13,25.79,1.4166666666666754,4.166666666666694,OBJECTIF ATTEINT,7.5,hors_couverture_historique,,,,False,2021-11-11 14:09:20,hors_couverture,1.4166666666666754,1.4166666666666754
2021-11-11 06:30:39,SILVER - EUR,FX/Indices,1H,21.68,21.58,21.79,22.29,1.0999999999999788,6.099999999999907,OBJECTIF ATTEINT,8.8,hors_couverture_historique,,,,False,2021-11-11 15:08:35,hors_couverture,1.0999999999999788,1.0999999999999788
2021-11-12 19:37:17,SILVER - USD,FX/Indices,1H,25.32,25.13,25.79,26.35,2.4736842105262933,5.421052631578917,INVALIDÉE,8.6,hors_couverture_historique,,,,False,2021-11-13 04:15:13,,-1.0,-1.0
2021-11-16 05:30:38,GOLD - GBP,FX/Indices,1H,1390.26,1383.44,1409.48,1434.8,2.8181818181818485,6.5307917888563605,INVALIDÉE,8.6,hors_couverture_historique,,,,False,2021-11-16 14:08:34,,-1.0,-1.0
2021-11-19 08:33:13,SILVER - USD,FX/Indices,1H,24.74,24.91,24.55,24.02,1.1176470588235048,4.23529411764701,OBJECTIF ATTEINT,7.1,hors_couverture_historique,,,,False,2021-11-19 17:11:09,hors_couverture,1.1176470588235048,1.1176470588235048
2021-11-30 13:32:38,GOLD - EUR,FX/Indices,1H,1576.85,1581.96,1562.56,1540.21,2.796477495107556,7.170254403130912,INVALIDÉE,8.0,hors_couverture_historique,,,,False,2021-11-30 22:10:34,,-1.0,-1.0
2021-12-01 15:38:26,SILVER - EUR,FX/Indices,1H,20.02,20.32,19.69,19.01,1.0999999999999917,3.366666666666652,OBJECTIF ATTEINT,8.0,hors_couverture_historique,,,,False,2021-12-02 00:16:22,hors_couverture,1.0999999999999917,1.0999999999999917
2021-12-02 09:33:03,GOLD - USD,FX/Indices,1H,1770.99,1778.82,1762.45,1727.91,1.0906768837803376,5.501915708812303,OBJECTIF ATTEINT,8.0,hors_couverture_historique,,,,False,2021-12-02 18:10:59,hors_couverture,1.0906768837803376,1.0906768837803376
2021-12-03 11:32:42,SILVER - EUR,FX/Indices,1H,19.74,19.77,19.69,19.01,1.6666666666665089,24.333333333332305,OBJECTIF ATTEINT,6.6,hors_couverture_historique,,,,False,2021-12-03 20:10:38,hors_couverture,1.6666666666665089,1.6666666666665089
2021-12-09 05:31:00,GOLD - GBP,FX/Indices,1H,1352.1,1346.33,1359.01,1393.45,1.1975736568457718,7.166377816291208,INVALIDÉE,8.4,hors_couverture_historique,,,,False,2021-12-09 14:08:56,,-1.0,-1.0
2021-12-22 09:32:34,SILVER - EUR,FX/Indices,1H,20.0,19.91,20.18,20.31,2.0,3.444444444444436,OBJECTIF ATTEINT,7.5,hors_couverture_historique,,,,False,2021-12-22 18:10:30,hors_couverture,2.0,2.0
2021-12-22 15:38:54,SILVER - USD,FX/Indices,1H,22.63,22.55,22.79,24.02,2.0000000000000444,17.375000000000377,OBJECTIF ATTEINT,8.0,hors_couverture_historique,,,,False,2021-12-23 00:16:50,hors_couverture,2.0000000000000444,2.0000000000000444
2021-12-27 20:36:17,SILVER - EUR,FX/Indices,1H,20.34,20.18,20.66,21.0,2.0,4.124999999999997,OBJECTIF ATTEINT,8.6,hors_couverture_historique,,,,False,2021-12-28 05:14:13,hors_couverture,2.0,2.0
2021-12-28 07:30:30,SILVER - AUD,FX/Indices,1H,31.93,31.75,32.26,33.19,1.8333333333333268,7.0,OBJECTIF ATTEINT,8.8,hors_couverture_historique,,,,False,2021-12-28 16:08:26,hors_couverture,1.8333333333333268,1.8333333333333268
2021-12-29 06:30:31,SILVER - EUR,FX/Indices,1H,20.45,20.31,20.68,21.0,1.6428571428571392,3.9285714285714177,INVALIDÉE,7.9,hors_couverture_historique,,,,False,2021-12-29 15:08:27,,-1.0,-1.0
2021-12-29 06:30:33,SILVER - AUD,FX/Indices,1H,32.0,31.75,32.26,33.19,1.039999999999992,4.759999999999991,INVALIDÉE,8.8,hors_couverture_historique,,,,False,2021-12-29 15:08:29,,-1.0,-1.0
2021-12-29 08:32:57,SILVER - USD,FX/Indices,1H,23.11,22.79,23.43,24.02,1.0,2.843749999999998,INVALIDÉE,7.7,hors_couverture_historique,,,,False,2021-12-29 17:10:53,,-1.0,-1.0
2021-12-30 05:30:27,GOLD - AUD,FX/Indices,1H,2480.23,2491.23,2467.63,2426.97,1.1454545454545373,4.841818181818201,INVALIDÉE,7.7,hors_couverture_historique,,,,False,2021-12-30 14:08:23,,-1.0,-1.0
2022-01-03 10:32:33,SILVER - EUR,FX/Indices,1H,20.49,20.41,20.58,20.68,1.1250000000000222,2.3750000000000666,INVALIDÉE,8.2,hors_couverture_historique,,,,False,2022-01-03 19:10:29,,-1.0,-1.0
2022-01-07 16:38:21,GOLD - EUR,FX/Indices,1H,1579.34,1587.79,1563.62,1540.55,1.860355029585792,4.590532544378669,INVALIDÉE,7.9,hors_couverture_historique,,,,False,2022-01-08 01:16:17,,-1.0,-1.0
2022-01-14 07:30:41,SILVER - USD,FX/Indices,1H,23.15,23.03,23.27,23.54,1.0000000000000295,3.250000000000074,OBJECTIF ATTEINT,7.3,hors_couverture_historique,,,,False,2022-01-14 16:08:37,hors_couverture,1.0000000000000295,1.0000000000000295
2022-01-19 09:32:41,GOLD - GBP,FX/Indices,1H,1335.43,1332.24,1340.28,1346.33,1.5203761755485348,3.416927899686419,OBJECTIF ATTEINT,7.9,hors_couverture_historique,,,,False,2022-01-19 18:10:37,hors_couverture,1.5203761755485348,1.5203761755485348
2022-01-27 16:48:25,GOLD - AUD,FX/Indices,1H,2545.87,2554.42,2525.23,2518.28,2.414035087719232,3.226900584795217,INVALIDÉE,7.3,hors_couverture_historique,,,,False,2022-01-28 01:26:21,,-1.0,-1.0
2022-02-01 00:39:56,SILVER - EUR,FX/Indices,1H,20.0,20.09,19.84,19.66,1.777777777777782,3.777777777777782,INVALIDÉE,6.8,hors_couverture_historique,,,,False,2022-02-01 09:17:52,,-1.0,-1.0
2022-02-09 03:39:53,SILVER - EUR,FX/Indices,1H,20.38,20.31,20.47,21.0,1.2857142857142785,8.857142857142835,INVALIDÉE,8.9,hors_couverture_historique,,,,False,2022-02-09 12:17:49,,-1.0,-1.0
2022-02-09 20:45:40,SILVER - EUR,FX/Indices,1H,20.38,20.31,20.47,21.0,1.2857142857142785,8.857142857142835,OBJECTIF ATTEINT,8.0,hors_couverture_historique,,,,False,2022-02-10 05:23:36,hors_couverture,1.2857142857142785,1.2857142857142785
2022-02-10 18:45:57,GOLD - USD,FX/Indices,1H,1835.93,1829.55,1849.55,1866.53,2.1347962382444603,4.796238244514011,INVALIDÉE,8.2,hors_couverture_historique,,,,False,2022-02-11 03:23:53,,-1.0,-1.0
2022-02-16 07:06:10,GOLD - GBP,FX/Indices,Journalier,1369.34,1346.33,1393.45,1427.79,1.047805302042596,2.540199913081272,OBJECTIF ATTEINT,8.8,hors_couverture_historique,,,,False,2022-02-16 15:44:06,hors_couverture,1.047805302042596,1.047805302042596
2022-02-16 07:06:22,GOLD - USD,FX/Indices,Journalier,1855.88,1829.55,1909.31,1914.64,2.0292442081275928,2.231674895556386,OBJECTIF ATTEINT,8.9,hors_couverture_historique,,,,False,2022-02-16 15:44:18,hors_couverture,2.0292442081275928,2.0292442081275928
2022-02-16 14:20:56,GOLD - EUR,FX/Indices,Journalier,1636.84,1579.84,1704.4,1742.59,1.18526315789474,1.855263157894737,OBJECTIF ATTEINT,8.8,hors_couverture_historique,,,,False,2022-02-16 22:58:52,hors_couverture,1.18526315789474,1.18526315789474
2022-02-22 01:39:35,GOLD - EUR,FX/Indices,1H,1688.15,1676.91,1711.39,1742.59,2.067615658362989,4.843416370106742,INVALIDÉE,8.6,hors_couverture_historique,,,,False,2022-02-22 10:17:31,,-1.0,-1.0
2022-02-22 17:46:03,SILVER - AUD,FX/Indices,1H,33.61,33.38,34.19,35.46,2.5217391304348094,8.04347826086968,INVALIDÉE,8.2,hors_couverture_historique,,,,False,2022-02-23 02:23:59,,-1.0,-1.0
2022-02-24 00:39:15,GOLD - EUR,FX/Indices,1H,1693.5,1682.1,1711.39,1742.59,1.5692982456140314,4.306140350877151,OBJECTIF ATTEINT,9.1,hors_couverture_historique,,,,False,2022-02-24 09:17:11,hors_couverture,1.5692982456140314,1.5692982456140314
2022-03-01 14:19:56,GOLD - USD,FX/Indices,Journalier,1918.58,1866.53,1990.95,2069.41,1.3903938520653254,2.897790585975025,OBJECTIF ATTEINT,8.4,hors_couverture_historique,,,,False,2022-03-01 22:57:52,hors_couverture,1.3903938520653254,1.3903938520653254
2022-03-02 23:40:29,SILVER - AUD,FX/Indices,1H,34.67,34.47,35.24,35.46,2.849999999999961,3.94999999999994,INVALIDÉE,8.2,hors_couverture_historique,,,,False,2022-03-03 08:18:25,,-1.0,-1.0
2022-03-04 01:39:51,SILVER - EUR,FX/Indices,1H,22.83,22.7,23.06,23.64,1.769230769230786,6.230769230769296,OBJECTIF ATTEINT,8.2,hors_couverture_historique,,,,False,2022-03-04 10:17:47,hors_couverture,1.769230769230786,1.769230769230786
2022-03-08 12:42:12,GOLD - AUD,FX/Indices,1H,2763.3,2753.33,2790.39,2861.73,2.717151454362989,9.872617853560412,OBJECTIF ATTEINT,8.4,hors_couverture_historique,,,,False,2022-03-08 21:20:08,hors_couverture,2.717151454362989,2.717151454362989
2022-03-14 09:33:26,GOLD - USD,FX/Indices,1H,1964.11,1970.81,1950.66,1922.82,2.0074626865671235,6.162686567164132,OBJECTIF ATTEINT,8.2,hors_couverture_historique,,,,False,2022-03-14 18:11:22,hors_couverture,2.0074626865671235,2.0074626865671235
2022-03-18 19:45:51,GOLD - EUR,FX/Indices,1H,1737.53,1742.59,1726.43,1648.73,2.193675889328069,17.549407114624685,INVALIDÉE,8.2,hors_couverture_historique,,,,False,2022-03-19 04:23:47,,-1.0,-1.0
2022-03-24 00:30:31,GOLD - EUR,FX/Indices,1H,1770.2,1764.97,1779.15,1822.75,1.711281070745701,10.04780114722749,OBJECTIF ATTEINT,8.6,hors_couverture_historique,,,,False,2022-03-24 09:08:27,hors_couverture,1.711281070745701,1.711281070745701
2022-04-08 17:36:36,SILVER - AUD,FX/Indices,1H,33.15,33.01,33.45,34.19,2.142857142857165,7.428571428571392,OBJECTIF ATTEINT,8.2,hors_couverture_historique,,,,False,2022-04-09 02:14:32,hors_couverture,2.142857142857165,2.142857142857165
2022-04-08 17:36:49,SILVER - USD,FX/Indices,1H,24.71,24.57,24.86,24.95,1.071428571428557,1.7142857142856962,OBJECTIF ATTEINT,8.2,hors_couverture_historique,,,,False,2022-04-09 02:14:45,hors_couverture,1.071428571428557,1.071428571428557
2022-04-11 07:42:09,SILVER - USD,FX/Indices,1H,24.83,24.73,24.95,25.09,1.2000000000000357,2.600000000000071,OBJECTIF ATTEINT,8.2,hors_couverture_historique,,,,False,2022-04-11 16:20:05,hors_couverture,1.2000000000000357,1.2000000000000357
2022-04-12 02:40:15,SILVER - USD,FX/Indices,1H,25.16,25.09,25.37,25.58,3.0,5.999999999999949,INVALIDÉE,8.6,hors_couverture_historique,,,,False,2022-04-12 11:18:11,,-1.0,-1.0
2022-04-12 03:40:15,GOLD - USD,FX/Indices,1H,1958.39,1949.89,1969.68,2043.87,1.3282352941176427,10.05647058823527,OBJECTIF ATTEINT,8.4,hors_couverture_historique,,,,False,2022-04-12 12:18:11,hors_couverture,1.3282352941176427,1.3282352941176427
2022-04-12 05:40:07,GOLD - GBP,FX/Indices,1H,1503.51,1498.75,1511.83,1523.35,1.7478991596638556,4.168067226890747,OBJECTIF ATTEINT,8.6,hors_couverture_historique,,,,False,2022-04-12 14:18:03,hors_couverture,1.7478991596638556,1.7478991596638556
2022-04-14 22:40:09,SILVER - AUD,FX/Indices,1H,34.57,34.48,34.8,35.46,2.555555555555424,9.88888888888852,OBJECTIF ATTEINT,7.7,hors_couverture_historique,,,,False,2022-04-15 07:18:05,hors_couverture,2.555555555555424,2.555555555555424
2022-04-21 07:42:09,SILVER - USD,FX/Indices,1H,25.06,25.13,24.88,24.68,2.571428571428557,5.428571428571392,OBJECTIF ATTEINT,7.3,hors_couverture_historique,,,,False,2022-04-21 16:20:05,hors_couverture,2.571428571428557,2.571428571428557
2022-04-21 08:41:43,GOLD - GBP,FX/Indices,1H,1490.55,1497.15,1480.85,1475.67,1.4696969696969462,2.25454545454539,INVALIDÉE,8.2,hors_couverture_historique,,,,False,2022-04-21 17:19:39,,-1.0,-1.0
2022-05-06 11:41:34,GOLD - GBP,FX/Indices,1H,1524.19,1518.34,1530.27,1542.21,1.0393162393162023,3.080341880341805,OBJECTIF ATTEINT,8.2,hors_couverture_historique,,,,False,2022-05-06 20:19:30,hors_couverture,1.0393162393162023,1.0393162393162023
2022-05-10 23:39:38,GOLD - GBP,FX/Indices,1H,1492.23,1501.06,1475.62,1447.05,1.8810872027180368,5.1166477916195285,INVALIDÉE,7.7,hors_couverture_historique,,,,False,2022-05-11 08:17:34,,-1.0,-1.0
2022-05-23 02:39:02,GOLD - EUR,FX/Indices,1H,1749.0,1742.59,1758.64,1766.26,1.5039001560062366,2.6926677067082325,INVALIDÉE,8.6,hors_couverture_historique,,,,False,2022-05-23 11:16:58,,-1.0,-1.0
2022-05-30 05:39:26,SILVER - EUR,FX/Indices,1H,20.67,20.6,20.75,20.88,1.142857142857114,2.9999999999999494,INVALIDÉE,8.4,hors_couverture_historique,,,,False,2022-05-30 14:17:22,,-1.0,-1.0
2022-05-30 05:39:40,SILVER - USD,FX/Indices,1H,22.22,22.07,22.44,23.54,1.4666666666666968,8.800000000000086,INVALIDÉE,8.8,hors_couverture_historique,,,,False,2022-05-30 14:17:36,,-1.0,-1.0
2022-05-31 21:39:36,SILVER - USD,FX/Indices,1H,21.54,21.72,21.28,20.7,1.4444444444444358,4.666666666666673,INVALIDÉE,8.0,hors_couverture_historique,,,,False,2022-06-01 06:17:32,,-1.0,-1.0
2022-05-31 22:38:55,SILVER - EUR,FX/Indices,1H,20.09,20.3,19.67,19.56,1.9999999999999831,2.523809523809519,INVALIDÉE,8.0,hors_couverture_historique,,,,False,2022-06-01 07:16:51,,-1.0,-1.0
2022-06-09 08:40:57,SILVER - EUR,FX/Indices,1H,20.54,20.62,20.33,20.24,2.6249999999999503,3.7499999999999214,OBJECTIF ATTEINT,7.5,hors_couverture_historique,,,,False,2022-06-09 17:18:53,hors_couverture,2.6249999999999503,2.6249999999999503
2022-06-13 20:38:55,SILVER - USD,FX/Indices,1H,21.1,21.28,20.7,20.03,2.2222222222222374,5.944444444444455,INVALIDÉE,8.0,hors_couverture_historique,,,,False,2022-06-14 05:16:51,,-1.0,-1.0
2022-06-17 08:31:45,SILVER - USD,FX/Indices,1H,21.91,21.85,22.02,22.29,1.833333333333363,6.333333333333452,INVALIDÉE,8.2,hors_couverture_historique,,,,False,2022-06-17 17:09:41,,-1.0,-1.0
2022-06-24 10:31:19,SILVER - EUR,FX/Indices,1H,19.82,19.9,19.62,19.01,2.5000000000000444,10.1250000000002,INVALIDÉE,8.0,hors_couverture_historique,,,,False,2022-06-24 19:09:15,,-1.0,-1.0
2022-06-24 10:31:21,SILVER - AUD,FX/Indices,1H,30.24,30.37,30.03,29.25,1.6153846153845628,7.615384615384453,INVALIDÉE,8.0,hors_couverture_historique,,,,False,2022-06-24 19:09:17,,-1.0,-1.0
2022-06-29 04:00:10,SILVER - AUD,FX/Indices,Journalier,30.16,30.76,29.05,27.24,1.8499999999999948,4.866666666666658,OBJECTIF ATTEINT,7.7,hors_couverture_historique,,,,False,2022-06-29 12:38:06,hors_couverture,1.8499999999999948,1.8499999999999948
2022-06-30 10:40:21,SILVER - AUD,FX/Indices,1H,29.94,30.03,29.85,28.91,1.0,11.444444444444477,OBJECTIF ATTEINT,7.7,hors_couverture_historique,,,,False,2022-06-30 19:18:17,hors_couverture,1.0,1.0
2022-08-02 10:31:29,SILVER - EUR,FX/Indices,1H,19.82,19.7,20.06,21.0,1.9999999999999705,9.833333333333249,INVALIDÉE,8.0,hors_couverture_historique,,,,False,2022-08-02 19:09:25,,-1.0,-1.0
2022-08-02 15:37:12,GOLD - USD,FX/Indices,1H,1781.58,1769.71,1811.85,1870.58,2.5501263689974945,7.497893850042192,INVALIDÉE,8.2,hors_couverture_historique,,,,False,2022-08-03 00:15:08,,-1.0,-1.0
2022-08-03 19:35:46,GOLD - GBP,FX/Indices,1H,1453.26,1442.41,1464.73,1489.98,1.0571428571428685,3.384331797235054,OBJECTIF ATTEINT,8.2,hors_couverture_historique,,,,False,2022-08-04 04:13:42,hors_couverture,1.0571428571428685,1.0571428571428685
2022-08-04 00:29:44,GOLD - EUR,FX/Indices,1H,1736.9,1732.38,1742.59,1752.27,1.2588495575220908,3.4004424778760955,OBJECTIF ATTEINT,8.0,hors_couverture_historique,,,,False,2022-08-04 09:07:40,hors_couverture,1.2588495575220908,1.2588495575220908
2022-08-17 15:42:58,SILVER - EUR,FX/Indices,1H,19.4,19.47,19.25,19.07,2.142857142857114,4.714285714285671,INVALIDÉE,8.2,hors_couverture_historique,,,,False,2022-08-18 00:20:54,,-1.0,-1.0
2022-08-17 21:34:47,GOLD - GBP,FX/Indices,1H,1461.54,1466.53,1453.28,1416.64,1.6553106212424802,8.997995991983924,INVALIDÉE,7.7,hors_couverture_historique,,,,False,2022-08-18 06:12:43,,-1.0,-1.0
2022-08-26 04:31:23,SILVER - EUR,FX/Indices,1H,19.34,19.29,19.4,19.63,1.199999999999957,5.7999999999999,INVALIDÉE,7.7,hors_couverture_historique,,,,False,2022-08-26 13:09:19,,-1.0,-1.0
2022-08-26 04:31:37,SILVER - USD,FX/Indices,1H,19.28,19.1,19.69,19.94,2.277777777777782,3.666666666666673,INVALIDÉE,6.8,hors_couverture_historique,,,,False,2022-08-26 13:09:33,,-1.0,-1.0
2022-09-06 04:30:01,GOLD - EUR,FX/Indices,1H,1726.51,1719.95,1734.42,1742.59,1.2057926829268515,2.4512195121951312,INVALIDÉE,7.3,hors_couverture_historique,,,,False,2022-09-06 13:07:57,,-1.0,-1.0
2022-09-06 05:29:27,SILVER - AUD,FX/Indices,1H,26.89,26.68,27.24,27.45,1.6666666666666496,2.6666666666666496,OBJECTIF ATTEINT,8.4,hors_couverture_historique,,,,False,2022-09-06 14:07:23,hors_couverture,1.6666666666666496,1.6666666666666496
2022-09-07 16:35:44,SILVER - AUD,FX/Indices,1H,27.13,27.04,27.24,27.44,1.222222222222218,3.444444444444476,OBJECTIF ATTEINT,8.8,hors_couverture_historique,,,,False,2022-09-08 01:13:40,hors_couverture,1.222222222222218,1.222222222222218
2022-09-09 02:29:36,SILVER - AUD,FX/Indices,1H,27.57,27.44,27.73,29.09,1.2307692307692413,11.69230769230778,INVALIDÉE,8.2,hors_couverture_historique,,,,False,2022-09-09 11:07:32,,-1.0,-1.0
2022-09-09 20:29:35,SILVER - EUR,FX/Indices,1H,18.72,18.49,19.05,20.06,1.4347826086956577,5.826086956521728,OBJECTIF ATTEINT,8.2,hors_couverture_historique,,,,False,2022-09-10 05:07:31,hors_couverture,1.4347826086956577,1.4347826086956577
2022-09-14 19:35:26,GOLD - GBP,FX/Indices,1H,1469.19,1474.33,1454.25,1416.64,2.9066147859923004,10.223735408560556,OBJECTIF ATTEINT,8.0,hors_couverture_historique,,,,False,2022-09-15 04:13:22,hors_couverture,2.9066147859923004,2.9066147859923004
2022-09-15 02:49:52,GOLD - USD,FX/Indices,Journalier,1694.37,1740.91,1638.79,1551.27,1.1942415126772603,3.074774387623535,OBJECTIF ATTEINT,8.0,hors_couverture_historique,,,,False,2022-09-15 11:27:48,hors_couverture,1.1942415126772603,1.1942415126772603
2022-09-22 08:31:53,SILVER - USD,FX/Indices,1H,19.64,19.58,19.75,20.01,1.8333333333332544,6.166666666666449,INVALIDÉE,8.2,hors_couverture_historique,,,,False,2022-09-22 17:09:49,,-1.0,-1.0
2022-09-22 19:35:17,GOLD - GBP,FX/Indices,1H,1485.85,1482.03,1489.93,1522.4,1.068062827225189,9.568062827225338,OBJECTIF ATTEINT,8.6,hors_couverture_historique,,,,False,2022-09-23 04:13:13,hors_couverture,1.068062827225189,1.068062827225189
2022-09-22 19:35:30,SILVER - USD,FX/Indices,1H,19.66,19.58,19.75,20.01,1.1249999999999722,4.3749999999999165,INVALIDÉE,8.8,hors_couverture_historique,,,,False,2022-09-23 04:13:26,,-1.0,-1.0
2022-09-22 22:30:47,SILVER - EUR,FX/Indices,1H,19.97,19.92,20.06,21.0,1.8000000000000995,20.600000000001195,INVALIDÉE,8.4,hors_couverture_historique,,,,False,2022-09-23 07:08:43,,-1.0,-1.0
2022-09-26 14:36:04,GOLD - AUD,FX/Indices,1H,2528.68,2522.27,2538.1,2572.1,1.4695787831513707,6.77379095163823,INVALIDÉE,8.4,hors_couverture_historique,,,,False,2022-09-26 23:14:00,,-1.0,-1.0
2022-09-26 20:30:34,SILVER - AUD,FX/Indices,1H,28.4,28.5,28.14,27.24,2.5999999999999432,11.599999999999836,INVALIDÉE,7.9,hors_couverture_historique,,,,False,2022-09-27 05:08:30,,-1.0,-1.0
2022-09-28 07:33:33,SILVER - AUD,FX/Indices,1H,28.31,28.39,28.14,27.24,2.124999999999928,13.374999999999694,INVALIDÉE,7.9,hors_couverture_historique,,,,False,2022-09-28 16:11:29,,-1.0,-1.0
2022-09-29 21:29:09,SILVER - AUD,FX/Indices,1H,28.96,28.79,29.2,29.54,1.4117647058823295,3.411764705882309,OBJECTIF ATTEINT,7.3,hors_couverture_historique,,,,False,2022-09-30 06:07:05,hors_couverture,1.4117647058823295,1.4117647058823295
2022-10-03 03:29:26,SILVER - EUR,FX/Indices,1H,19.57,19.5,19.67,20.06,1.428571428571443,6.999999999999949,OBJECTIF ATTEINT,8.6,hors_couverture_historique,,,,False,2022-10-03 12:07:22,hors_couverture,1.428571428571443,1.428571428571443
2022-10-06 04:29:22,GOLD - EUR,FX/Indices,1H,1738.25,1733.67,1749.78,1804.83,2.517467248908331,14.537117903930346,OBJECTIF ATTEINT,8.4,hors_couverture_historique,,,,False,2022-10-06 13:07:18,hors_couverture,2.517467248908331,2.517467248908331
2022-10-10 07:31:16,GOLD - AUD,FX/Indices,1H,2668.0,2655.94,2687.11,2740.19,1.5845771144278784,5.985903814262055,INVALIDÉE,8.6,hors_couverture_historique,,,,False,2022-10-10 16:09:12,,-1.0,-1.0
2022-10-11 21:30:43,SILVER - EUR,FX/Indices,1H,19.73,19.87,19.5,19.15,1.6428571428571392,4.142857142857139,OBJECTIF ATTEINT,7.9,hors_couverture_historique,,,,False,2022-10-12 06:08:39,hors_couverture,1.6428571428571392,1.6428571428571392
2022-10-14 09:31:32,SILVER - USD,FX/Indices,1H,18.69,18.86,18.45,17.83,1.41176470588238,5.058823529411837,OBJECTIF ATTEINT,7.0,hors_couverture_historique,,,,False,2022-10-14 18:09:28,hors_couverture,1.41176470588238,1.41176470588238
2022-10-17 15:36:32,GOLD - GBP,FX/Indices,1H,1455.61,1464.11,1445.4,1416.64,1.2011764705882129,4.584705882352917,INVALIDÉE,8.0,hors_couverture_historique,,,,False,2022-10-18 00:14:28,,-1.0,-1.0
2022-10-31 19:35:41,GOLD - USD,FX/Indices,1H,1633.04,1638.21,1627.58,1622.46,1.056092843326878,2.046421663442897,INVALIDÉE,8.0,hors_couverture_historique,,,,False,2022-11-01 04:13:37,,-1.0,-1.0
2022-11-04 03:29:39,SILVER - EUR,FX/Indices,1H,20.08,19.84,20.73,21.0,2.70833333333336,3.8333333333333655,OBJECTIF ATTEINT,8.9,hors_couverture_historique,,,,False,2022-11-04 12:07:35,hors_couverture,2.70833333333336,2.70833333333336
2022-11-08 13:32:50,SILVER - USD,FX/Indices,1H,20.8,20.7,21.01,21.55,2.0999999999999788,7.499999999999893,OBJECTIF ATTEINT,7.5,hors_couverture_historique,,,,False,2022-11-08 22:10:46,hors_couverture,2.0999999999999788,2.0999999999999788
2022-11-08 21:48:55,GOLD - AUD,FX/Indices,Journalier,2632.76,2611.84,2658.82,2687.11,1.2456978967495151,2.5979923518164303,INVALIDÉE,7.5,hors_couverture_historique,,,,False,2022-11-09 06:26:51,,-1.0,-1.0
2022-11-10 11:31:27,SILVER - AUD,FX/Indices,1H,32.99,32.66,33.48,35.15,1.4848484848484451,6.545454545454428,OBJECTIF ATTEINT,7.1,hors_couverture_historique,,,,False,2022-11-10 20:09:23,hors_couverture,1.4848484848484451,1.4848484848484451
2022-11-11 05:29:32,SILVER - USD,FX/Indices,1H,21.73,21.54,22.26,22.38,2.7894736842105137,3.4210526315789167,INVALIDÉE,8.4,hors_couverture_historique,,,,False,2022-11-11 14:07:28,,-1.0,-1.0
2022-11-14 16:06:51,SILVER - AUD,FX/Indices,Journalier,32.65,32.24,33.48,35.15,2.024390243902452,6.097560975609807,INVALIDÉE,8.8,hors_couverture_historique,,,,False,2022-11-15 00:44:47,,-1.0,-1.0
2022-11-17 16:05:48,GOLD - AUD,FX/Indices,Journalier,2647.03,2612.08,2687.11,2740.19,1.1467811158798171,2.6655221745350253,INVALIDÉE,8.4,hors_couverture_historique,,,,False,2022-11-18 00:43:44,,-1.0,-1.0
2022-11-18 10:31:15,GOLD - GBP,FX/Indices,1H,1479.68,1486.22,1469.71,1452.39,1.524464831804294,4.172782874617755,OBJECTIF ATTEINT,8.0,hors_couverture_historique,,,,False,2022-11-18 19:09:11,hors_couverture,1.524464831804294,1.524464831804294
2022-11-23 16:36:42,SILVER - EUR,FX/Indices,1H,20.58,20.49,20.67,21.0,1.0000000000000395,4.666666666666693,OBJECTIF ATTEINT,8.2,hors_couverture_historique,,,,False,2022-11-24 01:14:38,hors_couverture,1.0000000000000395,1.0000000000000395
2022-11-24 01:29:15,SILVER - EUR,FX/Indices,1H,20.77,20.67,21.0,21.14,2.300000000000053,3.700000000000089,INVALIDÉE,8.8,hors_couverture_historique,,,,False,2022-11-24 10:07:11,,-1.0,-1.0
2022-11-28 16:38:12,SILVER - EUR,FX/Indices,1H,20.18,20.27,20.06,19.47,1.3333333333333466,7.888888888888911,INVALIDÉE,8.0,hors_couverture_historique,,,,False,2022-11-29 01:16:08,,-1.0,-1.0
2022-12-04 23:29:45,SILVER - AUD,FX/Indices,1H,34.02,33.59,35.05,35.15,2.39534883720929,2.6279069767441774,INVALIDÉE,8.4,hors_couverture_historique,,,,False,2022-12-05 08:07:41,,-1.0,-1.0
2022-12-06 00:49:04,SILVER - AUD,FX/Indices,Journalier,33.2,32.18,34.32,35.15,1.0980392156862686,1.9117647058823428,OBJECTIF ATTEINT,8.9,hors_couverture_historique,,,,False,2022-12-06 09:27:00,hors_couverture,1.0980392156862686,1.0980392156862686
2022-12-07 14:59:41,SILVER - EUR,FX/Indices,Journalier,21.53,21.0,22.13,23.24,1.1320754716981067,3.2264150943396106,OBJECTIF ATTEINT,8.2,hors_couverture_historique,,,,False,2022-12-07 23:37:37,hors_couverture,1.1320754716981067,1.1320754716981067
2022-12-13 03:29:40,SILVER - EUR,FX/Indices,1H,22.21,22.13,22.45,23.24,2.999999999999911,12.874999999999671,OBJECTIF ATTEINT,7.9,hors_couverture_historique,,,,False,2022-12-13 12:07:36,hors_couverture,2.999999999999911,2.999999999999911
2022-12-13 18:34:47,SILVER - EUR,FX/Indices,1H,22.41,22.26,22.8,23.24,2.6000000000000285,5.533333333333374,INVALIDÉE,8.0,hors_couverture_historique,,,,False,2022-12-14 03:12:43,,-1.0,-1.0
2022-12-13 18:35:02,SILVER - USD,FX/Indices,1H,23.81,23.68,24.02,24.95,1.6153846153846343,8.769230769230841,INVALIDÉE,8.4,hors_couverture_historique,,,,False,2022-12-14 03:12:58,,-1.0,-1.0
2022-12-14 23:29:21,SILVER - EUR,FX/Indices,1H,22.4,22.26,22.66,23.24,1.857142857142908,6.000000000000127,INVALIDÉE,8.4,hors_couverture_historique,,,,False,2022-12-15 08:07:17,,-1.0,-1.0
2022-12-16 09:31:16,SILVER - AUD,FX/Indices,1H,33.86,34.01,33.55,32.85,2.066666666666701,6.733333333333384,INVALIDÉE,8.2,hors_couverture_historique,,,,False,2022-12-16 18:09:12,,-1.0,-1.0
2022-12-20 08:56:03,SILVER - AUD,FX/Indices,Journalier,35.29,34.62,36.41,38.0,1.671641791044768,4.044776119402976,INVALIDÉE,8.8,hors_couverture_historique,,,,False,2022-12-20 17:33:59,,-1.0,-1.0
2022-12-20 14:59:57,SILVER - EUR,FX/Indices,Journalier,22.53,22.13,23.24,23.99,1.7749999999999837,3.6499999999999737,INVALIDÉE,8.6,hors_couverture_historique,,,,False,2022-12-20 23:37:53,,-1.0,-1.0
2023-01-04 08:32:00,SILVER - EUR,FX/Indices,1H,22.93,22.71,23.19,23.99,1.181818181818195,4.818181818181837,INVALIDÉE,7.5,hors_couverture_historique,,,,False,2023-01-04 17:09:56,,-1.0,-1.0
2023-01-04 13:33:01,GOLD - USD,FX/Indices,1H,1859.84,1849.92,1870.58,1909.44,1.0826612903225985,5.000000000000092,INVALIDÉE,8.2,hors_couverture_historique,,,,False,2023-01-04 22:10:57,,-1.0,-1.0
2023-01-12 11:33:01,GOLD - GBP,FX/Indices,1H,1550.49,1545.91,1555.72,1570.18,1.1419213973799347,4.299126637554665,OBJECTIF ATTEINT,8.4,hors_couverture_historique,,,,False,2023-01-12 20:10:57,hors_couverture,1.1419213973799347,1.1419213973799347
2023-01-13 09:59:50,GOLD - EUR,FX/Indices,Journalier,1756.63,1742.59,1779.13,1804.83,1.6025641025640809,3.433048433048373,INVALIDÉE,8.8,hors_couverture_historique,,,,False,2023-01-13 18:37:46,,-1.0,-1.0
2023-01-15 23:30:30,SILVER - EUR,FX/Indices,1H,22.45,22.39,22.57,22.73,2.000000000000059,4.666666666666785,INVALIDÉE,8.6,hors_couverture_historique,,,,False,2023-01-16 08:08:26,,-1.0,-1.0
2023-01-16 01:30:28,SILVER - AUD,FX/Indices,1H,34.93,34.8,35.07,35.57,1.07692307692306,4.923076923076831,INVALIDÉE,8.8,hors_couverture_historique,,,,False,2023-01-16 10:08:24,,-1.0,-1.0
2023-01-16 19:30:19,SILVER - EUR,FX/Indices,1H,22.45,22.39,22.57,22.73,2.000000000000059,4.666666666666785,INVALIDÉE,8.2,hors_couverture_historique,,,,False,2023-01-17 04:08:15,,-1.0,-1.0
2023-01-16 19:30:23,SILVER - AUD,FX/Indices,1H,34.92,34.8,35.07,35.57,1.2499999999999407,5.416666666666449,INVALIDÉE,8.2,hors_couverture_historique,,,,False,2023-01-17 04:08:19,,-1.0,-1.0
2023-01-26 19:37:18,SILVER - EUR,FX/Indices,1H,21.97,21.85,22.13,22.41,1.333333333333363,3.6666666666667553,INVALIDÉE,8.4,hors_couverture_historique,,,,False,2023-01-27 04:15:14,,-1.0,-1.0
2023-01-30 22:30:56,GOLD - USD,FX/Indices,1H,1922.46,1931.03,1909.44,1901.23,1.5192532088681538,2.477246207701304,OBJECTIF ATTEINT,7.7,hors_couverture_historique,,,,False,2023-01-31 07:08:52,hors_couverture,1.5192532088681538,1.5192532088681538
2023-02-02 08:33:49,GOLD - GBP,FX/Indices,1H,1581.38,1577.18,1591.62,1606.06,2.43809523809516,5.876190476190374,INVALIDÉE,8.8,hors_couverture_historique,,,,False,2023-02-02 17:11:45,,-1.0,-1.0
2023-02-02 11:32:51,GOLD - EUR,FX/Indices,1H,1778.32,1775.21,1783.96,1875.43,1.813504823151216,31.225080385853136,INVALIDÉE,8.8,hors_couverture_historique,,,,False,2023-02-02 20:10:47,,-1.0,-1.0
2023-02-17 04:31:27,GOLD - USD,FX/Indices,1H,1826.77,1837.47,1811.25,1778.85,1.4504672897196182,4.478504672897184,INVALIDÉE,7.7,hors_couverture_historique,,,,False,2023-02-17 13:09:23,,-1.0,-1.0
2023-02-17 11:33:51,SILVER - EUR,FX/Indices,1H,19.95,20.08,19.67,18.49,2.1538461538461515,11.230769230769324,INVALIDÉE,8.0,hors_couverture_historique,,,,False,2023-02-17 20:11:47,,-1.0,-1.0
2023-02-20 08:33:48,SILVER - AUD,FX/Indices,1H,31.66,31.55,31.77,32.15,1.0,4.454545454545463,INVALIDÉE,8.4,hors_couverture_historique,,,,False,2023-02-20 17:11:44,,-1.0,-1.0
2023-02-21 00:30:13,SILVER - AUD,FX/Indices,1H,31.59,31.41,31.77,32.15,1.0,3.111111111111109,OBJECTIF ATTEINT,8.4,hors_couverture_historique,,,,False,2023-02-21 09:08:09,hors_couverture,1.0,1.0
2023-02-22 22:30:23,GOLD - USD,FX/Indices,1H,1825.26,1830.36,1818.91,1778.85,1.2450980392156907,9.10000000000018,OBJECTIF ATTEINT,8.0,hors_couverture_historique,,,,False,2023-02-23 07:08:19,hors_couverture,1.2450980392156907,1.2450980392156907
2023-03-02 23:31:00,GOLD - USD,FX/Indices,1H,1837.48,1830.24,1846.09,1871.16,1.1892265193370013,4.651933701657462,OBJECTIF ATTEINT,8.2,hors_couverture_historique,,,,False,2023-03-03 08:08:56,hors_couverture,1.1892265193370013,1.1892265193370013
2023-03-07 05:31:25,SILVER - AUD,FX/Indices,1H,31.43,31.32,31.55,31.72,1.0909090909091057,2.636363636363642,INVALIDÉE,7.9,hors_couverture_historique,,,,False,2023-03-07 14:09:21,,-1.0,-1.0
2023-03-09 03:31:45,GOLD - EUR,FX/Indices,1H,1719.25,1723.97,1712.03,1701.9,1.5296610169491496,3.675847457627078,INVALIDÉE,7.7,hors_couverture_historique,,,,False,2023-03-09 12:09:41,,-1.0,-1.0
2023-03-29 10:34:04,SILVER - USD,FX/Indices,1H,23.28,23.2,23.38,23.53,1.2499999999999445,3.124999999999928,OBJECTIF ATTEINT,7.9,hors_couverture_historique,,,,False,2023-03-29 19:12:00,hors_couverture,1.2499999999999445,1.2499999999999445
2023-03-29 16:36:19,SILVER - USD,FX/Indices,1H,23.34,23.2,23.53,24.32,1.3571428571428608,6.999999999999974,OBJECTIF ATTEINT,7.5,hors_couverture_historique,,,,False,2023-03-30 01:14:15,hors_couverture,1.3571428571428608,1.3571428571428608
2023-03-31 13:33:01,GOLD - EUR,FX/Indices,1H,1821.19,1813.66,1833.17,1852.23,1.5909694555112963,4.122177954847287,INVALIDÉE,8.2,hors_couverture_historique,,,,False,2023-03-31 22:10:57,,-1.0,-1.0
2023-04-03 12:33:18,SILVER - USD,FX/Indices,1H,24.1,23.97,24.32,25.03,1.6923076923076503,7.153846153846011,INVALIDÉE,7.9,hors_couverture_historique,,,,False,2023-04-03 21:11:14,,-1.0,-1.0
2023-04-25 12:33:47,SILVER - EUR,FX/Indices,1H,22.36,22.57,21.77,21.0,2.8095238095237973,6.476190476190447,INVALIDÉE,8.0,hors_couverture_historique,,,,False,2023-04-25 21:11:43,,-1.0,-1.0
2023-04-27 08:33:21,SILVER - AUD,FX/Indices,1H,37.85,37.74,38.14,39.53,2.636363636363642,15.27272727272735,INVALIDÉE,8.2,hors_couverture_historique,,,,False,2023-04-27 17:11:17,,-1.0,-1.0
2023-05-01 10:29:57,SILVER - EUR,FX/Indices,1H,22.86,22.74,23.02,23.22,1.3333333333333235,2.9999999999999702,OBJECTIF ATTEINT,8.6,hors_couverture_historique,,,,False,2023-05-01 19:07:53,hors_couverture,1.3333333333333235,1.3333333333333235
2023-05-10 21:30:27,SILVER - EUR,FX/Indices,1H,23.12,23.34,22.9,22.74,1.0000000000000162,1.7272727272727475,OBJECTIF ATTEINT,7.7,hors_couverture_historique,,,,False,2023-05-11 06:08:23,hors_couverture,1.0000000000000162,1.0000000000000162
2023-05-22 10:32:47,SILVER - EUR,FX/Indices,1H,22.07,21.96,22.21,22.74,1.2727272727272845,6.090909090909106,INVALIDÉE,7.3,hors_couverture_historique,,,,False,2023-05-22 19:10:43,,-1.0,-1.0
2023-05-24 04:30:40,GOLD - GBP,FX/Indices,1H,1591.9,1583.81,1600.63,1607.7,1.0791100123609223,1.9530284301606515,INVALIDÉE,8.0,hors_couverture_historique,,,,False,2023-05-24 13:08:36,,-1.0,-1.0
2023-05-24 15:38:23,SILVER - USD,FX/Indices,1H,23.23,23.32,23.1,22.47,1.4444444444444358,8.444444444444475,OBJECTIF ATTEINT,8.8,hors_couverture_historique,,,,False,2023-05-25 00:16:19,hors_couverture,1.4444444444444358,1.4444444444444358
2023-05-31 14:37:38,SILVER - AUD,FX/Indices,1H,36.06,35.82,36.35,37.34,1.2083333333333195,5.333333333333294,OBJECTIF ATTEINT,8.6,hors_couverture_historique,,,,False,2023-05-31 23:15:34,hors_couverture,1.2083333333333195,1.2083333333333195
2023-06-01 17:34:56,SILVER - AUD,FX/Indices,1H,36.31,36.18,36.49,37.34,1.3846153846153553,7.923076923076776,INVALIDÉE,8.6,hors_couverture_historique,,,,False,2023-06-02 02:12:52,,-1.0,-1.0
2023-06-07 18:35:16,GOLD - USD,FX/Indices,1H,1943.23,1954.16,1932.1,1909.31,1.018298261665146,3.10338517840804,INVALIDÉE,8.2,hors_couverture_historique,,,,False,2023-06-08 03:13:12,,-1.0,-1.0
2023-07-05 18:35:45,SILVER - USD,FX/Indices,1H,23.12,22.97,23.43,24.32,2.0666666666666287,7.999999999999882,INVALIDÉE,8.0,hors_couverture_historique,,,,False,2023-07-06 03:13:41,,-1.0,-1.0
2023-07-05 19:35:18,SILVER - EUR,FX/Indices,1H,21.34,21.17,21.73,22.16,2.294117647058852,4.82352941176476,INVALIDÉE,8.8,hors_couverture_historique,,,,False,2023-07-06 04:13:14,,-1.0,-1.0
2023-07-06 04:30:04,GOLD - AUD,FX/Indices,1H,2888.36,2883.77,2897.43,2965.36,1.9760348583876728,16.775599128539774,INVALIDÉE,8.6,hors_couverture_historique,,,,False,2023-07-06 13:08:00,,-1.0,-1.0
2023-07-10 06:29:55,GOLD - AUD,FX/Indices,1H,2892.58,2883.83,2901.61,2965.36,1.032000000000023,8.317714285714308,INVALIDÉE,8.6,hors_couverture_historique,,,,False,2023-07-10 15:07:51,,-1.0,-1.0
2023-07-11 04:29:59,SILVER - AUD,FX/Indices,1H,34.72,34.54,34.92,36.35,1.1111111111111287,9.055555555555584,OBJECTIF ATTEINT,7.7,hors_couverture_historique,,,,False,2023-07-11 13:07:55,hors_couverture,1.1111111111111287,1.1111111111111287
2023-08-16 08:32:31,SILVER - AUD,FX/Indices,1H,35.1,34.92,35.55,35.82,2.4999999999999805,4.0,INVALIDÉE,7.7,hors_couverture_historique,,,,False,2023-08-16 17:10:27,,-1.0,-1.0
2023-08-21 00:29:38,SILVER - EUR,FX/Indices,1H,20.97,20.91,21.09,21.96,2.000000000000059,16.500000000000384,INVALIDÉE,8.0,hors_couverture_historique,,,,False,2023-08-21 09:07:34,,-1.0,-1.0
2023-08-21 00:29:40,SILVER - AUD,FX/Indices,1H,35.56,35.42,35.72,36.35,1.142857142857114,5.642857142857114,OBJECTIF ATTEINT,7.0,hors_couverture_historique,,,,False,2023-08-21 09:07:36,hors_couverture,1.142857142857114,1.142857142857114
2023-08-21 09:31:58,SILVER - EUR,FX/Indices,1H,20.98,20.91,21.09,21.96,1.571428571428557,13.999999999999948,OBJECTIF ATTEINT,7.9,hors_couverture_historique,,,,False,2023-08-21 18:09:54,hors_couverture,1.571428571428557,1.571428571428557
2023-08-23 12:27:45,GOLD - USD,FX/Indices,1H,1905.22,1896.57,1916.21,1978.71,1.2705202312138606,8.495953757225346,OBJECTIF ATTEINT,8.2,hors_couverture_historique,,,,False,2023-08-23 21:05:41,hors_couverture,1.2705202312138606,1.2705202312138606
2023-08-29 07:26:49,SILVER - EUR,FX/Indices,1H,22.44,22.19,22.73,23.64,1.1599999999999966,4.799999999999997,OBJECTIF ATTEINT,7.9,hors_couverture_historique,,,,False,2023-08-29 16:04:45,hors_couverture,1.1599999999999966,1.1599999999999966
2023-09-04 13:26:58,SILVER - EUR,FX/Indices,1H,22.21,22.4,21.9,21.59,1.6315789473684523,3.2631578947368864,OBJECTIF ATTEINT,8.0,hors_couverture_historique,,,,False,2023-09-04 22:04:54,hors_couverture,1.6315789473684523,1.6315789473684523
2023-09-06 08:27:21,SILVER - EUR,FX/Indices,1H,21.79,21.91,21.54,21.0,2.083333333333316,6.583333333333272,OBJECTIF ATTEINT,8.0,hors_couverture_historique,,,,False,2023-09-06 17:05:17,hors_couverture,2.083333333333316,2.083333333333316
2023-09-06 20:25:34,GOLD - EUR,FX/Indices,1H,1787.14,1793.78,1777.54,1766.99,1.4457831325301689,3.034638554216939,INVALIDÉE,7.5,hors_couverture_historique,,,,False,2023-09-07 05:03:30,,-1.0,-1.0
2023-09-18 19:30:17,SILVER - EUR,FX/Indices,1H,21.71,21.61,21.84,21.98,1.2999999999999716,2.699999999999957,OBJECTIF ATTEINT,8.0,hors_couverture_historique,,,,False,2023-09-19 04:08:13,hors_couverture,1.2999999999999716,1.2999999999999716
2023-09-19 11:26:43,SILVER - EUR,FX/Indices,1H,21.81,21.65,22.16,22.74,2.187500000000007,5.812499999999993,INVALIDÉE,8.0,hors_couverture_historique,,,,False,2023-09-19 20:04:39,,-1.0,-1.0
2023-09-21 05:24:53,SILVER - AUD,FX/Indices,1H,36.16,35.97,36.35,37.1,1.0000000000000373,4.947368421052716,INVALIDÉE,7.5,hors_couverture_historique,,,,False,2023-09-21 14:02:49,,-1.0,-1.0
2023-09-21 07:26:46,SILVER - EUR,FX/Indices,1H,21.83,21.76,21.99,22.16,2.2857142857143944,4.71428571428596,INVALIDÉE,8.2,hors_couverture_historique,,,,False,2023-09-21 16:04:42,,-1.0,-1.0
2023-09-21 22:25:57,SILVER - EUR,FX/Indices,1H,21.96,21.87,22.16,22.74,2.222222222222218,8.666666666666654,OBJECTIF ATTEINT,8.4,hors_couverture_historique,,,,False,2023-09-22 07:03:53,hors_couverture,2.222222222222218,2.222222222222218
2023-09-21 23:24:50,SILVER - USD,FX/Indices,1H,23.41,23.29,23.59,24.3,1.4999999999999851,7.41666666666661,OBJECTIF ATTEINT,8.4,hors_couverture_historique,,,,False,2023-09-22 08:02:46,hors_couverture,1.4999999999999851,1.4999999999999851
2023-10-04 03:39:07,SILVER - EUR,FX/Indices,Journalier,20.1,20.63,19.44,18.97,1.2452830188679305,2.132075471698128,INVALIDÉE,8.0,hors_couverture_historique,,,,False,2023-10-04 12:17:03,,-1.0,-1.0
2023-10-12 03:24:26,SILVER - EUR,FX/Indices,1H,20.82,20.75,21.0,22.11,2.571428571428557,18.428571428571345,INVALIDÉE,7.1,hors_couverture_historique,,,,False,2023-10-12 12:02:22,,-1.0,-1.0
2023-10-17 22:40:45,GOLD - GBP,FX/Indices,Journalier,1580.27,1567.74,1595.86,1621.3,1.2442138866719834,3.274541101356749,OBJECTIF ATTEINT,8.2,hors_couverture_historique,,,,False,2023-10-18 07:18:41,hors_couverture,1.2442138866719834,1.2442138866719834
2023-10-18 08:27:01,GOLD - AUD,FX/Indices,1H,3039.76,3022.5,3070.41,3089.88,1.7757821552722624,2.903823870220119,OBJECTIF ATTEINT,8.4,hors_couverture_historique,,,,False,2023-10-18 17:04:57,hors_couverture,1.7757821552722624,1.7757821552722624
2023-10-20 07:26:36,SILVER - AUD,FX/Indices,1H,36.49,36.38,36.63,37.1,1.2727272727272845,5.545454545454569,OBJECTIF ATTEINT,8.2,hors_couverture_historique,,,,False,2023-10-20 16:04:32,hors_couverture,1.2727272727272845,1.2727272727272845
2024-01-25 19:30:48,SILVER - EUR,FX/Indices,1H,21.12,21.0,21.28,22.22,1.3333333333333235,9.166666666666574,INVALIDÉE,8.0,hors_couverture_historique,,,,False,2024-01-26 04:08:44,,-1.0,-1.0
2024-01-25 23:26:45,SILVER - AUD,FX/Indices,1H,34.82,34.66,35.03,36.35,1.3124999999999751,9.562499999999789,INVALIDÉE,8.2,hors_couverture_historique,,,,False,2024-01-26 08:04:41,,-1.0,-1.0
2024-01-30 00:25:39,GOLD - USD,FX/Indices,1H,2032.74,2027.09,2039.45,2045.05,1.187610619469014,2.178761061946858,OBJECTIF ATTEINT,7.9,hors_couverture_historique,,,,False,2024-01-30 09:03:35,hors_couverture,1.187610619469014,1.187610619469014
2024-01-30 12:26:49,GOLD - GBP,FX/Indices,1H,1606.46,1601.95,1615.06,1633.4,1.906873614190671,5.9733924611973634,OBJECTIF ATTEINT,8.2,hors_couverture_historique,,,,False,2024-01-30 21:04:45,hors_couverture,1.906873614190671,1.906873614190671
2024-01-31 12:27:28,GOLD - USD,FX/Indices,1H,2038.7,2034.04,2049.28,2079.55,2.270386266094414,8.766094420600734,OBJECTIF ATTEINT,8.6,hors_couverture_historique,,,,False,2024-01-31 21:05:24,hors_couverture,2.270386266094414,2.270386266094414
2024-02-01 04:25:36,GOLD - USD,FX/Indices,1H,2045.48,2037.83,2056.04,2079.55,1.3803921568627215,4.453594771241798,INVALIDÉE,7.9,hors_couverture_historique,,,,False,2024-02-01 13:03:32,,-1.0,-1.0
2024-02-12 00:24:53,SILVER - EUR,FX/Indices,1H,20.99,20.93,21.07,21.17,1.3333333333333923,3.0000000000001186,OBJECTIF ATTEINT,6.8,hors_couverture_historique,,,,False,2024-02-12 09:02:49,hors_couverture,1.3333333333333923,1.3333333333333923
2024-02-12 00:24:55,SILVER - AUD,FX/Indices,1H,34.73,34.55,34.92,35.21,1.055555555555584,2.666666666666693,OBJECTIF ATTEINT,6.8,hors_couverture_historique,,,,False,2024-02-12 09:02:51,hors_couverture,1.055555555555584,1.055555555555584
2024-02-12 00:25:07,SILVER - USD,FX/Indices,1H,22.67,22.51,23.01,23.2,2.1249999999999973,3.312499999999982,OBJECTIF ATTEINT,8.0,hors_couverture_historique,,,,False,2024-02-12 09:03:03,hors_couverture,2.1249999999999973,2.1249999999999973
2024-02-23 07:25:42,GOLD - GBP,FX/Indices,1H,1595.27,1599.11,1588.45,1583.94,1.776041666666688,2.950520833333377,INVALIDÉE,8.2,hors_couverture_historique,,,,False,2024-02-23 16:03:38,,-1.0,-1.0
2024-02-23 09:28:00,SILVER - USD,FX/Indices,1H,22.6,22.73,22.46,22.29,1.0769230769230895,2.384615384615421,INVALIDÉE,7.7,hors_couverture_historique,,,,False,2024-02-23 18:05:56,,-1.0,-1.0
2024-02-28 23:26:44,GOLD - GBP,FX/Indices,1H,1607.34,1602.66,1615.62,1633.4,1.7692307692308251,5.5683760683763,OBJECTIF ATTEINT,8.2,hors_couverture_historique,,,,False,2024-02-29 08:04:40,hors_couverture,1.7692307692308251,1.7692307692308251
2024-03-01 06:24:59,SILVER - AUD,FX/Indices,1H,34.97,34.82,35.21,35.32,1.6000000000000285,2.333333333333365,INVALIDÉE,7.7,hors_couverture_historique,,,,False,2024-03-01 15:02:55,,-1.0,-1.0
2024-03-01 14:27:12,SILVER - AUD,FX/Indices,1H,34.97,34.82,35.21,35.32,1.6000000000000285,2.333333333333365,OBJECTIF ATTEINT,7.9,hors_couverture_historique,,,,False,2024-03-01 23:05:08,hors_couverture,1.6000000000000285,1.6000000000000285
2024-03-11 23:26:35,SILVER - USD,FX/Indices,1H,24.5,24.31,24.72,25.12,1.1578947368420915,3.263157894736825,INVALIDÉE,8.4,hors_couverture_historique,,,,False,2024-03-12 08:04:31,,-1.0,-1.0
2024-03-12 05:25:47,SILVER - EUR,FX/Indices,1H,22.41,22.11,22.74,23.64,1.0999999999999917,4.099999999999992,INVALIDÉE,7.7,hors_couverture_historique,,,,False,2024-03-12 14:03:43,,-1.0,-1.0
2024-03-15 19:32:14,GOLD - USD,FX/Indices,1H,2157.97,2164.96,2150.66,2123.85,1.0457796852646206,4.881258941344598,OBJECTIF ATTEINT,7.5,hors_couverture_historique,,,,False,2024-03-16 04:10:10,hors_couverture,1.0457796852646206,1.0457796852646206
2024-03-18 12:27:37,SILVER - EUR,FX/Indices,1H,23.17,22.98,23.37,23.64,1.0526315789473577,2.4736842105262933,INVALIDÉE,7.5,hors_couverture_historique,,,,False,2024-03-18 21:05:33,,-1.0,-1.0
2024-03-27 20:25:52,GOLD - USD,FX/Indices,1H,2194.71,2186.15,2203.99,2211.82,1.0841121495326875,1.9988317757009624,OBJECTIF ATTEINT,8.4,hors_couverture_historique,,,,False,2024-03-28 05:03:48,hors_couverture,1.0841121495326875,1.0841121495326875
2024-03-28 08:27:48,GOLD - GBP,FX/Indices,1H,1740.84,1724.88,1766.75,1795.6,1.6234335839599243,3.4310776942356296,OBJECTIF ATTEINT,8.2,hors_couverture_historique,,,,False,2024-03-28 17:05:44,hors_couverture,1.6234335839599243,1.6234335839599243
2024-04-24 11:27:33,SILVER - AUD,FX/Indices,1H,41.72,41.96,41.17,40.36,2.291666666666636,5.666666666666617,INVALIDÉE,8.2,hors_couverture_historique,,,,False,2024-04-24 20:05:29,,-1.0,-1.0
2024-05-09 07:27:30,GOLD - GBP,FX/Indices,1H,1852.34,1839.95,1869.86,1932.2,1.414043583535122,6.445520581113878,OBJECTIF ATTEINT,7.5,hors_couverture_historique,,,,False,2024-05-09 16:05:26,hors_couverture,1.414043583535122,1.414043583535122
2024-05-09 07:27:32,GOLD - AUD,FX/Indices,1H,3518.19,3507.94,3534.61,3565.53,1.6019512195122023,4.618536585365868,OBJECTIF ATTEINT,6.8,hors_couverture_historique,,,,False,2024-05-09 16:05:28,hors_couverture,1.6019512195122023,1.6019512195122023
2024-05-09 10:28:42,SILVER - EUR,FX/Indices,1H,25.75,25.55,26.21,27.19,2.3000000000000123,7.200000000000032,OBJECTIF ATTEINT,8.9,hors_couverture_historique,,,,False,2024-05-09 19:06:38,hors_couverture,2.3000000000000123,2.3000000000000123
2024-05-09 10:29:06,SILVER - USD,FX/Indices,1H,27.64,27.35,28.1,28.53,1.5862068965517315,3.06896551724139,OBJECTIF ATTEINT,8.4,hors_couverture_historique,,,,False,2024-05-09 19:07:02,hors_couverture,1.5862068965517315,1.5862068965517315
2024-05-09 17:33:02,GOLD - AUD,FX/Indices,1H,3528.92,3507.94,3565.53,3582.71,1.744995233555772,2.563870352716869,OBJECTIF ATTEINT,7.9,hors_couverture_historique,,,,False,2024-05-10 02:10:58,hors_couverture,1.744995233555772,1.744995233555772
2024-05-10 03:41:53,SILVER - USD,FX/Indices,Journalier,28.36,27.59,29.77,32.02,1.8311688311688323,4.753246753246761,OBJECTIF ATTEINT,8.2,hors_couverture_historique,,,,False,2024-05-10 12:19:49,hors_couverture,1.8311688311688323,1.8311688311688323
2024-05-15 14:34:50,SILVER - USD,FX/Indices,1H,28.87,28.76,29.15,29.77,2.5454545454545365,8.181818181818212,OBJECTIF ATTEINT,8.4,hors_couverture_historique,,,,False,2024-05-15 23:12:46,hors_couverture,2.5454545454545365,2.5454545454545365
2024-05-17 11:27:44,SILVER - USD,FX/Indices,1H,29.72,29.33,30.13,31.49,1.0512820512820502,4.53846153846153,OBJECTIF ATTEINT,8.0,hors_couverture_historique,,,,False,2024-05-17 20:05:40,hors_couverture,1.0512820512820502,1.0512820512820502
2024-05-27 13:47:29,SILVER - USD,FX/Indices,Journalier,31.37,30.97,32.02,34.23,1.624999999999997,7.149999999999952,INVALIDÉE,8.6,hors_couverture_historique,,,,False,2024-05-27 22:25:25,,-1.0,-1.0
2024-05-31 16:32:19,SILVER - USD,FX/Indices,1H,30.41,30.62,30.04,29.77,1.7619047619047594,3.047619047619038,OBJECTIF ATTEINT,7.7,hors_couverture_historique,,,,False,2024-06-01 01:10:15,hors_couverture,1.7619047619047594,1.7619047619047594
2024-06-17 23:25:51,SILVER - EUR,FX/Indices,1H,27.46,27.29,27.74,27.95,1.647058823529381,2.8823529411764324,INVALIDÉE,8.0,hors_couverture_historique,,,,False,2024-06-18 08:03:47,,-1.0,-1.0
2024-06-20 11:28:05,GOLD - EUR,FX/Indices,1H,2181.0,2172.5,2200.79,2243.4,2.328235294117643,7.341176470588246,OBJECTIF ATTEINT,8.6,hors_couverture_historique,,,,False,2024-06-20 20:06:01,hors_couverture,2.328235294117643,2.328235294117643
2024-07-02 19:32:57,SILVER - USD,FX/Indices,1H,29.54,29.34,29.77,30.02,1.150000000000006,2.4000000000000106,OBJECTIF ATTEINT,8.2,hors_couverture_historique,,,,False,2024-07-03 04:10:53,hors_couverture,1.150000000000006,1.150000000000006
2024-07-02 23:25:34,SILVER - EUR,FX/Indices,1H,27.52,27.43,27.68,27.89,1.777777777777782,4.1111111111111285,OBJECTIF ATTEINT,8.4,hors_couverture_historique,,,,False,2024-07-03 08:03:30,hors_couverture,1.777777777777782,1.777777777777782
2024-07-02 23:25:41,SILVER - AUD,FX/Indices,1H,44.35,44.22,44.55,45.08,1.5384615384614757,5.615384615384481,OBJECTIF ATTEINT,8.2,hors_couverture_historique,,,,False,2024-07-03 08:03:37,hors_couverture,1.5384615384614757,1.5384615384614757
2024-07-03 15:35:05,GOLD - AUD,FX/Indices,1H,3518.58,3508.6,3540.33,3560.06,2.179358717434866,4.156312625250496,INVALIDÉE,8.6,hors_couverture_historique,,,,False,2024-07-04 00:13:01,,-1.0,-1.0
2024-07-05 04:27:28,GOLD - GBP,FX/Indices,1H,1849.95,1836.86,1865.38,1932.2,1.1787624140565234,6.283422459892979,OBJECTIF ATTEINT,8.4,hors_couverture_historique,,,,False,2024-07-05 13:05:24,hors_couverture,1.1787624140565234,1.1787624140565234
2024-07-05 10:29:15,GOLD - USD,FX/Indices,1H,2364.37,2350.55,2392.47,2426.21,2.0332850940666063,4.474674384949454,OBJECTIF ATTEINT,8.0,hors_couverture_historique,,,,False,2024-07-05 19:07:11,hors_couverture,2.0332850940666063,2.0332850940666063
2024-07-05 21:26:04,GOLD - AUD,FX/Indices,1H,3543.82,3526.1,3589.68,3637.01,2.588036117381434,5.259029345372388,INVALIDÉE,8.6,hors_couverture_historique,,,,False,2024-07-06 06:04:00,,-1.0,-1.0
2024-07-12 18:32:22,GOLD - AUD,FX/Indices,1H,3558.97,3544.9,3579.44,3637.01,1.4548685145700553,5.546552949538168,OBJECTIF ATTEINT,7.5,hors_couverture_historique,,,,False,2024-07-13 03:10:18,hors_couverture,1.4548685145700553,1.4548685145700553
2024-07-16 15:03:52,SILVER - USD,FX/Indices,Journalier,31.18,30.76,32.06,33.92,2.0952380952381104,6.5238095238095575,INVALIDÉE,8.6,hors_couverture_historique,,,,False,2024-07-16 23:41:48,,-1.0,-1.0
2024-07-31 03:26:05,GOLD - USD,FX/Indices,1H,2414.69,2403.38,2426.21,2468.36,1.0185676392572978,4.7453580901857055,OBJECTIF ATTEINT,8.2,hors_couverture_historique,,,,False,2024-07-31 12:04:01,hors_couverture,1.0185676392572978,1.0185676392572978
2024-07-31 03:42:06,GOLD - GBP,FX/Indices,Journalier,1881.76,1865.1,1901.93,1932.2,1.2106842737094825,3.0276110444177555,OBJECTIF ATTEINT,7.9,hors_couverture_historique,,,,False,2024-07-31 12:20:02,hors_couverture,1.2106842737094825,1.2106842737094825
2024-08-02 02:41:16,GOLD - USD,FX/Indices,Journalier,2451.35,2426.21,2513.51,2581.23,2.4725536992840342,5.1662688941925525,INVALIDÉE,7.7,hors_couverture_historique,,,,False,2024-08-02 11:19:12,,-1.0,-1.0
2024-08-06 16:32:54,GOLD - AUD,FX/Indices,1H,3656.51,3665.87,3646.68,3626.21,1.0502136752137528,3.23717948717962,INVALIDÉE,8.0,hors_couverture_historique,,,,False,2024-08-07 01:10:50,,-1.0,-1.0
2024-08-09 14:35:03,GOLD - GBP,FX/Indices,1H,1908.02,1901.93,1921.22,1932.2,2.1674876847291005,3.9704433497537583,INVALIDÉE,8.4,hors_couverture_historique,,,,False,2024-08-09 23:12:59,,-1.0,-1.0
2024-08-12 05:25:00,SILVER - EUR,FX/Indices,1H,25.19,25.0,25.43,25.65,1.2631578947368254,2.4210526315789167,OBJECTIF ATTEINT,6.8,hors_couverture_historique,,,,False,2024-08-12 14:02:56,hors_couverture,1.2631578947368254,1.2631578947368254
2024-08-12 15:02:14,GOLD - USD,FX/Indices,Journalier,2453.9,2426.21,2513.51,2581.23,2.1527627302275194,4.598410978692657,OBJECTIF ATTEINT,8.0,hors_couverture_historique,,,,False,2024-08-12 23:40:10,hors_couverture,2.1527627302275194,2.1527627302275194
2024-08-12 16:32:36,SILVER - AUD,FX/Indices,1H,42.39,42.13,42.88,43.22,1.8846153846154068,3.1923076923077103,INVALIDÉE,8.2,hors_couverture_historique,,,,False,2024-08-13 01:10:32,,-1.0,-1.0
2024-08-12 16:32:57,SILVER - USD,FX/Indices,1H,27.94,27.84,28.17,28.59,2.2999999999999714,6.499999999999893,INVALIDÉE,8.4,hors_couverture_historique,,,,False,2024-08-13 01:10:53,,-1.0,-1.0
2024-08-12 19:31:55,SILVER - EUR,FX/Indices,1H,25.63,25.43,26.11,26.6,2.4000000000000106,4.850000000000029,INVALIDÉE,8.2,hors_couverture_historique,,,,False,2024-08-13 04:09:51,,-1.0,-1.0
2024-08-12 20:43:55,GOLD - EUR,FX/Indices,Journalier,2261.25,2243.4,2306.08,2352.55,2.511484593837544,5.114845938375386,INVALIDÉE,7.9,hors_couverture_historique,,,,False,2024-08-13 05:21:51,,-1.0,-1.0
2024-08-21 04:43:53,GOLD - EUR,FX/Indices,Journalier,2261.78,2243.4,2306.08,2352.55,2.410228509249155,4.938520130576683,OBJECTIF ATTEINT,8.2,tp1_avant_tp2,2024-08-29 15:00:00,,2024-08-29 15:00:00,True,2024-08-29 15:00:00,continuation_confirmee,4.938520130576683,5.091328122143591
2024-08-30 15:34:19,SILVER - AUD,FX/Indices,1H,42.69,42.91,42.22,41.17,2.136363636363642,6.909090909090927,OBJECTIF ATTEINT,8.6,tp2_non_atteint_dans_fenetre,2024-09-03 13:00:00,2024-08-30 16:00:00,2024-09-03 13:00:00,True,2024-09-03 13:00:00,continuation_non_confirmee,2.136363636363642,2.136363636363642
2024-09-03 02:24:59,GOLD - USD,FX/Indices,1H,2494.28,2503.59,2478.61,2470.89,1.6831364124597383,2.5123523093448403,OBJECTIF ATTEINT,8.0,tp1_non_detecte,,2024-09-03 04:00:00,,False,2024-09-03 11:02:55,continuation_non_confirmee,1.6831364124597383,1.6831364124597383
2024-09-10 10:50:15,GOLD - AUD,FX/Indices,Journalier,3759.87,3724.68,3810.35,3919.88,1.43449843705598,4.547030406365444,OBJECTIF ATTEINT,8.2,tp1_avant_tp2,2024-09-10 12:00:00,,2024-09-10 12:00:00,True,2024-09-10 12:00:00,continuation_confirmee,4.547030406365444,4.8083474558214165
2024-09-12 06:26:21,SILVER - AUD,FX/Indices,1H,42.98,42.84,43.33,44.55,2.500000000000127,11.21428571428624,OBJECTIF ATTEINT,6.6,tp1_avant_tp2,2024-09-12 07:00:00,,2024-09-12 07:00:00,True,2024-09-12 07:00:00,continuation_confirmee,11.21428571428624,11.83699116187284
2024-09-13 10:49:44,GOLD - GBP,FX/Indices,Journalier,1954.27,1932.2,1991.93,2039.7,1.7063887630267418,3.870865428183068,OBJECTIF ATTEINT,8.8,tp1_avant_tp2,2024-09-23 02:00:00,,2024-09-23 02:00:00,True,2024-09-23 02:00:00,continuation_confirmee,3.870865428183068,3.771081197015389
2024-09-17 08:47:55,GOLD - AUD,FX/Indices,Journalier,3815.47,3724.68,3919.88,4008.25,1.1500165216433569,2.123361603700851,OBJECTIF ATTEINT,8.8,tp1_avant_tp2,2024-09-25 16:00:00,,2024-09-25 16:00:00,True,2024-09-25 16:00:00,continuation_confirmee,2.123361603700851,2.435219101215337
2024-09-24 15:35:06,SILVER - EUR,FX/Indices,1H,28.34,28.03,28.87,29.65,1.7096774193548494,4.225806451612916,OBJECTIF ATTEINT,9.1,tp1_avant_tp2,2024-09-24 16:00:00,2024-09-30 11:00:00,2024-09-24 16:00:00,True,2024-09-24 16:00:00,continuation_confirmee,4.225806451612916,4.395683123852439
2024-09-25 15:35:20,GOLD - EUR,FX/Indices,1H,2381.5,2374.86,2388.9,2426.12,1.1144578313253364,6.719879518072402,OBJECTIF ATTEINT,8.4,tp1_avant_tp2,2024-09-25 16:00:00,2024-09-30 11:00:00,2024-09-25 16:00:00,True,2024-09-25 16:00:00,continuation_confirmee,6.719879518072402,6.670091904103378
2024-10-04 04:27:33,SILVER - AUD,FX/Indices,1H,47.04,46.87,47.52,48.43,2.823529411764701,8.176470588235215,INVALIDÉE,8.8,sl_avant_tp1,2024-10-04 14:00:00,2024-10-04 12:00:00,2024-10-04 12:00:00,True,2024-10-04 12:00:00,,-1.0,-1.0
2024-10-04 05:26:26,SILVER - USD,FX/Indices,1H,32.25,32.06,32.71,33.92,2.4210526315789807,8.789473684210641,INVALIDÉE,8.8,sl_avant_tp1,2024-10-04 15:00:00,2024-10-04 12:00:00,2024-10-04 12:00:00,True,2024-10-04 12:00:00,,-1.0,-1.0
2024-10-04 15:06:23,GOLD - GBP,FX/Indices,Journalier,2032.91,1995.62,2077.49,2147.54,1.1954947707159955,3.074014481094108,OBJECTIF ATTEINT,8.6,tp1_avant_tp2,2024-10-17 05:00:00,,2024-10-17 05:00:00,True,2024-10-17 05:00:00,continuation_confirmee,3.074014481094108,3.117275335032441
2024-10-08 03:25:56,GOLD - AUD,FX/Indices,1H,3920.19,3896.42,3957.98,4009.17,1.5898190997055108,3.743374000841401,INVALIDÉE,8.6,sl_non_detecte,2024-10-08 06:00:00,,,False,2024-10-08 12:03:52,,-1.0,-1.0
2024-10-11 17:59:05,GOLD - AUD,FX/Indices,Journalier,3936.86,3896.42,4026.39,4150.78,2.213897131552909,5.289812067260122,OBJECTIF ATTEINT,8.6,tp1_avant_tp2,2024-10-16 08:00:00,,2024-10-16 08:00:00,True,2024-10-16 08:00:00,continuation_confirmee,5.289812067260122,5.40432427836243
2024-10-14 08:28:55,SILVER - AUD,FX/Indices,1H,46.8,46.43,47.55,48.43,2.027027027027041,4.405405405405443,INVALIDÉE,8.2,sl_avant_tp1,2024-10-16 05:00:00,2024-10-15 05:00:00,2024-10-15 05:00:00,True,2024-10-15 05:00:00,,-1.0,-1.0
2024-10-16 07:29:39,GOLD - EUR,FX/Indices,1H,2458.36,2449.14,2468.74,2506.06,1.1258134490237923,5.173535791756887,OBJECTIF ATTEINT,8.6,tp1_avant_tp2,2024-10-16 08:00:00,2024-11-12 07:00:00,2024-10-16 08:00:00,True,2024-10-16 08:00:00,continuation_confirmee,5.173535791756887,5.663720697974317
2024-10-16 07:55:45,GOLD - EUR,FX/Indices,Journalier,2458.71,2418.64,2507.77,2608.03,1.2243573745944534,3.726478662340892,OBJECTIF ATTEINT,8.8,tp1_avant_tp2,2024-10-18 01:00:00,2024-11-14 09:00:00,2024-10-18 01:00:00,True,2024-10-18 01:00:00,continuation_confirmee,3.726478662340892,3.635729850713801
2024-10-18 04:26:21,SILVER - USD,FX/Indices,1H,32.0,31.64,32.55,33.56,1.5277777777777724,4.333333333333346,OBJECTIF ATTEINT,8.9,tp1_avant_tp2,2024-10-18 13:00:00,2024-11-06 06:00:00,2024-10-18 13:00:00,True,2024-10-18 13:00:00,continuation_confirmee,4.333333333333346,4.955554707845056
2024-10-21 04:45:19,SILVER - USD,FX/Indices,Journalier,34.0,33.41,34.99,38.44,1.677966101694909,7.525423728813512,INVALIDÉE,8.6,tp1_avant_sl,2024-10-22 16:00:00,2024-10-25 08:00:00,2024-10-25 08:00:00,True,2024-10-25 08:00:00,,-1.0,-1.0
2024-10-21 04:45:20,GOLD - USD,FX/Indices,Journalier,2730.18,2672.68,2811.44,2937.29,1.4132173913043515,3.601913043478263,INVALIDÉE,8.4,sl_avant_tp1,2025-01-30 08:00:00,2024-11-06 13:00:00,2024-11-06 13:00:00,True,2024-11-06 13:00:00,,-1.0,-1.0
2024-10-23 06:26:40,GOLD - AUD,FX/Indices,1H,4128.42,4115.39,4150.28,4239.57,1.677666922486577,8.530314658480568,INVALIDÉE,8.6,tp1_avant_sl,2024-10-23 07:00:00,2024-10-23 15:00:00,2024-10-23 15:00:00,True,2024-10-23 15:00:00,,-1.0,-1.0
2024-10-29 13:30:58,GOLD - EUR,FX/Indices,1H,2555.93,2546.41,2568.93,2591.51,1.3655462184873977,3.73739495798324,OBJECTIF ATTEINT,8.8,tp1_avant_tp2,2024-10-29 14:00:00,2024-10-31 13:00:00,2024-10-29 14:00:00,True,2024-10-29 14:00:00,continuation_confirmee,3.73739495798324,4.238637516270285
2024-11-04 17:35:07,SILVER - EUR,FX/Indices,1H,29.79,29.9,29.65,28.46,1.2727272727272845,12.090909090909138,INVALIDÉE,8.4,sl_avant_tp1,2024-11-06 06:00:00,2024-11-04 18:00:00,2024-11-04 18:00:00,True,2024-11-04 18:00:00,,-1.0,-1.0
2024-11-05 04:26:48,GOLD - AUD,FX/Indices,1H,4147.89,4167.4,4126.14,4096.97,1.1148129164531404,2.609943618657195,OBJECTIF ATTEINT,8.0,tp1_avant_tp2,2024-11-06 12:00:00,2024-11-06 01:00:00,2024-11-06 12:00:00,True,2024-11-06 12:00:00,continuation_confirmee,2.609943618657195,3.898661729077928
2024-11-05 18:33:50,GOLD - AUD,FX/Indices,1H,4128.69,4142.61,4096.97,3912.72,2.278735632183849,15.515086206896456,INVALIDÉE,7.9,sl_avant_tp1,2024-11-06 13:00:00,2024-11-05 19:00:00,2024-11-05 19:00:00,True,2024-11-05 19:00:00,,-1.0,-1.0
2024-11-19 04:26:36,GOLD - EUR,FX/Indices,1H,2475.44,2463.83,2487.28,2504.31,1.0198105081826023,2.4866494401377754,OBJECTIF ATTEINT,8.4,tp1_avant_tp2,2024-11-19 09:00:00,,2024-11-19 09:00:00,True,2024-11-19 09:00:00,continuation_confirmee,2.4866494401377754,4.007240776081426
2024-11-20 21:26:38,GOLD - USD,FX/Indices,1H,2650.24,2639.51,2672.68,2721.33,2.0913327120224574,6.625349487418736,OBJECTIF ATTEINT,8.2,tp1_avant_tp2,2024-11-21 09:00:00,2024-11-25 14:00:00,2024-11-21 09:00:00,True,2024-11-21 09:00:00,continuation_confirmee,6.625349487418736,6.699622662803194
2024-11-22 03:27:13,GOLD - USD,FX/Indices,1H,2689.19,2672.68,2721.33,2785.43,1.946698970320984,5.829194427619534,OBJECTIF ATTEINT,8.6,tp1_avant_tp2,2024-11-24 23:00:00,2024-11-25 03:00:00,2024-11-24 23:00:00,True,2024-11-24 23:00:00,continuation_confirmee,5.829194427619534,5.8182254599484455
2024-11-29 00:27:09,GOLD - AUD,FX/Indices,1H,4053.52,4076.07,4025.96,3992.5,1.222172949002205,2.705986696230576,INVALIDÉE,7.3,perte_directe_sans_tp1,,2024-11-29 18:00:00,2024-11-29 18:00:00,True,2024-11-29 18:00:00,,-1.0,-1.0
2024-12-03 06:28:19,GOLD - AUD,FX/Indices,1H,4095.56,4076.04,4130.86,4180.18,1.80840163934425,4.33504098360658,INVALIDÉE,8.4,sl_avant_tp1,2024-12-04 02:00:00,2024-12-03 08:00:00,2024-12-03 08:00:00,True,2024-12-03 08:00:00,,-1.0,-1.0
2024-12-03 07:29:57,GOLD - EUR,FX/Indices,1H,2520.14,2513.62,2526.96,2551.4,1.0460122699386782,4.794478527607409,INVALIDÉE,8.8,tp1_avant_sl,2024-12-03 08:00:00,2024-12-03 13:00:00,2024-12-03 13:00:00,True,2024-12-03 13:00:00,,-1.0,-1.0
2024-12-04 06:28:27,GOLD - AUD,FX/Indices,1H,4113.65,4097.99,4130.86,4180.18,1.0989782886334736,4.248403575989864,OBJECTIF ATTEINT,8.8,tp1_avant_tp2,2024-12-04 07:00:00,2024-12-05 16:00:00,2024-12-04 07:00:00,True,2024-12-04 07:00:00,continuation_confirmee,4.248403575989864,4.422681116213088
2024-12-04 23:36:40,SILVER - EUR,FX/Indices,1H,29.83,29.65,30.19,31.11,2.0000000000000195,7.1111111111111285,INVALIDÉE,8.8,tp1_avant_sl,2024-12-05 00:00:00,2024-12-05 15:00:00,2024-12-05 15:00:00,True,2024-12-05 15:00:00,,-1.0,-1.0
2024-12-12 04:28:58,SILVER - EUR,FX/Indices,1H,30.49,30.32,30.68,31.11,1.117647058823549,3.6470588235294574,INVALIDÉE,7.7,tp1_avant_sl,2024-12-12 05:00:00,2024-12-12 15:00:00,2024-12-12 15:00:00,True,2024-12-12 15:00:00,,-1.0,-1.0
2024-12-31 16:07:06,GOLD - AUD,FX/Indices,Journalier,4239.84,4176.9,4343.86,4485.0,1.6526850969176785,3.895138226882712,OBJECTIF ATTEINT,8.2,tp1_avant_tp2,2025-01-09 13:00:00,,2025-01-09 13:00:00,True,2025-01-09 13:00:00,continuation_confirmee,3.895138226882712,4.241581103041521
2025-01-07 04:28:21,SILVER - EUR,FX/Indices,1H,28.92,28.72,29.15,29.65,1.149999999999968,3.649999999999933,OBJECTIF ATTEINT,8.0,tp1_avant_tp2,2025-01-07 05:00:00,2025-01-27 17:00:00,2025-01-07 05:00:00,True,2025-01-07 05:00:00,continuation_confirmee,3.649999999999933,4.359610772067457
2025-01-07 05:28:37,SILVER - USD,FX/Indices,1H,30.11,29.89,30.35,31.38,1.0909090909091057,5.772727272727301,OBJECTIF ATTEINT,8.4,tp1_avant_tp2,2025-01-07 06:00:00,2025-04-04 14:00:00,2025-01-07 06:00:00,True,2025-01-07 06:00:00,continuation_confirmee,5.772727272727301,7.763637057217735
2025-01-09 07:28:21,SILVER - EUR,FX/Indices,1H,29.25,29.15,29.48,29.65,2.2999999999999714,3.999999999999929,OBJECTIF ATTEINT,7.5,meme_bougie,2025-01-09 08:00:00,2025-01-27 08:00:00,2025-01-09 08:00:00,True,2025-01-09 08:00:00,continuation_confirmee,3.999999999999929,7.390077397914824
2025-01-10 03:28:40,SILVER - EUR,FX/Indices,1H,29.39,29.15,29.65,30.39,1.0833333333333162,4.166666666666632,OBJECTIF ATTEINT,8.4,tp1_avant_tp2,2025-01-10 04:00:00,2025-01-27 08:00:00,2025-01-10 04:00:00,True,2025-01-10 04:00:00,continuation_confirmee,4.166666666666632,6.566134530911391
2025-01-10 03:28:55,SILVER - USD,FX/Indices,1H,30.27,30.16,30.48,31.38,1.9090909090909267,10.090909090909138,OBJECTIF ATTEINT,8.4,tp1_avant_tp2,2025-01-10 04:00:00,2025-01-14 08:00:00,2025-01-10 04:00:00,True,2025-01-10 04:00:00,continuation_confirmee,10.090909090909138,14.17272865989
2025-01-13 07:49:16,GOLD - EUR,FX/Indices,Journalier,2628.12,2606.85,2657.17,2719.49,1.3657733897508324,4.295721673718852,OBJECTIF ATTEINT,9.1,tp1_avant_tp2,2025-01-16 09:00:00,2025-01-14 18:00:00,2025-01-16 09:00:00,True,2025-01-16 09:00:00,continuation_confirmee,4.295721673718852,4.7447964297393765
2025-01-27 18:38:44,GOLD - AUD,FX/Indices,1H,4359.14,4378.1,4335.97,4307.45,1.2220464135021112,2.7262658227848315,INVALIDÉE,7.9,perte_directe_sans_tp1,,2025-01-28 00:00:00,2025-01-28 00:00:00,True,2025-01-28 00:00:00,,-1.0,-1.0
2025-01-29 16:21:45,SILVER - EUR,FX/Indices,Journalier,29.61,28.88,30.39,31.11,1.0684931506849324,2.054794520547944,OBJECTIF ATTEINT,8.6,tp1_avant_tp2,2025-01-30 06:00:00,2025-04-03 12:00:00,2025-01-30 06:00:00,True,2025-01-30 06:00:00,continuation_confirmee,2.054794520547944,2.369257907024105
2025-01-30 05:30:24,GOLD - AUD,FX/Indices,1H,4435.69,4403.99,4479.86,4542.96,1.3933753943217768,3.383911671924324,OBJECTIF ATTEINT,8.0,tp1_avant_tp2,2025-01-30 08:00:00,,2025-01-30 08:00:00,True,2025-01-30 08:00:00,continuation_confirmee,3.383911671924324,3.3097019966355368
2025-01-31 17:37:51,GOLD - USD,FX/Indices,1H,2810.71,2798.61,2845.24,2904.52,2.8537190082644632,7.752892561983525,INVALIDÉE,8.2,tp1_avant_sl,2025-01-31 18:00:00,2025-02-03 01:00:00,2025-02-03 01:00:00,True,2025-02-03 01:00:00,,-1.0,-1.0
2025-02-10 06:26:58,GOLD - EUR,FX/Indices,1H,2796.22,2771.0,2834.76,2880.01,1.5281522601110518,3.3223632038065456,OBJECTIF ATTEINT,8.9,tp1_avant_tp2,2025-02-10 08:00:00,2025-02-14 15:00:00,2025-02-10 08:00:00,True,2025-02-10 08:00:00,continuation_confirmee,3.3223632038065456,3.23528028920593
2025-02-10 07:49:00,SILVER - EUR,FX/Indices,Journalier,31.16,30.39,32.23,32.73,1.3896103896103862,2.038961038961036,INVALIDÉE,8.4,tp1_avant_sl,2025-02-14 06:00:00,2025-02-25 15:00:00,2025-02-25 15:00:00,True,2025-02-25 15:00:00,,-1.0,-1.0
2025-02-19 13:34:27,SILVER - EUR,FX/Indices,1H,31.59,31.5,31.84,32.73,2.777777777777782,12.666666666666654,INVALIDÉE,8.0,tp1_avant_sl,2025-02-19 14:00:00,2025-02-21 15:00:00,2025-02-21 15:00:00,True,2025-02-21 15:00:00,,-1.0,-1.0
2025-02-19 13:34:52,SILVER - USD,FX/Indices,1H,32.93,32.65,33.4,33.67,1.6785714285714175,2.6428571428571392,INVALIDÉE,7.9,tp1_avant_sl,2025-02-19 14:00:00,2025-02-24 15:00:00,2025-02-24 15:00:00,True,2025-02-24 15:00:00,,-1.0,-1.0
2025-02-24 19:36:44,GOLD - USD,FX/Indices,1H,2948.59,2940.0,2967.97,2999.67,2.256111757857896,5.946449359720496,INVALIDÉE,8.0,tp1_avant_sl,2025-02-24 21:00:00,2025-02-25 12:00:00,2025-02-25 12:00:00,True,2025-02-25 12:00:00,,-1.0,-1.0
2025-02-27 07:29:49,GOLD - USD,FX/Indices,1H,2893.45,2906.72,2877.0,2785.43,1.239638281838722,8.14016578749059,OBJECTIF ATTEINT,8.2,tp2_non_atteint_dans_fenetre,2025-02-28 03:00:00,2025-02-27 09:00:00,2025-02-28 03:00:00,True,2025-02-28 03:00:00,continuation_non_confirmee,1.239638281838722,1.239638281838722
2025-03-13 13:31:57,GOLD - EUR,FX/Indices,1H,2718.75,2700.65,2748.65,2778.06,1.651933701657472,3.27679558011051,OBJECTIF ATTEINT,8.6,tp1_avant_tp2,2025-03-13 15:00:00,2025-04-07 17:00:00,2025-03-13 15:00:00,True,2025-03-13 15:00:00,continuation_confirmee,3.27679558011051,3.660429832144612
2025-03-14 06:52:34,SILVER - USD,FX/Indices,Journalier,33.89,32.96,34.86,35.54,1.0430107526881711,1.774193548387096,INVALIDÉE,8.9,tp1_avant_sl,2025-03-14 12:00:00,2025-04-03 09:00:00,2025-04-03 09:00:00,True,2025-04-03 09:00:00,,-1.0,-1.0
2025-03-14 06:52:35,GOLD - USD,FX/Indices,Journalier,2986.17,2950.03,3045.77,3135.31,1.6491422246817964,4.126729385722203,OBJECTIF ATTEINT,8.2,tp1_avant_tp2,2025-03-18 13:00:00,2025-04-07 17:00:00,2025-03-18 13:00:00,True,2025-03-18 13:00:00,continuation_confirmee,4.126729385722203,4.1620351735438685
2025-03-14 20:08:47,GOLD - AUD,FX/Indices,Journalier,4716.05,4653.32,4784.25,4875.84,1.0871991072851794,2.5472660608958835,OBJECTIF ATTEINT,8.2,tp1_avant_tp2,2025-03-18 16:00:00,,2025-03-18 16:00:00,True,2025-03-18 16:00:00,continuation_confirmee,2.5472660608958835,3.740486631649256
2025-03-24 15:39:54,GOLD - USD,FX/Indices,1H,3013.69,3022.52,2999.83,2950.03,1.5696489241223377,7.209513023782602,INVALIDÉE,7.9,sl_avant_tp1,2025-04-06 22:00:00,2025-03-25 05:00:00,2025-03-25 05:00:00,True,2025-03-25 05:00:00,,-1.0,-1.0
2025-03-27 11:35:32,GOLD - EUR,FX/Indices,1H,2830.4,2810.07,2852.53,2895.34,1.0885391047712834,3.194294146581421,OBJECTIF ATTEINT,8.8,tp1_avant_tp2,2025-03-28 01:00:00,2025-04-03 10:00:00,2025-03-28 01:00:00,True,2025-03-28 01:00:00,continuation_confirmee,3.194294146581421,3.27570380921514
2025-03-31 02:50:50,GOLD - EUR,FX/Indices,Journalier,2861.69,2832.62,2919.1,2981.14,1.9748882008943769,4.10904712762295,INVALIDÉE,8.4,tp1_avant_sl,2025-03-31 12:00:00,2025-04-03 10:00:00,2025-04-03 10:00:00,True,2025-04-03 10:00:00,,-1.0,-1.0
2025-03-31 05:26:51,GOLD - AUD,FX/Indices,1H,4952.43,4909.29,5004.65,5099.06,1.2104775150671987,3.3989337042188,OBJECTIF ATTEINT,8.9,tp1_avant_tp2,2025-03-31 06:00:00,2025-04-03 10:00:00,2025-03-31 06:00:00,True,2025-03-31 06:00:00,continuation_confirmee,3.3989337042188,3.4463099617812887
2025-03-31 05:26:56,SILVER - USD,FX/Indices,1H,34.38,34.18,34.59,34.86,1.0499999999999894,2.39999999999995,INVALIDÉE,7.5,tp1_avant_sl,2025-03-31 06:00:00,2025-03-31 13:00:00,2025-03-31 13:00:00,True,2025-03-31 13:00:00,,-1.0,-1.0
2025-03-31 10:29:47,GOLD - EUR,FX/Indices,1H,2883.21,2860.84,2911.08,2961.03,1.2458649977648648,3.478766204738513,OBJECTIF ATTEINT,8.6,tp1_avant_tp2,2025-03-31 12:00:00,2025-04-03 06:00:00,2025-03-31 12:00:00,True,2025-03-31 12:00:00,continuation_confirmee,3.478766204738513,3.457291663215653
2025-04-01 09:00:12,GOLD - AUD,FX/Indices,Journalier,5004.04,4861.9,5157.42,5313.72,1.0790769663711817,2.1786970592373684,OBJECTIF ATTEINT,8.9,tp1_avant_tp2,2025-04-09 15:00:00,2025-04-03 12:00:00,2025-04-09 15:00:00,True,2025-04-09 15:00:00,continuation_confirmee,2.1786970592373684,2.359768183201033
2025-04-02 05:53:47,GOLD - USD,FX/Indices,Journalier,3118.06,3035.23,3213.51,3306.34,1.1523602559459176,2.273089460340461,INVALIDÉE,8.6,sl_avant_tp1,2025-04-11 00:00:00,2025-04-04 14:00:00,2025-04-04 14:00:00,True,2025-04-04 14:00:00,,-1.0,-1.0
2025-04-10 21:53:35,GOLD - AUD,FX/Indices,Journalier,5101.2,5048.8,5157.42,5313.72,1.072900763358791,4.055725190839731,OBJECTIF ATTEINT,8.9,tp1_avant_tp2,2025-04-10 23:00:00,2025-05-01 04:00:00,2025-04-10 23:00:00,True,2025-04-10 23:00:00,continuation_confirmee,4.055725190839731,4.229172215285144
2025-04-11 00:30:14,SILVER - USD,FX/Indices,1H,31.23,30.56,31.92,32.02,1.029850746268656,1.1791044776119413,OBJECTIF ATTEINT,7.9,meme_bougie,2025-04-11 14:00:00,,2025-04-11 14:00:00,True,2025-04-11 14:00:00,continuation_confirmee,1.1791044776119413,1.1014923095703089
2025-04-11 08:29:49,GOLD - AUD,FX/Indices,1H,5184.28,5168.33,5203.01,5376.33,1.174294670846438,12.040752351097328,INVALIDÉE,8.4,meme_bougie,2025-04-11 09:00:00,2025-04-11 09:00:00,2025-04-11 09:00:00,True,2025-04-11 09:00:00,,-1.0,-1.0
2025-04-11 20:28:42,SILVER - USD,FX/Indices,1H,32.25,32.02,32.94,33.47,3.000000000000031,5.304347826087024,INVALIDÉE,8.9,sl_avant_tp1,2025-04-16 08:00:00,2025-04-13 22:00:00,2025-04-13 22:00:00,True,2025-04-13 22:00:00,,-1.0,-1.0
2025-04-11 20:55:08,GOLD - AUD,FX/Indices,Journalier,5148.21,5048.8,5313.72,5609.24,1.664923045971235,4.637662207021431,INVALIDÉE,8.9,tp1_avant_sl,2025-04-21 12:00:00,2025-05-01 04:00:00,2025-05-01 04:00:00,True,2025-05-01 04:00:00,,-1.0,-1.0
2025-04-15 02:54:44,GOLD - USD,FX/Indices,Journalier,3222.41,3162.72,3306.34,3484.62,1.406098173898479,4.392863126151781,OBJECTIF ATTEINT,8.8,tp1_avant_tp2,2025-04-16 05:00:00,2025-05-15 02:00:00,2025-04-16 05:00:00,True,2025-04-16 05:00:00,continuation_confirmee,4.392863126151781,4.62089045354121
2025-04-16 02:28:06,SILVER - USD,FX/Indices,1H,32.38,32.02,32.95,34.86,1.5833333333333366,6.888888888888891,OBJECTIF ATTEINT,8.2,tp1_avant_tp2,2025-04-16 08:00:00,2025-05-01 07:00:00,2025-04-16 08:00:00,True,2025-04-16 08:00:00,continuation_confirmee,6.888888888888891,6.927777353922526
2025-04-16 02:28:09,GOLD - USD,FX/Indices,1H,3271.99,3211.13,3336.43,3435.46,1.0588235294117714,2.686000657246157,OBJECTIF ATTEINT,8.8,tp1_avant_tp2,2025-04-16 15:00:00,2025-05-01 11:00:00,2025-04-16 15:00:00,True,2025-04-16 15:00:00,continuation_confirmee,2.686000657246157,2.642522220567717
2025-04-16 09:29:17,SILVER - USD,FX/Indices,1H,33.0,32.4,33.6,34.86,1.0,3.099999999999992,INVALIDÉE,8.8,sl_avant_tp1,2025-04-23 14:00:00,2025-04-17 01:00:00,2025-04-17 01:00:00,True,2025-04-17 01:00:00,,-1.0,-1.0
2025-04-18 17:50:08,GOLD - EUR,FX/Indices,Journalier,2925.49,2900.38,2967.67,3050.62,1.6798088410991971,4.983273596176892,INVALIDÉE,8.4,tp1_avant_sl,2025-04-21 13:00:00,2025-04-23 13:00:00,2025-04-23 13:00:00,True,2025-04-23 13:00:00,,-1.0,-1.0
2025-04-21 08:26:22,GOLD - USD,FX/Indices,1H,3388.45,3342.84,3456.4,3554.94,1.4898048673536672,3.6502959877220222,OBJECTIF ATTEINT,8.8,tp1_avant_tp2,2025-04-22 01:00:00,2025-04-22 22:00:00,2025-04-22 01:00:00,True,2025-04-22 01:00:00,continuation_confirmee,3.6502959877220222,3.836636702477555
2025-04-21 15:32:54,GOLD - AUD,FX/Indices,1H,5327.16,5279.26,5421.51,5563.45,1.969728601252632,4.932985386221331,OBJECTIF ATTEINT,9.1,tp1_avant_tp2,2025-04-22 03:00:00,2025-04-22 22:00:00,2025-04-22 03:00:00,True,2025-04-22 03:00:00,continuation_confirmee,4.932985386221331,4.994575700875183
2025-04-24 20:29:52,SILVER - USD,FX/Indices,1H,33.61,32.95,34.56,34.86,1.4393939393939512,1.893939393939404,INVALIDÉE,7.5,sl_avant_tp1,2025-06-02 14:00:00,2025-04-25 13:00:00,2025-04-25 13:00:00,True,2025-04-25 13:00:00,,-1.0,-1.0
2025-05-12 18:35:17,SILVER - EUR,FX/Indices,1H,29.31,29.16,29.68,30.7,2.4666666666666965,9.266666666666758,OBJECTIF ATTEINT,8.0,tp1_avant_tp2,2025-05-13 03:00:00,2025-05-14 12:00:00,2025-05-13 03:00:00,True,2025-05-13 03:00:00,continuation_confirmee,9.266666666666758,14.654349202373895
2025-05-13 13:32:46,GOLD - AUD,FX/Indices,1H,5043.93,5062.12,5014.84,4889.3,1.5992303463441884,8.500824628917181,OBJECTIF ATTEINT,8.2,tp1_avant_tp2,2025-05-14 00:00:00,2025-05-15 22:00:00,2025-05-14 00:00:00,True,2025-05-14 00:00:00,continuation_confirmee,8.500824628917181,9.012499720064802
2025-05-14 03:28:25,GOLD - EUR,FX/Indices,1H,2886.04,2897.02,2866.86,2846.21,1.7468123861566307,3.627504553734049,OBJECTIF ATTEINT,8.6,meme_bougie,2025-05-14 12:00:00,2025-05-15 20:00:00,2025-05-14 12:00:00,True,2025-05-14 12:00:00,continuation_confirmee,3.627504553734049,3.8389025311265015
2025-05-20 10:35:43,GOLD - AUD,FX/Indices,1H,5042.52,5027.15,5075.89,5214.14,2.1711125569289624,11.165907612231033,OBJECTIF ATTEINT,7.5,tp1_avant_tp2,2025-05-20 13:00:00,2025-06-27 12:00:00,2025-05-20 13:00:00,True,2025-05-20 13:00:00,continuation_confirmee,11.165907612231033,11.287659024447642
2025-05-20 10:36:11,GOLD - USD,FX/Indices,1H,3234.36,3207.53,3306.97,3316.38,2.706298919120383,3.05702571748044,OBJECTIF ATTEINT,7.3,tp1_avant_tp2,2025-05-20 22:00:00,,2025-05-20 22:00:00,True,2025-05-20 22:00:00,continuation_confirmee,3.05702571748044,2.9726816559122287
2025-05-20 13:30:35,GOLD - EUR,FX/Indices,1H,2882.53,2861.72,2905.44,2938.28,1.1009130225852677,2.679000480538152,OBJECTIF ATTEINT,7.5,tp1_avant_tp2,2025-05-20 14:00:00,2025-06-24 12:00:00,2025-05-20 14:00:00,True,2025-05-20 14:00:00,continuation_confirmee,2.679000480538152,3.0740004309217404
2025-05-22 03:28:09,SILVER - EUR,FX/Indices,1H,29.63,29.39,29.89,30.7,1.0833333333333468,4.458333333333363,INVALIDÉE,8.4,tp1_avant_sl,2025-05-22 04:00:00,2025-05-22 10:00:00,2025-05-22 10:00:00,True,2025-05-22 10:00:00,,-1.0,-1.0
2025-05-29 11:29:52,SILVER - EUR,FX/Indices,1H,29.62,29.5,29.97,30.7,2.9166666666666248,8.999999999999911,INVALIDÉE,8.8,sl_avant_tp1,2025-06-02 13:00:00,2025-05-29 13:00:00,2025-05-29 13:00:00,True,2025-05-29 13:00:00,,-1.0,-1.0
2025-06-02 08:03:46,SILVER - USD,FX/Indices,Journalier,33.47,32.2,34.86,35.96,1.0944881889763818,1.96062992125985,OBJECTIF ATTEINT,8.4,tp1_avant_tp2,2025-06-02 19:00:00,,2025-06-02 19:00:00,True,2025-06-02 19:00:00,continuation_confirmee,1.96062992125985,1.8999986783726055
2025-06-09 23:37:41,SILVER - USD,FX/Indices,Journalier,36.81,35.96,38.47,40.61,1.9529411764705809,4.470588235294107,INVALIDÉE,9.1,sl_avant_tp1,2025-07-11 10:00:00,2025-06-12 07:00:00,2025-06-12 07:00:00,True,2025-06-12 07:00:00,,-1.0,-1.0
2025-06-12 09:14:04,SILVER - EUR,FX/Indices,1H,31.09,31.38,30.7,30.44,1.3448275862069026,2.241379310344829,INVALIDÉE,7.7,sl_avant_tp1,2025-06-24 12:00:00,2025-06-12 13:00:00,2025-06-12 13:00:00,True,2025-06-12 13:00:00,,-1.0,-1.0
2025-06-13 02:11:38,GOLD - EUR,FX/Indices,1H,2969.77,2961.53,2978.48,2999.07,1.0570388349514888,3.555825242718563,INVALIDÉE,8.9,tp1_avant_sl,2025-06-13 03:00:00,2025-06-16 08:00:00,2025-06-16 08:00:00,True,2025-06-16 08:00:00,,-1.0,-1.0
2025-07-02 18:22:13,GOLD - USD,FX/Indices,1H,3351.79,3336.99,3374.95,3408.89,1.5648648648648358,3.858108108108055,INVALIDÉE,7.9,tp1_avant_sl,2025-07-02 22:00:00,2025-07-03 13:30:00,2025-07-03 13:30:00,True,2025-07-03 13:30:00,,-1.0,-1.0
2025-07-04 17:11:50,SILVER - EUR,FX/Indices,1H,31.36,31.19,31.87,32.73,3.0000000000000417,8.058823529411837,INVALIDÉE,8.2,sl_avant_tp1,2025-07-10 13:00:00,2025-07-07 04:00:00,2025-07-07 04:00:00,True,2025-07-07 04:00:00,,-1.0,-1.0
2025-07-11 05:14:19,SILVER - EUR,FX/Indices,1H,31.91,31.75,32.22,32.73,1.9374999999999905,5.124999999999975,OBJECTIF ATTEINT,8.8,tp1_avant_tp2,2025-07-11 06:00:00,2025-07-31 11:00:00,2025-07-11 06:00:00,True,2025-07-11 06:00:00,continuation_confirmee,5.124999999999975,5.52616404385688
2025-07-11 10:17:56,SILVER - USD,FX/Indices,1H,37.59,37.13,38.12,39.18,1.1521739130434632,3.4565217391304204,OBJECTIF ATTEINT,8.9,tp1_avant_tp2,2025-07-11 11:00:00,2025-07-30 18:00:00,2025-07-11 11:00:00,True,2025-07-11 11:00:00,continuation_confirmee,3.4565217391304204,3.367394289763065
2025-07-11 12:19:16,GOLD - USD,FX/Indices,1H,3346.35,3327.44,3365.77,3434.59,1.0269698572184147,4.666314119513533,OBJECTIF ATTEINT,8.8,tp1_avant_tp2,2025-07-11 13:00:00,2025-07-15 16:00:00,2025-07-11 13:00:00,True,2025-07-11 13:00:00,continuation_confirmee,4.666314119513533,4.958170280275025
2025-07-11 15:57:05,SILVER - USD,FX/Indices,Journalier,38.14,37.13,39.84,42.36,1.683168316831689,4.1782178217821855,INVALIDÉE,8.8,tp1_avant_sl,2025-07-23 12:00:00,2025-07-30 18:00:00,2025-07-30 18:00:00,True,2025-07-30 18:00:00,,-1.0,-1.0
2025-07-14 07:13:17,GOLD - AUD,FX/Indices,1H,5134.17,5118.46,5151.44,5348.18,1.0992998090387962,13.622533418204949,INVALIDÉE,8.9,sl_avant_tp1,2025-07-16 15:00:00,2025-07-14 13:00:00,2025-07-14 13:00:00,True,2025-07-14 13:00:00,,-1.0,-1.0
2025-07-16 14:24:16,GOLD - USD,FX/Indices,1H,3326.71,3336.24,3310.19,3296.52,1.7334732423924892,3.1678908709339835,INVALIDÉE,7.9,sl_avant_tp1,2025-07-28 13:00:00,2025-07-16 15:00:00,2025-07-16 15:00:00,True,2025-07-16 15:00:00,,-1.0,-1.0
2025-07-21 08:26:07,GOLD - USD,FX/Indices,1H,3365.12,3355.43,3374.84,3434.22,1.0030959752322188,7.131062951496339,OBJECTIF ATTEINT,8.6,tp1_avant_tp2,2025-07-21 10:00:00,2025-07-24 13:00:00,2025-07-21 10:00:00,True,2025-07-21 10:00:00,continuation_confirmee,7.131062951496339,7.833952528379735
2025-07-31 04:15:07,GOLD - EUR,FX/Indices,1H,2883.42,2872.1,2899.78,2910.82,1.4452296819787889,2.4204946996466163,OBJECTIF ATTEINT,8.8,meme_bougie,2025-07-31 05:00:00,,2025-07-31 05:00:00,True,2025-07-31 05:00:00,continuation_confirmee,2.4204946996466163,3.88719343518141
2025-08-01 10:18:58,GOLD - AUD,FX/Indices,1H,5128.38,5095.1,5193.04,5224.4,1.9429086538461644,2.885216346153854,OBJECTIF ATTEINT,8.2,tp1_avant_tp2,2025-08-01 11:00:00,,2025-08-01 11:00:00,True,2025-08-01 11:00:00,continuation_confirmee,2.885216346153854,3.840512129255505
2025-08-20 04:16:11,GOLD - AUD,FX/Indices,1H,5155.97,5133.91,5189.04,5220.67,1.4990933816862697,2.932910244786884,OBJECTIF ATTEINT,7.9,tp1_avant_tp2,2025-08-20 05:00:00,,2025-08-20 05:00:00,True,2025-08-20 05:00:00,continuation_confirmee,2.932910244786884,3.462912585830423
2025-08-26 06:15:57,GOLD - AUD,FX/Indices,1H,5212.95,5201.75,5230.46,5348.18,1.563392857142902,12.07410714285738,INVALIDÉE,8.4,sl_non_detecte,2025-08-26 07:00:00,,,False,2025-08-26 14:53:53,,-1.0,-1.0
2025-08-26 06:16:04,SILVER - USD,FX/Indices,1H,38.81,38.57,39.07,39.29,1.0833333333333162,1.9999999999999705,INVALIDÉE,8.4,sl_avant_tp1,2025-08-28 07:00:00,2025-08-26 07:00:00,2025-08-26 07:00:00,True,2025-08-26 07:00:00,,-1.0,-1.0
2025-09-02 06:16:29,GOLD - USD,FX/Indices,1H,3490.78,3466.49,3520.5,3586.97,1.2235487855084104,3.9600658707286094,OBJECTIF ATTEINT,8.4,tp1_avant_tp2,2025-09-02 07:00:00,,2025-09-02 07:00:00,True,2025-09-02 07:00:00,continuation_confirmee,3.9600658707286094,4.149485384931988
2025-09-03 20:20:24,SILVER - USD,FX/Indices,1H,41.23,40.86,42.33,44.64,2.972972972972997,9.21621621621629,INVALIDÉE,8.9,sl_non_detecte,2025-09-08 15:00:00,,,False,2025-09-04 04:58:20,,-1.0,-1.0
2025-09-11 17:19:25,SILVER - EUR,FX/Indices,1H,35.48,35.23,35.73,36.47,1.0,3.960000000000008,OBJECTIF ATTEINT,8.8,tp1_avant_tp2,2025-09-11 18:00:00,2025-09-17 10:00:00,2025-09-11 18:00:00,True,2025-09-11 18:00:00,continuation_confirmee,3.960000000000008,4.57423527183397
2025-09-12 16:10:18,SILVER - USD,FX/Indices,Journalier,42.16,41.03,44.64,48.29,2.194690265486738,5.424778761061971,OBJECTIF ATTEINT,8.9,tp1_avant_tp2,2025-09-23 11:00:00,,2025-09-23 11:00:00,True,2025-09-23 11:00:00,continuation_confirmee,5.424778761061971,5.355752887557063
2025-09-23 13:18:28,SILVER - EUR,FX/Indices,1H,37.61,37.28,38.05,39.35,1.3333333333333333,5.272727272727306,INVALIDÉE,8.8,sl_avant_tp1,2025-09-25 07:00:00,2025-09-24 02:00:00,2025-09-24 02:00:00,True,2025-09-24 02:00:00,,-1.0,-1.0
2025-10-01 23:49:31,GOLD - EUR,FX/Indices,Journalier,3291.0,3177.28,3414.53,3537.16,1.0862645093211434,2.1646148434752046,OBJECTIF ATTEINT,8.9,tp1_avant_tp2,2025-10-07 09:00:00,,2025-10-07 09:00:00,True,2025-10-07 09:00:00,continuation_confirmee,2.1646148434752046,2.378773344060089
2025-10-02 10:18:34,SILVER - USD,FX/Indices,1H,47.44,47.18,47.83,48.29,1.5000000000000138,3.2692307692308,INVALIDÉE,7.9,tp1_avant_sl,2025-10-02 12:00:00,2025-10-02 14:00:00,2025-10-02 14:00:00,True,2025-10-02 14:00:00,,-1.0,-1.0
2025-10-08 12:20:19,SILVER - EUR,FX/Indices,1H,42.14,41.82,42.56,43.92,1.3125000000000042,5.562499999999998,OBJECTIF ATTEINT,8.9,tp1_avant_tp2,2025-10-09 12:00:00,2025-10-08 13:00:00,2025-10-09 12:00:00,True,2025-10-09 12:00:00,continuation_confirmee,5.562499999999998,5.615498876201647
2025-10-09 02:13:48,SILVER - EUR,FX/Indices,1H,41.9,41.71,42.2,42.71,1.578947368421094,4.263157894736905,OBJECTIF ATTEINT,5.9,tp1_avant_tp2,2025-10-09 12:00:00,2025-10-09 03:00:00,2025-10-09 12:00:00,True,2025-10-09 12:00:00,continuation_confirmee,4.263157894736905,5.636257253559381
2025-10-13 08:18:30,GOLD - EUR,FX/Indices,1H,3512.27,3499.47,3532.01,3608.51,1.5421874999999965,7.518749999999912,OBJECTIF ATTEINT,8.9,tp1_avant_tp2,2025-10-13 09:00:00,2025-10-22 00:00:00,2025-10-13 09:00:00,True,2025-10-13 09:00:00,continuation_confirmee,7.518749999999912,7.898537833514462
2025-10-13 12:16:58,SILVER - EUR,FX/Indices,1H,44.48,44.3,44.87,46.46,2.166666666666673,11.00000000000004,OBJECTIF ATTEINT,8.4,tp1_avant_tp2,2025-10-14 03:00:00,2025-10-13 13:00:00,2025-10-14 03:00:00,True,2025-10-14 03:00:00,continuation_confirmee,11.00000000000004,12.706669145435828
2025-10-13 19:16:23,SILVER - EUR,FX/Indices,1H,45.08,44.3,46.46,48.63,1.7692307692307698,4.55128205128205,INVALIDÉE,8.6,sl_avant_tp1,2025-11-13 03:00:00,2025-10-13 20:00:00,2025-10-13 20:00:00,True,2025-10-13 20:00:00,,-1.0,-1.0
2025-11-04 23:14:13,SILVER - AUD,FX/Indices,1H,72.55,73.19,71.74,70.39,1.2656250000000024,3.374999999999992,INVALIDÉE,7.9,perte_directe_sans_tp1,,2025-11-05 04:00:00,2025-11-05 04:00:00,True,2025-11-05 04:00:00,,-1.0,-1.0
2025-11-07 05:16:27,SILVER - USD,FX/Indices,1H,48.51,48.29,48.8,49.36,1.318181818181821,3.86363636363639,OBJECTIF ATTEINT,7.3,meme_bougie,2025-11-10 01:00:00,2025-11-07 06:00:00,2025-11-10 01:00:00,True,2025-11-10 01:00:00,continuation_confirmee,3.86363636363639,4.059087441184341
2025-11-10 08:13:19,GOLD - EUR,FX/Indices,1H,3526.12,3499.47,3575.84,3744.86,1.8656660412758008,8.207879924953076,OBJECTIF ATTEINT,8.9,tp1_avant_tp2,2025-11-11 00:00:00,2025-11-14 13:00:00,2025-11-11 00:00:00,True,2025-11-11 00:00:00,continuation_confirmee,8.207879924953076,8.410530763060303
2025-11-10 08:13:20,GOLD - GBP,FX/Indices,1H,3100.83,3077.62,3135.8,3253.15,1.5066781559672642,6.562688496337782,OBJECTIF ATTEINT,8.9,tp1_avant_tp2,2025-11-11 00:00:00,2025-11-14 13:00:00,2025-11-11 00:00:00,True,2025-11-11 00:00:00,continuation_confirmee,6.562688496337782,7.246661964060126
2025-11-11 12:53:23,SILVER - USD,FX/Indices,Journalier,51.12,49.6,53.65,54.29,1.6644736842105314,2.08552631578948,OBJECTIF ATTEINT,7.9,tp1_avant_tp2,2025-11-13 03:00:00,2025-11-17 19:00:00,2025-11-13 03:00:00,True,2025-11-13 03:00:00,continuation_confirmee,2.08552631578948,2.067763760215364
2025-11-12 00:45:53,SILVER - AUD,FX/Indices,Journalier,78.64,76.09,82.61,83.76,1.5568627450980406,2.007843137254906,OBJECTIF ATTEINT,7.5,tp1_avant_tp2,2025-11-13 03:00:00,2025-11-17 23:00:00,2025-11-13 03:00:00,True,2025-11-13 03:00:00,continuation_confirmee,2.007843137254906,3.848312245140458
2025-11-12 15:22:21,SILVER - AUD,FX/Indices,1H,80.18,78.51,82.61,83.76,1.4550898203592757,2.143712574850296,OBJECTIF ATTEINT,9.1,tp1_avant_tp2,2025-11-13 03:00:00,2025-11-14 13:00:00,2025-11-13 03:00:00,True,2025-11-13 03:00:00,continuation_confirmee,2.143712574850296,5.006704326412057
2025-11-13 04:13:07,GOLD - EUR,FX/Indices,1H,3637.46,3589.39,3734.13,3744.86,2.011025587684621,2.234241730809231,INVALIDÉE,8.9,sl_avant_tp1,2025-12-12 14:00:00,2025-11-13 18:00:00,2025-11-13 18:00:00,True,2025-11-13 18:00:00,,-1.0,-1.0
2025-11-14 05:13:27,GOLD - GBP,FX/Indices,1H,3189.71,3159.15,3226.48,3253.15,1.203206806282724,2.0759162303664978,INVALIDÉE,7.7,sl_avant_tp1,2025-12-01 01:00:00,2025-11-14 11:00:00,2025-11-14 11:00:00,True,2025-11-14 11:00:00,,-1.0,-1.0
2025-11-16 23:54:02,SILVER - USD,FX/Indices,Journalier,50.86,49.6,53.65,54.29,2.214285714285717,2.7222222222222263,OBJECTIF ATTEINT,7.1,tp1_avant_tp2,2025-11-26 18:00:00,2025-11-17 19:00:00,2025-11-26 18:00:00,True,2025-11-26 18:00:00,continuation_confirmee,2.7222222222222263,3.923809766012533
2025-11-17 04:45:30,SILVER - AUD,FX/Indices,Journalier,78.0,76.09,82.61,83.76,2.41361256544503,3.0157068062827306,OBJECTIF ATTEINT,7.1,meme_bougie,2025-11-28 18:00:00,2025-11-17 23:00:00,2025-11-28 18:00:00,True,2025-11-28 18:00:00,continuation_confirmee,3.0157068062827306,5.506385458171817
2025-11-28 14:18:11,GOLD - GBP,FX/Indices,1H,3169.85,3152.74,3212.46,3253.15,2.490356516656915,4.868497954412598,OBJECTIF ATTEINT,7.9,tp1_avant_tp2,2025-11-28 18:00:00,2025-12-03 18:00:00,2025-11-28 18:00:00,True,2025-11-28 18:00:00,continuation_confirmee,4.868497954412598,5.831971021965794
2025-12-09 18:01:53,SILVER - EUR,FX/Indices,Journalier,51.82,50.44,53.96,59.2,1.550724637681157,5.3478260869565135,OBJECTIF ATTEINT,8.9,tp1_avant_tp2,2025-12-11 01:00:00,2026-06-24 17:00:00,2025-12-11 01:00:00,True,2025-12-11 01:00:00,continuation_confirmee,5.3478260869565135,5.318751474433087
2025-12-10 06:46:02,SILVER - AUD,FX/Indices,Journalier,92.57,90.86,95.6,104.88,1.7719298245614106,7.198830409356753,OBJECTIF ATTEINT,8.9,tp1_avant_tp2,2025-12-11 15:00:00,2026-03-23 06:00:00,2025-12-11 15:00:00,True,2025-12-11 15:00:00,continuation_confirmee,7.198830409356753,7.255741842427078
2025-12-11 17:17:40,GOLD - GBP,FX/Indices,1H,3186.55,3172.28,3202.04,3221.84,1.085494043447779,2.4730203223545906,OBJECTIF ATTEINT,8.8,tp1_avant_tp2,2025-12-11 18:00:00,2026-03-23 06:00:00,2025-12-11 18:00:00,True,2025-12-11 18:00:00,continuation_confirmee,2.4730203223545906,5.323961966825337
2025-12-11 22:14:28,GOLD - EUR,FX/Indices,1H,3646.01,3629.01,3668.52,3744.86,1.3241176470588096,5.814705882352936,OBJECTIF ATTEINT,8.8,tp1_avant_tp2,2025-12-11 23:00:00,2026-03-23 06:00:00,2025-12-11 23:00:00,True,2025-12-11 23:00:00,continuation_confirmee,5.814705882352936,6.189155578562215
2025-12-17 01:57:46,SILVER - EUR,FX/Indices,Journalier,55.83,53.96,58.13,59.2,1.2299465240641752,1.80213903743316,OBJECTIF ATTEINT,8.9,tp1_avant_tp2,2025-12-22 01:00:00,2026-03-23 06:00:00,2025-12-22 01:00:00,True,2025-12-22 01:00:00,continuation_confirmee,1.80213903743316,1.7544796977099897
2025-12-17 01:57:50,SILVER - AUD,FX/Indices,Journalier,98.96,95.6,102.57,104.88,1.074404761904762,1.7619047619047628,OBJECTIF ATTEINT,8.9,tp1_avant_tp2,2025-12-22 00:00:00,2026-02-06 00:00:00,2025-12-22 00:00:00,True,2025-12-22 00:00:00,continuation_confirmee,1.7619047619047628,1.741761473378051
2025-12-21 23:16:27,SILVER - EUR,FX/Indices,1H,57.56,56.73,59.03,60.8,1.7710843373493848,3.903614457831294,OBJECTIF ATTEINT,8.2,tp1_avant_tp2,2025-12-22 02:00:00,2026-02-05 23:00:00,2025-12-22 02:00:00,True,2025-12-22 02:00:00,continuation_confirmee,3.903614457831294,3.893951197458433
2025-12-22 01:14:14,SILVER - AUD,FX/Indices,1H,102.54,101.2,104.68,107.91,1.5970149253731307,4.0074626865671465,OBJECTIF ATTEINT,8.9,tp1_avant_tp2,2025-12-22 03:00:00,2026-02-05 23:00:00,2025-12-22 03:00:00,True,2025-12-22 03:00:00,continuation_confirmee,4.0074626865671465,4.249545829678043
2025-12-22 07:54:07,GOLD - GBP,FX/Indices,Journalier,3290.37,3253.15,3355.8,3485.12,1.7579258463192005,5.232401934443876,INVALIDÉE,8.8,tp1_avant_sl,2025-12-23 02:00:00,2025-12-29 14:00:00,2025-12-29 14:00:00,True,2025-12-29 14:00:00,,-1.0,-1.0
2026-01-06 05:12:27,SILVER - EUR,FX/Indices,1H,67.12,65.3,69.28,71.6,1.1868131868131802,2.461538461538446,OBJECTIF ATTEINT,8.8,tp1_avant_tp2,2026-01-06 17:00:00,2026-01-07 15:00:00,2026-01-06 17:00:00,True,2026-01-06 17:00:00,continuation_confirmee,2.461538461538446,2.5115485509169257
2026-01-09 10:54:28,GOLD - EUR,FX/Indices,Journalier,3838.83,3744.86,3993.24,4121.02,1.6431839948919889,3.0029796743641706,OBJECTIF ATTEINT,8.2,tp1_avant_tp2,2026-01-14 19:00:00,2026-03-23 00:00:00,2026-01-14 19:00:00,True,2026-01-14 19:00:00,continuation_confirmee,3.0029796743641706,3.001102289686798
2026-01-12 06:49:33,GOLD - GBP,FX/Indices,Journalier,3404.85,3356.78,3479.09,3586.3,1.5444143956729912,3.774703557312282,OBJECTIF ATTEINT,8.8,tp1_avant_tp2,2026-01-19 04:00:00,2026-03-23 00:00:00,2026-01-19 04:00:00,True,2026-01-19 04:00:00,continuation_confirmee,3.774703557312282,4.00910437617637
2026-01-12 06:49:36,GOLD - AUD,FX/Indices,Journalier,6829.61,6735.42,7009.36,7239.7,1.908376685423089,4.353859220724089,OBJECTIF ATTEINT,8.8,tp1_avant_tp2,2026-01-20 08:00:00,2026-02-02 18:00:00,2026-01-20 08:00:00,True,2026-01-20 08:00:00,continuation_confirmee,4.353859220724089,4.270877097768008
2026-01-13 14:57:49,SILVER - EUR,FX/Indices,Journalier,76.06,72.29,80.72,83.54,1.2360742705570296,1.984084880636608,OBJECTIF ATTEINT,8.8,tp1_avant_tp2,2026-01-20 05:00:00,2026-02-02 18:00:00,2026-01-20 05:00:00,True,2026-01-20 05:00:00,continuation_confirmee,1.984084880636608,2.0582607668336053
2026-01-13 14:57:53,SILVER - AUD,FX/Indices,Journalier,132.42,126.94,138.96,146.41,1.1934306569343125,2.5529197080292034,OBJECTIF ATTEINT,8.8,tp1_avant_tp2,2026-01-14 19:00:00,2026-02-02 18:00:00,2026-01-14 19:00:00,True,2026-01-14 19:00:00,continuation_confirmee,2.5529197080292034,2.557414191234982
2026-01-19 17:14:39,SILVER - AUD,FX/Indices,1H,140.58,138.78,143.44,146.41,1.5888888888888706,3.23888888888886,INVALIDÉE,8.6,sl_avant_tp1,2026-01-23 01:00:00,2026-01-20 06:00:00,2026-01-20 06:00:00,True,2026-01-20 06:00:00,,-1.0,-1.0
2026-01-23 04:14:24,SILVER - EUR,FX/Indices,1H,84.07,82.24,87.3,94.19,1.765027322404375,5.530054644808751,OBJECTIF ATTEINT,8.8,tp1_avant_tp2,2026-01-23 21:00:00,2026-01-30 09:00:00,2026-01-23 21:00:00,True,2026-01-23 21:00:00,continuation_confirmee,5.530054644808751,5.552862400546712
2026-01-25 23:58:58,SILVER - AUD,FX/Indices,Journalier,151.89,146.41,160.67,167.16,1.602189781021901,2.7864963503649705,OBJECTIF ATTEINT,8.9,tp1_avant_tp2,2026-01-26 15:00:00,2026-01-30 09:00:00,2026-01-26 15:00:00,True,2026-01-26 15:00:00,continuation_confirmee,2.7864963503649705,3.0059031465143
2026-01-26 06:12:51,GOLD - AUD,FX/Indices,1H,7341.86,7256.31,7473.02,7685.9,1.5331385154880406,4.021507890122769,INVALIDÉE,9.1,sl_avant_tp1,2026-01-28 02:00:00,2026-01-26 19:00:00,2026-01-26 19:00:00,True,2026-01-26 19:00:00,,-1.0,-1.0
2026-01-27 11:17:55,SILVER - AUD,FX/Indices,1H,162.69,160.67,167.16,169.77,2.212871287128701,3.5049504950494934,INVALIDÉE,8.4,sl_avant_tp1,2026-01-28 20:00:00,2026-01-27 12:00:00,2026-01-27 12:00:00,True,2026-01-27 12:00:00,,-1.0,-1.0
2026-01-27 23:14:26,GOLD - GBP,FX/Indices,1H,3738.35,3698.57,3819.0,3957.62,2.027400703871308,5.512066365007576,OBJECTIF ATTEINT,8.6,tp1_avant_tp2,2026-01-28 07:00:00,2026-01-30 08:00:00,2026-01-28 07:00:00,True,2026-01-28 07:00:00,continuation_confirmee,5.512066365007576,8.196914707712535
2026-01-27 23:14:28,GOLD - AUD,FX/Indices,1H,7387.03,7308.88,7473.02,7685.9,1.1003198976327715,3.824312220089588,OBJECTIF ATTEINT,8.4,tp1_avant_tp2,2026-01-28 02:00:00,2026-01-30 08:00:00,2026-01-28 02:00:00,True,2026-01-28 02:00:00,continuation_confirmee,3.824312220089588,4.069352289546861
2026-01-28 00:14:41,GOLD - USD,FX/Indices,1H,5165.1,5105.06,5235.92,5481.63,1.1795469686875375,5.271985343104596,OBJECTIF ATTEINT,8.2,tp1_avant_tp2,2026-01-28 03:00:00,2026-01-30 08:00:00,2026-01-28 03:00:00,True,2026-01-28 03:00:00,continuation_confirmee,5.271985343104596,7.589870164681879
2026-01-28 18:19:20,SILVER - AUD,FX/Indices,1H,161.92,160.59,163.92,169.77,1.5037593984962585,5.902255639097832,OBJECTIF ATTEINT,8.2,tp1_avant_tp2,2026-01-28 20:00:00,2026-01-28 19:00:00,2026-01-28 20:00:00,True,2026-01-28 20:00:00,continuation_confirmee,5.902255639097832,6.008933863186795
2026-02-20 13:19:25,GOLD - EUR,FX/Indices,1H,4273.54,4257.18,4298.58,4405.97,1.5305623471882923,8.094743276283799,OBJECTIF ATTEINT,8.8,tp1_avant_tp2,2026-02-20 14:00:00,2026-02-20 15:00:00,2026-02-20 14:00:00,True,2026-02-20 14:00:00,continuation_confirmee,8.094743276283799,8.936827596048806
2026-02-23 19:54:15,GOLD - AUD,FX/Indices,Journalier,7391.67,7143.45,7686.63,7832.48,1.1883007009910551,1.7758842961888608,INVALIDÉE,8.6,perte_directe_sans_tp1,,2026-03-16 00:00:00,2026-03-16 00:00:00,True,2026-03-16 00:00:00,,-1.0,-1.0
2026-02-25 13:29:19,SILVER - AUD,FX/Indices,1H,127.97,126.14,131.23,134.69,1.781420765027319,3.6721311475409855,INVALIDÉE,8.6,sl_avant_tp1,2026-02-27 13:00:00,2026-02-25 20:00:00,2026-02-25 20:00:00,True,2026-02-25 20:00:00,,-1.0,-1.0
2026-02-26 20:20:22,GOLD - GBP,FX/Indices,1H,3850.49,3816.11,3890.17,3987.33,1.1541593949971114,3.9802210587551343,OBJECTIF ATTEINT,8.6,tp1_avant_tp2,2026-02-27 13:00:00,2026-03-03 14:00:00,2026-02-27 13:00:00,True,2026-02-27 13:00:00,continuation_confirmee,3.9802210587551343,4.893520364392113
2026-03-05 19:29:54,GOLD - USD,FX/Indices,1H,5065.78,5094.05,4995.97,4859.2,2.4694021931375456,7.307392996108834,INVALIDÉE,8.4,sl_avant_tp1,2026-03-15 23:00:00,2026-03-05 20:00:00,2026-03-05 20:00:00,True,2026-03-05 20:00:00,,-1.0,-1.0
2026-03-13 08:12:58,SILVER - AUD,FX/Indices,1H,116.88,117.9,114.47,111.23,2.3627450980391886,5.539215686274446,INVALIDÉE,8.6,sl_avant_tp1,2026-03-13 16:00:00,2026-03-13 09:00:00,2026-03-13 09:00:00,True,2026-03-13 09:00:00,,-1.0,-1.0
2026-03-16 10:17:03,GOLD - EUR,FX/Indices,1H,4345.6,4360.24,4329.22,4196.12,1.1188524590164457,10.21038251366164,INVALIDÉE,8.8,sl_avant_tp1,2026-03-17 15:00:00,2026-03-16 11:00:00,2026-03-16 11:00:00,True,2026-03-16 11:00:00,,-1.0,-1.0
2026-03-31 17:19:30,GOLD - EUR,FX/Indices,1H,4020.41,3994.12,4095.13,4239.06,2.842145302396362,8.316850513503265,OBJECTIF ATTEINT,8.4,tp2_non_atteint_dans_fenetre,2026-04-01 00:00:00,2026-04-02 06:00:00,2026-04-01 00:00:00,True,2026-04-01 00:00:00,continuation_non_confirmee,2.842145302396362,2.842145302396362
2026-03-31 17:19:31,SILVER - EUR,FX/Indices,1H,64.69,64.15,65.49,66.87,1.481481481481498,4.037037037037109,INVALIDÉE,8.8,tp1_avant_sl,2026-03-31 22:00:00,2026-04-01 02:00:00,2026-04-01 02:00:00,True,2026-04-01 02:00:00,,-1.0,-1.0
2026-04-01 15:21:07,GOLD - EUR,FX/Indices,1H,4105.99,4061.8,4217.7,4382.17,2.5279474994342848,6.24983027834358,INVALIDÉE,8.8,perte_directe_sans_tp1,,2026-04-02 01:00:00,2026-04-02 01:00:00,True,2026-04-02 01:00:00,,-1.0,-1.0
2026-04-01 15:21:08,GOLD - AUD,FX/Indices,1H,6874.23,6757.42,7058.44,7149.01,1.577005393373862,2.3523670918585897,INVALIDÉE,8.9,perte_directe_sans_tp1,,2026-04-02 05:00:00,2026-04-02 05:00:00,True,2026-04-02 05:00:00,,-1.0,-1.0
2026-04-14 14:22:45,SILVER - AUD,FX/Indices,1H,110.37,109.68,111.34,117.57,1.4057971014492785,10.43478260869567,OBJECTIF ATTEINT,8.6,tp1_avant_tp2,2026-04-14 16:00:00,2026-04-16 13:00:00,2026-04-14 16:00:00,True,2026-04-14 16:00:00,continuation_confirmee,10.43478260869567,13.024524290946408
2026-04-16 03:12:47,SILVER - EUR,FX/Indices,1H,68.11,67.32,69.81,70.96,2.151898734177202,3.607594936708825,INVALIDÉE,8.2,sl_avant_tp1,2026-04-17 14:00:00,2026-04-16 12:00:00,2026-04-16 12:00:00,True,2026-04-16 12:00:00,,-1.0,-1.0
2026-04-21 07:15:06,GOLD - AUD,FX/Indices,1H,6680.13,6702.65,6619.41,6332.43,2.6962699822380785,15.439609236234777,OBJECTIF ATTEINT,8.4,tp1_avant_tp2,2026-04-21 14:00:00,2026-04-21 08:00:00,2026-04-21 14:00:00,True,2026-04-21 14:00:00,continuation_confirmee,15.439609236234777,15.751663827558142
2026-04-23 10:21:53,GOLD - AUD,FX/Indices,1H,6567.74,6599.3,6535.26,6332.43,1.029150823827603,7.455956907477709,INVALIDÉE,8.4,sl_avant_tp1,2026-04-27 14:00:00,2026-04-23 11:00:00,2026-04-23 11:00:00,True,2026-04-23 11:00:00,,-1.0,-1.0
2026-04-29 15:22:02,SILVER - EUR,FX/Indices,1H,61.21,61.63,60.14,58.64,2.547619047619038,6.119047619047595,INVALIDÉE,8.4,sl_avant_tp1,2026-06-05 14:00:00,2026-04-29 16:00:00,2026-04-29 16:00:00,True,2026-04-29 16:00:00,,-1.0,-1.0
2026-05-15 09:17:18,GOLD - EUR,FX/Indices,1H,3908.45,3918.8,3888.44,3819.32,1.9333333333332423,8.611594202898214,INVALIDÉE,8.4,sl_avant_tp1,2026-05-15 13:00:00,2026-05-15 10:00:00,2026-05-15 10:00:00,True,2026-05-15 10:00:00,,-1.0,-1.0
2026-05-19 20:17:04,GOLD - EUR,FX/Indices,1H,3864.8,3892.35,3819.32,3609.43,1.6508166969147176,9.269328493648016,INVALIDÉE,8.6,sl_avant_tp1,2026-05-27 13:00:00,2026-05-20 14:00:00,2026-05-20 14:00:00,True,2026-05-20 14:00:00,,-1.0,-1.0
2026-05-25 08:19:01,SILVER - AUD,FX/Indices,1H,108.7,107.8,110.01,112.68,1.4555555555555488,4.422222222222199,INVALIDÉE,8.2,perte_directe_sans_tp1,,2026-05-26 04:00:00,2026-05-26 04:00:00,True,2026-05-26 04:00:00,,-1.0,-1.0
2026-05-25 11:19:31,GOLD - EUR,FX/Indices,1H,3928.78,3909.09,3987.6,4027.87,2.987303199593679,5.032503809040092,INVALIDÉE,7.7,perte_directe_sans_tp1,,2026-05-26 04:00:00,2026-05-26 04:00:00,True,2026-05-26 04:00:00,,-1.0,-1.0
2026-06-05 04:49:40,GOLD - GBP,FX/Indices,Journalier,3307.65,3382.92,3199.98,2985.86,1.4304503786369085,4.27514281918427,OBJECTIF ATTEINT,7.7,tp1_avant_tp2,2026-06-09 16:00:00,,2026-06-09 16:00:00,True,2026-06-09 16:00:00,continuation_confirmee,4.27514281918427,4.250010185847145
2026-06-05 21:55:02,GOLD - EUR,FX/Indices,Journalier,3758.73,3819.32,3609.43,3401.33,2.4641029872916294,5.898663145733607,OBJECTIF ATTEINT,8.2,tp2_non_atteint_dans_fenetre,2026-06-10 12:00:00,,2026-06-10 12:00:00,True,2026-06-10 12:00:00,continuation_non_confirmee,2.4641029872916294,2.4641029872916294
2026-06-11 05:07:36,GOLD - EUR,FX/Indices,Journalier,3529.92,3609.43,3401.33,2993.83,1.617280845176714,6.742422336813001,INVALIDÉE,8.0,perte_directe_sans_tp1,,2026-06-11 17:00:00,2026-06-11 17:00:00,True,2026-06-11 17:00:00,,-1.0,-1.0
2026-06-17 16:16:25,GOLD - AUD,FX/Indices,1H,6172.31,6125.42,6224.13,6269.35,1.1051396886329568,2.0695244188526187,INVALIDÉE,8.6,meme_bougie,2026-06-17 18:00:00,2026-06-17 18:00:00,2026-06-17 18:00:00,True,2026-06-17 18:00:00,,-1.0,-1.0
2026-06-23 23:21:25,GOLD - USD,FX/Indices,1H,4099.57,4120.95,4052.91,4023.91,2.1824134705331906,3.538821328344222,OBJECTIF ATTEINT,8.0,meme_bougie,2026-06-24 12:00:00,2026-06-24 00:00:00,2026-06-24 12:00:00,True,2026-06-24 12:00:00,continuation_confirmee,3.538821328344222,4.402804077262596
2026-06-24 12:17:00,GOLD - EUR,FX/Indices,1H,3560.72,3583.91,3508.66,3387.5,2.2449331608451844,7.469598965071125,OBJECTIF ATTEINT,8.4,tp2_non_atteint_dans_fenetre,2026-06-24 18:00:00,2026-06-26 14:00:00,2026-06-24 18:00:00,True,2026-06-24 18:00:00,continuation_non_confirmee,2.2449331608451844,2.2449331608451844
2026-06-26 03:16:35,GOLD - GBP,FX/Indices,1H,3031.24,3062.6,2949.2,2685.58,2.616071428571417,11.02232142857138,INVALIDÉE,7.3,sl_avant_tp1,2026-07-16 13:00:00,2026-06-26 06:00:00,2026-06-26 06:00:00,True,2026-06-26 06:00:00,,-1.0,-1.0
2026-06-26 05:16:46,SILVER - EUR,FX/Indices,1H,49.77,50.15,49.0,46.41,2.0263157894737165,8.842105263158018,INVALIDÉE,8.0,sl_avant_tp1,2026-07-16 12:00:00,2026-06-26 06:00:00,2026-06-26 06:00:00,True,2026-06-26 06:00:00,,-1.0,-1.0
2026-07-01 17:18:34,SILVER - EUR,FX/Indices,1H,52.65,52.25,53.19,55.91,1.3500000000000028,8.150000000000023,INVALIDÉE,8.2,sl_avant_tp1,2026-07-02 01:00:00,2026-07-02 00:00:00,2026-07-02 00:00:00,True,2026-07-02 00:00:00,,-1.0,-1.0
2026-07-02 02:16:45,SILVER - EUR,FX/Indices,1H,52.62,52.25,53.5,54.85,2.3783783783784016,6.02702702702708,OBJECTIF ATTEINT,7.5,tp1_avant_tp2,2026-07-02 12:00:00,2026-07-08 08:00:00,2026-07-02 12:00:00,True,2026-07-02 12:00:00,continuation_confirmee,6.02702702702708,6.313844628612242
2026-07-02 02:16:47,SILVER - AUD,FX/Indices,1H,86.86,86.24,88.3,93.26,2.3225806451612696,10.322580645161224,OBJECTIF ATTEINT,7.7,tp2_non_atteint_dans_fenetre,2026-07-02 12:00:00,2026-07-08 08:00:00,2026-07-02 12:00:00,True,2026-07-02 12:00:00,continuation_non_confirmee,2.3225806451612696,2.3225806451612696
2026-07-03 02:19:44,SILVER - EUR,FX/Indices,1H,54.42,54.2,54.85,57.39,1.9545454545454632,13.500000000000064,OBJECTIF ATTEINT,8.9,tp2_non_atteint_dans_fenetre,2026-07-03 03:00:00,2026-07-06 13:00:00,2026-07-03 03:00:00,True,2026-07-03 03:00:00,continuation_non_confirmee,1.9545454545454632,1.9545454545454632
2026-07-17 08:57:17,GOLD - GBP,FX/Indices,Journalier,2973.41,3024.89,2875.3,2727.35,1.9057886557886488,4.779720279720277,INVALIDÉE,7.7,perte_directe_sans_tp1,,2026-07-21 05:00:00,2026-07-21 05:00:00,True,2026-07-21 05:00:00,,-1.0,-1.0
2026-07-21 16:19:40,GOLD - AUD,FX/Indices,1H,5819.48,5786.73,5880.23,5928.31,1.8549618320610688,3.3230534351145296,OBJECTIF ATTEINT,8.4,tp1_avant_tp2,2026-07-22 01:00:00,2026-07-24 02:00:00,2026-07-22 01:00:00,True,2026-07-22 01:00:00,continuation_confirmee,3.3230534351145296,3.6981815831111
2026-07-21 22:18:40,GOLD - GBP,FX/Indices,1H,3050.83,3024.89,3086.71,3181.73,1.3831919814957607,5.046260601387811,OBJECTIF ATTEINT,8.0,tp2_non_atteint_dans_fenetre,2026-07-22 02:00:00,2026-07-24 02:00:00,2026-07-22 02:00:00,True,2026-07-22 02:00:00,continuation_non_confirmee,1.3831919814957607,1.3831919814957607
2026-08-05 12:21:08,GOLD - EUR,FX/Indices,1H,3638.85,3619.9,3684.24,3819.32,2.395250659630624,9.523482849604326,OBJECTIF ATTEINT,8.6,pas_de_donnees,,,,False,2026-08-05 20:59:04,hors_couverture,2.395250659630624,2.395250659630624
2026-08-10 20:16:14,SILVER - EUR,FX/Indices,1H,56.95,56.31,57.85,60.7,1.4062499999999964,5.859374999999995,INVALIDÉE,8.6,pas_de_donnees,,,,False,2026-08-11 04:54:10,,-1.0,-1.0
2026-08-10 20:16:17,SILVER - AUD,FX/Indices,1H,93.18,92.23,94.48,96.71,1.368421052631572,3.7157894736841857,INVALIDÉE,8.6,pas_de_donnees,,,,False,2026-08-11 04:54:13,,-1.0,-1.0
2026-08-11 02:21:15,GOLD - USD,FX/Indices,1H,4432.07,4392.1,4525.59,4597.41,2.339754816112133,4.13660245183895,INVALIDÉE,8.8,sl_avant_tp1,2026-08-19 14:00:00,2026-08-14 00:00:00,2026-08-14 00:00:00,True,2026-08-14 00:00:00,,-1.0,-1.0
2026-08-12 04:15:55,SILVER - EUR,FX/Indices,1H,56.51,55.74,57.59,60.7,1.4025974025974168,5.441558441558476,OBJECTIF ATTEINT,8.9,pas_de_donnees,,,,False,2026-08-12 12:53:51,hors_couverture,1.4025974025974168,1.4025974025974168
2026-08-12 04:15:58,SILVER - AUD,FX/Indices,1H,92.38,91.17,94.18,96.71,1.487603305785141,3.578512396694232,OBJECTIF ATTEINT,8.4,pas_de_donnees,,,,False,2026-08-12 12:53:54,hors_couverture,1.487603305785141,1.487603305785141
2026-08-12 07:19:41,GOLD - AUD,FX/Indices,1H,6228.93,6178.45,6282.53,6337.29,1.0618066561014057,2.1465927099841253,OBJECTIF ATTEINT,8.8,pas_de_donnees,,,,False,2026-08-12 15:57:37,hors_couverture,1.0618066561014057,1.0618066561014057
